hotel_id,user_name,review_text,date,title
104243,Prashanth Kumar,none,27 Apr 2023,5
104243,Nawaz Sharif,Good,23 Apr 2023,5
104243,Ramu,Excellent,22 Apr 2023,5
104243,Nikhil,Awesome experience,21 Apr 2023,5
104243,Praveen Kumar,ok,02 Jul 2022,5
104243,Mohammed Nikitha,"The hotel was amazing with good amenities. The room was comfortable, the wi-fi connection was excellent, and the parking place was perfect. The washroom was also hygenic.",04 Sep 2022,4
104243,K SathishKumar,good rooms,13 Jul 2022,4
104243,Mohan,I stayed at the hotel for a week and it was great. The staff was always helpful and the amenities were good. The location was also comfortable. I would recommend this hotel to anyone who is looking for a place to stay in the area!,22 Jun 2022,4
104243,Punit Bhardwaj,Room was fine. Room was without breakfast but hotel denied even providing water bottle in the booking. Water being a basic necessity this was a huge turn off.,26 Apr 2023,2
104243,Rama M,"It's a worst hotel, no facilities and they charge more than the price in aap, and from check in to check out everything was a bad experience..poewrfuts and poor facilities",17 Apr 2023,1
104243,Tushar,Hotel manager refused to accept the booking. As the amount that i had transferred to OLA will not cover rental charges. I was overcharged me by 1650 inr.,09 Jul 2022,1
104243,shabbir,"hotel Management are Says not Registered On OYO App Please leave to there 

I'm Taking room on my Direct registration And Staying Not good for Staying 

DON'T RECOMMEND THIS HOTEL VERY BAD FACILITIES",09 Jul 2022,1
104243,THarun naidu,i didn't checkin they said Cancel the Booking app shows me Checked out  I need Refund my money please...,08 Jul 2022,1
104243,AdapalaNaveen,POWER problem and not work too fan in that room noo  tv and Ac given normal room NOO LAND phone is not in room .to any order to take with mi Staff was good service not yet,19 Jun 2022,1
104243,Rajesh,no ac at Oyo room ac is not there in any Oyo my satting in anathapur &kurnool no ac,16 Jun 2022,1
