hotel_id,user_name,review_text,date,title
200731,Ismail,none,27 May 2023,5
200731,Vinaykumar,Except the power backup .... everything was good the maintenance cleanliness everything,05 Apr 2023,5
200731,M BPurnaChandra,"Staff is friendly one, but one has to provide some basic things for freshup like a shampoo and sample soap etc..
Perfect for vacation and trips",03 Feb 2023,5
200731,Jagannath,Good place staff is very good,02 Apr 2023,4
200731,Aashik,Not bad ok,19 Jan 2023,3
200731,Mohammed Mohsin Khan,"Washroom was not good and there is no hot water in washroom for bath, There is noTV connection it was disconnected Over all stay was not good",06 Jan 2023,3
200731,Arfath Ansari,Room is good but no tv is working no Wi-Fi is working and ac also not make if cool that level and no soap and bathroom was smelling and door lock is also broken,11 Apr 2023,1
