hotel_id,user_name,review_text,date,title
202617,MrunalThakur Thakur,"Being a new property the rooms are very clean and hygienic,totally value for money.A Must visit if you are looking clean rooms with good value",24 Apr 2023,5
202617,Sujata Dongre,The property is very close to Nagaon beach and near a cluster of hotel and restaurants.The surroundings were serene and calm.The view from room was amazing .It is in middle of trees and get to watch lot of birds in Spring season.The food is only available till evening.Dinner had to be had outside hotel.,15 Apr 2023,5
202617,Mahesh,Good good,14 Apr 2023,5
202617,santosh jadhav,Very good room with beautiful view. Food was excellent,03 Apr 2023,5
202617,Babu Shekhar,"Very nice Room's and location also..
Staff is Humble and supporters.
All over is Good",01 Apr 2023,5
202617,Guest,"Good service, location, cleanness",21 Mar 2023,5
202617,Hitesh Agashe,Nice and clean hotel rooms and very friendly hotel staff and very helpful staff and near by nagoo bitch,21 Mar 2023,5
202617,Sandeep,"Hotel service good, Star sports cooperative hotel and Indian rooms were located near beach rooms are species hygienic.",18 Mar 2023,5
202617,Vikesh Kharade,Very nice room,25 Feb 2023,5
202617,Yogesh,Good service and cleanliness.,24 Feb 2023,5
202617,Akshay Sahasrabuddhe,Good Room service. Staff is also co oprative nature.,11 Feb 2023,5
202617,Namrata sable,Room food is nice rooms view is so beautiful 😍,07 Feb 2023,5
202617,Tejas Narvekar,none,21 May 2023,4
202617,Gouri Bhalerao,Food was good place was neat and clean co-oprative staff if some one goin that place so remember the hotel also call as rainbow hotel overall experience is good if you going with family so highly recommended cons - all things are very good but the room prices is little bit on higher side,26 Apr 2023,4
202617,ABHISHEK Singh,"Clean rooms to stay, decent & polite staff, home cook food available which tastes good and with best price",15 Apr 2023,4
202617,shekhar bhattacharjee,"Comfortable and VFMVery close (walking distance) to Badami (Nagaon) Beach.Food, though freshly prepared, could have been tastier",13 Mar 2023,4
202617,Aarya Parasar,"Budget stay but so many drawbacksIt was still close to the beach. The cleaning staff were very polite. The room and bathroom were pretty clean.The mentioned distance from the beach is 200 m but it is more than 500 m. Never order food in this hotel. They offer very less quantity compared to local restaurants. Also, they charge 10-15rs extra for cold drinks which is not acceptable.",14 Mar 2023,3
202617,Rohit P,Wifi connectivity is minimal and cellular reception is very low as well,09 Apr 2023,2
202617,Sanket,No facility. No water in rooms. Spent 1hr debating as hotel denied checkin even after paying amount in full. Looks like they have side business to ask all visitors to call Oyo asking them to say rent was of lower price hence ask for increased amount. I rate this property very poor. No water in washbasin neither drinking water available. Lot of mosquitoes.,10 Mar 2023,2
202617,SAGAR DATTATREY,Change room Is change a room,12 Feb 2023,1
