hotel_id,user_name,review_text,date,title
37701,Pradeep,One of the best place toh stay in nagaon it was very close to beach and hotel caretaker was too good and food also good.,09 Jan 2023,5
37701,Prashant shendge,Room very good and beautiful Nature staff is very good,15 Dec 2022,5
37701,Anamika,Good hotel,03 Dec 2022,5
37701,Mahesh Aute,"All things are perfect, Staff, Clean room all things are maintained properly, especially OYO Manager are great to serve there customer.",15 Nov 2022,5
37701,vishal,"Best location, polite staff, clean rooms.",08 Nov 2022,5
37701,Sarthak Raje,Best quality of food best staff,06 Aug 2022,5
37701,Rohit Sawant,very nice and cosy place| staff was also good including the host.,27 Jun 2022,5
37701,Vaishnavi,nice,07 Jun 2022,5
37701,Rupesh Kakade,Room is good. Service provided by management is also good.. Thank you OYO .. for such great experience of lodging service 👍Thank you once again,19 Mar 2023,4
37701,Gyanendra,"The stay was really cool and staff was also supportive only issue with food, you can not order online and take to the hotel.",14 Mar 2023,4
37701,swapnil,"overall it was good experience. 
staff was supportive. near to beach hotel

pros: location, room, service

cons: cleanliness, hard water.",24 Oct 2022,4
37701,swapnil,It was good stay.. EV charging point is near to hotel and area is quite good and peaceful. Staff was supportive.,24 Oct 2022,4
37701,Ashish,"good staff,",19 Dec 2022,3
37701,Aatif,"Complimentry breakfast was not given.....
bathroom was not clean
water was also not given by the staff.",16 Jun 2022,3
37701,Sateesh Rajhans,"Except clean room, AC & Wi-Fi, there are no basic amenities like dust bin, drinking water, towels, soap, shampoo, napkins, restaurant, hot water shower, cupboard/wardrobe, sufficient charging sockets for mobile phones etc.",16 Apr 2023,2
37701,Ranjit,"I have cancelled my booking,I have never check in,",11 Apr 2023,1
37701,Pranali Kaluste,Very bad room. There was no water in washroom. There was nothing to keep our stuffs... Very bad service.... Very unhappy with the stay,02 Apr 2023,1
37701,Lavesh,"Hotel not clean, staff service bad,",17 Feb 2023,1
37701,Shyam Kusundal,"No any proper cleanliness,  staff is supporting , not recommended for family",03 Jan 2023,1
37701,Nilam Yejare,Service is very poor. Not recommended.,02 Jan 2023,1
37701,Aditya Kalekar,"Rooms- bed was okay, not good. Had a good balcony view.

Cleanliness- Rooms were not cleaned until we requested. Mats kept outside bathroom were so dirty.

Toilet & Bathroom - Both were dirty. Unhygienic.

AC - Problematic, used to shut down frequently. Cooling was not enough though kept on 16°C

Staff - courteous but felt handicapped due to poor amenities and services.

Food - food served via third party kitchen was not good.

Overall, we had a bad experience.",09 Dec 2022,1
37701,Manish Kumar,Paid extra money,07 Dec 2022,1
37701,Pratik Kadam,"No food, No cleanliness at all. They don't even offer water. Nothing works which is mentioned while booking. No AC, No TV, No geyser, Apart from all this it's a pleasant stay where in no one disturbs you and u get your peace but only if you don't mind cleanliness",16 Oct 2022,1
