hotel_id,user_name,review_text,date,title
100265,Vasundhara Agarwal,"They charged extra rs 470 
already I have paid online ....worst experience",29 Nov 2022,2
100265,Hiral shah,Hotel is not good,18 Nov 2022,2
100265,Shivjeetsinh Rana,"When I reached hotel, they asked me for extra 300 Rs for the tax, and told us that Oyo never pays us the tax so we need to pay for the extra 300 bucks for me to stay over there. There is definitely some issues between the hotel and Oyo...",01 Sep 2022,2
100265,Anshul Somani,Very poor experience… pathetic staff,16 Dec 2022,1
100265,Yash Patel,they hotel charged extra money,19 Nov 2022,1
100265,Rajesh Tejwani,I need a refund. They did not give me the toom,14 Nov 2022,1
100265,Avi,none,06 Nov 2022,1
100265,Vishnu RajanYadav,The person charged 500rs more then booking amount,03 Nov 2022,1
100265,Sabarish.A,Collected extra money bills not provided,31 Oct 2022,1
100265,Armaan,"NOTE: DO NOT BOOK THIS HOTEL

I booked a stay for 4 days it was a pre-paid booking.
When I went there owner ask for extra Rs.880/- extra i didn't check in and went out to look room somewhere else. Then raised a complaint and ask for my refund from ola team, they said that because of technical glitch you got checked in and they cannot do nothing as of now, and initiate the refund after 8 oct which was my check out date. Finally today my refund got initiated, but it was huge trouble in😵‍💫 new city. OWNER of this hotel is not good.",08 Oct 2022,1
100265,Vaisu,They make me to pay extra 300 rupees,25 Sep 2022,1
100265,amit,Worst oyo...,21 Sep 2022,1
100265,sakina gadawala,They have charged me 300 extra for gst and didn't give any bill for it.,29 Aug 2022,1
