hotel_id,user_name,review_text,date,title
113292,Mehta Suryakant,Nice behaviour of staff. Hotel is at good location and rooms are also quite nice. Worth staying there,06 Apr 2023,5
113292,Bhupendra Kantharia,"The hotel is on 4th floor, the recpetion is ok but staff service is very good. The attendant ( rahul) is quick to respond and very cooperative. 

The room is good and clean. The washroom is small and clean.

First day breakfast was dosa and tea.
Second day breakfast was breadbutter cookies and tea.

Nearby area you will get nothing for food. The building as such is not good by they kept the hotel floor as clean.

Overall good but a bit high priced.",14 Mar 2023,5
113292,Hari Kumar,"Very good service, neet and clean, good quality beds etc.
Easily accessible to airport.
Near to market places.",13 Mar 2023,5
113292,Neetesh Singh,"It was nice to stay there, staff,cleaning all was good. Washroom transparent mirror was outstanding, i liked it a lot.",30 Jan 2023,5
113292,Haresh Chaudhary,Good rooms,08 Dec 2022,5
113292,KNKrishnaKumarK,Good,08 Dec 2022,5
113292,Suket Vyas,"Awesome Rooms With Amazing Cleanliness
Cooperative Staff But No Complimentary Breakfast Given By Hotel.
OYO has mentioned complimentary breakfast but dont get fooled by it.
Monkeys around the hotel windows so please be careful about it.
Rest everything is amazing.",07 Nov 2022,5
113292,Sumeet,"Room was very clean and fresh new, bathroom is neet and clean ,staf is also good i like it there service and Room's",07 Nov 2022,5
113292,Vishal Sharma,"Good hotel, helpful staff.",11 Oct 2022,5
113292,Manthan,Good,09 Oct 2022,5
113292,Himanshu Sharma,Very good hotel,01 Sep 2022,5
113292,VISHNU VASHISTH,The stay in Hotel was comfortable. It was clean and hygienic.  Parking facility was also available at facility.,03 Apr 2023,4
113292,918420584940,The place was good. Clean washrooms. Just a little clostophobic.,15 Dec 2022,4
113292,Abhinit Kumar,"Room was in good condition, but more cleaniness should be there, also the window was openable from outside.",09 Dec 2022,4
113292,Poo,Hotel was good,20 Nov 2022,4
113292,Rishi Rohda,"Location is Good and you will find everything near location 
Little bit costly but totally worth it and management is also good",03 Nov 2022,4
113292,Maan Shah,The service is good.,28 Oct 2022,4
113292,Devang Joshi,"located on 4th floor .  main road location , cooperative staff, main thing not a cheap type hotel , rooms are clean and well maintained, recommand for family and corporates..",25 Jul 2022,4
113292,Sattwick Majhi,prime location. good stuff.charging extra money for early check in. although I have told that Iu2019ll check early at least 10 hours befor the schedule check out,20 Jul 2022,4
113292,Rishi Rohda,Property Is Good But Management And Staff Is Not Cooperating and demanding More-than 30% For Early Check In,11 Apr 2023,3
113292,Baldev Kumar,Cleaning.Lift and TV channel was not working,22 Aug 2022,3
113292,Milav Dabgar,"At check-in they provided two options.
1. Adjust in the room of lower category, with twin single bed instead of double bed. 
Or
2. Approach oyo and cancel bescuse you have booked room with lower rate..!

This is disgusting.

Apart from that room was decent.",13 Dec 2022,2
113292,RishabhSinghDharmsaktu,"Charged extra for complimentary breakfast. And didn't provided basic services like hand-wash.
And service level is too low for a Townhouse.",05 Dec 2022,2
113292,Chintan Chatterjee,Pathetic Service. I have booked deluxe room of 165 sqft then also they had given me 80 sqft room. I requested to change the room but they denied saying that all the deluxe room are already given. Very poor service.,13 Nov 2022,1
113292,Manoj Karwasra,"Not as expected, pictures different, location is not on road",10 Nov 2022,1
113292,sanatan jena,Very bad experience non co operating staffsparticularly manager is very very rude,14 Oct 2022,1
113292,Sandeep KP,"Rooms and location.The hotel denied entry for my 60+ years old parents telling that the website pays them less. Even after agreeing to pay extra, they were made to wait outside at 8pm for almost an hour, asked to check-in in some other hotel at those late hours, tried to force to cancel online booking, was denied breakfast (which was paid for in the website) and was rudely asked to leave early. If they&#39;re not interested in online bookings, they should&#39;ve not listed them in the first place. Horrible experience it was for them. Still a nightmare to visit Gujarat after this.",24 Aug 2022,1
113292,shivang swaroop,Extra 400 money was taken at time of check in,16 Aug 2022,1
113292,NikhilJain,They charged 500 rs extra after this Oyo amount and they said in this price we can not accept booking.,01 Aug 2022,1
113292,Hans Raj,Oyo deducted money for Breakfast but charged again for breakfast,30 Jul 2022,1
