hotel_id,user_name,review_text,date,title
171791,Pravin Chaudhary,none,13 May 2023,5
171791,Smit Shah,Nice,22 Apr 2023,5
171791,Bharat Patel,Nice service,14 Apr 2023,5
171791,ASHISH,Excellent,03 Apr 2023,5
171791,rajat,"Nice hotel , well behaviour staff.... Location also great... Room clean .                                      Food is okok....",13 Mar 2023,5
171791,Dipak kumar,Beautiful every thing,05 Mar 2023,5
171791,XXX XXX,Nice staff and room,19 Feb 2023,5
171791,Sumit Soni,"The room was clean
Staff was very polite
They arranged early check-in for us",13 Feb 2023,5
171791,Naman,The check-in was smooth. Room was decent and clean. There was no disturbance from staff's side. Overall good.,09 Feb 2023,5
171791,Hardik,The bed was not that good. Although food was great . The facility as a whole was good but can do more better.,08 Feb 2023,5
171791,Pravin Chaudhary,"Best location, Staff is very Friendly, inside food Quality best, all is good, check in welcome",14 Jan 2023,5
171791,Vanapara JagadishkumarB,I really like the facilities provided in the room.room size is medium but is value for money. Cleanliness is good.Staff is very good and manging all the things perfectly.i am happy with this room.,08 Jan 2023,5
171791,Nakul Maru,Best,06 Jan 2023,5
171791,durgesh,"The hotel rooms are good, also the staff and their services are awesome. Really cooperative and have helped us by going out of their way. Amazing experience..!!",29 Dec 2022,5
171791,Bariya Yogesh,"Very cooperative and Understanding
Honestly the best service.",28 Dec 2022,5
171791,Makwana Narayan,Very nice.Good,25 Dec 2022,5
171791,Dindor Rahul,Good service,23 Dec 2022,5
171791,Manu Vashistha,"I liked the hotel facilities like room service, water facilities, food service and all thanks for all things oyo",11 Dec 2022,5
171791,Raviteja RAVITEJA,"Nice room and it is very clean. They provide very tasty food.
There were no hooks to hang cloths, and tv is not available",30 Nov 2022,5
171791,Vala Mitesh,The Hotel Was Good...staff is also Good..all amenities are  Given as mentioned...i refer To all my friends,29 Nov 2022,5
171791,Anshuk Mitra,"The hotel was easy to locate and hassle free. I had to wait for 20-25 minutes for my room to be ready but was worth waiting. The room was spacious, neat and clean, the TV, AC and everything worked well. The hotel was accessible ♿ friendly and had two lifts to reach the top. I ordered couple of food items which were really good in taste and moderately priced.",27 Nov 2022,5
171791,dhruv,Nice place to stay,20 Oct 2022,5
171791,Prafull Jain,True value of your money. Luxury service in Affordable price..,14 Oct 2022,5
171791,Sadhu Kuldip,Nice,13 Oct 2022,5
171791,Sadhu Kuldip,Nice,12 Oct 2022,5
171791,Nirav Patel,Very good check in experience....good staff....clean and hygiene room...peacefull environment...like the place,10 Oct 2022,5
171791,Aditya Shukla,Good room but service is not good as townhouse expected,08 Oct 2022,5
171791,Yash,Excellent,29 Sep 2022,5
171791,Shyam Kaneriya,Nice service and full safe place 😊,17 Sep 2022,5
171791,Kaushal Agarwal,Everything was good specially food was awesome with low rate,09 Sep 2022,5
171791,harish Shet,Food and service both are superb,06 Sep 2022,5
171791,Kaushal Agarwal,Food and service are very good,05 Sep 2022,5
171791,Divyansh Kabra,Good service,02 Sep 2022,5
171791,Sourabh,Excellent service and good to stay here. Food also good here,01 Sep 2022,5
171791,Kaushal Agarwal,Staff and service and also food was awesome 👍,27 Aug 2022,5
171791,harish Shet,Food and service superb,24 Aug 2022,5
171791,Kaushal Agarwal,Food and service both are superb,24 Aug 2022,5
171791,Kaushal Agarwal,Very good hospitality and staff was very good the food was awesome with low rates,23 Aug 2022,5
171791,harish Shet,Staff behaviour was so good and very good hospitality the food taste was awesome with bugdet rate,23 Aug 2022,5
171791,harish Shet,Room was beautiful and staff behaviour was awesome food taste 5out of 5,23 Aug 2022,5
171791,Kaushal Agarwal,The food was very tasty with low rates and hospitality was so good room are clean,23 Aug 2022,5
171791,harish Shet,"I am sharing my experience
The room they gave me was super comfortable...and spacious
Good wifi
Super cool breakfast and Lunch with very low rate
The hotel was good for family",18 Aug 2022,5
171791,Ankit,Everything is good staff are very friendly and room is also clean 👌  highly recommended.,16 Aug 2022,5
171791,ravi,"Excellent experience 
I'm very happy for the oyo's service and rooms",07 Aug 2022,5
171791,Vaibhav Nigam,Room was nice,25 Jul 2022,5
171791,Kaushal Agarwal,none,16 Jul 2022,5
171791,Panchal Sagar,"I like oyo hotel room, facilities, and mainly TV...Coz I like watching movie...",12 Jul 2022,5
171791,Sandipbhai Gemarbhai,Nice service,25 Jun 2022,5
171791,Devarsh Patel,Good senitized room with good management,24 Jun 2022,5
171791,Dhruv,nice to visit,24 Jun 2022,5
171791,Happy maru,great facility,19 Jun 2022,5
171791,hatshal patil,nice hotels,11 Jun 2022,5
171791,Ravi Soni,Best,10 Jun 2022,5
171791,paril marvi,It was good . Service was also good .,24 Apr 2023,4
171791,Raghavendra.P,Nice stay,08 Mar 2023,4
171791,Avadh,The stay was delightful. I booked Deluxe room but the space was just adequate. The cleanliness is on point and service was very good.,26 Feb 2023,4
171791,Abhilash,"Location is at good place , it is on 3 floor beautiful view if u get the window room , I stayed here for ,4 days , I visited this hotel as I am there for business work first I was alloted 319 room no but it was quite smelly then I requested staff to provide me different room , they accepted my request and provided me onother room no 314 it was great big window good sunlight and airy the only problem is rooms are quite small sometimes feels like claustrophobic but stay was pleasant. I ordered fried rice and cheese sandwich with cofee everything is exceptionally good . Staff was supporting and help u to provide good service I enjoyed the stay if u r planning to visit then it will be a good choice in my opinion.",03 Feb 2023,4
171791,Hiral,The room was really clean and spacious but they charged extra for even though I already had a 2 person check in food was good but had hair in it overall a good stay,08 Jan 2023,4
171791,Jaymin Darji,"Located just near the in city(perfect location),the hotel is clean and provides u great hospitality.The hotel owner is very helpful and will guide u throughout your stay.The staffs were very helpful.The hotel provides u almost every facilities from good rooms,hot shower,towels,tv,clean toilet,clean bed and mattresses.The rooftop cafeteria of hotel was great.wen i say food was great(i mean it :))Overall experience was awesome.although there was noise issue coming from near rooms so be careful with that.lights were good in room.There is near resturants to this hotel too I'll recommend dis hotel to every couple and families:). You wont regret,just be there",06 Jan 2023,4
171791,MR.KD,"I have booked this townhouse many times. I most often visit this hotel. I have faced one issue many times that hotel personals ask for extra money than the amount showing in the app. I don't know whether it is professional or not. I have faced one more issue here that hotel room quality are not good as they were in past. 
The staff of hotel is very good,supportive and polite.

I Just don't like the thing they demand extra money.
I request oyo to carry out any solution.",28 Dec 2022,4
171791,Mihir JPatel,"Hotel staff is good service good staff response better
Location wise hotel good but room cleaning required.",25 Dec 2022,4
171791,rambabu pogiro,No tv other wise good,19 Dec 2022,4
171791,Boom Boom,👌,30 Nov 2022,4
171791,Vikash,I booked for two guests but in the hotel PC it was showing only one guest. I have to pay some extra money at the hotel despite my booking in my phone showing two guests. Further the location is little far from the main city. Rest was fine.,22 Nov 2022,4
171791,Shashank,"Good staff, courteous behaviour",25 Oct 2022,4
171791,Dhwani Gajjar,Room were nice food quality was enjoyable.,19 Sep 2022,4
171791,Indranil Sen,"Property is good , room service and restaurant service is not up to the mark.However , overall experience is satisfactory with compare to price.",13 Sep 2022,4
171791,Kamlesh Suthar,none,06 Sep 2022,4
171791,Simran,Good service,28 Aug 2022,4
171791,Sagar Kasliwal,Food and service,23 Aug 2022,4
171791,Bansari,Good,15 Aug 2022,4
171791,Kaushal Agarwal,Staff was very good and the food taste was awesome with low rates,15 Aug 2022,4
171791,Kaushal Agarwal,Hotel staff was so good and food was awesome with very low rate all over best experience,13 Aug 2022,4
171791,Dhaval Jani,I like the location and bedroom is quite comfy.,11 Aug 2022,4
171791,Kaushal Agarwal,Every thing is nice specially the food price very low and the taste was awesome I loved it 🤩🥰🥰,11 Aug 2022,4
171791,Harsh Dave,Nice room,11 Jul 2022,4
171791,sachin sabharwal,Good,02 Jul 2022,4
171791,Muhammed Aqil,"Reception Staff is very clever . Refusing to set up booking They were saying talk to OYO customer care, we don't have room.By paying more than the OYO booking amount, we took the room again which was very small.While they had rooms available.  If he wanted, he could have given us good rooms.",03 Apr 2023,3
171791,partha sarathy,They don't accept online payment,05 Mar 2023,3
171791,Mayur,Floor was sticky. And there was no ventilation other than AC in the room. Bed was not stable. Food was good. Drinking Water was provided. Body wash was there. Heated shower. Cupboard. Wifi was fast.,05 Feb 2023,3
171791,Harshil,Average stay and room given is totally different in size and they ask extra money for the person where i have booked a room for a two person. The room has no windows and even bathroom has no ventillation at all for sometime we have to open the main door for ventillation the room totally air packed no windows in room and bathroom also there was no exhaust fan,27 Dec 2022,3
171791,kunj jariwala,Hotel room was over all ok but the bathroom was bit junk. And staff was cooperative.,19 Dec 2022,3
171791,Praveer Singh,Location was good and room was clean. Room needs maintenance and service was very slow.,11 Dec 2022,3
171791,Ravi Verma,Location is good clean room but hotel staff take extra charges for second person and also said minimum charges is 1200 so why Oyo give discount.,28 Nov 2022,3
171791,Urvik Lakhani,I booked room on oyo in ahemdabad and easy to book room.Hotel staff is very supportive and good behavior and also rooms are good but tv services are not given with room.,17 Nov 2022,3
171791,Yuvi,It was okay,16 Aug 2022,3
171791,Shikhar J,Maintenance needs to timely checked. Needs to have a proper laundry system. Rooms should be completely ready before check-in.,19 Jun 2022,3
171791,SACHIN PATEL,room to price,08 Jun 2022,3
171791,Jash Savani,They gave me very small room i book delax with view however Room does not have any single window staff are good but worst experience ever 😞😠😤,19 Apr 2023,2
171791,Raavi Patel,The rooms aren’t same as pictures shown. But a decent stay.,14 Apr 2023,2
171791,Meet Kansagara,It was so pathetic experience they insisted to not to book hotel from oyo instead to buy from them.,23 Jan 2023,2
171791,Jinal Patel,"Averagelocation was good.we had rats in both the rooms we booked… it damaged our bags and other stuff. Room was full of dust corners. toilet paper was not there. bathroom didn’t have good water pressure. we had to request a hot water kettle. No tea or coffee was kept in room as a complimentary beverage, which you expect at the price they were charging.",30 Dec 2022,2
171791,Madhav Patel,"Had experienced very bad experience at this oyo townhouse, booked 2 guest but modified automatically.when we reached there , hotel system shows 1 guest than we have to pay extra amount exclusively. Pathetic services by Oyo , technical glitches and bugs in app",27 Dec 2022,2
171791,Yogesh Baria,Room was really good but when I reached at hotel late at night they asked more money for a room and when i said room price is cheaper online then they refuse to give any room,06 Dec 2022,2
171791,Rahul Kochhar,There is no breakfast available as complimentary also booked on 1154 but the hotel charged 230’extra else they will cancel the booking,29 Nov 2022,2
171791,Hiren Chuahan,"no hot watter , small rooms",19 Nov 2022,2
171791,chetan kalsariya,This is best hotel,16 Nov 2022,2
171791,RUSHI,Hotel in Service I changed 3 room because of bathroom  still in service  rooms are to small . It's feel  like i waste my money. But if you need just spend time it's ok ok hotel .,07 Oct 2022,2
171791,Shrirang Diwakar,"I booked a deluxe room as per the images displayed. The room that was allotted was small and the staff had to say that they only have 1 room of that type which was already allotted to some other people. Also, If I needed something, the staff didn’t give in my first request, i had to remind them again to get the thing eg.water bottle, order, body wash, etc.",02 Oct 2022,2
171791,Ravi Parmar,"Hot water wasn't coming, charged extra money for staying
Service wasn't good",19 Sep 2022,2
171791,Nidhi Doshi,they take extra money and do not give any services... very bad hotel services and staff...,15 Jul 2022,2
171791,Prakhar Nigam,"Bedsheets not clean having hairs, bathroom door doesn't close properly & it's door wall have cracks, bathroom & room false ceiling are broken & have rats running over. Located at outer of city. Person at reception says that we don't allow the stay at this rate given by OYO. Asked me to pay the rent for whole stay in advance and then allowed me to stay. No value for money. Oyo should refund my money for asking me to stay this poor property. Kindly refund my money against this stay or I had to choose other service providers. Very bad experience I had.",19 Apr 2023,1
171791,Deepak Sharma,Worst hotel...I reached there after booking hotel and paying full amount as mentioned and to my surprise the receptionist asked me to pay more which was totally ridiculous. The hotel staff is very rude and will ignore u for everything. Please dont go here if u want to save ur time and harrasment,19 Apr 2023,1
171791,laxmikant ruparel,They demanded extra cash and not even providing room,17 Apr 2023,1
171791,Brijesh Kakkad,Wifi not working TV not working dental kit not available in that hotel staff saying that we are not providing dental kit,11 Apr 2023,1
171791,RahulKumarThakur,This hotel rooms are not actual as shown in the pictures on Oyo app. Rooms are very small. And hotel staffs are very rude and their behaviour is really pathetic. Pls don't use this property,11 Apr 2023,1
171791,Karan Joshi,Hotel charged Rs.300 more as a minimum booking saying oyo has a glitch.i will not use oyo again,09 Apr 2023,1
171791,Aakash Sharma,"First of the staff is asking for extra money, 2nd location is extremely bad please don't go for it.",08 Apr 2023,1
171791,Shashank Pandey,Room was very bad and taken extra charge when reached to hotel,04 Apr 2023,1
171791,Jayveer,"1. Guy at reception table demanded extra Rs. 200/- or he will cancel my prepaid booking 
2. Lift not working
3. No toiletries, towel in washroom
4. Door lock not working smoothly
5. Noise from adjoining rooms
6. Broken eyes hole, anyone from outside can see inside",04 Apr 2023,1
171791,Dnyaneshwar Daspute,Asked extra money. Made feel unwelcome. Toilet seat broken.,01 Apr 2023,1
171791,Ashish patel,Please avoid this property. Staff behaviour very rude. Hotel room are not clean.,23 Mar 2023,1
171791,Subhomoy Chakraborty,I booked a deluxe room but they gave me a small classic room and said that is the only room they can give me. this is not done.,10 Mar 2023,1
171791,Jaswanth Sai,"The room was bad, sheets were unchanged. Only hot water was coming. The night manager Aditya was rude and didn't try to listen to the issues. The bathroom is unclean. Washbasin had no close and stinks. The towels had holes. There were red anta all over the place",19 Feb 2023,1
171791,Jayman Patel,"the staff was very helpful but the property it’s self is disgusting, dirty and under manitained.it’s filthy, location is horrible. Mice was found in my room and had Tom have my room in the middle of the night….",17 Jan 2023,1
171791,Vivek Gurjar,"The hotel is chiting for booking price and when i reach the hotel they ask me to pay 410 extra, when i already pay in advance online booking. They confirm that the final price is 898 but still when i reach the hotel they ask me to give 410rs extra. 😡😡😡😡😡😡😡😡😡😡😡😡😡😡😡😡",17 Jan 2023,1
171791,Somu Jaje,Environment is pathetic....looks they are running hostel in the same premise...food is utter waste...rooms are not clean...not recommended even if stay is offered free,30 Dec 2022,1
171791,Abhijit Kulkarni,Bathroom door was having big gap . Flush was not working. Room was very small . Bed sheet was not cleaned. Tv was not working. Disappointed with overall .,28 Dec 2022,1
171791,Jay,Poor,24 Dec 2022,1
171791,Santhosh Kumar,The reception people always charge you extra and rooms are bad. Never expected such service from Oyo.,18 Dec 2022,1
171791,Vijay Solanki,Very pathetic experience... Bed linen are very dirty and room amenities not working,12 Dec 2022,1
171791,Maru KishorKumarBhagvandas,"Hi, don't book via Oyo. If you want book just call to hotel bcz after confirmation. The hotel charge you extra money. I have proof time of booking. But they give excuses. So please please don't book via oyo. And when you call oyo they put your call on hold then no response.",02 Dec 2022,1
171791,kavan mevada,There was no proper hygienic kit in the room as well as water bottle wasn't kept in the room even they provided water after many request,22 Nov 2022,1
171791,Meet,"It was the worst experience ever, they booked and charged more when i reached to hotel, bed was broken totally, staff was not well behaved and didnt took any responsibility.",13 Nov 2022,1
171791,Saumyashree Sagar,"hotel not clean, they also charge extra than booking amount at the time of check in . otherwise they don't allow check in . no bill also issued for the same",08 Nov 2022,1
171791,Vishal Vj,check in very poor,01 Nov 2022,1
171791,Kishan,"They charged extra charges.
Faculty is not provided perfectly.
Interior is not perfect.",13 Oct 2022,1
171791,PIYUSH ANAND,"Actually oyo and their partners are running a scam, I have booked this room for two persons but they modified my booking for 1 persons and then they charged me extra 350 rupees in cash for another person so the experience was so bad, even now I'm going to Uninstall the oyo app I will not book room by oyo.

Thanks for your cheap and scam services",20 Sep 2022,1
171791,Vaibhav Gupta,Have to pay extra at arrival as per their software it's showing only one person but I booked for 2.,19 Sep 2022,1
171791,Divyarajsinh Jadeja,Reception staff is Miss behavior everyone,18 Sep 2022,1
171791,Faizal Mansuri,none,11 Sep 2022,1
171791,Hemanth Kamplimath,"Booked townhouse for Rs. 970, hotel demanee 400rs extra, I had to pay as they did not allow checkin. Was unable to contact Oyo regarding this and they have a worst call centers and reaching them is difficult. Tea and coffee sachets were missing also water heater was missing in room. Rooms were terribly small and hygiene not upto the mark.  Was planning to stay longer but it was a worst experience so checked out after a day's stay.",08 Sep 2022,1
171791,Sanjeev Dad,High price with low quality roomsOnly staff and wall painting.Very small room. no fresh air no big bed. very small for two people in a room.,17 Aug 2022,1
171791,Gautam Dey,Poor room condition....and location also very bed....OYO cheated to customer.,16 Aug 2022,1
171791,Yash Patel,booked deluxe but provided normal room.,14 Jul 2022,1
171791,Himanshu Jhuria,faced issue while check in they asked for extra amount during checkin as they said that there floorprice is showing low over oyo app.,30 Jun 2022,1
171791,MD vazeerahamad,Worst stay I had never seen in my lifeVery bad hotel.No plates. No Glasses.,20 Jun 2022,1
171791,Vijay Solanki,"staff very arrogant... specially hotel manager is very rudely... i suggests when you go in this hotel  don't stay in 4th floor due to very noisy on floor...toper floor having gym so pepole are disturbing your stay.

Tv was not working and batroom lock is not available also door lock also very tight.",09 Jun 2022,1
