hotel_id,user_name,review_text,date,title
178019,Makwana Mohit,It's too safe ..and relatable place ... where u can stay safely and happy...I gave 5 start,05 Sep 2022,5
178019,Parmar Rohan,Good,09 Aug 2022,5
178019,Yogesh Jadhav,"I stayed at the hotel recently and they were great! The hotel was clean and hygenic and their service was excellent. They only charged Extra Rs 300 more to check in, which wasn't a big deal at all. I will be back next time.",13 Jun 2022,5
178019,PATEL,The service was not good they are making foolish to us. They are not provided any things related to customer service. I am Not recommended to any one to stay over here.,13 Jul 2022,1
178019,Farhankhan,i need my momey back they checked in by their own and didn't give me room,22 Jun 2022,1
178019,aniket,"room can't book this time I paid 550 rupee again and share a room with other brother fake hai sale
staff behave very rude",14 Jun 2022,1
