hotel_id,user_name,review_text,date,title
178711,Pranaya Kishore,It is a very pleasant stay for me with my family and friends.,18 Dec 2022,5
178711,Mehul Mehta,The stay overall was good. The rooms were clean and Hygenic. At this price range it's really a great deal.,05 Feb 2023,4
178711,Kishan,They charged extra money.,08 Dec 2022,4
178711,shailesh parmar,Very bad and derty condition,28 Jan 2023,1
178711,Rakhi,They took extra money that of charges ...so didn't liked service also there was no water supply..after 1000s of complains also it was not solved...and oyo do solve this problem what u charge property owners take extra money on check in.,22 Jan 2023,1
178711,Mitul bhil,All the service is zero no clean no dore locked no fixer working and I have already paid mony to book hotel but they more charges and he said complimentary by force fully charged extra money and then I don't have any options and I paid it this is not fair enough,14 Dec 2022,1
178711,Raj Vardhan,Not hygienic at all,10 Dec 2022,1
178711,Bharat Jotwani,Hotel manger pressure me to cancel my booking and he take 200 ruppes extra very bad behaviour,06 Dec 2022,1
178711,Chetan Gondaliya,"We give extra amount for stay 
As per your confirmation still I haven't received the difference amount of Rs.650 kindly transfer the money as ap.",12 Oct 2022,1
178711,Pritesh Bhatia,"Unhygienic, took extra money at desk and didnot provide additional support after committing.",09 Oct 2022,1
178711,Rakesh Kanjilal,charged extra money for check in ... not getting any help for refund my money from OYO . the worst experience..,17 Jul 2022,1
178711,HARDIK MODI,no power supply in entire locality,01 Jul 2022,1
