hotel_id,user_name,review_text,date,title
192541,Bapji,Gud,24 Sep 2022,5
192541,pranay umeshgame,Hotel was awesome & hotel staff is excellent,20 Sep 2022,5
192541,Sanjay Dhoka,"service is very poor, no cleaness,",06 Nov 2022,3
192541,kishan jagwani,Very poor experience . After booking via oyo and paid full amount they denied check in after lot of coversation with hotel manager and oyo customer care they didn't give me room never book hotel on oyo they are like we only take bookings not responsibility to provide you room if any problem occur from hotel side,01 Oct 2022,1
