hotel_id,user_name,review_text,date,title
198743,Pranjal,My room was clean and the services are also great. Hotel staff is very friendly too.,07 Apr 2023,5
198743,Harshit Sagar,good service and staff thank you very much oyo,27 Dec 2022,5
198743,HARDIK MODI,Very nice property. staff is very cooperative. prime location,23 Dec 2022,5
198743,Ritikesh Shahare,Very poor service and behaviour of staff. Dirty room.. The way of talking at reception very arrogant. Even it is not suitable for single occupancy then there is no question for couple stay here. I never experienced such a poor stay like here.,06 Apr 2023,1
198743,Shyam,Hotel,11 Mar 2023,1
198743,alok singh,Very very wrost hote...i booked hotel bhavya vilaa..bt they did not provide room on booking from Oyo. ..they r giving room on own rate ..,09 Mar 2023,1
198743,Sahil Nayak,I never stayed at the property but still i was checked in as per the app and reception said do not come to hotel we are full,12 Feb 2023,1
198743,Gohel Maulik,Services not good room is very small in not comfortable,19 Jan 2023,1
198743,kaushal,"Rooms are too small and in entire room you will get only bed and room is over, no ventilation in room or even washroom even no AC is installed in the room, over all this is a trap, my recommendation never book :(",30 Dec 2022,1
198743,M Ramakotireddy,Vary bad your service,25 Dec 2022,1
