hotel_id,user_name,review_text,date,title
201927,Mustak Khan,This is very good sarvice provide in hotel and reception I have give 5 start plus reting for this place,11 Apr 2023,5
201927,Harsh,none,04 Apr 2023,5
201927,Javed Mithani,Nice and helpful staff. Location is very good. Room was neat and clean. Everything was perfect and good,13 Mar 2023,5
201927,Keshav kumar,none,26 Feb 2023,5
201927,Jenish Dhameliya,Best service and best room,20 Feb 2023,5
201927,Arohi,A good place with great service,12 Apr 2023,4
201927,Pushpendra SinghDeora,Location is pretty good easily located.. walking distance from sp stadium metro station.. room is little bit smaller but good for business purpose..,09 Apr 2023,4
201927,Anand Kumar,The location of hotel is good. The hotel is on the 1st floor only just above a dominos. The room are clean but provide minimum toiletries (soap and towel). Can improve in the section of facilities. Overall a good experiance.,05 Apr 2023,4
201927,Kishan Ahya,Very small room even single person can not rest properly and after they charge more money to change room,04 Apr 2023,1
201927,Abhishek,"They are asking you to pay extra money, even if you have some urgency also then they won't allow to take the rooms after giving them the payment. Kindly don't book this oyo, your money and time both will be wasted. They will make you frustrated also as they will force you to pay extra. And their ratings were given by themselves so kindly don't believe on ratings also. They use to take customers mobile phone at the time of check-out.",18 Mar 2023,1
201927,Rahul Dube,"They were charge extra rs 300, when i ask him why they charged extra money for room he told me that they can't afford 700rs for 1 day and if you have complaint to with oyo customer care also they behave very rudely with me",16 Feb 2023,1
201927,Shruti,Had to argue with the manager about paying extra when I arrivedat the property inspite of already paying the said price online. The room was very small but clean. The stay was decent.,15 Feb 2023,1
201927,Rohit,Wrist oyo app,11 Feb 2023,1
201927,Kiran Kumar,"Whenever I went outside, room was opened with another key and was used by them.",01 Feb 2023,1
201927,kandarp Shukla,The room I've been booked was given to someone else and the were asking me for a extra 700rs to provide me room in different hotel in different place and very rude behaviour,26 Jan 2023,1
