hotel_id,user_name,review_text,date,title
204577,Prashant Chandegara,none,30 May 2023,5
204577,Kuldeep Bhoi,Nice exceperiece..Service is very good,23 Apr 2023,5
204577,anmol,Very nice staff coperate neat and clean ..very nice service,23 Apr 2023,5
204577,Rajkumar sharma,Good quality room and staff really helpfull,19 Apr 2023,5
204577,Awsmmynk,"Everything is up to the mark, staff, cleanness room etc.. 
good service",16 Apr 2023,5
204577,Sunil Chauhan,Good for stay,27 Mar 2023,5
204577,SADHu,Good experience,22 Mar 2023,5
204577,RISHABH Gupta,Newly built hotel. Value for money,07 Mar 2023,5
204577,Ravisingh,Hotel staff very polite behave,04 Mar 2023,5
204577,Ankita,"It was very good experience . 
Rooms are very good and maintained properly.",20 Apr 2023,4
204577,Manprit Sing,Comfortable stay and nice room and good location in bopal abli road cleen room and we come back soon....,19 Apr 2023,4
204577,Rudresh,"Nice room but no exhaust in washroom, better to have exhaust in washrooms to have more ventilation.",24 Mar 2023,4
204577,Ranjeet Singh,"Good rooms, extended good services, ambiance is ok, we satisfied with hospitality",02 Mar 2023,4
204577,Vijay,Pathetic hotel. Don’t book by seeing pictures here. It’s all fake. Waste of money. Poor OYO service,23 Apr 2023,1
204577,balbir,When you enter the property staf asking extra pay for staying and i give extra pay becouse he can't confirm my booking without extra pay,19 Mar 2023,1
