hotel_id,user_name,review_text,date,title
2896,PRAVIN,"Very good and clean hotel,staff is very cooperative and the food is also good best to stay at reasonal charge.",23 Apr 2023,5
2896,Rajesh Murlidhar,Very nice and pleaystay,15 Mar 2023,5
2896,Santosh,Room clean tv working nice room service,01 Mar 2023,5
2896,Jignesh Patel,good,24 Jan 2023,5
2896,Adarsh,Good,01 Jan 2023,5
2896,Mahesh Vaghasiya,none,01 Jan 2023,5
2896,Mustafa Raza,Good service,10 Nov 2022,5
2896,Bhavya,Good,10 Nov 2022,5
2896,Anupkumar Mhatre,Owner is very cooperative and immediately assigned a good room to me.Rooms are very big and clean. Staff is  very cooperative too.,16 Sep 2022,5
2896,Vaibhav Jain,It was a great experience,14 Sep 2022,5
2896,Deep,Great experience,27 Aug 2022,5
2896,seemant kumar sharma,Good,16 Aug 2022,5
2896,priya rathod,Very good 😊😊😊😊😊😊😊,10 Aug 2022,5
2896,Sachin Nair,Its was nice,30 Jul 2022,5
2896,Jorawar Singh,all is well,27 Jun 2022,5
2896,Sanjay,Hotel Good but food not good,28 Dec 2022,4
2896,Karan Khurana,It was good,16 Nov 2022,4
2896,sumit,It was a good experience. The staff was very cooperative. Room was clean and washroom was also neat and clean. 4 out of 5.,07 Nov 2022,4
2896,Pritisha,cleanliness,21 Oct 2022,4
2896,vaghelamahipalsinh,Good   service,23 Sep 2022,4
2896,Gyanendra Bhati,Experience in this hotel is excellent and staff is very friendly,09 Sep 2022,4
2896,Raj Patel,Not so good service,27 Apr 2023,3
2896,tanisha malara,the rooms are fine but not as per rates and also no hot water supply n no room service,26 Dec 2022,3
2896,Nileshkumar natavarlal,Hot water enable only morning,18 Dec 2022,3
2896,ASIF KHAN,Hotal was Average. AC was not Proper Working after Check out He is not Giving invoice Bill after 12% Extra GST He Gave invoice bill. Room Location was 1km Distance from On Road. 2km walking Distance for Food,16 Sep 2022,3
2896,Nayan Bamaniya,good to stay,06 Sep 2022,3
2896,Kranthi Kumar,Vibrate residence os best for oyo in ahmadabad,12 Aug 2022,3
2896,HITESHKUMAR VASWANI,not great,22 Jun 2022,3
2896,SanjaySuthar,"Tv not working, no hot water in bathroom, there was single towel for two people,fan runing so fast not diming down.",10 Dec 2022,2
2896,Vipul Rathod,Very bed,02 Sep 2022,2
2896,Rathod Dipen,"Not as per picture and not value for the stay 
And I'm not satisfied with also OYO",25 Aug 2022,2
2896,Nripendra Pratap,none,21 May 2023,1
2896,aarushi Kumar,Worst Oyo ever booked,08 Feb 2023,1
2896,Vineet Thomas,The hotel was very bad and unclean. Water was leaking from the bathroom ceiling. Waited for hot water but it never came and had bath in nearly cold water. Service also very poor.,24 Jan 2023,1
2896,RAJDEEP GAUR,"Note of Caution: Do not fall prey to photographs displayed for rooms. When confronted with Hotel Staff for Room Pictures on Oyo, staff said these pics are uploaded from oyos end and they have nothing to do with it. It's low budget stay hotel and room tariff not worth more than 600 bugs!",06 Dec 2022,1
2896,XXX XXX,"Person on the reception was not proper 
He asked additional amount from guest and said that wrong pieces are shown in OYO

I have booked and also paid online so left no choice except to pay in cash and go ahead 

Ridiculous, I will never use this app for stay as my friends are frequently visiting my place but it was worst experience",16 Oct 2022,1
2896,Anshika Mathur,"If its possible to rate in negative then it would be more better. I have booked this hotel from oyo app and the tariff is different from hotel tariffs..  during my check in hotel manager denied by booking at his place and afterwards i showed my booking proof so he accepted but told that he has cancelled my booking just because the amount I paid is different from hotel tariffs.... This is the worst behaviour of hotel manager.. how could you do this with someone else who is travelling from outside

Its so difficult to find out the new place... If you want to cancel the booking then you should inform the client before a day so that we can arrange somewhere else

But thanks to Oyo they help me in initiating the refund",11 Oct 2022,1
2896,prerak patel,Nothing for like,02 Oct 2022,1
2896,Anushka Goyal,Dirty Room | Duffer Staff | Zero Service | Worst Washrooms,01 Oct 2022,1
2896,Rakesh Paneri,"I went to Ahmedabad for my child medical check up. And this hotel person made my situation more complicated.
Please don't book this hotel..they make us fool. U will get confirmation mail from Oyo that ur room booking confirmed and when will you reach the hotel, the reception guy diny to give room. And when u call Oyo customer service, u won't get any satisfactory answer. And even Money refund.
I swear I will not book hotel while using Oyo platform.",21 Sep 2022,1
2896,Ramesh ML,Ekdam worst ever experience. Suggest not to book in OYO anymore.,10 Sep 2022,1
2896,dharmesh goswami,Bad room aur not good fill,26 Aug 2022,1
2896,Vipul,"Very bad hygiene, no hot water available in bathroom. Cupboard not available. No mineral water available. Staff didn't know how to talk with customer. Lift is very noisy and sound comes in room. Overall bad. Go if u have no any option available.",25 Aug 2022,1
2896,Prabhu Singh,"Hotel Ac not working
No hot water in room",23 Aug 2022,1
2896,Rahul Kumar,Room was not clean,05 Aug 2022,1
2896,Punit Singh,Rude behaviour of staff,03 Aug 2022,1
2896,Nitesh Jain,"Oyo make people fool.
In app booking amount seen 650/700
When you reach Oyo reception they denia to give room in that rate 
Room aminities very BAKWAS",03 Aug 2022,1
2896,Debaroti Chatterjee.,"We didn't check-in as extra amount was asked for it. Yet in the application I could see checked-in.
It was the most pathetic experience.",03 Aug 2022,1
2896,Darshan,Worst worst worst,01 Aug 2022,1
2896,Harkishan,The Hotel owner denied permission. Even though i have booked on oyo. He asked for extra money as i have booked for only 560rs. Worst behavior of staff no support and also not ready to talk with oyo care.,19 Jul 2022,1
2896,919712274423,I had an accident so couldn't reach hotel,09 Jul 2022,1
2896,Amit Kumar,No good condition room and all old type rooms,09 Jul 2022,1
2896,Mr. RajRaniga,none,04 Jul 2022,1
2896,Krunalsinh,none,04 Jul 2022,1
2896,Karan,room is bad,04 Jul 2022,1
2896,Kalpesh Trivedi,misbehavior by staff... and bad service by oyo...,28 Jun 2022,1
2896,Bibin George,Don’t book through oyo. They will deny checkin stating that they cannot afford in oyo price,28 Jun 2022,1
2896,Guest,very very very very bad hotel,26 Jun 2022,1
2896,Tejas Gohil,"The TV is not working,the bed is too horrible , the washroom has no stopper , shower and hot water also not available on tap.",25 Jun 2022,1
2896,Yash,"nor tv nor wifi was working, even AC was too slow, and you can't even change it's setting from remote.",17 Jun 2022,1
