hotel_id,user_name,review_text,date,title
2966,gaurav Mahajan,none,15 May 2023,5
2966,RAUNAK CHAND,"Nice, clean and comfortable.",20 Apr 2023,5
2966,avani,Good,09 Apr 2023,5
2966,My Self,Dear sir ALTAF ANSARI. Good morning have a nice day. I wolid be glad ti stay our property. Really i say you and VISHNU  Perpect service and good behavior your all staff. . Once again have a have a good day ESHANK   RYSHABH,06 Apr 2023,5
2966,Raval Bhautik,Excellent,25 Mar 2023,5
2966,Viraj Patel,Excellent service and rooms .....,22 Mar 2023,5
2966,Naresh Parmar,none,20 Mar 2023,5
2966,Tripathi KeyurHitendrakumar,The location was middle in town and it's best experience for me the room was clean and staff behaviour was good,18 Mar 2023,5
2966,Jaydipsinh,All staff good thank you altaf,15 Mar 2023,5
2966,Niraj Pathak,Rooms are ok but the water facility and water quality is not so good but except this all ok as reception.,12 Mar 2023,5
2966,Ankit Tci,"This hotel is very nice all room is very beautiful and look nice hotel management is so serious about customer there is responded on time. 
Room are very clean and place is very beautiful place transportation services is near by hotel location and behavior is very very nice 😊",11 Mar 2023,5
2966,mitul bhalodiya,"Very good location, food is awesome, cooperative staff, good behaviour, must say one of the best in Ahmedabad",11 Mar 2023,5
2966,Ashok Sharma,Very good hotel for staying,04 Mar 2023,5
2966,viswanath,All staaf is good & reception help very good thanks altaf,28 Feb 2023,5
2966,Akash panchal,Nice room,25 Feb 2023,5
2966,harsh gadhvi,The hotel was really good. The staff was supporting. The location is nice. Most importantly the rooms are amazing,25 Feb 2023,5
2966,Varun Melroy,"This was my second time staying here. Wouldn't be here if I didn't like the place. A very good budget stay, clean rooms, clean baths, in-house restaurant that serves good veg food.
Would recommend anyone looking for a good budget stay.",09 Feb 2023,5
2966,XXX XXX,Great staff,06 Feb 2023,5
2966,Hansraj,Mast & excellent,23 Jan 2023,5
2966,Santosh Kumarshaw,"Such a nice experience with the hotel and hotel staff, Veri politely behave, hotel & room is clean best option in south Bhopal better then other near by oyo",13 Jan 2023,5
2966,Vishal Singh,Everything is nearby locality is good and hotel rooms and staff is also good. Worth staying in,06 Jan 2023,5
2966,Sachin Pandey,Very good hotel and all staff is so humble.all things are very neat and clean.i loved this hotel.every time i stay there and all time i feel so good .plzz visit this hotel atleast one time when you will be there..thanks,31 Dec 2022,5
2966,Anjali Sarvade,"Good stay
Clean rooms and helpful staff by nature
Near Bhavya Park Brts easy to reach location by brts too",27 Dec 2022,5
2966,Nikhil Deshraj,I visited Ahmedabad for family trip. This is the best hotel in the town. Hotel is at prime location and rooms have all the amenities in it.,26 Dec 2022,5
2966,Anil KumarSingh,"Room and wash room are very clean. Beds are near & clean , Food quality and staffs are very good. Recommended for stay at least once",21 Dec 2022,5
2966,Hansraj,Good,16 Dec 2022,5
2966,Anand Nampoothiri,"Clean rooms, cordial staff, no hassle",11 Dec 2022,5
2966,PRASANNA SAHOO,OYO has a very genuine price for hotel and excellent service to costomer.,09 Dec 2022,5
2966,Manish,"staff behaviour good
service good
room clean",24 Nov 2022,5
2966,Abbas Patel,Rooms are very clean and staff is very cooperative,21 Nov 2022,5
2966,Tushar Kshirsagar,Good hotel,17 Nov 2022,5
2966,mohit indoria,initially there were some issues but reception staff was nice and sorted out all the issues and always there to help.,17 Nov 2022,5
2966,Robin Thankachen,"Neat and cleanliness was good,Food Quality was good,Room were also good, staffs were polite and used to deliver things in normal time",18 Apr 2023,4
2966,Ayan,Good,09 Apr 2023,4
2966,Mahendra baburao Marapalle,Details cumunication not given by hotel staff,06 Apr 2023,4
2966,Kanojiya Gaurav,Good service and staff,04 Apr 2023,4
2966,satani chiragdhansukhbhai,m I like the hotel very nice,27 Mar 2023,4
2966,ajmeri iqbal,Good.,25 Mar 2023,4
2966,balbir,Hotel was good and nice staff and all things are Good nice place nice hotel,19 Mar 2023,4
2966,Rohit Kumar,Good hotel and services is also good all hotel staff very helpful and comunicat for guest  but AC and extension bord  not working so,16 Mar 2023,4
2966,priyankayadav,Good service amazing staff and management the quality of food was great must try thali service amazing,23 Jan 2023,4
2966,Narayan kudtarkar,Room size very good,21 Dec 2022,4
2966,bhushan kumar,Every thing is better but  daily bedsheet has not change,19 Dec 2022,4
2966,Memon Kamil,"It's good service, superb staff,  nice bed, washroom is clean,  food is delicious,  nice mattress, good roof top",14 Dec 2022,4
2966,Manchandra,Nice hotel entrence way not clear kindly put poster for on the entrence way but all are very nice,13 Dec 2022,4
2966,harsh,Advisable definitely,30 Nov 2022,4
2966,Deepak Kumar,Good and nice hotel for staying.... One night stand for best Bopal Adi hotel .. The Best ever Hotel,23 Nov 2022,4
2966,Krishna,It was all good and the place was awesome. Everything was readily available and staff was good and cooperative. I enjoyed my stay without a bit of discomfort.,22 Nov 2022,4
2966,kalpesh,The hotel is really good especially when you will book from Oyo it's price comfortable.,10 Nov 2022,4
2966,yadav shubham santoshkumar,"Hotel is good
Good response of staff
Neat and clear room 
Ac and fan working good
Their is facility of restaurant",05 Nov 2022,4
2966,SuMit Singh,Nice stay. Spacious and affordable rooms.,03 Nov 2022,4
2966,Darshan Patel,Good service n rooms,03 Nov 2022,4
2966,Devinder,The place was good.. Rooms are clean. Location is main road ao good access to almost everything. We had a problem with AC first it was not working at all later they repaired it but during night it leaked water and the entire bed was wet.,20 Dec 2022,3
2966,Abhijit Rathod,Oyo is best option for our booking,05 Dec 2022,3
2966,Nilesh Soni,"Service at room was slow.
Location best
Cleaning ok.
Service not bad.
Fooding not tried.
Refilling not done",09 Jan 2023,2
2966,Sayam Gupta,"Stay was fine. Manager was horrible with no etiquettes. The guy does not know how to talk to customers and denied prices and booking.
Worst guy in Ahmedabad",24 Nov 2022,2
2966,Rahul Thakur,This hotel is not good. The hotel staff is not polite and no proper and basic services provided. Last night the started drilling and fixing one ac unit above the reception which was just behind my room. When i asked the manager to stop it immediately. He said i should have tell him before the start of work. Now he will not stop. And he continued. This is very irritating. I will never recommend this hotel to any one.,10 Mar 2023,1
2966,Akshay Shrivastava,room was full of mosquitoes.There was no arrangement for this.,04 Feb 2023,1
2966,CA AjayDutt,The Room I booked was AC but the hotel issued a Non-AC Hotel and the Service is not even average.,23 Dec 2022,1
2966,babariya jaydeepp,Very bad room and washroom very durty so please my money very vest.,26 Nov 2022,1
2966,Ravi Saraff,"Not as per expectationLocation, budget hotel.Cleanliness, bathroom fittings, room service, non-working intercom",21 Nov 2022,1
