hotel_id,user_name,review_text,date,title
3139,AnitaRana,Excellent room nd service,08 Dec 2022,5
3139,Bhavani Dineshkumar,Good,01 Dec 2022,5
3139,Deepak Singhal,none,18 Nov 2022,5
3139,Parth Desai,"Service not good,not clean room,hot water not coming,advance payment not calculate",14 Nov 2022,5
3139,HARDIK MODI,Very nice property with prime location. Staff is very cooperative especially Pradeep bhai,13 Nov 2022,5
3139,Akash Maharana,Service could be more better,26 Oct 2022,5
3139,viraj kachhadiya,Nice experience,15 Oct 2022,5
3139,Mehul Mehta,nice hotel,02 Oct 2022,5
3139,Darshil,Nice hotel,01 Oct 2022,5
3139,Shivam,Nice,01 Oct 2022,5
3139,Akash Yadav,Nice,15 Sep 2022,5
3139,Dhairy patel,Nice,13 Sep 2022,5
3139,Maliwad jaimin,Nice,21 Aug 2022,5
3139,Apoorv KumarGupta,Nice,19 Aug 2022,5
3139,Ravi VitthalGughane,Nice,12 Aug 2022,5
3139,Karan,Nice,11 Aug 2022,5
3139,shwetajagad shwetajagad,Nice,08 Aug 2022,5
3139,rutvik ribadiya,Nice,07 Aug 2022,5
3139,Praveen,Nice,05 Aug 2022,5
3139,7002537325 Lama,Nice,04 Aug 2022,5
3139,sk sharma,Nice,02 Aug 2022,5
3139,Kishan Chaudhary,Nice,28 Jul 2022,5
3139,Troyeeka Chaudhuri,The ambience was amazing,27 Jul 2022,5
3139,Parmar Mahendra,"Location osm

Staff Response 👌🏻👌🏻👌🏻👌🏻
I like it",24 Jul 2022,5
3139,Raj Dubey,Everything is good including staaf,21 Jul 2022,5
3139,Abhijith,Stay,17 Jul 2022,5
3139,Raju Soni,good,18 Jun 2022,5
3139,Manish Solanki,nice,16 Jun 2022,5
3139,Zain Mallick,Staff was cooperative and service was fine,08 Jun 2022,5
3139,rahman choudhary,very nice,08 Jun 2022,5
3139,Umang Naik,very good👍,06 Jun 2022,5
3139,Mohit,good Ambience,05 Jun 2022,5
3139,Manishkumar Shahi,It was good experience in the room but cleanliness was not proper there were insects on the bed and bedsheet were also not clean.,15 Apr 2023,4
3139,Shaikh Mustafid,"Good Hotel Nice view
But Lift is not Good",21 Nov 2022,4
3139,MAHENDRAS Group,Best hotels n best behaviour our stuff 💛😊,14 Oct 2022,4
3139,Ritesh Kumar,good services,23 Jun 2022,4
3139,Aamir khan,All good but washroom is so so,02 Apr 2023,3
3139,Pradeep,Rooms were not cleaned properly staff was not bad its ok giger was not for hot water...tv was not working,15 Dec 2022,3
3139,Darshan Parmar,"The room was spacious, but it was not clean. The bathroom was worse, I don't know why they didn't clean it beforehand. Overall okay experience.",27 Nov 2022,3
3139,Sagar,Good,20 Jul 2022,3
3139,VijaySingh Gautam,Very  bad hotel,23 Nov 2022,2
3139,Sanket Mehta,Not good for solo travel. Cheap one,09 Nov 2022,2
3139,Rahul,Very bad room and service and also this is a only for call girl hotel,15 Sep 2022,2
3139,Kevin Chavda,"Not clean proper, Ac linkage with water.",26 Jun 2022,2
3139,jitendra,"hotel not accepting oyo price 
thay given room at 900 rs after also I have booking with 671 rs.
very poor service of hotel and also oyo
all hotel increase price after going hotel",20 Apr 2023,1
3139,Prakash Bhadra,Stupidest hotel to choose!was there in time only to realise they wont open at 4:00 AM even after accepting booking through booking.com.nnShadest hotel ever only a lift to approach the hotel.nnBooking.com must also be bear the blame for recommending such bad hotel.nnWorst life experience.,23 Dec 2022,1
3139,Dharvi Patel,Not same as pics they show us.very bad service.Not happy. Never go in hotel . waste of money .,02 Nov 2022,1
3139,Darshan Jain,"After paying the hotel charge in oyo, charged me an extra ₹ 400 for 24 hours stay and say that if you do not give, we will not give you room, you can cancel the booking",29 Oct 2022,1
3139,krish cham,I did not get the room & Do you want a feedback.,22 Oct 2022,1
3139,Shirin Gohel,"Bad optionExcept for location in business area, nothing was good.The rooms were not as shown in picture, amount kept changing, rooms had stains everywhere. Not worth.",21 Oct 2022,1
3139,Vraj Rana,There was a huge difference between the image and real life  rooms. The hotel was third class. Not expected for Oyo...,08 Oct 2022,1
3139,Iqbal LOKHANDWALA,Very bad room not clear rooms staff bhievior very bad ladis not safe rude bhievior very very bad sarvice,06 Oct 2022,1
3139,Yash Yadav,shady location. not at all clean and unhygienic totally.,02 Oct 2022,1
3139,Sam Ydv,Room quality and cleanness very poor,02 Oct 2022,1
3139,Hetavi,none,29 Sep 2022,1
3139,Sarvesh kumar,Worst experience ever had in my life,10 Sep 2022,1
3139,Aamin Aamin,Washroom Not Clean And Ac Not Working Poor Location,09 Sep 2022,1
3139,Niralee Trivedi,ac was not working even hotel staff force fully demanding money for tip very rude behavior worst experience ever. photos are misguided.,06 Sep 2022,1
3139,Harvinder Singh,Hotal charged rs 200 extra. I called oyo representative but he denied to help me. So nevery recommend this hotel to any. Very very dirty place. T.v. was not working. . Hot water also not coming,01 Sep 2022,1
3139,mehul kohli,"Worst hotel ever. Ac not working, in washrooms no flush and look at the seeling. I arrvied in 1 am in night and the manager denied checkin saying low tariff . I was with family and he asked to pay in full plus 2000 extra for 2 rooms for 3 nights, i had no choice we all were tired and i had to pay. All review are fake claiming 3.9 rating. Please dont book.",27 Aug 2022,1
3139,Harshil,I pay 1000,26 Aug 2022,1
3139,ManojYadav,"They will ask for more money if you don't give, they won't let you in and OYO customer care also favours the hotel.",10 Aug 2022,1
3139,Ramakrishnan Govardhanan,Never even checked in. Want the amount backLocation is not good for family to stay. We did not check in the hotel and moved to another hotel.Location. Not suitable for family.,31 Jul 2022,1
3139,Mehulprajapati,"I suggest don't book this hotel on any cost, room can't clean, ac was not working, bad is not clean",04 Jul 2022,1
