hotel_id,user_name,review_text,date,title
3588,Sanchal Shanu,none,29 May 2023,5
3588,DrJayHidad,none,16 Aug 2022,5
3588,tosif sahikh,"For the price, the overall experience was good. The room was clean and the staff was helpful. This hotel would have been a good choice if I knew to book a non -ac room when booking my reservation online.",09 Jul 2022,5
3588,Prajapati Vinay,"The hotel was in a great location it was near Ajit Mill Cross Road, the staff was helpful, and check-in was hassle-free. The hotel is affordable and a great choice for travelers who are looking for a budget option.",04 Jun 2022,5
3588,Kumar Kazi,Room infrastructure is osm,06 Jun 2022,4
3588,Pritesh Gharat,none,29 May 2023,1
3588,Sahil Patel,I don't like hotel management and nature of manager,19 Jul 2022,1
3588,Jeet,My booking is Ac room. but Ac room is not available.. I was wait 2 hours but not getting room.. please give me back my booking amount..,29 Jun 2022,1
3588,Lalit Kumar,I was denied to stay by the hotel authority,14 Jun 2022,1
3588,TOFEEK KHAN,none,11 Jun 2022,1
