hotel_id,user_name,review_text,date,title
36136,Rajesh MLodhari,Good Service Verry Verry Nice Place & Hotel Staff Is Verry Nice Behavior Good Work,24 Mar 2023,5
36136,priya rathod,All the Nice,16 Jul 2022,5
36136,vrashpal SinghRathorechudiyawda,hotel very nice hotel,26 Jun 2022,5
36136,918866423400,none,31 Aug 2022,4
36136,Vikram MALAVIYA,Pathatic rooms and service,02 Apr 2023,2
36136,918866423400,charged extra,05 Jul 2022,2
36136,Patel Partik,Not Good Behaviour Staff.dirty bedsheet ..,02 Apr 2023,1
36136,Darshan Gandhi,"Wrost hotel ever. Do not stay in this hotel next time, cockroach, mosquito and dirty bedsheet.",19 Jul 2022,1
36136,Azharuddin Qureshi,Auto Cancel by Hotel,28 Jun 2022,1
36136,Deepak Patidar,"very bad service 
I have booked online and pay alreay gull payment but they asking there charges extra as 1500. very cheap service.",25 Jun 2022,1
36136,Vinay Solanki,"staff behaviour was very rude, Even if the money is paid in the app, it wants more money for check in  , very bad experience.",24 Jun 2022,1
36136,prachi Sharma,"staff was so rude there is no basic facilities provided there, also water leakage tap was not working it was soo bad experience with Red Apple",21 Jun 2022,1
