hotel_id,user_name,review_text,date,title
43921,meghrajsinh zala,Good Service Provide & batter comforta area,20 Apr 2023,5
43921,gelani Tushar,Good 👍  hotal  &Good  lokesan  butiful  room,11 Apr 2023,5
43921,Rekha,none,05 Apr 2023,5
43921,Rekha,none,26 Mar 2023,5
43921,Rekha,Good hotel,22 Mar 2023,5
43921,Rekha,nice sarvis and  nice property manager I like this room nice view property and staff is good services extra money but extra ordinary service is hotel navjeevan 🏨🌄🌻🏵️🌼🍂🌾🍁🌿🌲🌳🌴🪴,19 Feb 2023,5
43921,Ayush Paliwal,Give on time checkin,01 Jan 2023,5
43921,Naynam Balas,Staff and cleaning,23 Nov 2022,5
43921,Baghel Rahul,Nice,05 Nov 2022,5
43921,Krishna KUSHWAHARko,Such a good room in the lowest price I and service so good,18 Oct 2022,5
43921,Lalit Suryavanshi,Room,13 Oct 2022,5
43921,SANJAYKUMAR,Good ..,11 Oct 2022,5
43921,Sushil Havale,none,08 Oct 2022,5
43921,harshil  solanki,Nice day 🥰,20 Sep 2022,5
43921,Lucky,The view from the top is best,22 Sep 2022,4
43921,Malvika Mittal,The hotel had some issues with the check in and extra money was asked during the check in of the room and the people weren’t warm enough,10 Apr 2023,3
43921,Manish,Room is too small and tv in not working,16 Oct 2022,3
43921,Kishor Gelot,Extra charge pay.. And Service Very bad.. 2 hours me checked out.. And Very big extra charge pay.. Very bad service hotel and oyo sevice,17 Apr 2023,2
43921,Niteesh Kumar,"Bad behaviour staff, bathroom is so dirty",10 Nov 2022,2
43921,Dipak Parkhi,none,28 May 2023,1
43921,Drupad Trivedi,The owner was very rude. He charged me extra money compared to what I was quoted in emailEvery thing was bad.I didn’t mine anything at all.,02 Apr 2023,1
43921,Sahil Nayak,"Booked for 476 and asked for took total 900 rent saying if u dont pay i will have to cancel 
It was late night so didnt want to transfer hotels like oyo suggest it would have been a nightmare",19 Mar 2023,1
43921,HARSH,Changed extra money for no reason,09 Jan 2023,1
43921,Nirav Patel,Worst hotel I have stayed in there have been rudeness by management and in room bedsheet and pillow were dirty no amenities were working. Management even threatened to refund and cancel booking,05 Jan 2023,1
43921,Ramzan shaikh,No clean no tv on no wash room flash work no hot water,21 Dec 2022,1
43921,Ritesh Sanghar,thay didn't give us room....,18 Dec 2022,1
43921,Tausif Khatri,"Show 549 and charge 1149, owner reply this is OYO fraud, I will not you room without money, nearby no other hotel so suggest to choose another Hotel",17 Dec 2022,1
43921,Ashish Bamaniya,"Really worst, and totally scam i do a complaint against this hotel in cyber crime. When I was go There his tell me 800 rupees extra for the check in and i already paid in oyo app. As well as No. Cancellation available in this hotel. My suggestion do not book this hotel. This is Totally Scam Hotel. And To much worst behaviour from staff. Thank You",10 Dec 2022,1
43921,User,i want to stay one day more..but they asked me to refuse the booking from oyo. they tell me that  give me money direct for booking. when i was refuse they tell me i will not alkowed to stay,14 Nov 2022,1
43921,chirag patel,I have cancelled room booking because ac not Started and I am exited only 40 minitue but still amount not credited,03 Nov 2022,1
43921,Hardik Meniya,Not maintained hygiene,01 Nov 2022,1
43921,Sanjay Kar,3rd class room. Full of dirty and AC & fan were also not working. Not Recommended to go in this hotel.,01 Nov 2022,1
43921,Atul Magre,"I booked & paid for room. But. After reaching at counter hotel manager told that no room. Is available. 
Called Oyo support for cancelation & refund. According to him I will have to call again after checkout timing.",18 Oct 2022,1
43921,VICKKY KAJARIA,Wasn't given a room. They just denied to give room as the booking was from OYO and charges of the ac room was low... they got angry on me and wasn't ready to listen. Don't book this hotel through oyo or anyother website or app. Worst hotel worst staff. They dont know how to talk and behave with customer.,18 Oct 2022,1
43921,Hrushikesh Vaste,is fake hotel offered to me when I was reach there they told me that Ac not in OYO Budget I Pais exta 300 rs to navjeevan,15 Oct 2022,1
43921,Abhishek Tiwari,Very poor,03 Oct 2022,1
43921,Nimesh,"They gave me non ac room , and they charged 100 rupee more , staff is okay but they don'taccept oyo bookings on low rate",03 Oct 2022,1
43921,Om Singh,When I booked the room through oyo aap price are 549 and when I checked in the hotel manger are asking for 1200 .afterall i pay 1200 and book a room the room are so durti and linen omg there is spurm on the bed i asked for change the linen they said thaere is no laundry we cant chang we have only  this you can go yo other hotel  .very poor sevice by oyo .dont go for it,02 Oct 2022,1
43921,Ashraf,"Third Classe and cheapest service From OYo, after oyo booking in hotel Haven't Any room under oyo payment, i already asked first before payment Want to talk with hotel receptionist, but Oyo not allowed that Hotel reception number before Payment. 
After Oyo have not solution only  choice To change other hotel, Or cancel booking. 1st and last mistake i choice Oyo.",24 Sep 2022,1
43921,harish Parmar,"Worst experience ever, no port for mobile charging near to the bed, TV is also not working, plus having issue to lock the bathroom door.",11 Sep 2022,1
