hotel_id,user_name,review_text,date,title
52428,RAVI Pandey,i stay in this hotel with my wife for 3nights . hotel location is very peaceful and having amazing view from room . food was nice and room was cleaned and hygienic. hotel staff was co-operative and specially Mr.Riyaz very nice person and helpful .thanx to all hotel managementMore,15 Apr 2023,5
52428,Ajit Singh,"Easy Booking...
Great stay, Superb Service provided by the Hotel staff.",01 Apr 2023,5
52428,jayanta tandi,Very excilent,23 Mar 2023,5
52428,rohit jathe,"Very nice loction and staff
Hotel is so beautiful
Clean&tip top
Near market",03 Jan 2023,5
52428,Sarthak Chauhan,Good.,23 Dec 2022,5
52428,sahil manishbhaisolanki,The hospitality was top notch Good with Oyo,20 Dec 2022,5
52428,Naresh Chohla,none,01 Dec 2022,5
52428,Avaneesh kumarSrivastav,good,03 Nov 2022,5
52428,Avaneesh kumarSrivastav,good,02 Nov 2022,5
52428,Alkesh Abhani,"Manager nature is osam, support joyful stay",24 Oct 2022,5
52428,Naveen Kumar,Good accommodation and staff are also good in behaviour.,10 Oct 2022,5
52428,yasar mehtab,Good service and staff behaviour also very good.,27 Sep 2022,5
52428,me Dial,"Staff at the reception was courtesies,  helpfull and customer oriented.Maintenance of the rooms, bathrooms and linen",12 Sep 2022,5
52428,nikhil sanware,Best for centre of main market,11 Sep 2022,5
52428,Shyam Sunder,best hotel,03 Sep 2022,5
52428,Raj Arora,All is good,03 Sep 2022,5
52428,Gauri Shankar,Nice staff behaviour and peaceful place to stay .,02 Sep 2022,5
52428,baldevsinh,"Nice place, near to railway station",01 Sep 2022,5
52428,Mohammad Tamboli,It was a good experience in my budget,22 Aug 2022,5
52428,Pallav,All ok location little difficult to site rooms are ok value for money for single person staying. Rest ok,21 Aug 2022,5
52428,Amit LaxmanJagadale,Nice Service for Maneger Kamesh Mina.,09 Aug 2022,5
52428,919608185139 Kumar,One of best in this business,08 Aug 2022,5
52428,jeet sawant,Excellent performance,30 Jul 2022,5
52428,yasar mehtab,Good room and  service with nominal rate.,27 Jul 2022,5
52428,Anjum,location,12 Jul 2022,5
52428,SHANKAR LALROY,very helpfull and care..good vehavior,15 Jun 2022,5
52428,Vivek Chauhan,"Facility is good, according to price point of view, Location in Google map is wrong which must be correct",12 Apr 2023,4
52428,Dindayal Yadav,Very good location and room very clean,12 Mar 2023,4
52428,Deepak batra,"A clean space for the required time with peaceful welcome and full appetite stay makes a day more wonderful. 
Thanks",14 Feb 2023,4
52428,Haris Siddik,"Friendly Manager , A/C and Hot water is ok , preferred for bachelor's, budget friendly and near to railway station",17 Jan 2023,4
52428,Aman Solanki,You cant expect better than this in 700rs,31 Dec 2022,4
52428,Hareshwar Singh,Modest tariff.A complimentary breakfast was promised but not provided.,27 Dec 2022,4
52428,Rakesh Rakesh,Good service,05 Oct 2022,4
52428,Pallav,Good place to stay economical value for money it is in the main market little difficult to notice byt ok,12 Aug 2022,4
52428,Pallav,Good stay value for money location little difficult to trace rest all is ok. Need more visibilty of sign board,11 Aug 2022,4
52428,Pallav,Value for money. Center of city just little difficult to locate as it's on the first floor. Rest all good,10 Aug 2022,4
52428,Hiren,Overall good but there is window broken and cleaning problem.,09 Aug 2022,4
52428,Ravikant,It's actually a very good hotel at safe location but ...the hotel is on 1st floor above allahabad atm not bank,06 Aug 2022,4
52428,Yagnik,nice not good,30 Jun 2022,4
52428,Mahesh Kumar,location is good in main market. Rooms are ok. staff was good. it could be little more clean e.g. washrooms should be cleaned. it's location is not updated on map. it is located near sunshine dormitory.,24 Jun 2022,4
52428,sweta,Good stay,16 Feb 2023,3
52428,Adarsh Anurag,To much cleaning problem,26 Sep 2022,3
52428,PRATAP DINKAR,Average,25 Sep 2022,3
52428,Sunil Mane,"Normal cleanliness , no tioletories provided , ok but at this cost okey stay.
AC geyser works fine. Toilet clening required.
No location sign board tough to find hotels . Manager not picking up phone early morning when not finding locations.",17 Sep 2022,3
52428,Roshan Rajput,"Room was average and ,ac was fine wifi not working , hard to locate for new person",08 Sep 2022,3
52428,rihan anwarfasate,All room was empty but still you have charges 250 rs for earlier check in and also.hotel quality is worst not in good condition at all.. I don't beleive y Oyo is giving branding to such hotel which quality is worst and worst,31 Aug 2022,3
52428,gupta roshan,Nice hotel.,16 Jul 2022,3
52428,Romit Lunagariya,less cleanliness in bathroom.,16 Jun 2022,3
52428,Shivani,The room was so dirty wrost experience,20 Mar 2023,2
52428,Jitesh Bharti,"It was very worst experience in hotel,all rooms are messy, not cleaning,bad smell,",04 Jan 2023,2
52428,deepak singh,Bad,24 Dec 2022,2
52428,Purshotam SAJNANI,"Its ok to stay for short periodNothing , only the reason is location near by to station.Room size are ok, but housekeeping was not good, Fan are very badly sounding,",19 Dec 2022,2
52428,919013372879,"Room is dirty, washroom is not clean

Bad smeel in room",18 Nov 2022,2
52428,Shivam Kumar,If you can afford above 1000 rupees to spend for a stay   avoid this. This is cheap and serviced are like that only.,02 Aug 2022,2
52428,Amardeep Vaghela,"Non hygienic condition, not as shown in pics",19 Jul 2022,2
52428,Milan,room was not according to photos,12 Jun 2022,2
52428,Abhay Panwar,"1.towel not given by hotel.
2.Bathroom's door didn't have stopper. 
3. In house kitchen not available.
4. reception staff behaviour was very good & polite.
5. bathroom was not hygiene.
6. intercom facility not available.",11 Jun 2022,2
52428,Ankit Shah,Very bad service. Very bad experience people very attitude not polite ac not working in bed & in bathroom all small cokroach have in fan come sound not sleeping properly 1 day not work tv also room given very bad finished not cleaning properly,25 Apr 2023,1
52428,Pratik limbachiya,Wrost room cleaning and hygiene,23 Apr 2023,1
52428,Shahaji Pawar,"Rooms are not cleaned, washroom too dirty. Washroom Fittings and taps damaged.",18 Apr 2023,1
52428,Parth Parekh,"I didn't even stay there. The place was very smelly, dark and dirty.. stained linen, unclean washroom",01 Apr 2023,1
52428,jayesh piplani,rooms are bad 0 facelity,31 Mar 2023,1
52428,zaid shaikh,"Third class hotel, no cleanliness no sanitization, owner behaviour very arrogent, already told early check-in and same day checkout while booking but owner demanding for more rs 300 without issuing receipt, Oyo should physically audit the hotel structure or suspend it from Oyo platform, very bad experience i will not book from Oyo.",18 Mar 2023,1
52428,P satyanarayana,"Very poor sanitation, dirty premises , loose plumbing fittings in bathroom..it’s not just enough to provide hot water & Ac, but maintenance should be proper, I don’t know how OYO has chosen this hotel",17 Mar 2023,1
52428,Mezbin,Doors were in bad condition washroom was not clean no towel no soap was available,11 Mar 2023,1
52428,XXX XXX,Property was very bad and the owner was also soo rude washroom were not cleaned ..not properly hygiene,11 Mar 2023,1
52428,Shanu Kumar,Room are dirty .. early check in extra 300 behaviour is also not good .. wrost experince,03 Mar 2023,1
52428,Adheesh RajBhalla,This was Hell & not a Hotel. Very pathetic rooms were offered. I denied check-in and moved to another property as OYO customer care was not able to process that. Also I didn't get any refund for this booking.,21 Feb 2023,1
52428,Sanket Patel,Service is not good ...n communication with guest was totally bad...,08 Feb 2023,1
52428,Jitendra Pandey,"Owner told that they don’t have tie up with OYO, strange! My money got deducted as well and later at night while I was about to check in got to know about this. I had to suffer a lot with family to find another place to stay that day and OYO also least bother to know all these but they refunded my money never seen such pathetic service",03 Jan 2023,1
52428,Krishnanath Munde,Very dirty hotel.,28 Dec 2022,1
52428,manglesh pal,3rd class hotel. it's a logged,23 Dec 2022,1
52428,Amey,"Location is wrong as per Google map..unventilated,dirty un cleanged...for family not ok..",20 Dec 2022,1
52428,Pratik Patel,In the room there was a mouse,18 Dec 2022,1
52428,Sahil Sakpal,"very bad atmosphere, no services provided even though they promise those. very difficult to find the place as well.",17 Dec 2022,1
52428,VijaySingh Gautam,Very Very bad hotel please don't book this hotel,21 Nov 2022,1
52428,Jayant Mallick,worst room,20 Nov 2022,1
52428,RITESH KUMAR,"Worst hotel to stay at ahmedabad, room and washroom are so ditty, walls are also dirty. It  was my bad experience with OYO",17 Nov 2022,1
52428,Mahipal Singh,"Uncleaned rooms, bad vibes!!",10 Nov 2022,1
52428,Javed Khan,Though staff was very cooperative. The hotel is strictly not recommended for Family and solo Ladies. This hotel is used mostly by Hourly Guests. I stayed there for one night for reason there was very rush in Ahmedabad and I had paid in Advance otherwise I would have not used even when no refund released.,07 Nov 2022,1
52428,Baldev dekavadiya,"Third class room.
So dirty. 
Lobby area is also dirty. 
Behavior of reception is very rude. 

Don't waste your time and money for this type of hotel. 
Also address is wrong. 

In short never visit this hotel. Mind it",29 Oct 2022,1
52428,Afjal Khan,Very Dirty room,27 Oct 2022,1
52428,Aamos RavindraSawale,none,25 Oct 2022,1
52428,Tayub,"Hotel Is worst , Don’t Book this..!",18 Oct 2022,1
52428,Raju Ahire,"We was booked hotel but when visited hotel, found 3rd class hotel in all categories,we not stay there and go in other hotel, still we have not received my booking amount.Hotel is 3rd class, even not applicable for single person",17 Oct 2022,1
52428,A Kgiri,My advice to everyone is not to book the room after seeing the photos.this is big fraud. I will show,17 Oct 2022,1
52428,Ashok Chauhan,"I would not let my enemy also to stay at this pathetic piece of crap. There were bed bugs,cockroaches, mosquitoes, webs. Totally unhygienic",02 Oct 2022,1
52428,Kanu Mewada,I didn’t enter as very unhigenic hotel. I also giving very bad comments and advertisements for OYO social media for not cancelling hotel and not giving me any new upgrade room,28 Sep 2022,1
52428,Thirunavukkarasu,"it's worst hotel no cleanless,no staff,no security, no clean pillow, not clean  room main prosition going on this hotel",18 Sep 2022,1
52428,Yashwant skeny,The worst Oyo I have yet visited....i would suggest each and every person to not to go for this hotel,13 Sep 2022,1
52428,TECH BRICKS,total west of time and money,08 Sep 2022,1
52428,Jayesh Sharma,"Worst hotel i have ever stayed in, not even able to stay for 10 minutes",25 Aug 2022,1
52428,Dipak Gagare,"Address not found,wrong GPS location",21 Aug 2022,1
52428,Affan P,"BAD SERVICE SHAME ON YOU OYO ,Y R U PROMOTING THIS WORST HOTEL IN UR APP,WORST HOTEL I HAVE STAY IN MY LIFE",10 Aug 2022,1
52428,Jaihind Jaiswar,very bad experience everything like ghost house broken even door cant lock prpperly,24 Jul 2022,1
52428,Rahul Ukey,"It is worsed hotel .no proper cleaning in room & no bed sheet changed, no cleaning in toilet, hotel famous for red alert  services. Hotel takes 200 extra for check in . I want refund of my money , otherwise in future I will not book hotel from oyo",21 Jul 2022,1
52428,Rashid alam,"Room was not clean at all.
foul odor",13 Jul 2022,1
52428,Rana KumarSingh,none,28 Jun 2022,1
52428,Shubham,none,23 Jun 2022,1
52428,Shubham,I didnt check in till now.,22 Jun 2022,1
