hotel_id,user_name,review_text,date,title
54479,Debashish Paital,Staff are very cooperative.Nothing,31 Mar 2023,5
54479,Mukesh Hinger,worst bathroom not at all cleaned ncockroach in bathroom nnot at all bedsheet blanket fresh it was used.0,20 Feb 2023,5
54479,Amit Tripathi,Good staff,20 Jan 2023,5
54479,Monica Vandariya,Staff behave.Light was deemi mirror was small,14 Jan 2023,5
54479,HARDIK MODI,Very nice property,29 Dec 2022,5
54479,dk,Nice person Dinesh Kumar Bharat Kumar Hotel sunway is good,15 Oct 2022,5
54479,Anuj Kumar,Nice service,26 Sep 2022,5
54479,Gaurav kumar,Room is good and cleaned. Staff is humble and nice.,23 Sep 2022,5
54479,Raj,everything is good,22 Jun 2022,5
54479,Protim. Borah,Excellent service by fornt desk person....Excellent customer service room are also clean..staff was very help full...there are so meny restaurants near by hotel..the fornt desk person are very helpful very somthly check in check out..Nothing you&#39;re doing very well,13 Jun 2022,5
54479,Jaysingh,very good hotel 🙂🙂🙂🙂🙂,09 Jun 2022,5
54479,Sanjay Khiyani,Best part is the cleanliness and the behaviour of the staff,08 Jun 2022,5
54479,Jaysingh,very very osam I Ike this hotel and staff location are near air port,07 Jun 2022,5
54479,raj kumar,Superb,05 Jun 2022,5
54479,Anil Panchola,hotel is good cleaning also good staff bahevair also good.room space also big and comfortable room dubble bed room.,19 Feb 2023,4
54479,Kunal,"Good stay but rooms can be even more cleaner
Good hospitality
Fast service
Decent and well behaved staff",17 Jan 2023,4
54479,Dinesh Kumar,Bed sheet not cleaned,05 Aug 2022,4
54479,TEJAS DAYATAR,"This Oyo Hotel located in sardar nagar ( Hansol ) area and it's around 2 kilometer away from SVPI Airport ,  Room was just ok ok and hotel staff is also Average , if you Stay in this hotel then please Snacks of Shikarpuri Shop  ( next shop of this hotel ) .",18 Apr 2023,3
54479,Swarn singh,none,25 Mar 2023,3
54479,chirag patil,No windows in bathroom,05 Feb 2023,3
54479,Sidharth Priyadarshi,"Hotel is located on prime location. Very near to Airport. Cleanliness level of room was very poor. Hotel has very old and dirty bedsheets, pillow cover and blanket cover.",15 Jan 2023,3
54479,Manish kumarsingh,Price on app and price at the check in time differs.they demand extra,08 Nov 2022,3
54479,Niyati,Okay,05 Nov 2022,3
54479,Raj Kandwal,it's a closed premises. There is no possibility of survival if there is any fire incident. i wish this will never happen.,15 Aug 2022,3
54479,K.P. Unnikrishnan,"Though we had already paid full payment un advance online, we had to pay Rs. 600 extra on check in as they said they do not have tie up with oyo hotels. This is misleading the customers, should be avoided.",27 Sep 2022,2
54479,Nibin,"Booked an AC, but they did not even turned the AC on. No soap samples.... Bathroom was not cleaned...... Used bed sheets..... Never using oyo again...",13 Apr 2023,1
54479,Krishnendra,This is really bad to choose this. It's not a good hotel. Don't go on price,12 Mar 2023,1
54479,Nithin,Please friend this hotel is worest hotel sun way plz do not book this hotel I’m fasing too much problem Gs,03 Mar 2023,1
54479,Ramesh Bafna,Filled with cockroaches,24 Feb 2023,1
54479,Kailashgujarkar,Hotel was bad,05 Feb 2023,1
54479,Dhirender Singh,I book from booking.com a bit little cheper but property manager did not accept and i get paid more money they charged extra 300 rupees,07 Jan 2023,1
54479,Yuvrajsinh Jadeja,Not a proper cleaning & Cockroaches everyver in room & Bathroom,06 Jan 2023,1
54479,Aditya Bhushan,The rooms were not clean and the staff was not following any covid protocols.,29 Dec 2022,1
54479,Suryansh Vimlendra,As soon as you reach the hotel they ask you to pay extra or they won't give you the room. The room quality is not worth 1000 rupees,26 Nov 2022,1
54479,Nitesh Thakur,"Fraud, Don&#39;t book online they said their room price is higher then online amount when you go there..Near airport.They are fraud. I have paid half the amount online on booking.com but he asked me to pay more for the room or cancel the booking. In middle of night I don&#39;t have other option so I paid extra money for the room.",07 Nov 2022,1
54479,Captain Ravi,No AC when asked they threaten to cancel the booking at late night,27 Oct 2022,1
54479,Ashish,Very bad,22 Oct 2022,1
54479,Tusar Ranjan,As shown in image there is another room provide by hotel. cleaning is also not good,05 Oct 2022,1
54479,K.SRINIVASA MURTHY,Very close to airport.No water full night. Asking us to go to pay and use facilities.  In Midnight how about going to toilet without water.  My Gujarat tour is from early morning of 2nd October 2022.  No water for bathing and toilet. We suffered a lot. You guys have to take up strongly with this management.,03 Oct 2022,1
54479,Sanny,"Don't trust on them.
Bekar hotel and management",03 Oct 2022,1
54479,s.n Anoop.,Nothing to like very poor conditions for hotel.,12 Sep 2022,1
54479,Noor,"Receptionist is asking for extra money otherwise they will not give you room also they are telling at the time of check in we have no tie up with OYO hotels.
I am not happy with cleanliness and hospitality.
they are bahaving like they are giving room free of cost also charging extra money from customer.
That is not good",28 Aug 2022,1
54479,Kamlesh Ghag,Ask extra money.,17 Aug 2022,1
54479,Jaimick Shah,never againthe hotel was so bed and the staff were not useful at all.everything lots of insects,28 Jul 2022,1
54479,Moses jeberson paulro,"No cleaning frequently,",26 Jul 2022,1
54479,Dibyendu Adhikari,"The Worst Experience ever With this Hotel i stayed.
No proper Water supply, Bathroom not properly cleaned",04 Jul 2022,1
54479,Abdul aziz,Poor.Poor,04 Jul 2022,1
54479,niraj sah,"1st of all the thus hotel charges extra money to allocate room, this hotel says that client had paid to website not to them. they charge more then double amount. it's better to go with other website for booking . I had traveled all round India but never faced such issue. very bad experience.",26 Jun 2022,1
54479,Vishal,"charge 3 times more money.
didn't get support from customer care.",14 Jun 2022,1
