hotel_id,user_name,review_text,date,title
79479,Shachi Patel,Good service. We stayed three ..but washroom can be more clean and  this time had bad experience..bedsheets had hairs ...but they changed immediately,27 Apr 2023,5
79479,Shashank,Nice property with good amenities,25 Apr 2023,5
79479,ATUL RATHOD,"Excellent hotel 
 Tension free and staff always reedy to help.",25 Apr 2023,5
79479,Amit Kumar,"Really nice amenities, excellent, kind and helpful staff",23 Apr 2023,5
79479,MAHENDRAS Group,Best hotel,20 Apr 2023,5
79479,XXX XXX,Good hotel stay nice,18 Apr 2023,5
79479,Aksha,none,17 Apr 2023,5
79479,Ravi Verma,Best service and food was awesome,15 Apr 2023,5
79479,Mr XYZ,"Excellent ...............................................................................  .         ...
..................",13 Apr 2023,5
79479,Shubham Yadav,"Perfect hotel, very good service and staff",06 Apr 2023,5
79479,Parth Shah,Safe and healthy place for family and friend circle,05 Apr 2023,5
79479,harshil thakkar,Good stay,03 Apr 2023,5
79479,Pandor bhavesh,none,02 Apr 2023,5
79479,Alok Chatt,Best services excelant,02 Apr 2023,5
79479,Ashutosh Tiwari,Good hotel for couples,30 Mar 2023,5
79479,vikas parmar,The room was neat and clean. Had a great time. Service was too good. Staff was nice and helpful. Enjoyed my stay.,30 Mar 2023,5
79479,Sneh prajapati,Good location & awesome rooms,29 Mar 2023,5
79479,Bharat,Great food!,29 Mar 2023,5
79479,Mohiy,none,26 Mar 2023,5
79479,Mr jain,Good service by Mr Manish very Supportive,19 Mar 2023,5
79479,Mohiy,"Great hotel service is best Reception Staff very supportive Specially Mr Manish 5 star Rating 
Helped me in travel
& Bhavesh no 1 Bell boy of the world he also guide us properly",18 Mar 2023,5
79479,Yatin,Evry thing is very good,14 Mar 2023,5
79479,Suresh,Nice stay at Nami ahmedabad. Easy to locate and having all facilities what I need. Staff is helpful and enjoyed the family trip.,14 Mar 2023,5
79479,Aman Mishra,"Best room service, nice staff, cleanliness at it best.",12 Mar 2023,5
79479,Moulik,"The hotel was too good . clean and with all facilities.
It is near the bus stop, hospital,market all around so overall good experience to stay here.",05 Mar 2023,5
79479,ANKIT MEENA,good,01 Mar 2023,5
79479,Danny Dias,The hotel is centrally located and the hospitality is very good. Keep it up,26 Feb 2023,5
79479,hem bhatt,"Good hospitality and staff is supportive.
Decent place for a short stay with family or friends.
Check in process is ugly though.",25 Feb 2023,5
79479,Vinod Gajare,"Good hotel location
clean and hygienic rooms
food doesn't hv much variety but good in taste. Nothing. Invoice",23 Feb 2023,5
79479,Aditya Karande,Very nice service,23 Feb 2023,5
79479,Swapnil Vora,Good food and ambience,13 Jan 2023,5
79479,Suresh Kakaiya,"The helpfulness of the staff as well as food choice was very good..location, cleanliness and friendly staff.shower room&#47; bathroom door arrangement in my room",11 Jan 2023,5
79479,Vishal Shah,"Clean , neat more than adequate facilities and excellent food",07 Jan 2023,5
79479,Nirvik Mori,Great service with easy access to near by areas. Comfy rooms with delicious breakfast. Overall great place to stay!!,04 Jan 2023,5
79479,Vivek Shukla,Best service,31 Dec 2022,5
79479,Shailesh Singh,hotel was good and it had all the facilities. Rooms were neat and  clean. washroom was also good. Food was also good,29 Dec 2022,5
79479,nikunj malani,"Good location, helpful staff.Quality of food, prices of room.",28 Dec 2022,5
79479,Vishal Shah,Fantastic food ..clean room .specious and calm environment,27 Dec 2022,5
79479,Himanshu,The place has a warm and very friendly atmosphere where one feels safe and also food is also amazing,22 Dec 2022,5
79479,Kiran,"prime location
specious room 
helpful staff
clean and hygiene
tasty food....

Overall a nice stay at a budgeted  price",21 Dec 2022,5
79479,Jaimin Dholariya,proper management and clean environment.,27 Nov 2022,5
79479,Abhishek,Very nice room and good staf,27 Nov 2022,5
79479,Pandor bhavesh,room  Cleaning excellent. Sohan and bhavesh very  halping nature location good,25 Nov 2022,5
79479,VINOD VERMA,"Nice hotel , Good staff",23 Nov 2022,5
79479,pravinsinh jadeja,Very nice,11 Nov 2022,5
79479,Mayank patel,Very good behaviour of staff and the food here is very tasty... the room and the cleanliness is very nice.,06 Nov 2022,5
79479,Navi,Good one,02 Nov 2022,5
79479,Jojo,Amazing stay with a great staff and very good ambiance,01 Nov 2022,5
79479,Taher Mahmadhanif,"I like the location, as well as easy to access all tourist points nearby and also a very good service to give by the staff. The cleanliness is up to the mark.😊",31 Oct 2022,5
79479,Vishal,"If you trust my review please book it blindly...
if I have to give star I would give 100/100 for staff n service...",28 Oct 2022,5
79479,Vamsi Krishna,The stay was great and highly ambient. We enjoyed our stay a lot. Hospitality is good too. Would definitely recommend this hotel for ahmedabad visitors.,28 Oct 2022,5
79479,Diwan Shah,"Amazing experience, neat and clean, location too good, hotel staff nature very friendly  and supporting
❤️❤️❤️",23 Oct 2022,5
79479,HARDIK MODI,Very elite property. Prime location. Very very cooperative staff. Cozy rooms. Excellent condition. Truly 3 star property. 10 on 10,17 Oct 2022,5
79479,Pandor bhavesh,very good service  special person Hitesh good responsible staff,12 Oct 2022,5
79479,MAHENDRAS Group,Best place best hotels stuff & best time management 😊,19 Sep 2022,5
79479,Naimesh,Nice interior with perfect location and budget friendly.. really enjoyed my stay there..,19 Sep 2022,5
79479,Sanjeev,Thankyou,18 Sep 2022,5
79479,3080,The room was beautiful and clean too,15 Sep 2022,5
79479,Neetu Trivedi,Our family was very happy to stay was comfortable,25 Apr 2023,4
79479,Hajra Daraiya,The room were clean. Very comfortable and the staff was amazing. They went over and beyond to help to make our stay enjoyable I highly recommend this hotel to stay any.one overall i have a great experience for this hotel 🏨🏨🏨,21 Apr 2023,4
79479,Abhijeet Mestry,"Location, ambience, cleanliness.Towels were not so good. Ac cooling is also not at par.",21 Apr 2023,4
79479,Vipul Yadav,Service is good,10 Apr 2023,4
79479,Ashutosh Tiwari,"Hotel nami is good with room and services 
Reception is attentive and helpful 
Check in are easy and good
Room are excellent 
Must stay For couples",07 Apr 2023,4
79479,vijay  majithia,"oyo nami residency ahmedabad room we stayed for 2 days , staff behavior was perfect , cleanliness was perfect , location of hotel was excellent , only 1 thing need improvement is restaurant , where lack of taste Thi, because of this 1 thing I have given them 4 points otherwise this hotel is worth 5 points.",05 Apr 2023,4
79479,Rushi Chaudhari,Good for stay,16 Mar 2023,4
79479,Shivendra Gupta,Good stay,14 Mar 2023,4
79479,Anand Bhavsar,My visit to ahmedabad was good. Hotel name residency is at a central location. Good service. Housekeeping has been very prompt.,10 Mar 2023,4
79479,PravinAChavan,"Good experience from front desk to room and food, overall it's nice experience.",24 Feb 2023,4
79479,Ayush Saxena,"Rooms were good, bathroom was good, had parking space which was good.Asked for extra 560 rs (whose bill was not provided) for room upgradation for having single queen-size bed otherwise only 2 single beds were provided, .nAC didn&#39;t work in day, only worked at nightnReception didn&#39;t answer call many times, basic facilities like drinking water was also not provided. Had to call twice for drinking water",16 Feb 2023,4
79479,ATUL RATHOD,Good location. Good service by staff and so far as Hotel concerned  we enjoy our stay every time. Its  a home away from home .,15 Dec 2022,4
79479,Milav Dabgar,"Booked Deluxe Room. Room quite okay, AC, TV and all worked okay.

Room service was quite slow, AC was down and they took it 15 minutes to send someone to fix it.

Other than that, good experience.",29 Nov 2022,4
79479,Meet Mehta,It was a great stay as the staff was very supportive and well mannered and the rooms were also very clean spacious and roomy just one thing to note the bathroom’s drainage system was not that good other things considered a good stay.,28 Nov 2022,4
79479,sachin parekh,"Room , housekeeping and location.Horrible and worst staff in cafeteria. No one to serve breakfast very very poor.",28 Sep 2022,4
79479,Kashish Mittal,none,22 May 2023,3
79479,VIJAYABASKAR.A MS.LAKSHMIRINGTRAVELLERSCBELTDCOIMBATOREGST33AAACL3736F1ZV,"Nice Stay at Ahmedabad, Neat and Clean but little old, otherwise ok",30 Mar 2023,3
79479,Bedh Thapa Thapa.,"stay and food is excellent. 

but did not provide the gst bill and actually paid amount bill by the hotel.

Hotel only give discounted bill which is not matching actual bill amount.",28 Mar 2023,3
79479,ramchandra rawool,Good experience! location is near by from railway station!,23 Mar 2023,3
79479,7600042614,ok first we do not understand my booking under classic category and under this category two separate beds provided in the room. i am going with my family and when i asked to provide me a double bed then he asked me to pay more for this type of room. then hotel manager has asked me to pay 670 extra for such type of facilities and i have this amount to manager. we hope you are going in the best in this matter. thanks and regards 剌 vinay kumar singh,01 Feb 2023,3
79479,Premanantha Singh,"hotel rooms good but, rooms service is not good,  no room boys?",19 Jan 2023,3
79479,sumit kumar,"I you have to take care your corporate clients.every time if rate is changed than how can any client keep trust. If you are changing the rate it's ok but every time we are facing new rates
Kindly resolve the issue",25 Nov 2022,3
79479,M S,Rooms a very small for 3 occupants.. water goes very slow in bathroom..,22 Nov 2022,3
79479,Kamlesh Mangal,Staff is good service is good room is also good but only one concern i have not got online discount even I have paid 100 percent advnce,30 Oct 2022,3
79479,Pawan Tahelyani,"Stay was okok,staff was rude n manager was very arrogant",05 Mar 2023,2
79479,Mohammad mashhood,"We are very sorry, we were not given hair oil and there was no hair dryer in the bathroom.",01 Mar 2023,2
79479,Deepak Gupta,Could have been better..Location is very good.Plates are chargeable..,19 Dec 2022,2
79479,Venkatrao,they charged extra for breakfast for two days @ 209/- per day,18 Dec 2022,2
79479,naren dafda,I had booked suite room... But they refused to give up.... And second thing there was 3rd class room service...,12 Apr 2023,1
79479,Swapnil Jain,There were bed bugs in my room. I got bites severe bites on my body.,31 Mar 2023,1
79479,Rajeev Sharma,"No, i have changed my program. Please provide refund. I'll book my hotel in next destination through mmt.",25 Mar 2023,1
79479,Viral Rayththa,"While booking i clearly select Deluxe room. But at the time of check in hotel staff saying we have not deluxe bed.

Then i said I want deluxe room any how. So they said you have to pay more 700RS. Then you will get deluxe room.

Very very disappoint with Hotel staff behaviour and also from OYO service",19 Mar 2023,1
79479,PratapSolanki,"Reception behaviour is so rude鈥hey didn鈥檛 even provide plates for room food鈥hen I ask for plate,They charge extra for plate",16 Mar 2023,1
79479,Hiren,Late night 12 a.m suddenly fire alaram system on still at 1.30 am. Its disturb our sleep then i call reception they told me our fire alaram is not working proparly.,05 Mar 2023,1
79479,smit Mangroliya,I booked suit room and when I reached hotel then hotel manager sais suit room is not available and when I call Oyo customer care and I said maneger said suit room is not available so  customer executive da sorry I don't have any option and Oyo customer service centre is worst,02 Mar 2023,1
79479,919999905526,"1. Poor hospitality
2. Dirty blankets and towels
3. Different room than the booked one
4. No toiletries",21 Feb 2023,1
79479,919099777717,"warm water not available

in this so called 3 star property.",01 Feb 2023,1
79479,Devendrasinh Chavda,Do not stay in this hotel and don’t book online with breakfast because according to the staff it doesn’t get recorded so you have to pay morernThe bathroom was filthy and the staff was very unpleasant and want to pass the blamernWe told them about the lift that wasn’t working well they said to complain to service area even though my wife and my mom hand got caught,22 Jan 2023,1
79479,Narendra,I booked a deluxe room but they give me normal room. The receptionist was very rude person. Will never stay here. Not good as price,07 Jan 2023,1
79479,POLO ENTERPRISE,"Worst checkin till now,
They give single single seprate beds to couples.
Its clearly mentioned in my booking king bed still they dont give.
Asked for 800rs extra charges.
Pathetic staff evening staff.
Wasted almost 1hr for this.",16 Nov 2022,1
