hotel_id,user_name,review_text,date,title
80001,Kapil Vyas,It was pleasant stay. Good room,10 Apr 2023,5
80001,Ishwari,Very good ambience and service,09 Apr 2023,5
80001,Om Nalinde,The best Oyo service so far for couples,04 Apr 2023,5
80001,Deep Kansara,The hotel is excellent. Room service is good and food is excellent too . Very comfortable room and other things,19 Feb 2023,5
80001,Navin Kumar,The location of the hotel is too good ...the staff is well maintained and the room are neat and clean.,01 Jan 2023,5
80001,Parth Mistry,Good service,15 Nov 2022,5
80001,Mohammed Shaikh,Hotel is good staff is also well behaved and it's clean hotel. The location is also very good. Wifi working superb washroom seems little messy but at this price wash room also good,13 Nov 2022,5
80001,Rohit Bhardwaj,"In brief: Overall good stay
Detailed review- 
Pros: Good Ambience, Staff is supportive, Food can be ordered from outside and also has facility within hotel, all amenities mentioned are available
Cons: You need to pay a minimum charge by hotel for room during your check in (price is not what is mentioned in the app/website), Small bathrooms",30 Oct 2022,5
80001,Rakshit Patel,Very good hotel but they charged  1200 and on app it's showing 800.They denied. Check in if we pay 800.otherwise location and room are ok,24 Oct 2022,5
80001,Adarsh Kumar,Osm staff and good behaviour....,23 Oct 2022,5
80001,chirag Patel,Nice hotel,19 Oct 2022,5
80001,Gagan,Amazing stay,02 Sep 2022,5
80001,Zainil,Very good service cooperative staff,31 Aug 2022,5
80001,Bagwan Rusaif,Very nice,31 Aug 2022,5
80001,Dhruv,Very nice,31 Aug 2022,5
80001,Deep Gandhi,Very nice,31 Aug 2022,5
80001,Aman,nyc,14 Jul 2022,5
80001,PranaliShah,Nyc,09 Jul 2022,5
80001,PrashantNisarta,NYC,08 Jul 2022,5
80001,Dhruv,nyc,07 Jul 2022,5
80001,Shailesh Talpada,nyc,05 Jul 2022,5
80001,Saurabh Kumar,nyc,05 Jul 2022,5
80001,Subhash Parmar,nyc,05 Jul 2022,5
80001,Pradhan Choudhary,nyc,03 Jul 2022,5
80001,Sona,nyc,03 Jul 2022,5
80001,Mayank Tiwary,nyc,03 Jul 2022,5
80001,Yagnesh J,nyc,03 Jul 2022,5
80001,Kamleshsagar,nyc,02 Jul 2022,5
80001,NipeshRastogi,nyc,01 Jul 2022,5
80001,Pradhan Choudhary,nyc,01 Jul 2022,5
80001,Raviraj Khachar,nyc,30 Jun 2022,5
80001,Patel Hardik,nyc,29 Jun 2022,5
80001,Madhavi Sawant,nyc,25 Jun 2022,5
80001,Naishal,Nyc,24 Jun 2022,5
80001,Kinjalkumar,nyc,24 Jun 2022,5
80001,Manglam Shah,nyc,23 Jun 2022,5
80001,Vishal Singh,nyc,23 Jun 2022,5
80001,mayur mayur,"A great place to stay

A really nice hotel and a great location. The staff are the stars of this nice hotel. Super friendly and very very nice. Our room was spacious and clean. The bed was huge and I mean huge. The lounge area was a nice idea as well. We had a great time and this is a hotel I would go back to",22 Jun 2022,5
80001,Jojo Jose,nyc,22 Jun 2022,5
80001,Parth,nyc,21 Jun 2022,5
80001,Siddharth Kaushik,nyc,20 Jun 2022,5
80001,jitendra dangi,nyc,19 Jun 2022,5
80001,Gautham Krishna,nyc,18 Jun 2022,5
80001,Mrinal,nyc,18 Jun 2022,5
80001,Akash Rathod,nyc,18 Jun 2022,5
80001,Khushbu,nyc,17 Jun 2022,5
80001,Prithviraj Gohil,nyc,08 Jun 2022,5
80001,SANJAY,nyc,07 Jun 2022,5
80001,Yash Bhatt,NYC,06 Jun 2022,5
80001,Rishi,awesome...good,05 Jun 2022,5
80001,Yogesh,nyc,05 Jun 2022,5
80001,kiran,very nice an,04 Jun 2022,5
80001,Rahul Sharma,Staff is good and courteous.,04 Jun 2022,5
80001,Dharmesh,Nice room,31 Mar 2023,4
80001,Naveen Kumar,It's was good stay with the hotel and hotel staff was good and polite towards there customers overall its good,26 Mar 2023,4
80001,Darpan Agarwal,It was good.,30 Dec 2022,4
80001,mahidhar patel,Wondewi room are... Any service avalibale. Any food allowed room. Respected person any staf. Visiting again ahmdabad stay hear,26 Dec 2022,4
80001,Vraj Patel,Recommended for relaxation stay! Everything was good!,18 Nov 2022,4
80001,Jigna,Rooms very nit and clean... around location is also nice,03 Oct 2022,4
80001,Nikk,Was clean and neat hotel staff was also did provided good service.,18 Sep 2022,4
80001,BRIJ MOHAN,"Every thing is fine with this hotel, only it's location and entrance that is inside a lane, washroom are small but with out exhaust fans, with out wiper, they should keep one,",16 Aug 2022,4
80001,V K,better,06 Jul 2022,4
80001,Ishver Sapariya,Need to focus on hygiene... Mosquitos are in room and bathroom,18 Apr 2023,3
80001,Anup,Was not bad,17 Apr 2023,3
80001,Manoj,Rooms were clean but they charged for water extra . Which is free in other hotels included in the service.,05 Oct 2022,3
80001,Aishwarya SHARMA,Cleanliness not upto the mark considering the price range. And very small room no ventilation no windows.,01 Oct 2022,3
80001,Daxal Shah,Good facilities but pricing policy made checkin difficult,12 Aug 2022,3
80001,jitendra,ac got off in midnight and infrastructure was not as displayed,21 Jun 2022,3
80001,Vaibhav Raaz,Staff behaviour is very rude charges extra the room is very dirty no waterflow in washroom,27 Apr 2023,2
80001,SWAPNIL MACWAN,Bed was not good. Hospitality is also not good. Overall bed experiance,22 Apr 2023,2
80001,hirenbhai desai,Parking is not okay,04 Apr 2023,2
80001,Dhrumil Kalyani,"Rooms are not good small rooms and no cleanliness no hot water you need to tell everytime for hot water
No food availability everything they order from near by stalls as well as receptionist will ask your phone for review writing
Personally it's unhygienic place worst OYO ever.",08 Jan 2023,2
80001,yogesh kute,We book 2rooms but at that time we got only 1 and 2nd room we got after 3 hours and also that room not clean,21 Dec 2022,2
80001,Darshan Patil,Wifi not working,25 Jul 2022,2
80001,Prince Gaurav,"There was no water in the bathroom at night. Even when we called the landline number in the morning, the person who picked asked us to adjust till 8 in the morning. Pathetic! The toilet flush wasn't working at all. Wifi was not working throughout. When asked the manager, he made excuses regarding wifi blaming it on the weather when there was no rain or thunder. His response was very cold. Blanket which was given on extra mattress had a terrible smell.",14 Jun 2022,2
80001,Dhruv Mistry,"The servant and receptionist demanded tips, and had rude behavior once denied. Even didn’t listen to me when I called at first. The hotel has next to zero cleaning policy, you may think that the room is clean, but it’s not for sure, as the bedsheets and the towels are not changed.",18 Apr 2023,1
80001,Ravi B,Ac was not ok room was not clean,12 Apr 2023,1
80001,Bipan,"First of wll they have small rooms.if customer comes through oyo booking they give them small rooms.and service is very bad . I have to stay for 2 days,but i last only one day they are not cleaning rooms . Blanket not cleaned and bed sheet are also in poor state . If you give money first then they are not listening you after",12 Apr 2023,1
80001,Abhishek,"Room was bad and bedsheet, pillows were so much dirty.",08 Mar 2023,1
80001,XXX XXX,none,26 Feb 2023,1
80001,Ajit Choudhary,It's not hygiene maintain used beding provide and unclen rooms,17 Feb 2023,1
80001,Mady prajapati,Not for single family,15 Feb 2023,1
80001,Anand,Room was not clean. Bedsheet & Pillow cover was very smelling.,29 Jan 2023,1
80001,Rohit,none,18 Jan 2023,1
80001,Faizan,Thwy charge extra 250rs,09 Jan 2023,1
80001,Premananda Sahu,"Bedsheets, pillow cover and blanket are so dirty. TV not working. Bath room is so conjested. Room is not spacious. Welcome kit not provided.",28 Dec 2022,1
80001,Uma Vijayan,We booked two rooms for one night. The one room was ok but the other room was just 6 * 8 ft and the bathroom also very small. We were very much disappointed and the room rent was also higher than the hotel regular charges. Hotel charges only 1500 but OYO charged us 1900. Very much disappointed.,20 Dec 2022,1
80001,Fanish Gupta,Denied booking done online and charged higher offline.,21 Nov 2022,1
80001,parmanand jaiswal,Bed is not comfortable. Oyo app give us discount but hotel charged full amount.i don't know why hotel staff ask my mobile phone for complete checkout process. Star rating is not true.staff is not genuine.,16 Nov 2022,1
80001,salah,Not at all for business stays ..you guys show in picture something and in reality somethin else ..they charged me extra 400rs ...all women hair in the room ..like yuky it was i booked for two nights but stayed only one night...this hotel is for chapries for thier chapri works,09 Nov 2022,1
80001,Imtiyaz Shekh,none,07 Nov 2022,1
80001,DHAVAL GORFAD,They are charging extra money on the time of check in,06 Nov 2022,1
80001,Aishwarya SHARMA,"Cleanliness and hygiene is not upto the mark.
No ventilation in room no windows nothing.
And they only on AC for night time and switch off externally in day time which is really cheap when the discription is showing AC available than it should be for all the time not for only night.",01 Oct 2022,1
80001,Abhishek Soni,"Hotel collected extra charges of rs. 272 for a single day stay even when booking was confirmed and amount paid in advance to OYO... I never recommend for a booking from OYO... The Hotel Shubham Inn was not as expected as there is no space, no care is for hygenic environmemt.... 0 rating for check in experience...",02 Sep 2022,1
80001,Devesh,They charged me Rs 300 extra and your customer care didnt responded,31 Aug 2022,1
80001,Kaliyan Prajapati,Very poorI didn&#39;t like any things......👿👿😡😡.Every things,15 Aug 2022,1
80001,Dhruv Soni,"I have to pay extra Rs 236/- 
Oyo App showed Rs 1364/- and as i reached hotel reception the said our minimum charge is of Rs 1600/- so you have to pay 236/- extra .
I contacted oyo helpline and they said, best they can do is change to another hotel. Is this a solution to change to another hotel? Seriously guys",25 Jul 2022,1
80001,Indrajeet Bairva,"worst check-in experience. I booked at very low rate by applying offers. when I went to check-in at 11 pm, they denied me check-in saying that the booked rates were very low.",11 Jul 2022,1
80001,Devanshu Chaurasia,Not allowed to check In. Worst ever,21 Jun 2022,1
80001,Anup,Complete waste of money. Poor infrastructure,15 Jun 2022,1
80001,Darshan,worst experience  by hotel as well as oyo... After 1 hour chat for complaint no response ... open tickets no response.... worst system... never go for this hotel... ac not working... non hygiene... leakage... electrical wire open.... bad than worst,13 Jun 2022,1
80001,Abhishek,"Pathetic service, toilet's faucet was not working, I wouldn't want to visit back. Water bottle was offered at charges price. Stained bedsheets were given.",12 Jun 2022,1
80001,BhautikUsdadiya,"AC not working,For 1hours let check out he ask for extra 300/-",10 Jun 2022,1
