hotel_id,user_name,review_text,date,title
81347,Hemant kumar,Nice,13 Aug 2022,5
81347,Saim Khan,Good service,04 Aug 2022,5
81347,Ranjit Modiya,Good Hotel,18 Jul 2022,5
81347,DINESH SINGHCHOUHAN,Location is nearby airport,19 Jul 2022,3
81347,Prasad Jang,"Fare, I paid money online, but when I went reception person was asking again room rent..Room.Toilet was too small and there were no soap, water and tawl.",08 Dec 2022,2
81347,ADITYA KUMAR,I paid 400rs more than the agreed price .,04 Dec 2022,2
81347,Akshay kade,"Location good (Room, washroom cleaning)",14 Oct 2022,2
81347,rovin rajput,"AC not working
TV not working
Bed is very durty",14 Dec 2022,1
81347,Siddharth parakh,Overbooked,15 Oct 2022,1
81347,Ankit,"They just cheated us, when we reached there we told that we have booking, they say only 1 room we will give but in we booked 2 rooms for 1000 and they charged 1500 for one room",18 Aug 2022,1
81347,Mepani NikulbhaiTulshibhai,Not good service and hotel and room,01 Aug 2022,1
81347,Solanki Raju,"Very Bad Service They Charge Me Rs. 600 Extra For AC After Paying They Always Switch Off AC From Reception
Food Also They Charge Me Much Rs. 595 For 1 Dal 1 Mix Vegetable 1 Rice And 2 Chapati
Even Room Is Not Good 
I'm Deleting Oyo App After This Message Even I'll Tell All My Friend To Delete Oyo From Your Phone
Thanks",25 Jul 2022,1
81347,Govind Tailor,"Paid extra charge in the hotel for room.
Customer care not provided solution and had to wait out side at hotel till 2hours.
No food services.
I will not book hotel from OYO in future",23 Jul 2022,1
81347,Verified guest,"m not chek in hotel , but i can see I am already checked in,,,",15 Jul 2022,1
81347,Ashish Gupta,"""Worst hotel, pathetic staff.""
I pre booked my hotel online. I was supposed to check-in at 2300hrs. When I reached there the hotel manager refused to give me the room asking for more money. He was not even listening to me. They doesn't care about customer. I was alone so I looked for another hotel nearby but at elevated price. What would have happened if I came there with my family? As I gone through Google reviews , I found that the same thing has happened with many customer. I recommend to please don't book this hotel, they will definitely loot you.
I would have given negative stars.",19 Jun 2022,1
81347,Xhaxhank Xingh,none,16 Jun 2022,1
