hotel_id,user_name,review_text,date,title
968,Nimit Desai,Jay Swaminarayan...I came Ahmedabad for pramukh Swami shatabdi mahotsav Celebration.I stay here for 1 night. Hotel Room is very clean including washroom. And Main thing staff is very cooperative.Overall I will rate it 5 Star ✨ Out of 5 🌟.,20 Jan 2023,5
968,Rajendra,none,02 Jan 2023,5
968,Vikash,Great Stay and Friendly staff,25 Dec 2022,5
968,Ashmitjain,"good hotel, hospitality of the staff was very good l, I arrived very early morning but still received good response.",24 Nov 2022,5
968,Rajat,Good!,21 Nov 2022,5
968,Rajendra,Ok,30 Oct 2022,5
968,Rajendra,Very good 👍,23 Oct 2022,5
968,Sajan Kumar,Good 👍,17 Oct 2022,5
968,Salman khan,Good,05 Oct 2022,5
968,Rajendra,Ok,28 Sep 2022,5
968,Khagesh Pandey,Hotel staff is good and lovely....that is really awsme,13 Aug 2022,5
968,Rajendra,Very nice,26 Jul 2022,5
968,arjun,Good hotel and good stay,26 Jul 2022,5
968,Rajendra,none,22 Jul 2022,5
968,yakshi thakrar,It's nice room,12 Jul 2022,5
968,Sam K,"Everything is best.nice staff nice checking and everything behaviour,facilities all are are perfect .",27 Jun 2022,5
968,arjun,Good,19 Jun 2022,5
968,HITESH KUMAR,Good Hotel in Location.,12 Apr 2023,4
968,Niyati,Good nice,20 Nov 2022,4
968,Nikk Patel,Need same low chargred,30 Aug 2022,4
968,Jayesh Sathvara,Nice Stay and services,20 Aug 2022,4
968,Alex,Over all experience is good and nice staff,07 Aug 2022,4
968,Pratik,Place is ok ok. Noise can be heard from outside but I prefer if we have a place where outside noice doesn't come.,09 Mar 2023,3
968,Mahipalsingh Rathore,Water is hardly coming in wash area and even when I have ordered food I received it one hour later. Customer is very poor.,30 Aug 2022,3
968,Akash Porwal,"Not maintain properly, but room & bathroom was clean and staff behavior was satisfied. But other then this all things as described in display was not up to the mark.",14 Aug 2022,3
968,Vipul Narayan,none,05 May 2023,2
968,Muhammad Refeek,They charged extra 800 rupees.  They didn't allowed your booking price.  Their bathroom fittings didn't working properly.  heater not working,09 Mar 2023,2
968,rishi jain,They asked for ₹800 more to stay.,25 Dec 2022,2
968,Atish Hire,"All those who given 5* to this property are either fake or manipulated review. The hotel condition is very worst. Electronic items like TV, gieser, telephone are not working properly. Unmarried couples are keep coming. Room quality and hotel premises is very poor condition. Very unhygienic. Only advantage to this hotel is near to river front. Otherwise not recommend to visit. I have booked looking at review but first statement which manager made is we don't take booking from OYO but since rooms are available we are giving it to you.",18 Jan 2023,1
968,Sudarshan Adiga,Asked more money than stipulated in the deal,16 Jan 2023,1
968,Gopal Sapara,"Staff was very rude to us.
Room was terrible.

Never recommended to anyone",14 Jan 2023,1
968,Abhishek Singh,Hotel staff refused to give room on the price displayed by Oyo. And the location of the hotel was also so tricky,28 Dec 2022,1
968,M. De,I need a immediate call back. Where is my refund?,23 Oct 2022,1
968,NARESH VIG,Very sad state of afdairs,16 Oct 2022,1
968,Kunal,"We went to the booked hotel the boy at the desk said that we won't allow at the price by the Oyo so we were being shifted to the other hotels there the men at the desk said ""no availability of room"" and then we asked for the refund from Oyo they responded in a very rude way and still didn't received refund and I am calling to you people daily still no response",03 Oct 2022,1
968,seshadri,"It is most dirtiest room, I have ever stayed. 
Bathroom was not clean.
Bedding was okay.
Ac was okay.
Room was full of bad odor and smell. 

It was late night and hence we checked in & stayed for 5 hours. 
My wife give me nicely",03 Oct 2022,1
968,Nakul jain,They asked for extra money while check out. Even though i stayed there for like 6-7 hours,13 Sep 2022,1
968,Mukesh Swami,"No working TVs, Hotel in a old building.
Drinking water provided by hotel is of no use, you need to buy packed food.
For every order of food etc thay ask for payment instantly.",12 Aug 2022,1
968,Vijay Mehta,hotel is just like below Dharamshala.No proper response from staff.,04 Jul 2022,1
968,Sourav Choudhary,"smoking smell in the room , plus had to change the room type . completely unhygienic 🙂 bc",05 Jun 2022,1
