hotel_id,user_name,review_text,date,title
976,yogesh prajapati,This hotel is a exillent and wonderfull room.this is a beautiful hotel.,22 Apr 2023,5
976,Tatamiya Hiren,Best hotel service and room,20 Apr 2023,5
976,bhavik,Good behaviour staff,20 Mar 2023,5
976,bhavik,Staff good service,17 Mar 2023,5
976,dadu,All is very nice,16 Feb 2023,5
976,XXX XXX,Good,31 Dec 2022,5
976,Deep Awasthi,"Location is great, room is great but room is dirty.",28 Dec 2022,5
976,Gaurav Saddy,All is good,24 Nov 2022,5
976,Parthsinh,Nice,23 Nov 2022,5
976,Utkarsh Agrawal,Good hotel,14 Nov 2022,5
976,Divyesh Patel,Clean room good service,06 Nov 2022,5
976,HARDIK MODI,Neat n clean property. Nice staff. Very cooperative. Very cozy rooms prime location,09 Oct 2022,5
976,priya rathod,Very nice 👌👍,21 Sep 2022,5
976,priya rathod,Very good,20 Sep 2022,5
976,Sourabh,"Good and clean rooms, nice location, close to eateries",19 Sep 2022,5
976,priya rathod,All The Nice,14 Sep 2022,5
976,Ashmar,"Hotel is in 2nd floor of Devnad mall. Hotel is clean and decently well maintained
Very friendly staff and the reception manager
The rooms, beddings, blankets and bathrooms are well maintained and clean 

The check in experience was not great as Oyo app had some glitches 

The hotel is in second floor and there is no lift Available",03 Aug 2022,5
976,mit,THE WELCOME AND THE SERVICE,29 Jul 2022,5
976,Jay Bheda,Room was awesome,17 Jul 2022,5
976,Jorawar Singh,all is well,25 Jun 2022,5
976,ASHRAY,"The hotel honestly was above my expectation. it was clean , sufficiently large for 2. AC worked very well. Staff was polite. and as a bonus it is near to Sabarmati River front. After staying there for two nights i am missing it lmao. Everything was on point for the price point.If u are In Paldi get this hotel without thinkin. it is that good.",18 Jun 2022,5
976,NITESH BHANDARI,Ok,17 Jun 2022,5
976,Jorawar Singh,all is very nice,07 Jun 2022,5
976,Nigam Prasad,good service nice staff,05 Jun 2022,5
976,Vivek Singh,"Easy to find by location, food available in hotel, good service, room was good",20 Apr 2023,4
976,Sudhansu Sekhar,Good stay,07 Jan 2023,4
976,Abhishek Kumar,Good,05 Jan 2023,4
976,Rohit,none,30 Nov 2022,4
976,Ashish,Good,06 Nov 2022,4
976,Richard bailung,"Rooms were good but a little unhygienic and of old order. we were not demanded any extra charges during check-in. Staff was good too. present at a very good location. 
overall we had a nice stay.
Thank you.",21 Jul 2022,4
976,Anshu,"The hotel is on the second floor, The hotel doesn't have is own building it's just the floor they are having, so much of cockroaches were there and AC cooling is also fixed at 22°C only apart from that it's just okay!!!.",18 Apr 2023,3
976,Ankit Jalela,Good to stay there,05 Jan 2023,3
976,Pradeep Kumar,It was good but not as upto the mark,11 Nov 2022,3
976,Sanjay,Hotel was average and the facilities were okay ... But will prefer to stay as the location is good..,28 Oct 2022,3
976,Subrat Mahapatra,"The Staffs are cooperative but the room is very small and not hygienic.
The bathroom not cleaned",28 Sep 2022,3
976,Kalpesh Rao,Hotel Location is good. If you book a room through oyo they will not give you Room.,09 Sep 2022,3
976,Swapnil Jain,"avarage property , but you can stay with your friends not seems good to stay with famly members and female friend",01 Aug 2022,3
976,Jay,Very small room no space in room..not good service.. booking confirmation on OYO not applicable that hotel and extra charge received.,08 Sep 2022,2
976,Vishwas,"Room is average.but staff is not good.poor interior quality. Extra payment , given by mistake, no refund,",10 Apr 2023,1
976,RUCHIR PATEL,Firstly the manager wont allow me to checkin as my booking was confirmed and i paid all amount for my stay secondly i talked to a representative about it and she took half n hour nd still my problem was not resolved . At last I paid 500 extra for the same stay in the same hotel,22 Nov 2022,1
976,Krishnendu Karmakar,Worst hotel please remove  it from your  website. Extremely rude staff . Dirty  smelly rooms . Dont go with pictures  shown below,26 Sep 2022,1
976,Imran Sama,Extra money pay for chek in and food so very bad,01 Sep 2022,1
976,Sohail Ahmed,Person at reception is quite rude.,22 Aug 2022,1
976,Rohit Rai,I booked the hotel with oyo by oncall and during that time the support executive tell me i don't need to worry regarding checkin but While checkin hotel manager directly denied because as per manager oyo provides room at very less price and charge the money from hotels so i need to pay extra money from my pocket at hotel for checkin that's was the very bad experience with oyo and infuture i absolutely refused my knowing to use oyo for hotel booking.i waste my 2 hours for checkin and conversion with oyo customer care. Customer support also not able to shift the hotel. I'll suggest everyone please don't book hotel from oyo because it's fraud with both customer and hotels...,05 Aug 2022,1
976,Abhishek Bora,"No WiFi, not all time food available, bule cloure badsheet not washed properly..  What to say.. Now",02 Aug 2022,1
976,Mathew Augustin,They charged me extra amount,30 Jul 2022,1
976,piyush deshmukh,parking is very poor room is very dirty . note for family only for college boys,15 Jul 2022,1
976,Vishnu Divakar,"reached hotel by 3 pm, had to wait till 6.30 pm to get the room. there was one more couple there at the hotel, who faced the same issue",18 Jun 2022,1
