hotel_id,user_name,review_text,date,title
203140,DINESH RAJPUT,good,01 May 2023,5
203140,Anil Sharma,Owner's behavior was very good.  It was a very nice room.The room rent was very less according to the kind of room ..,10 Apr 2023,5
203140,Bharat makavna,Verry Good rooms & services,31 Mar 2023,5
203140,Hariom Sharma,Good Behaviour and etiquette as needed by human being.,16 Mar 2023,5
203140,Ajay,Service was good,13 Mar 2023,5
203140,Komal Negi,"The rooms were clean, very comfortable, and the staff was amazing. They went over and beyond to help make our stay enjoyable. I highly recommend this hotel for anyone visiting ambala.",03 Mar 2023,5
203140,ROHIT THAKUR,"Very good staff, supportive and hospitality was very good and clean room and bathroom...it was a nice experience. Hot water for shower 🚿. Food was on room service.",03 Mar 2023,5
203140,Rohit,Jhony very good service,01 Mar 2023,5
203140,Manish KumarRai,none,26 Feb 2023,5
203140,Rehan Bhat,Nice rooms,12 Feb 2023,5
203140,rajendra awasth,Nice hotesl,10 Feb 2023,5
203140,Sudhir Dwivedi,Excellent,07 Feb 2023,5
203140,Saeed Ansari,"Hotel was neat and clean, bathroom was also big and well maintained staff was also good especially Mr.Ali, he was very supportive",05 Feb 2023,5
203140,Paramjit Singh,Good ambience and good staff very helpful,15 Mar 2023,4
203140,Deepak RajYadav,They Charge Extra Amount after Booking . I paid online payment during Booking. No wifi password share ..laundry service not good..,21 Mar 2023,2
203140,XXX XXX,Very bad behaviour from residency owner.,23 Apr 2023,1
203140,Virendra Tripathi,I have booking time 484 amount. But hotel manager charge 800. And forcely denay oyo booking,30 Mar 2023,1
203140,Sachin Bansal,They asked for extra 300 rupees when i reached at the hotel and also there meal was very bad.,02 Mar 2023,1
203140,Anil Mishra,"Dear sir
Hotel owner not pick my phone and your office staff also not supported to me. We have not stay at our booked hotel dhruw residency due to your fault. Please check your call record details. Please also note that no body know about this hotel. In the morning 7AM we have received call from hotel representstive and asure to refund booking amount.
Please do the needful",18 Feb 2023,1
203140,Vikrant,"First of all the harami manager of Dhruva residency allotted me the room at Vivek plaza , seems both hotels belong to same owner. The conditions at hotel were pathetic and shabby. It was a total fraud.
OYO should look into such kind of issues. 
Further I insist OYO to refund money. 
I suggest not to book room on OYO ever, better go to place, on having a check on hotel, then book room.",17 Feb 2023,1
