hotel_id,user_name,review_text,date,title
197997,Samajit Ghosh,It was nice stay option for couples.,09 Mar 2023,5
197997,Rabi Saw,Thats good,21 Feb 2023,5
197997,RABI KUMAR,Very nice lodge and bed verry well behaviour are good and room verry nice and washroom very nice ok,18 Feb 2023,5
197997,RUPALI MAHATO,Everything is good,08 Feb 2023,5
197997,suman,"Khub valo hotel, staff behaviour good and clean hotel",06 Feb 2023,5
197997,Vishal Kumar Singh,Nice,03 Feb 2023,5
197997,Manish kumarsinha,Good service nad behaviour of staff,01 Feb 2023,5
197997,Biswapriya Modal,It was great pleasure to stay with oyo premium rooms . Ambience and other facilities was good but the room was not according as shown in oyo site.Other than that everything was perfect and meet our expectation.,04 Jan 2023,5
197997,debabrata mondsdl,"This hotel is very beatiful,and hotels staff are higinic standard,tis hotels bathroom are  very clean this hotels room are are very clean fhg DJ uuu vthjdg  gdghhh bdhtsh nfetiyx ncdhubnj",04 Jan 2023,5
197997,Abhishek Singh,"My recent stay at the  Alisha lodge was fantastic! From the moment of check-in to the moment of check-out, I was treated with exceptional hospitality. The room was spacious and clean, and the bed was extremely comfortable. The staff was helpful and attentive, and the amenities in the room were great. I especially enjoyed the complimentary breakfast in the morning, which was delicious! I would highly recommend this hotel for anyone looking for a comfortable and pleasant stay.",24 Dec 2022,5
197997,S. H.R,It was good. The room was good but if there was attached bathroom it could be more better. Otherwise behaviour of the staffs are good.,11 Feb 2023,4
197997,banti Kumar,Good service,10 Feb 2023,4
197997,Chandan,Staff behaviour.,06 Feb 2023,4
197997,Dipu,The rooms are clean but they provided us a very small.room. TV also not working there. But hotel staff behaviour is very food and cooperative.,25 Dec 2022,4
197997,sudipta das,No attached bathroom is available and staffs are asking many questions. Maybe it's a personal reason and we are not obliged to answer for all queries.,01 Feb 2023,3
197997,Debajyoti Kundu,"Room, bedcover are not clear.
Not attached bathroom.
Attached bathroom charges extra, 1200/-
Television out of service.",20 Dec 2022,3
197997,Raviteja,Worst hotel i have seen till date and guys ouo is doing a scam by cheating ppl i have to check in 3 hotels on the same day and they have failed miserably stop using oyo guys its complete scan,17 Mar 2023,1
197997,Sajan Paul,Hotel is not good... I have booked via oyo and paid by online.. But hotel manager has rejected my booking... They have asked more money for the room.. I have informed to oyo.. But no responce. Never stay this loadge. They run AC but midnight they switch off the AC line.,09 Mar 2023,1
197997,Dharmendra Kumar,"I have confirmed my room 2 days earlier and paid hotel rent but during checking in time hotel staff denied that booking and asked me i need a room then I will have to pay more i.e Rs 1000 extra even after paying online,
Remove this hotel from Oyo",11 Feb 2023,1
197997,Tanumay BasuMullick,"A very bad room. No tabil no chair, no AC. Very small also. only you can see YouTube by the TV in the room. Only one tubelight is there in the room for lighting. 
A dirty, uncleaned bathroom outside the room.",10 Feb 2023,1
197997,subhankar jana,Not satisfied 😪😪😪. Basic needs can not be provided timely. 😈😈😈😈😈😈,02 Feb 2023,1
197997,SANJAY KUMARSHAW,They are asking extra charges .,02 Feb 2023,1
197997,Barun Bharti,At the time of booking sowing AC room. But the time of arrival Alisha log representative tell me its Oyo problam. I am favour you to allot a room without bathroom and AC.  Total very bad experience in this bookings. Suggest to all don't book Oyo room.,04 Jan 2023,1
