hotel_id,user_name,review_text,date,title
207666,Sanjana Sinha,none,16 May 2023,4
207666,Akash singh,"Hotel was average ,staff behaviour was good ,room was average enough to stay inn and transport food Are easily avbl",06 Apr 2023,3
207666,Sumit Bandhovaker,Room is good but washroom is not so well,04 Apr 2023,3
207666,Charanjit Sachdeva,none,11 May 2023,1
207666,Amrit,none,30 Apr 2023,1
207666,Sahil Hassan,Very bad experiance asking for extra money.,19 Apr 2023,1
207666,RAMESH DAGA,"Don't book it. 
Bathrooms conditions is very bad, they will not change bedcover daily basis, staff is very rude, and they charge extra every time. There owner is also very greedy and charging extra each time . 
No service in night, 
Over all a horrible stay that was",19 Apr 2023,1
