hotel_id,user_name,review_text,date,title
100162,Ramesh,Oyo amount is not accept,28 Nov 2022,4
100162,Rahul Raj,no ac,25 Jun 2022,3
100162,Shreyas,It was bad. Fake photos.,19 Jul 2022,2
100162,bhagvat ghoshi,It was very surprised that extra money taken by hotal owner while room was booked with oyo app & paid by phon-Pay app & extra money paid by google pay at same time while check in & on call complained by me but Oyo team rejected my refund request. Very poor service,22 Jan 2023,1
100162,Ritesh Rai,It’s a scam.First we book seeing low price and they again charge u when u get there around more than 70% of the quoted price . N amenities provided is close to nothing not even a toothpaste N towel . Seriously worst stay of my life .,23 Dec 2022,1
100162,Ganesh,Worst experience from Oyo..they take 1000 extra money from us,18 Dec 2022,1
100162,SatYendra RaJput,"Worst worst experience ,they asked for extra money ,no towel ,no soap,room was very dirty as hell ,and was small as like washroom,after asking for towel he asked for 100rs extra,the manager is so rude and lift was also not working.Check in was declined even after oyo complimentary addition so I had to pay extra 500₹ while check in.",29 Nov 2022,1
100162,Shravan Kumar,Taken extra amount of 1000 after booking from app..,27 Nov 2022,1
100162,Austin,none,13 Nov 2022,1
100162,Anoof,none,11 Sep 2022,1
100162,Praveen Kumar,They asked to pay extra charges even staff behaviour not good,03 Sep 2022,1
100162,MOHAMMED FAWAS,Room is not good as you show photo in Oyo and AC is not working we are not able to lock bath room  door also. Land line is not working this is our bad experience from this hotel I would never suggest this hote anybody.,31 Aug 2022,1
100162,Shivadatta,They took extra 600 rs from me,27 Aug 2022,1
100162,Nabard,They took extra money,15 Aug 2022,1
100162,Suresh v,"Hotel people charged exta money, wrong behaviour, no room service, worst experience",23 Jun 2022,1
100162,Siddique,cleanliness bedsheets are totally dirty and smelling,18 Jun 2022,1
100162,Jayashankar,"Room Picture shown in app is something.
but actually room  is not like in picture.
bogus.
cheating customer.
u want my full money back",13 Jun 2022,1
