hotel_id,user_name,review_text,date,title
103428,Ramesh,"Room is clean and hygiene, staff is very humble.",01 Apr 2023,5
103428,Ramesh,Good for cheap and best hotel,06 Jan 2023,5
103428,Gangadhara D,Its very good app,05 Jan 2023,5
103428,VAYIBER,Room,29 Dec 2022,5
103428,XXX XXX,Nice,27 Dec 2022,5
103428,VISHAL T,Nice place to stay and good condition and for family also prefer,20 Nov 2022,5
103428,Bhagath,Amezing experience staying your hotel. very we'll hygienic maintened,06 Nov 2022,5
103428,Dibyendu Maity,good,12 Oct 2022,5
103428,Adarshps,Room is good and very clean and the location is also nice because nearby everything is available,24 Sep 2022,5
103428,Asif,It was good,10 Aug 2022,5
103428,Sandeep,"Nice & hygienic place, value for money & staff are responsive, polite and ontime service provided during the stay",29 Jul 2022,5
103428,917042113591,it was good,31 May 2022,5
103428,Bala,Nice,17 Apr 2023,4
103428,rajesh,service good,22 Nov 2022,4
103428,Manas,Good hot,11 Aug 2022,4
103428,Amal,Came extra money there when checking in,18 Mar 2023,3
103428,Kiran,Ok ok,21 Dec 2022,3
103428,Sandeep Kumar,Need a better coordination between oyo & Hotel. Even though you book on oyo. Booking Amount may vary when you reach at the hotel,29 Nov 2022,3
103428,Kedar Muddannanavar,no ventilation,02 Jul 2022,3
103428,kiran,"They asked more money,Oyo app showing 388 ,they asked 800 more,",16 Mar 2023,2
103428,Jomisha George,Location.No power in the morningnThey need advance for staynCleaning was not proper,07 Jan 2023,2
103428,NAINA KHAN,No cleanliness,05 Oct 2022,2
103428,SHIVA PRASADBR,They didn't gave room we have given 600rs,19 Apr 2023,1
103428,Rajesh E,"I booked it through OYO and after reaching there they didn’t allow us if we are from,
And finally we paid double the Amount and then we stayed there and they told that from next not to book through OYO,",18 Apr 2023,1
103428,Manesh,"The receptionist was way too rude. They'll ask more money. If you tell them you booked room in oyo, they won't accept. Not good room. Oveall experience was literally bad completely worse experience ever.",18 Apr 2023,1
103428,Vithul Raj,"the stay was really bad, there was no fan, toilets were dirty.
staff behavior was pathetic.
they asked me to pay more for the stay.
i booked another room",14 Apr 2023,1
103428,shreedhar bandi,"That hotel owner took extra money from us, I was about to attend meeting so no chance was there to me i have given him double payment",11 Apr 2023,1
103428,Arun p roy,Very bad service.. if you book with Oyo they where behave badly,18 Mar 2023,1
103428,Narayan,"Worst hotel, worst hotel person, they received extra 200 for stay, they dealing with os very wrongly",18 Feb 2023,1
103428,Arun p roy,They have charged extra 140,09 Feb 2023,1
103428,saif ul haq,Extra charges for no reason,03 Feb 2023,1
103428,Prakash Mani,asking extra money total waste,02 Feb 2023,1
103428,Gireesh H,They will ask extra money other than oyo app price,26 Jan 2023,1
103428,Jeevan,Very bad roo. No clean,26 Jan 2023,1
103428,meghnad gorai,Worst,08 Jan 2023,1
103428,Shreedutt Dixit,"The Owner don't know Hindi or english when we went their he was drunk and asked for more money, first he checked us in so that we can't cancel our booking and asked 2000 more and when we denied he start shouting on us, the only thing he was repeating ""You won't get this cheap in Bangalore"", I don't know why it's still there in OYO.",07 Jan 2023,1
103428,pranoy,Not for given boking room. Tell extra cost. Worst hotal . Tu,03 Jan 2023,1
103428,Dawood,He Tak to me extra money 800 rs and he didn't give money back,01 Jan 2023,1
103428,TARUN ROY,Location not suitable for family.Downstair there is a bar,23 Dec 2022,1
103428,kanojwar karthik,Property asks extra money rather than prepaid amount when I asked him for bill he refused and asks me to pay extra 12% for the bill.Charges extra money,19 Dec 2022,1
103428,Rahul,"The receptionist was very rude to the customers. Even though I have booked and paid the money through Oyo app, he was demanding for extra Rs.400 per night. I booked for a four night stay and he was demanding for extra Rs. 1600. When I told him that I have booked and paid already through the app he was like, Ok let it be but I'll give you the room key only if you pay be the extra money or else you can leave. This is highly unprofessional. I had no options but to pay the extra money he was asking for. So if you are planning to book this hotel consider calling them directly and confirm the room price or else you will be scammed.",27 Nov 2022,1
103428,Ajay Bk,They did not allow me for this Oyo booking they said me get out we are not tied to Oyo and asked for money but I paid and booked where is that money who's going to repay that?,16 Nov 2022,1
103428,vinay k,Dont book online plz visit location,06 Nov 2022,1
103428,Srikanth,they wont accept offers they demand for full payment,02 Nov 2022,1
103428,channabasava,I booked room in Oyo but hotel staff saying pay 800 rupees extra otherwise no rooms there,23 Oct 2022,1
103428,SujayKulkarni,The hotel staff asked for extra 250 rupees. Worst experience ever,21 Oct 2022,1
103428,Vivek Gautam,"Very bad hotel no response from hotel, charged extra money from , not good behaviour, I stay their 2 hr due to sucpicious activity I left from their, I need my full refund",15 Oct 2022,1
103428,Irfan A,Very bad ...they Asking extra Money and behavior to Roodly no facility,23 Sep 2022,1
103428,Vitheesh C,Very bad experience. Not good for family,16 Sep 2022,1
103428,Ramki,"Bad room Sraivc.. 
Extra charge",16 Sep 2022,1
103428,Suresh Reddy,WOner behaviar is vary bad,11 Sep 2022,1
103428,U.MohammadAlthaf,Worst rooms,26 Aug 2022,1
103428,Krish,Worst room boys,20 Aug 2022,1
103428,Mohammad Fishan,This not good person,12 Aug 2022,1
103428,Punith,Charged 150 extra,30 Jul 2022,1
103428,Ashish,Very poor room and staff behaviour,26 Jul 2022,1
103428,Ramesh Ram,worst worst worst staff service and manegement and extra charge,17 Jul 2022,1
103428,Abeesh,I booked my hotel there but they had not provide room for me and treated me too bad 😡😡😡😡,13 Jul 2022,1
103428,Bhavanikumar Rathod,no room provide any hotel,10 Jul 2022,1
103428,Atul,Not good room,03 Jul 2022,1
103428,Subha Tripura,"staff is not good, room not cleaning",01 Jul 2022,1
103428,Nandeesh,hotel service is not good rash behavior,19 Jun 2022,1
103428,Sethu Ep,No ventilation.Toilet is not clean and is broken.Tye bed sheets are not clean. Cannot stay with Family over here.,15 Jun 2022,1
103428,Waseem,very disturbing owner is very rudely person and not good man is very bad experience extra amount also charged,10 Jun 2022,1
103428,Pavan Gowda,worst place i have ever stayed,06 Jun 2022,1
