hotel_id,user_name,review_text,date,title
103794,Vinaya KumarHP,Awesome,12 Feb 2023,5
103794,Bharath,Had decent restaurants nearby. Birds shat on my bike which was a big drawback due to no parking facility but still the room was very good.,07 Jan 2023,5
103794,Giri Dharan,Excellent,24 Dec 2022,5
103794,Peter,Quite Chill n cool,20 Nov 2022,5
103794,Roshan Kumar,Gud place to stay.,01 Oct 2022,4
103794,Shibin RPhilip,"No tv , no curtain for glass window, and hotel guy took extra 200/-",28 Dec 2022,3
103794,YAGNESH,"The experience was neither so great but nor so bad. According to the amount charged, overall experience was average.",21 Nov 2022,3
103794,Souvik Modak,"No cupboard for your luggage, no room service.",15 Nov 2022,3
103794,Naveen Prasad,"The toilet had no proper switches for flushing, no toiletries given, from the AC, the water was dripping all night long.",26 Aug 2022,3
103794,shiva,Rude and disrespectful staff. Mosquitoes in the room. Would never consider this stay.,19 Jan 2023,2
103794,Vijit Rajvardhan,"Room size was good but it was a pretty old room with bad placement, service was also poor!

They didn't provided electric kettle as they mentioned in facilities, the room was filled with mosquitoes!",25 Dec 2022,2
103794,Neeraj KNair,none,21 May 2023,1
103794,Rahul Kumar,Very bad behaviour of staffs and no room cleaning in the day .,13 Feb 2023,1
103794,Prashanth,Plz don't ever think of going to this property....,04 Feb 2023,1
103794,918074240433,They don't follow Oyo rules and policies,30 Dec 2022,1
103794,Sreekanth Kandula,"Worst StayFeeling Disgusting for booking this hotel, No good rooms,.Worst Staff, Unhygienic, Worst Worst Worst",14 Nov 2022,1
103794,Adam Joseph,"I didnt get a room
Or my refund",09 Oct 2022,1
103794,Sumanth,I did not stay there,06 Sep 2022,1
103794,Ayan Ali,"Hotel Denied to let me in, They said they don't have a free room available. I want my money back",04 Sep 2022,1
103794,Ashok,I didn't get the stay there. They refused to give me room saying that all room are full,03 Sep 2022,1
