hotel_id,user_name,review_text,date,title
103978,Tarun kumar,Very clean and hygiene. I will recommend my friends and family,17 Apr 2023,5
103978,Sham bukka,Super,03 Apr 2023,5
103978,Ranjith M,Perfect Stay !!!!,24 Mar 2023,5
103978,KarthikGanti,It’s was a pleasant stay,13 Mar 2023,5
103978,Sumanth Kr,Nice good stay excellent cleanness,09 Mar 2023,5
103978,JOSHIKA,Good Hygienic Room facility,20 Feb 2023,5
103978,Ajish Rjan,The best experience ever! Happily 5 stars🤩,09 Jan 2023,5
103978,Mani Adimane,Value for money Hotel. This is in right heart of downtown malleswaram. Close to happening place. Near Mantri mall . All food joints including bar and restaurants are in close proximity. All Hotels of Edition O series  are well maintained . Clean neat and decent at reasonably good price..very good choice of budget hotel for one day travellers ..,03 Jan 2023,5
103978,Vasanth Kumar,Very nice to start,27 Dec 2022,5
103978,sandeep,Super good clean and peaceful place@heart of town,27 Dec 2022,5
103978,Kiran,Ac was not at all working. Room could me more clean aver all ok ok and nice stay to located area……….,19 Dec 2022,5
103978,leolee,Good location and the room are up to the expectations,16 Dec 2022,5
103978,Sachin,"It was a good place to stay good food good mood
Pocket friendly and got staff",15 Dec 2022,5
103978,Captain ChiranthanRC,"Amazing stay, clean rooms",08 Dec 2022,5
103978,preethi,Room was gud nd hygienic,25 Nov 2022,5
103978,Chaya Agarwal,Great room..Hygienic and clean. It is very spacious too. A good choice for get together with friends,21 Nov 2022,5
103978,sumanth,nice,03 Nov 2022,5
103978,Satish,Room was spacious and good,24 Oct 2022,5
103978,Badriprasad M,Well maintained rooms,14 Oct 2022,5
103978,Vinod Arjun,Okay,14 Oct 2022,5
103978,S Nanda,Good,18 Sep 2022,5
103978,Suman,"Hotel is good and specious... Reasonably priced if compared with hotels... If compared with amenities bit high... 

For a corporate style and short stay and all this is the excellent hotel to stay...",01 Sep 2022,5
103978,Prabu,Like very much,11 Aug 2022,5
103978,Kang,"It is a very nice experience with oyo.
room is big. Staff is also very polite.
I renewed three times here. Will come back soon.",31 Jul 2022,5
103978,Arjun K,Good,09 Apr 2023,4
103978,Sai,It should improve in hospitality,19 Jan 2023,4
103978,Ali,"Great Location, Excellent Staff and near by Mantri Mall/Metro station/ Al Bek restaurant... Very pleased overall... Definitely, want to recommend to others",06 Jan 2023,4
103978,Roshini,"Everything was good but we never had hot water supply.... 
Asked the people about it but no proper response was given",06 Jan 2023,4
103978,Manjunatha Kc,"Good location nyc property surrounded by good hotels this villa doesn't have own restaurant they don't provide
food facility.",25 Dec 2022,4
103978,Ashwini Ellis,The room was clean and spacious. It was peaceful n calm as it's  in a residential area.  The staff were friendly and helpful.,22 Nov 2022,4
103978,Madhu,very good and clean,04 Nov 2022,4
103978,Badriprasad M,Cleanens of rooms,02 Nov 2022,4
103978,Joshua Martin,Good,22 Oct 2022,4
103978,Anoopakumar VC,"Hotel is located in good location, silent area and close to Malleshwaram. Everything in hotel is good except that hot water was not available early morning. We checked the reception he mentioned after leaving few buckets of water it will come. But didn't get even after trying for 1 or 2 hours so we had to take cold water bath only 😐. So hotel management should work on this.",16 Oct 2022,4
103978,K TarunKumar,Nice surroundings,10 Sep 2022,4
103978,Vinay,Good,06 Aug 2022,4
103978,Nitesh Harikantra,No drinking water was provided and no room boy was sent for room for carrying luggage to Room. Guest are not well treated here.,11 Mar 2023,3
103978,Pavan,Ac was not working and even single water bottle is not provided room was neatly maintained but poor service,08 Mar 2023,3
103978,Vijayabaskar Esakkimuthu,Pros: hotel in residential locality. Smooth check-in and check-out. Cons: no assistance available. Had to carry my own luggage to the room. Room didn't look like it was prepped for a guest. Blankets looked used.,02 Feb 2023,3
103978,Nirav Doshi,"#Average Stay
#Near by eatry available
Rooms are bigger than expected
In bathroom no exhaust fan are there",26 Jan 2023,3
103978,Pankaj Singh,"Manager is not professional i don't know he was manager or not the person staying in counter thin one...He has charged me almost triple for doing early checkin around 9am i have went to dò checkin and on next day evening 9pm i have done checkout.he was asking 3k ... the room price is 1200.. it was better to book for 2days only then?... He qas smoking in front of me like im nothing very disrespectful, mannerless , I think he should get proper training first ...i am also a manager in restaurant and i know how to behave to my guest.... room was clean absolutely.... location can b a  major problem for new person.  But i will never ever visit there again very disrespecting that counter boy or manager he was thin body shape...",17 Dec 2022,3
103978,Rajoo Kumar,Room is very good but no room services are available …,28 Nov 2022,3
103978,Dr. SweezySingh,"Stay was fine. Services provided needs to improve , location is good. Hygiene was fine. Staff is polite.",18 Nov 2022,3
103978,Prem Kumar,The hotel was good but the room that they gave us had a problem. The bed had a giant hole in it and we informed them they didn't even cared about it and the receptionist guy was completely rude towards us like we were staying for free there.,16 Aug 2022,3
103978,Nazim,Room floor was sticky ac no cooling remote not working,14 Aug 2022,3
103978,Ujwal,Ac,07 Jul 2022,3
103978,M Lokesh,"check in late happened, extra money 500 collected",26 Jun 2022,3
103978,Gowtham,"Nice Rooms, Good Infrastructure,Hygiene,Good Ambiance, Couples friendly. 

Only issue is they will ask you to pay extra amount at the time of checkin. They say amount paid in oyo is not matching their standards.",26 Jun 2022,3
103978,Vinay Sahani,delayed checking due to unavailability of rooms,24 Jun 2022,3
103978,Bharath,That's not good for bedset cover not change rooms not clean smoking smiling that's not good,14 Feb 2023,2
103978,Shashidhar ks,"Staff is rude , nothing given when we stay. Even for water bottle they charged. No towel provided",03 Jan 2023,2
103978,Uday,"Very bad experience, in the app it was showing 1705rs
N again in hotel they took 500rs extra",22 Dec 2022,2
103978,Prabhat kumar,"Extra 900 charge pay at hotal,hotal not accept this booking without extra charge,Oyo staff not solve this metter,",07 Dec 2022,2
103978,Ramees Raja,"I stayed for 3 nights, below average hotel. I don’t consider this hotel ever in the future. It was first time I booked through OYO, I recommend OYO to audit or revise hotel standards very frequently.",13 Nov 2022,2
103978,Syed Hydersha,Poor quality service.. no drinking water and no towels .,17 Oct 2022,2
103978,D C,"room service is pathatic, no one is there to listen the requests or complaints",10 Sep 2022,2
103978,Karthik,The hotel staff wouldn't consider the booking until we paid extra at the reception.,27 Jul 2022,2
103978,Hemanth B,they took extra amount rather than online oyo amount this thing is the very bad imprrssion,29 Jun 2022,2
103978,Vinay Sahani,It took too long to check in,08 Jun 2022,2
103978,Pradeep Pradi,"No clean washroom, bed was dirty and too costly",17 Apr 2023,1
103978,shashidharanR,No service telephone wasn't working wash room was worst not cleaned blanket wasn't changed fed up,19 Mar 2023,1
103978,suman,Worst for staff behaviour,04 Mar 2023,1
103978,Arjun K,I payed for bigger room… they gave me small room..stealing people in daylight..,16 Feb 2023,1
103978,Pramod Gowda,He s taken extra money,30 Jan 2023,1
103978,Priyanja,"They charge extra than the oyo price . The reception staff is very rude. 
I have given feedback so many times but my issue is not resolved by oyo either.",24 Jan 2023,1
103978,Sudhakar Shetty,Charges Extra amount all the time and very poor in reception. Delayed for an hour to provide room.,22 Jan 2023,1
103978,Satabdi Priyadarshini,"Rooms are not cleaned, water bottle need to purchase ,receptionist will say to come down over the phone if you need any room service,Tv remote was not there,no hot water .",27 Dec 2022,1
103978,babu Bharath,they will charge extra money for check-in. That will be very irritating experience,25 Dec 2022,1
103978,Yugandhar Ponamala,Hotel receptionist not responding well and the rooms are very bad ( AC not working In any rooms and bathroom water leaking and many issues,06 Dec 2022,1
103978,raghu g,"During Check in he asked for 500 
But after negotiation he collected 300 rupees ,
No TV on room 😕",23 Nov 2022,1
103978,VENKATESH BS,Location is good but staff services are very poor,11 Nov 2022,1
103978,mukesh kumarjain,Rooms were booked from chennai still rooms were occupied n made us wait longer later rooms were not hygenic no tissues towels were hygenic no room service no custumer value bed was given 2 seperate still they din give good rooms bad experience,17 Oct 2022,1
103978,manoj,They cost more than assured,11 Oct 2022,1
103978,Prajwal,"It's bad experience.
In Oyo app it shows one amount, when checking in they will ask double of it. Don't make fool of us. 
Service is bad, a/c is not working, there is no fan in the room, if we complaint, there is no response from the management. 
Pls update the exact amount in Oyo app instead of asking extra money while checking .
I don't recommend this hotel to anyone.
In 2k you will get way better hotel and service than this.",10 Oct 2022,1
103978,Syed Ejaz,Worst experience,09 Oct 2022,1
103978,VarunTejaPudota,Asked for extra money,05 Oct 2022,1
103978,Shamkumar,Worst staffs,05 Oct 2022,1
103978,Hariprasad KR,Your booking rate aleredy paid onlin payment but hotel respetionist taken extra 620 rupes and not given fodd sercise a,02 Oct 2022,1
103978,SK,Late checkin no proper response,30 Sep 2022,1
103978,Raneez,Online price 1000 something but pay this hotel2240,29 Sep 2022,1
103978,Ranjith,First i am paid 1311 for room ..when i am entering the hotel they are asking extra 850 rs,28 Sep 2022,1
103978,K KKar,Did bot allow to check in at hotal from another booking done at agoda,27 Sep 2022,1
103978,Ashik Ali,"Didn't allowed to check-in. We booked one day prior, but they allocated the room to others. Worst behavior from hotel staff wen we arrived for check-in. Not recommended.",26 Sep 2022,1
103978,Amrut Mhatre,I have to pay 940 rupee extra at hotel apart from prepaid Room charges to OYO.. Hotel denied to allot room. OYO customer care unable to help and gave me option of searching another room at 10.30 pm. Terrible OYO experience once again . We are OYO business account holder,25 Sep 2022,1
103978,Faizan,Waiting for my refund I was charged extra and I had to leave the hotel because of the worst service,24 Sep 2022,1
103978,Sneha,"1st thing the staff is very rude. The don't have any manners how to talk and behave second thing the told amount for my booking was 1350 rs something he refused to take that instead he told we had a fare of 2200 if u want to book then it's ok or else u cancel the booking. we were having a 1.5 months baby we can't argue with him and need to check in with them. No proper mattress ac not working food menu available bt they are saying they don't have resturant. 
All it was a horrible experience",23 Sep 2022,1
103978,SK,"After paying online payment they collected another Rs 264 saying we don’t accept OYO online offer , request you to kindly look in to issue and arrange refund",20 Sep 2022,1
103978,Arjun K,They finally did not give tv remote... I asked for chair.. They did not give... Intercom was not working....,16 Sep 2022,1
103978,Prabhu,bad i book Oyo  iPad online paymen he asking pay yasha amount,13 Sep 2022,1
103978,RAJATH AJAIN,Room bed are not good at all spring are gone in bed not a good place to stay,10 Sep 2022,1
103978,Heena,There is no value of Oyo... Very bad experience with Oyo everytime... I had booked for 1500rs.. when i have went for checking hotel manager denied to check in... Then he asked me extra 1000rs... I told him I'm just staying 3 hours i have my flight so I'll leave early... Then he took extra 500rs... So Oyo was showing 1500rs but i have paid 2000rs.... This is really i didn't like it... I felt never book through Oyo again thank you so much for very poor service ðŸ™ðŸ»ðŸ™ðŸ»ðŸ™ðŸ»,06 Sep 2022,1
103978,Lohith Savanth,They demanded extra money,16 Aug 2022,1
103978,Supriya,Worst room don't stay here its like a hell,16 Aug 2022,1
103978,Rachit Agarwala,Had to pay extra money,29 Jul 2022,1
103978,Vidya Vasanth,I was asked to check out at 12pm after confirmation from oyo customer care that i have the room till 9PM. Also asked if 2 day charges wud apply but was assured it would not. Was asked to make one day payment online which i did. I arrived 9:30 PM on 20th and needed accommodation till 9 pm 21st as i was traveling by night bus. No information was passed on to hotel and they just asked me to leave at 12. Then after a call to customer care was given a room 3km away where i was charged more than what oyo executive assured me. Overall a horrible experience for single lady travelling with luggage and health issues as well.,21 Jul 2022,1
103978,Nishchal,The person at the reception asks for extra cash than price showing on the app.. Hopeless & very bad attitude,21 Jul 2022,1
103978,Ganesh Prajwal,They have take 1000rs extra from us it's unfair in the last moment we don't have an option they have take an 1000rs extra it's very bad,20 Jul 2022,1
103978,Vishwa,They show one price online when reach the hotel they ask for extra money,18 Jul 2022,1
103978,Wasim,"Recommend not to book this property, no professionals are there to help you. They vaguely answer and show their irresponsible behaviour.",18 Jul 2022,1
103978,shah tus,"Room service not there
Not provide water
Room clean not done
We are staying because our luggage open.",11 Jul 2022,1
103978,Mohammed Abbas,charged 2000rs more than booking amount,04 Jul 2022,1
103978,Shriram Iyer,had to pay an extra amount while checking in the hotel despite making the full payment a day before on the app,02 Jul 2022,1
103978,Sania,My bill was 1500 but hotel charged me 2000…,02 Jul 2022,1
103978,Anil R,not good hotel  this show app 900 but hotel reception telling 2200 how can pay chitting hotel,30 Jun 2022,1
103978,Bhargav Jayaram,"This hotel is total Scam. When you book from Oyo/Agoda, they cancel online booking and always ask customer to pay extra money. The bed rooms are horrifying and smelly. There's isn't clean enough. Hotel Staff are rude and unprofessional.",30 Jun 2022,1
103978,Sagar,"booked this room for 1544 on oyo, but the hotel guy charged  2k. as he says the hotel doesn't take booking below 2k. so guys before booking call hotel snd check the price. do not pay on oyo. pay at the hotel.",29 Jun 2022,1
103978,Sanjith S,check-in was delayed for more than 3 hours. very bad experience,27 Jun 2022,1
103978,Bhargav Jayaram,"1. They charge extra money
2. Beds are worse - Springs were broken
3. Bathroom was sloppy, untidy",27 Jun 2022,1
103978,Bhargav Jayaram,Bed springs were broken. Paid extra money too. Hotel Staff were very rude,24 Jun 2022,1
103978,ashith a,I  booked king size bed they gave me twin bed very bad experience,21 Jun 2022,1
103978,Bhargav Jayaram,"This hotel doesn't accept Oyo bookings. They ask us Extra money always. Issue:Tariff Issue.
Please pay 1716/- extra as of now at property after check out please call us with valid bill receipt. so that we are able to refund your extra amount with in 7-14 working days",06 Jun 2022,1
103978,Lingaraj,Worst experience  hotel staff asking extra money to check in and tv is not working services also not good,02 Jun 2022,1
103978,Naveen S,they took extra money also,01 Jun 2022,1
