hotel_id,user_name,review_text,date,title
104248,harish,none,01 Jun 2023,5
104248,Manish M,none,16 May 2023,5
104248,Manish M,Nice,22 Apr 2023,5
104248,Vishwas,Felt very happy n comfortable n de stay was very peaceful😍the view was gud n service was gud over all I was very was much happy n felt to stay again😍,21 Apr 2023,5
104248,Shanid,"Neet room, good behaviour of the hotal management, easy access and check in, all needs are available near the hotal.",16 Apr 2023,5
104248,Babithran,Room is very neat and clean.Public transportation are very nearby .the ambieance is very nice Nice place to stay .,12 Apr 2023,5
104248,Babithran,The room is very Neat and clean . Very nice atmosphere.Public transport are very near by to the hotel,10 Apr 2023,5
104248,Naveen Kumar,Room was clean and tidy,22 Mar 2023,5
104248,Achyut,It's was super clean hygienic no problem of privacy and the customer service was awesome and no sound,16 Mar 2023,5
104248,Tarun,A good stay located at perfect location m lots of options to eat in the surroundings. Hotel staff is friendly and rooms are clean.,15 Mar 2023,5
104248,Dashrath Kumar,"Excellent hotel and room , reception staff were also good . I got very prompt service . Hotel is located at prime place",10 Mar 2023,5
104248,PRABU RAJ,very good place,07 Mar 2023,5
104248,Sachin Birajdar,Good rooms and ambience,09 Feb 2023,5
104248,Yathiraj,Nice place in Yelahanka new town for stay and very clean and neat maintained. Staffs also supportive.,06 Feb 2023,5
104248,Mohammad ArshiKhan,Nice clean room,05 Feb 2023,5
104248,anindo GUPTA,"Home away from home , wonderful location , friendly staff , spacious and affordable rooms , what more can u ask for . It is very convenient to travel from the location and there are so many restaurants nearby.",03 Feb 2023,5
104248,Sanjay Sahu,"Excellent rooms clean and spacious near to shopping areas and restaurants, good for.business stay and work",31 Jan 2023,5
104248,Sanjay Sahu,"Great location, spacious and clean rooms. Good service value for money, it's in the main market recommend",30 Jan 2023,5
104248,Salman Ali,"Good stay, no disturbance. Locality is near to basic stuff. Well connected to bus stop and eateries.",15 Jan 2023,5
104248,Akhi,The locality is so calm and peaceful. Balcony view is average. Next building is a mall. So you get easy access to buy things. Also dont miss the Brahmins thatte Idli which is very near. Would have been li'l more good if they provided a kettle.,09 Jan 2023,5
104248,Varun VP,"The bed sheets were really clean, and room was as well and the entire vibe of the room felt pretty good all together for this price range it's a really good pick",28 Dec 2022,5
104248,Sonu,Location is just fantastic everything is nearby and the mall also rooms are spacious and staff is also very friendly,25 Dec 2022,5
104248,Chandra HT,"Building is good.
Sevice should improve
Staff should be trained in customer service.

Wifi is gone some time for few hours which is very bad..",21 Dec 2022,5
104248,Dhanush,Nyc stay with us location is awesome,20 Dec 2022,5
104248,Alex,Good stay but hotel is not maintenance is poor,19 Dec 2022,5
104248,venkatesh,"Nice , good",19 Dec 2022,5
104248,DHANANJAYA HAVANUR,Room service and location and stay was very comfortable we enjoyed working very silent place,14 Dec 2022,5
104248,prabin gupta,Good staf and clean and hygiene room available at reasonable prices .best view from room balcony clean bathroom and fully furnished,01 Dec 2022,5
104248,Amul Vaibhav,"It was grt place , good staff , no disturbance , everything is nearby , central mall is just behind it .",30 Nov 2022,5
104248,Kapil Sachdeva,Nice Space and Lovely staff behaviour,12 Nov 2022,5
104248,Sonu,The rooms are spacious and the staffs are well trained and they help in every problem cleanliness was maintained,11 Nov 2022,5
104248,Tejas Mhatre,"Excellent place to stay 
Feel like home 
Co operative and polite staff 
Value for money",09 Nov 2022,5
104248,Sai MaheshVadlamudi,The room was Good and the ambience was excellent and best is the parking and service  is remarkable,19 Oct 2022,5
104248,SANJAY,Hygiene room we'll maintained :),14 Oct 2022,5
104248,sunil,Nice and good,09 Oct 2022,5
104248,Prem,Good experience they provided a kitchen and a balcony. Room was good and bathrooms are hygenic and nice stay,08 Oct 2022,5
104248,Tejas Mhatre,"Clean and hygiene place 
Supportive staff
Value for money rooms means oyo rooms",30 Sep 2022,5
104248,Santhosh,It was very nice and service was good.,29 Sep 2022,5
104248,Nirmal,It was Nice customer service 👍,04 Sep 2022,5
104248,Vilas Gawali,"Best place to stay in yelahanka.location is prime,good restaurant at walkable distance. Great service , very spacious rooms at cheap rate. Hot water is available day and night.This property is very close to garuda mall. In case you are visiting here,ask the Auto to stop near Garuda mall main gate. Although the only problem i face was, there were no body wash, mositurizer, in bathroom only empty bottles were there which is bearable. Manager is also good and kind , he allows us for ""little"" early check in at no cost. You will not see any manager number there is no restaurant present here so be informed about this, and bring your own snacks for urgency.",28 Aug 2022,5
104248,Yashovardhan Sinha,"Staff is good , rooms are beautiful",27 Aug 2022,5
104248,Nirmal,It's very wonderful with oyo,26 Aug 2022,5
104248,Mrudul Mekala,A proper perfect budget friendly stay... Very tolerant staff. Everything perfectly handled.,21 Aug 2022,5
104248,RAGHAVENDRA BG,I like very much,21 Aug 2022,5
104248,Vipin Chauhan,Awesome experience with silver key... Good rooms witu full AC.. Quality is superb,20 Aug 2022,5
104248,Bapi,Good room aur staff is friendly  good services,17 Aug 2022,5
104248,Sharath,Good,11 Aug 2022,5
104248,George,"The rooms were really nice, the staff were trained and did not disturb, they provided us with what we needed almost immediately. Overall it was a great experience.",19 Jul 2022,5
104248,George,The staff at the front desk were very friendly and nice.,09 Jul 2022,5
104248,Nirmal,nice,29 Jun 2022,5
104248,Nirmal,nice service ❤️,28 Jun 2022,5
104248,Vinayak Kamble,everything is perfect,24 Jun 2022,5
104248,SUNIL BALAN,Overall goodVentilation was good nEasy access to everything.,14 Jun 2022,5
104248,cuz h,Good,06 Jun 2022,5
104248,Preeti Swamy,none,04 May 2023,4
104248,Manoj KumarMedidi,none,28 Apr 2023,4
104248,Kushal Layek,Hotel wast best for me...and staff also very friendly and helpful....in my opinion this is the best hotel in Yelahanka to stay....,22 Apr 2023,4
104248,Anu Singh,It's good,07 Apr 2023,4
104248,anurag nair,The stay was clean & hygienic. They did not have any room service but you can get everything at a walking distance. Overall it is good place to stay.,02 Apr 2023,4
104248,Harish,none,27 Mar 2023,4
104248,Rahul Raghav,"Well the place is amazing and it is quite great but they did charge us extra than what was shown, when asked why they told it to speak up with the Oyo management",16 Mar 2023,4
104248,Susmita Dutta,The hotel room is very neat and clean. All sttafs are very polite. My experience is very good. Again I will stay here,12 Mar 2023,4
104248,Nandeesha N,Only thing is service need to improve,16 Jan 2023,4
104248,Siva,"Cleaning day after day is the problem for the price paid. Better if cleaned every day for the price that has been paid. Also, better If sanitiser is kept. Please have water bottles atleast for price.",02 Jan 2023,4
104248,Utkarsh,it was at good location. Staff was good but washroom was not up to the mark. Comod seat was separated from seat making it difficult to use,25 Dec 2022,4
104248,Madhu kiran,"Everything at this property is good and ok 
Good to stay i have spent three day over there but price is too high i felt",10 Dec 2022,4
104248,Ravi,Perfect,09 Dec 2022,4
104248,Ravi,Balcony doors are dont have locks and Toiletary is not provided And towels also not given,07 Dec 2022,4
104248,Varun VP,"Really good place, like the vibe of the place the rooms are clean , except for the mattress, please make sure you check the matters before sleeping on it",06 Dec 2022,4
104248,Sumesh KRoy,Location was good according to my work. The room were specious and amenities was there as mentioned also they accept prepaid bookings which is now days getting vanished at some Oyo properties. Overall it was nice stay. Will recommend this property for work visits. 👍,26 Nov 2022,4
104248,Varun VP,It's was really good and clean,20 Nov 2022,4
104248,SHANKAR,"Pros: Room is big and clean. Property situated in good place. 
Cons:But this Hotel is not providing food. Not even giving drinking  water bottle,soap , newspaper etc. Will be given after you demand.  To go to nearby hotel for food",03 Nov 2022,4
104248,Ritesh Kumar,Good and comfortable stay thanks to oyo also .location is good and staff is OK.get set go to all thanks,24 Oct 2022,4
104248,Ritesh Kumar,none,24 Oct 2022,4
104248,Ramteja,Good hygiene,06 Oct 2022,4
104248,Santhosh,It was good. Room(101) was small when compared to the last time stayed room(104).,02 Oct 2022,4
104248,Tejas Mhatre,"Nice location 
Good staff and rooms are best as per budget",29 Sep 2022,4
104248,Gaurav Kumar,Nice place and good stay. Only kitchen is not there so you had to take care of your food from outside restaurant.,12 Sep 2022,4
104248,Rahul Krishna,Room  looking good service  not that much  good,12 Sep 2022,4
104248,indrajit paul,"Good clean room, service also good",07 Sep 2022,4
104248,abdul vahid,"it was good and worth for paid money.toilets were little sinky, they charged me 1000 extra than the booking amount. I",18 Jun 2022,4
104248,Vijaysinh Bihola,It was spacious room including kitchen/drawing room separate bad room. Nice,15 Apr 2023,3
104248,Arun Nandagopal,The rooms were clean but smell of cigarettes. The ac was not working fine and then the fan regulator was running only at high speed. Very avg stay!,07 Mar 2023,3
104248,Naveen Sai,I visited 202 room the light was not working properly and that there is no proper equipments no towel no soap,03 Mar 2023,3
104248,sathvik,"Rooms are spacious with a sofa and a bed. Clean room but need to improve on sheets being cleaned. Bathroom was clean but there weren't any necessary items like soap or a towel. 
Location is excellent with many fast food and cozy retaurants around.",14 Jan 2023,3
104248,Gopalkrishna Sharma,"Toilet seat is broken, no hot water for bath, blankets are smelling,",27 Dec 2022,3
104248,Ahamed M,"No sprinker for flush .


Towels are untidy..chairs are not clean...",12 Dec 2022,3
104248,Shubham Singh,Price was too high as per facilities given by hotel.,02 Dec 2022,3
104248,Manish Trivedi,The Commode seat is broken. Also oyo number 10246201730 guided wrongly. So will use oyo as least preference.,18 Nov 2022,3
104248,Vinayak Kamble,Good but space was small,01 Oct 2022,3
104248,Hariharan,"need to clean the bed sheet because the stains are there which was there from long time kindly change bedsheet requently 
rather than that everything was great",17 Sep 2022,3
104248,shishira tm,Bedsheet is hot clean,12 Aug 2022,3
104248,George Joseph,Bathrooms are not clean and bedsheets are dirty,29 Jun 2022,3
104248,Vijay,none,04 May 2023,2
104248,gopi krishna,"Room service is bad and not up to mark as expected
Done",06 Apr 2023,2
104248,Ashish P,Hotel asked for more money during check inn.,14 Jan 2023,2
104248,Rajesh Janardanan,"1. Hotel door was located because of which we couldn’t get out 
2. Bath room not maintained well",16 Dec 2022,2
104248,Ashok Chakaravarthy,"No Room Service , No Toiletries provided , No Towel Provided despite multiple requests.
No Parking space .",12 Dec 2022,2
104248,Mukundv,"No towels, no mosquito repellants, no service, no change of bedsheets, unprofessional management. Overall a bad experience. No kitchen, no pantry unclean sofas, worn out too.",27 Nov 2022,2
104248,Sai Kiran,not a good service. you have to ask a single thing multiple times,18 Jul 2022,2
104248,Bhargavi,Room was not clean,03 Apr 2023,1
104248,Koushik,"Reception is too young kid
With bad attitude",02 Feb 2023,1
104248,Hans JeremiahErigadoo,"- painting on walls getting off with moulds 
- bed sheets and pillow not clean with stains, stained dirty sofas etc
- no towels provided
- poor welcome and bed not set properly
- broken toilet seat
- hand soaps etc not provided 
- poor service 
- room not cleaned properly",30 Dec 2022,1
104248,Karthik,"Worst place , poorly maintained don't go by the rating here and get fooled.
The staff is very rude and was unable to communicate properly.

Overall worst place , the room has the smell of bacteria .",15 Nov 2022,1
104248,Charan Raj,No TV was available and the room is of cockroach and also bed is double wherein I had booked for queen bed,05 Nov 2022,1
104248,Rajendra,Worst oyo i have seen ever don't go for it,29 Aug 2022,1
