hotel_id,user_name,review_text,date,title
104373,Deepa Praharaj,It was pleasure staying,15 Mar 2023,5
104373,Allen Sonar,Everything about the room is beautiful ❤️ Liked my stay 💖,12 Jan 2023,5
104373,Sukdev Jana,Nice,12 Dec 2022,5
104373,Ravi Ravi,"Really such good room and also location so nice , staff nature and behaviour also appreciated.",24 Nov 2022,5
104373,suman babu,Super nice,01 Nov 2022,5
104373,suman babu,Very nice,01 Nov 2022,5
104373,Sukdev Jana,Nice,28 Oct 2022,5
104373,Sukdev Jana,Nice room,19 Oct 2022,5
104373,Hemanth Kumar,"Good place, clean",19 Oct 2022,5
104373,POWER  🌟 ,Nice,07 Oct 2022,5
104373,POWER  🌟 ,Nice,07 Oct 2022,5
104373,POWER  🌟 ,Super,07 Oct 2022,5
104373,Niten Kumar,Room was clean...bt price is high,14 Sep 2022,5
104373,UG,The stay was great. The rooms were clean. The staff was very humble too.,27 Aug 2022,5
104373,Ayub Ayubz,"Good and super friendly staff,also cleanness is great",26 Aug 2022,5
104373,Sukdev Jana,nice room,17 Jul 2022,5
104373,Sukdev Jana,nice,16 Jul 2022,5
104373,piyali Sahoo,staff and service good,15 Jul 2022,5
104373,piyali Sahoo,nice place,15 Jul 2022,5
104373,piyali Sahoo,good,13 Jul 2022,5
104373,piyali Sahoo,good,13 Jul 2022,5
104373,Sukdev Jana,nice,12 Jul 2022,5
104373,Sukdev Jana,good room,08 Jul 2022,5
104373,piyali Sahoo,good room,08 Jul 2022,5
104373,piyali Sahoo,nice room,07 Jul 2022,5
104373,piyali Sahoo,nice room,07 Jul 2022,5
104373,Sukdev Jana,nice room,06 Jul 2022,5
104373,piyali Sahoo,good,03 Jul 2022,5
104373,piyali Sahoo,nice room,03 Jul 2022,5
104373,Sukdev Jana,nice room,22 Jun 2022,5
104373,piyali Sahoo,nice,17 Jun 2022,5
104373,piyali Sahoo,nice,17 Jun 2022,5
104373,piyali Sahoo,nice,17 Jun 2022,5
104373,piyali Sahoo,nice,12 Jun 2022,5
104373,Jithendra,Good,03 Jun 2022,5
104373,Pankaj Kumar,very good,01 Jun 2022,5
104373,Santosh,"Nice stay, peaceful place. But hot water was not there. Gheezer was not working otherwise stay was good.",06 Apr 2023,4
104373,Adil Shah,Good service,12 Mar 2023,4
104373,Atanu Roy,"The room has attached bathroom with it, it all was good. The bathroom was clean. Also there were a lift so it was very helpful to carry luggage.",16 Feb 2023,4
104373,SUVAM DUTTA,Room is good but walls are dirty !!!!!,02 Dec 2022,4
104373,Sai Siddhanth A,Good hospitality,18 Nov 2022,4
104373,Ayub Ayubz,Clean with great professional staff,31 Aug 2022,4
104373,Sreeraj Pavithran,"Location is good, rooms are not well maintained. For the price it's okay. They provide hot water 24*7 and A/c is also working properly. Bed is average. They don't provide drinking water, soap. Only one towel for 2 individuals.",01 Aug 2022,4
104373,Vaidyanathan,"peaceful, decently clean. Very central and easy access to main roads without being noisy. Everything in the room works",30 Jul 2022,4
104373,Ajay Kumar,Privacy,28 Jul 2022,4
104373,Yashpal Sanam,Nice Room and great service,21 Jul 2022,4
104373,Shweta,The room was pretty good and clean too. Location was also nice. The only thing is that there weren't any supplies or toiletries. Also there was no water bottle at all. When we asked for the bottle we were given a non sealed one. All in all good experience but can be improved.,17 Jul 2022,4
104373,Awanish Tiwari,Hotel was decent enought except its old property and not fully maintained. Staff is corteous and help you in every possible way. The one thing which I need them to improve is setup a drinking water source atleast.,13 Apr 2023,3
104373,Preethi Jagannath,"Easy check in. Toiletries were not provided, no towels",20 Nov 2022,3
104373,Sachin S,The room provide was next to reception in the entrance and there was a underground tank in the room itself.,17 Oct 2022,3
104373,Vishwanath Pratap,Initial care taker called saying they can’t give me room because they are underpaid and TV & WiFi wasn’t working. The boys were very cooperative and helpful.,14 Oct 2022,3
104373,Ramya,Room was good! but tv was not working rest all was quite ok for the price,13 Sep 2022,3
104373,Pradyut Paul,Good,27 Aug 2022,3
104373,Steve Philip,"Last minute charges. Clean room..The room was clean and all services were functional.Upon arrival, the receptionist stated that the quote on Booking,com is incorrect and they would need to charge a extra Rs.500 on top. This was a last minute charge which I responded as unacceptable but unfortunately due to the urgency of needing a room, I paid.nnI spoken to the other visitors of the hotel and they told me the same thing has happened to them. nnVery poor.",01 Nov 2022,2
104373,Karan Sharma,The hygiene was pathetic even the fans and lights weren’t working nd the staff was very rude worst experience ever,22 Oct 2022,2
104373,Tarun,The bed is made of iron springs. These springs will not let you sit/sleep. Checked multiple rooms but every room had the same problem.,02 Sep 2022,2
104373,Vinay B,bed was not clean. Room had water sump inside it,13 Jul 2022,2
104373,Manuchiki,room not cleaned with too old furniture,08 Jul 2022,2
104373,Sasikumar Ambazhathodi,Just Okay.... Not so goodPricing is reasonable.General cleanliness is very poor especially the entrance. No door mats even @ bathroom door.,13 Mar 2023,1
104373,Umesh Honey,"The room looks like very old , not maintained well .
And there is no facilities at all they just provide one room . Not even towel  or drinking water. The TV kept in room for attract the people but that's tata sky recharge not done . The receptionist even not to change the room when we asked so many times also he's not changed room for us . Very bad experience i wouldn't recommend to anyone to this .",25 Nov 2022,1
104373,Dheeraj Kumar,Service is very bad. I booked this hotel but at the time of checking they want more money. Rooms are not clean,20 Nov 2022,1
104373,Ankush Dubey,Charged 300 extra although I have booked at 649 he took 1000 rs.,02 Nov 2022,1
104373,Seenu,In room tv not working. Recharge not done. I have checked in at2pm. Still room not ready. And room not clean. It's very smell not good at all,27 Aug 2022,1
104373,Amit ghodke,"Fan didn't work, TV didn't work.. Room was dirty.. There ware tobacco remains on the walls and the receptionist didn't even change the room on the second day even after promising that he would.",05 Aug 2022,1
104373,Robbie,after check in they asking our hotel booked for marriage please change the hotel,15 Jul 2022,1
104373,Thiyagarajan,hotel receptionist denied to provide room as I booked my room with offer rate. after 45 min struggling with OYO customer service I got room.,07 Jul 2022,1
104373,Payal,The below marked ones were issue,05 Jul 2022,1
104373,Syed FazilAhmed,pathetic No proper basic amenities provided. Room condition was unhygienic and rooms was stinking a bit.,17 Jun 2022,1
