hotel_id,user_name,review_text,date,title
104480,balu,none,28 May 2023,5
104480,Vinay kumar,none,24 May 2023,5
104480,Mohammed Sakin,The person at reception was polite to deal with. This is one of the few places where they didn’t charge more than what the app shows. Clean room was provided.,01 May 2023,5
104480,SagarKoshthi,Property was neat clean and hygiene and very convenient to travel other places from the property nice stay,24 Apr 2023,5
104480,Ashitosh Manke,Nice,22 Apr 2023,5
104480,Naveen,Rooms,19 Apr 2023,5
104480,Preetham,Good maintained.,19 Apr 2023,5
104480,md shahajahan,It's very good n clean hotel n service is very good,18 Apr 2023,5
104480,Ravi Teja,Stay was good and worth the price. Except the location of the hotel remaining was good. Even the service was nice.,17 Apr 2023,5
104480,Saurav,Room was clean. Everything was good. Really loved the stay.,17 Apr 2023,5
104480,Shivamurthy BM,Quick n easy process for check in,17 Apr 2023,5
104480,Prerana Shroff,"Staff. Front office . Clean rooms , fast response, well spoken , attending customer needs , decent ambience.",16 Apr 2023,5
104480,Ram,Nice room,14 Apr 2023,5
104480,Jagdish Parmar,Overall Great Experience,13 Apr 2023,5
104480,Prashant,"The staff was very professional, respected privacy and the process was hassle free. Food was awesome.",11 Apr 2023,5
104480,Surendra Chowdary,Good ambience,04 Apr 2023,5
104480,shishir Srivastava,Good,03 Apr 2023,5
104480,Suman N,"Exlent stop good service.. balcony view nice 

Comprt ac and hot water working ..

Totally nice for family",28 Mar 2023,5
104480,Shaju Kc,Loved the place as its located in a prime location and people are very friendly..must visit,25 Mar 2023,5
104480,Kumaran,Stayed for 3 days. It was a pleasant stay at OYO Townhouse. Well maintained rooms. Customer service was really excellent.,22 Mar 2023,5
104480,kola Prabhunaik,Best price in hotel I am very happy and satisfied thanks for Oyo flatform,20 Mar 2023,5
104480,Naveen,I like this hotel very much. It's very neatly maintained this hotel and it's obvious i liked that one. They moved very friendly to us.,13 Mar 2023,5
104480,Patan Baaba,"Clean maintenance, good behaviour, reasonable price, 
Safe and secure, imidiate response from team,",13 Mar 2023,5
104480,Preetham,Best service and good hotel. Clean and well maintained hotal. Location is good and all places are near.,13 Mar 2023,5
104480,Manjunath,Excellent service customer friendly no problem faced by anyone easy way to check in. Very well maintained,12 Mar 2023,5
104480,Preetham,This hotel is really good and they provide good service. Staffs age good and polite. I would recommend this hotel.,12 Mar 2023,5
104480,Preetham,"This hotel is really good, service is good, they have maintained the restroom and need week and clean. Drinking water is unlimited.",06 Mar 2023,5
104480,Anthony Pradeep,"Very spacious and good ambiance clean and neat bed with sheets very neat washroom, enjoyed the stay a lot hope to return soon very good service and very polite staff very happy with the service 🥰🥰",06 Mar 2023,5
104480,Aaryan Jha,"Quite good hotel with good staff members, cooperative in nature. Room is also cleaned but amenities was not there properly mainly toiletries.",04 Mar 2023,5
104480,Srinivas,Nice,12 Feb 2023,5
104480,Martina Jose,I would give a 4 star. The staffs were really good and the room was neat. It worth to stay. The only concern is that I had to pay 600 extra apart from what was mentioned in oyo,12 Feb 2023,5
104480,Um,Best facilities and the perfect stay!,12 Feb 2023,5
104480,Nehal Santani,Good staff jolly environment,31 Jan 2023,5
104480,Nehal Santani,Good place to stay and nice economical price it's very good location and safe to stay no disturbance at all I wish visit and stay again,30 Jan 2023,5
104480,KETAN JAIN,none,29 Jan 2023,5
104480,hs,That was a great time and clean hotel nice staff and clear room and easy to check-in and check-out but the only thing is they ask extra money for room but I paid from oyo application then  also they ask extra money.thank you,22 Jan 2023,5
104480,Fahad Bunny,Very good,15 Jan 2023,5
104480,Mohan Sai,"Good for couples and lovers ❤️❤️
Best budget hotel ❤️❤️❤️",13 Jan 2023,5
104480,Ur Highness,The stay was comfortable and safe,02 Jan 2023,5
104480,Annvil Prince,Good rooms,01 Jan 2023,5
104480,Abhijit Dey,The Hotel was well maintained. location is little difficult to identify but still situated in a well accessible place. Rates are far better and cheaper compared to other properties.,01 Jan 2023,5
104480,Shaimu GM,Bath should have been little cleaner everything else ok,01 Jan 2023,5
104480,Sai,Very good to stay in this hotel for we stayed for 3 days they cleaned only one day and in this 3 days they didn't clean our room this is one draw back other than this room is very cool every thing is working ac fan washroom is also good  and bed is also very neat only draw back is they didn't clean for 3 days and another draw back is they asked extra money we booked oyo per day 800  and they said there is a glich issue in oyo app they asked extra money to pay extra 500 per head is 1000 you have to give thousand ruppes otherwise you can book another one they said,28 Dec 2022,5
104480,Jo,Room was clean and neat,28 Dec 2022,5
104480,Sarangadhar Bisoi,Nice,26 Dec 2022,5
104480,Thilak,Friendly staff with cooperative behaviour and made checkin process easy . Would recommend this place,26 Dec 2022,5
104480,Deepu,Nice rooms,25 Dec 2022,5
104480,Chinnu Reddy,"Rooms are well maintained and service is very good, 100% recommended for couples and families.......",25 Dec 2022,5
104480,Poornesh,Good,19 Dec 2022,5
104480,Srihari S,"Room was neat and clean. Check in and check out process were efficient and quick. 
Towels and water could have been provided prior to us asking. Car parking is in road. A safe parking spot would have been appreciable.",18 Dec 2022,5
104480,NASEEM,Hotel is very good and staff is very supportive and good service. Room is clean and drinking water avilable in Room,17 Dec 2022,5
104480,Vinay,none,05 Dec 2022,5
104480,Shaju Kc,Clean rooms and washroom...really worth the price..,24 Nov 2022,5
104480,Pradeep Sarathe,"It was good, room service,room everything",21 Nov 2022,5
104480,Karthik,Nice location & Room cleaness good,19 Nov 2022,5
104480,ankit,Location was quite good there. Fiction giving googl final final final di ho final final dono dono final,18 Nov 2022,5
104480,Nitin Singh,"The hotel was great, good staff and clean rooms",14 Nov 2022,5
104480,Nithin RajR,Hotel and room facilities were good,14 Nov 2022,5
104480,Charles,Room and service were excellent..loved to visit Again.,13 Nov 2022,5
104480,Lucky,Good Response and nice location,12 Nov 2022,5
104480,Baalu Baalu,Good,10 Nov 2022,5
104480,UJJWAL SHRIVASTAV,Awesome and great service,05 Nov 2022,5
104480,Roshan zack,Superb,20 Oct 2022,5
104480,Chayapathi,Go to property you will get a better price,19 Oct 2022,5
104480,Apeksha Pandey,Only for review money,17 Oct 2022,5
104480,komal,The room was good,16 Oct 2022,5
104480,Mounish Reddy,Room was good and the manager behaviour also good.I liked the room.,14 Oct 2022,5
104480,Apeksha Pandey,Good hotel,13 Oct 2022,5
104480,A KKavya,Good,08 Oct 2022,5
104480,Ali,Very good,04 Oct 2022,5
104480,Sushma,Very well maintained,30 Sep 2022,5
104480,jai malhotra,Perfect place to stay in Bangalore. It is close to center and railway station. The staff was also kind and helpful.,29 Sep 2022,5
104480,Siva Gadhamsetty,Good stay,24 Sep 2022,5
104480,Apurwa Sinha,It was a good stay.,18 Sep 2022,5
104480,Suman Mandal,"Nice room ,",08 Sep 2022,5
104480,918892636356 Mijanur,Good ðŸ‘ðŸ‘,07 Sep 2022,5
104480,Naresh G,"Rooms are luxurious, maintained standards in every aspect",05 Sep 2022,5
104480,Karmel,It was nice,02 Sep 2022,5
104480,tasfiaanjum,Might come again!,02 Sep 2022,5
104480,veeranki pavan,Excellent hotel,24 Aug 2022,5
104480,Thilak,Good service,22 Aug 2022,5
104480,Trupti,"Rooms are spacious, clean and hygiene",19 Aug 2022,5
104480,Swati,"Beautiful room, liked the stay",16 Aug 2022,5
104480,Nayon Khan,Good,08 Aug 2022,5
104480,Mohith tej,Good room,30 Jul 2022,5
104480,Madhu Vinay,Reception team is awesome good service also,24 Jul 2022,5
104480,Ajay.D,This oyo was good and clean,20 Jul 2022,5
104480,S.v.sreekanth Reddy,Good,19 Jul 2022,5
104480,Sunilkumar,Clean,18 Jul 2022,5
104480,Lakshmipathi,nice,14 Jul 2022,5
104480,Adithya,It was great,06 Jul 2022,5
104480,Sudhakar,good,29 Jun 2022,5
104480,vijay,good,28 Jun 2022,5
104480,Aruna Yadav,ok,26 Jun 2022,5
104480,Manjunath,Good nice Room,22 Jun 2022,5
104480,Shivani pandit,it was the best!! have been so many places yet this was the best with best support staffs and people!!,21 Jun 2022,5
104480,Ravi Kumar,"good








overall good",15 Jun 2022,5
104480,Rajat Upadhyay,none,08 Jun 2022,5
104480,Rajkumar,Service,07 Jun 2022,5
104480,RAJU KUMAR,very good,02 Jun 2022,5
104480,Hithesh,Stay was very good,16 Apr 2023,4
104480,Sheldon Pais,"Well if your looking for a room on budget during weekdays , go for it. They also have a cafe at the 5th floor. I wouldn't say excellent but not bad as well. Only Cons is that i was not given water bottle and towels and stained bedsheets. Hope i wouldn't face this issue because I would still choose to go here if these small things are taken care of.",08 Apr 2023,4
104480,Harsha Sathish,It was good.... Clean rooms.... Easy check in process which took very less time for the same........,03 Apr 2023,4
104480,Preetham,This is good place for living. Staffs are polite nd good. Easy checkin and checkout. No issues. Ac remote was not given initially,01 Apr 2023,4
104480,Sumanth S,Nice stay with ac and latest wash room and all are good enough for singel saty person,30 Mar 2023,4
104480,Akshaykumar Hedaoo,"Service was good and the staff was nice.
Rooms were clean.
Check-in process was smooth.
They just took extra money at the time of check in",25 Mar 2023,4
104480,Adil,The place is good. The room is clean. But the connectivity to the metro is not far from the place...,17 Mar 2023,4
104480,Kiran NS,Experience was good enough for me for 4 days except the price shown in the app there was a 300 rs hike....and the app does not show the hotels that have offline or online bookings...i booked another one instead of this hotel,16 Mar 2023,4
104480,Anandu Santhosh,Well maintained rooms and very pleasant atmosphere but although everything was okey expect the extra charge they took for early checkin and checkout (early in 1&half hrs rs 300charged AND for checkout delay 2hrs charged rs 500) i think this was little expensive. I had 4days altogether. Still they had no consideration but nice peaceful stay 😊,16 Mar 2023,4
104480,Prasad,They demanded extra money after booking during checkin,15 Mar 2023,4
104480,Shaju Kc,I like the location of the hotel and the pricing ...staff is really friendly and accommodates customers needs. Blindly go for it.,14 Mar 2023,4
104480,Abhishek Kumar,Good hotel with nice staffs. But only problem is location. It lies quite far from important places of city..,07 Mar 2023,4
104480,Abhishek Kumar,"Good rooms, supportive staffs and food delivery from Zomato and Domino's can done from is hotel. Spend a good time here.",06 Mar 2023,4
104480,Abhishek Kumar,"Rooms were good and upto the mark, hotel staffs are so gentle and supportive. Food delivery is accessible.",06 Mar 2023,4
104480,Prudhvi,"Good ,inside rooms are best to stay",05 Mar 2023,4
104480,Prasanth,Charged extra for room. Room is good. But no other facilities. Good for short stays. Overall an average.,04 Feb 2023,4
104480,Nikhil,Good,31 Jan 2023,4
104480,Fehrenbach Lukas,"Very neat, lots of space.Could have been a little bit cleaner!",17 Jan 2023,4
104480,Shankar,Room was neat but rest room was smelly.. By request Later they cleaned up... And they are having fixed payment like 1200 in weekends.. Whatever u pay in oyo  they ll ask u the remaining money... But overall fine..,11 Jan 2023,4
104480,Lipsarani Nayak,"Nice room , but asked for extra money as Oyo was giving prices below 1000, earlier they were allowing with 1000 above prices",09 Jan 2023,4
104480,swathi manyam,Service good,05 Jan 2023,4
104480,Sathish,Good,28 Dec 2022,4
104480,Ayesha,"Location was good and room was spacious. Couple of things that I didn’t like were, no hot water running, room smelled like HIT sprayed, the bed tray and glasses were dirty, bed sheets torn. The bed were joined with 2 separate mattress, which was uncomfortable to rest.",26 Dec 2022,4
104480,Omprakash Dhakad,Rooms are good,19 Nov 2022,4
104480,Abhilash,hotel rooms is spacious other than everything is not good,18 Nov 2022,4
104480,Waseem Basha G,It was good need to work a little on staffing and hygiene,10 Nov 2022,4
104480,Methun,Good staff,10 Nov 2022,4
104480,vamshi,Everything was good . But even after saying to clean the room they clean it . It was only disappointing thing happened to me .,10 Nov 2022,4
104480,eswar,"Nice place to stay 
Only thing they won't provide
Any thing as complementary",09 Nov 2022,4
104480,Leapakshi DB,Very Decent Check in.. Rooms are Good and Clean.,09 Nov 2022,4
104480,Siva,Very good facilities and accessible location from all the places. Staff is also good and responsive.,01 Nov 2022,4
104480,Kiran M,Stay was pleasant...,23 Oct 2022,4
104480,Kaushal,The Room quality was good,16 Oct 2022,4
104480,Rajni,Room is very nice,16 Oct 2022,4
104480,Sreelal soman,A nice experience 🙂🙂,16 Oct 2022,4
104480,Abhay,The room was good. But the bed was making sound and the bed they gave was single bed two made as two. Bedsheet has to clean little more. I hope we are paying this much to get a nice experience. The didn't provided brakefast.,13 Oct 2022,4
104480,vansy,Happy stay,12 Oct 2022,4
104480,Vincent,Good,11 Oct 2022,4
104480,udayan,"Good and comfortable stay. Stayed here for almost around 10 days. Service can be better. Rest all ok.
Recommended for good stay",06 Oct 2022,4
104480,Jeevitha Teju,Good but not so good...no room service or tv recharge only free channel...no proper response...in our room under bed fully dust,05 Oct 2022,4
104480,Ankit KumarVaishnav,Nice hotel with good embiance,02 Oct 2022,4
104480,udayan,Rooms are good and had a wonderful stay. Had a great weekend and looking forward for future stays,29 Sep 2022,4
104480,Uddipta Goswami,Nice stay and comfortable,26 Sep 2022,4
104480,udayan,"Good and comfortable stay. Was here for a complete weekend and loved the stay.

Recommended for stay during weekend.",26 Sep 2022,4
104480,udayan,"Was here for a complete weekend, and loved the vibe here. Rooms are spacious and drinking water facility too available.
Great Stay!!!",26 Sep 2022,4
104480,Devesh Kumar,"It was a decent place . Location is good
Can become better if basic things like cleaner linen and bathroom products are provided
Some rooms need finishing",24 Sep 2022,4
104480,Janaki Ram,Neat room but no hot water for bathing,19 Sep 2022,4
104480,Inukollu NikhilReddy,Nice place to stay.,19 Sep 2022,4
104480,Shamsheer,"Nice stay ,good staff",19 Sep 2022,4
104480,Bharath,Good,18 Sep 2022,4
104480,vikas,"Location is good, staff are decent,very thing is ok just there is no kitchen.",15 Sep 2022,4
104480,Suhas,Room was good clean and maintained..,14 Sep 2022,4
104480,RK Razak,Good one,14 Sep 2022,4
104480,Reshmi Arunkumar,Was neat and clean. Satisfied,13 Sep 2022,4
104480,udayan,It's a good stay. Perfect stay if planning for weekend holidays. Staff is friendly and the service here is good.,12 Sep 2022,4
104480,Harsha Raj,"The room is really good, but sometimes they forget to add towel and shower items.",12 Sep 2022,4
104480,Mehul Patel,Nice,10 Sep 2022,4
104480,udayan,Good stay. Location is very accessible.,09 Sep 2022,4
104480,udayan,Good stay. Friendly staff.,07 Sep 2022,4
104480,shobanath,Good,04 Sep 2022,4
104480,Shiwam Nishad,"It is good ,safe  and hygeine. If u want high speed wifi and smart TV not recommended becoz only free channels are available on tata sky.24 hours water supply.If u want good place to just rest and stay go for it.",21 Aug 2022,4
104480,Pradeep,It is good to stay,21 Aug 2022,4
104480,Francis Rossario,"Decent room and pricing, highly recommended",16 Aug 2022,4
104480,Gouri K,Good stay...,15 Aug 2022,4
104480,reswatyrr,Super,12 Aug 2022,4
104480,Pardhasaradhi,Good,12 Aug 2022,4
104480,Mallikarjun,Good staff and very polite. Locality also very nice,11 Aug 2022,4
104480,Shrikanth SShenoy,Ignore all the previous reviews who received but genuinely the room was good everything was good.,05 Aug 2022,4
104480,Minto,none,22 Jul 2022,4
104480,Rajeev,"Room is neat and clean easy to reach there and best connectivity across road, rail, air",18 Jul 2022,4
104480,Resh S,Good,16 Jul 2022,4
104480,gope umesh,The room was clean and was very bright.The toilet was not clean and had a bad smell,12 Jul 2022,4
104480,sushil dhar,Room is near and clean 300they r charging extra per day that is one thing but worth for money.Room is near and clean 300they r charging extra per day that is one thing but worth for moneynHealth wash was broken but still bet and room was clean,10 Jul 2022,4
104480,Karthik Sivam,good,09 Jul 2022,4
104480,Inukollu NikhilReddy,Good,21 Jun 2022,4
104480,Inukollu NikhilReddy,Good,21 Jun 2022,4
104480,Inukollu NikhilReddy,Good,21 Jun 2022,4
104480,Inukollu NikhilReddy,good,21 Jun 2022,4
104480,Inukollu NikhilReddy,Good,21 Jun 2022,4
104480,Rohan Sathish,AC wasn’t working properly. Towels and water weren’t provided until asked. The sheets were dirty but were changed later,12 Jun 2022,4
104480,Vineeth,Good,07 Jun 2022,4
104480,Adarsh Jaiswal,good,04 Jun 2022,4
104480,venkat,"Room is good but not provided parking facility, need to focus on  this and maintain the washroom with handwash or shower gel",15 Apr 2023,3
104480,khadar,"Room was good and clean , food service is excellent, bathroom neatness is not maintained, Tv not working",02 Apr 2023,3
104480,Utpal Shivam,No handwash in the bathroom. They forced me to pay extra amount,29 Mar 2023,3
104480,Ajin,none,19 Mar 2023,3
104480,Preetham,"Stay was avarage, few things were missing. I don't know what was the reason. There was no mun in the bathroom",15 Mar 2023,3
104480,Sridhar NS,The room didn’t have water bottle and towels. The ac wasn’t working either. But the room was quite clean.,04 Mar 2023,3
104480,abhishek kumar,"Great location , but the hotel doesn&#39;t look very safe , rooms lack maintainance ..",01 Mar 2023,3
104480,Jagadeesh Kumar,"Room is good but they are charging extra amount Even we prepaid. 1200 is amount they are charging.
It is showing around 800 to 900 in app while booking.
Once we went there to checkin they will ask you to pay remaining amount",12 Feb 2023,3
104480,Swati,"Room bedsheets used were not clean and neat. When I asked them to change, they asked to change Oyo and shift to any other hotel. No in house restaurant.",07 Feb 2023,3
104480,Verified guest,"The room was not that clean. There was no WiFi nor was the TV working properly. 
Way below the quality standards. 
Also the person charged extra 500 from that which price which was already booked and paid online.
Seems more like a scam, don’t fall for it. 

This would have been probably been the worst kind of townhouse ever been, and way too low in matching it’s quality of the townhouse. 
If you feel all this like an exaggeration, check for ourself and fall prey for it. 
Thank you )",21 Jan 2023,3
104480,Karthi,"I have booked this hotel (book now and pay at hotel ). But when I'm check In, they have charged extra 500 rupees. I asked for the reason. They told that my booking amount was very less. 

My question is, Then why we are booking on oyo? And why agreed for the oyo partnership? 

Apart from this room was good.",21 Jan 2023,3
104480,Nikhil Kumar,"No hot water, flush leakage, bed was not comfortable.
Room was spacious if other things can be rectified will be able to plan next time stay as well",08 Jan 2023,3
104480,ATHUL JAIN,The townhouse is accessible. Didn't provide soap or towels. False claim of having an in-house restaurant,05 Jan 2023,3
104480,Mohammed Abdul,Room was good but washroom door was broken and it was stinking and TV was also not working and proper lights,02 Jan 2023,3
104480,Nithin Hemachandran,Very bad bathroom. Not cleaned and maintained properly.,20 Dec 2022,3
104480,Kumar Jyotindra,"They charge extra money there ,they said they don't know Oyo discount you have to pay other wise cancel your booking,  they gave us room around 40min late and then no towel and water given we had to call two times then they arrange towel and that was small one .
Overall ok..ok experience. They don't give room less than 1k. So be prepare .",21 Nov 2022,3
104480,Mahesh,Good stay,20 Nov 2022,3
104480,Abhilash,no proper service,17 Nov 2022,3
104480,Shony,Poor service,13 Nov 2022,3
104480,Amar,Not cleaned I found bed buggs and they ask me to pay full of amount without a discount,06 Nov 2022,3
104480,Waseem Basha G,Was not clean and hygiene AC was not working staff was so rude,01 Nov 2022,3
104480,Syed Maaz,It was fine but the room had no ventilation or any natural light source. The telephone was not working for me to get water or anything. They charged extra for early check in but i needed just a 7 hours stay. It costed me 1352+200 for a small room like that and it doesn't seem fair. The remaining was fine.,31 Oct 2022,3
104480,Snv.Kiran,Reception person good,28 Oct 2022,3
104480,Romeo Gomes,"The AC wasn't working properly. The telephone for calling the reception wasn't working. No room service and had to walk myself till the receipt multiple time just requesting for plants at the time of breakfast, lunch and dinner.",04 Oct 2022,3
104480,Ankit,No amenities provided,01 Oct 2022,3
104480,shashiffa,"Room was higine, but not provided a single towel n soup shampoo ,water bottle",27 Sep 2022,3
104480,Gokulraj,Better,24 Sep 2022,3
104480,7026341868 Maheshwarim,Good,23 Sep 2022,3
104480,Vignesh Manohar,The employees over there would allow you to check-in only if you have paid 1000+ rupees.,04 Sep 2022,3
104480,Akula srikanth,Blankets are nit in good condition,02 Sep 2022,3
104480,Babu Reddy,Need more cleanliness on bed and blankets,28 Aug 2022,3
104480,Venkat,"Not provided any amenity. Towel, soap nothing. No service at all",26 Aug 2022,3
104480,Aditya Krishna,Good room but not clean enough. Dirty bedsheet,21 Aug 2022,3
104480,Rakshha,Not bad,20 Aug 2022,3
104480,Vinayak,Toilet was not clean,17 Aug 2022,3
104480,SwathiG,The restaurant of hotel is closed. Rooms on left corridor are not worth the pay.,10 Aug 2022,3
104480,Srinu Thamatapu,Infrastructure is good and staff is very friendly,09 Aug 2022,3
104480,Gaurav Kumar,Good,01 Aug 2022,3
104480,Aluri Prabhakar,rooms are good.tv service not working,17 Jul 2022,3
104480,Yaswanth,poor checkin,14 Jul 2022,3
104480,Supritha,"No hot water, towels not provided. Room not maintained well. Place and stay was good",12 Jul 2022,3
104480,Evangeline Maria,Fan is not proper,05 Jul 2022,3
104480,rj,"staff behaviour quite become good
otherwise receptionist was very good",24 Jun 2022,3
104480,Gnanasekar Mani,During Checkin if we paid less through Oyo app they don't allow us until we pay extra (For example: 1000/ per room / per day for 2 people),16 Jun 2022,3
104480,Chetan,service is bad,11 Jun 2022,3
104480,Riyaz,i have booked in oyo app they provided one cost and..when i reached to oyo the manager asked me to pay extra amount.. that's not good for new ones..,10 Jun 2022,3
104480,Mario,"The AC doesn't work. And it's a room with no windows.
You can imagine the misery.
Especially on a hot humid summer day.
Luckily I spent only a few hours there. .but trust me it was he'll.
If they atleast provide ventilation a fan would have sufficed.
The pack of fresh air moving through the room is a rarity and I had to keep the door open to air out the room periodically.
I even though of keeping the door ajar as I slept.
But the dear of a stranger getting in at night made me choose otherwise.",18 Mar 2023,2
104480,Pratheek,Oyo has nothing to do with their business. We just paid 50% more other than what we paid through oyo. This is really a scam.,29 Jan 2023,2
104480,Balaji,No prominent sign of the OYO. Primitive lifts that stopped in between. Poorly maintained washroom and linens. No toiletries.,11 Jan 2023,2
104480,Lokesh,We are charged with excess money which is not shown in oyo app and service is also not good like townhouse.,07 Jan 2023,2
104480,SreejithNair,Room was not cleaned and bathroom door was broken and was not able to close.Bathroom was stinging like never cleaned.No towels and toiletries were provided,06 Jan 2023,2
104480,Nabeel,They took extra amount after booking in OYO,03 Jan 2023,2
104480,Kiran Saldanha,"There were no towels, the chair was broken, the bathroom door wouldn't close. There was no toilet paper, no handwash, soap, or any other toiletries. The ACs remote control was missing, and people kept trying to open the door in the night.",02 Jan 2023,2
104480,Akosmeeta Hazarika,"Quite liked the overall property. But there was no resturant or cutlery services present, unlike what OYO showed while booking. Cleanliness, nice. Hospitality, okay. 
The hotel charged extra money upon checking-in.",26 Dec 2022,2
104480,Ravishankar Kumar,Room was not clean also Towel & shop not given,14 Nov 2022,2
104480,Abhinandan,Stains on the bedsheets pillows.,14 Nov 2022,2
104480,Sreenidhi S,"No towels, bed was bad.
TV remote not there.
For early checkin I did at 10.30 the charged me 300 extra",13 Nov 2022,2
104480,Vinay Jonathan,"The person asked me to pay extra, telling me OYO is lieing and putting prices, which isn't right! Had to end up paying extra. I also asked him for a change of bedsheets and pillow covers, he said they'll do it by no one came.. Worst service ever.",07 Nov 2022,2
104480,Tony,"Worst washroom, not cleaned attol full Urine smell and Poor furniture.",07 Oct 2022,2
104480,Pinto SamSon,"The service from hotel is very bad ,the price us different in oyo app and whatnthey are charging is different i hv paid 600 rupees extra ,there is no towels, no water, no proper foods snd the location is also bad .....very dissapointed with my stay ,i was not having other options to stay because i was in traveling ..very bad",30 Sep 2022,2
104480,Nandu K,Not satisfactory,25 Aug 2022,2
104480,Kurri Srikanth,"Even after my request they collected the total amount,  as i left the room on same day nite at 9PM,,",21 Aug 2022,2
104480,shree,"Hi 
   No hot water, room is nt that clean, if we inform to them, they I'll tell call to customer care and they chang to near buy room , this how they treat, i would request not to repeat this again,bcz every regular to this Oyo 
Thanks and taker not to repeat",14 Aug 2022,2
104480,jonnavittula prasannakumar,Room cleaning is not happening,11 Aug 2022,2
104480,Amal Antony,Had an awful experience staying at this place when i had to stay with my wife for two days in Bangalore. This would be the worst townhouse experience I've come across. The guy in the reception insisted money for early check-in even post 10:30 AM. Then we got into our room. The room was smaller than expected. Everything was so unclean. Washroom was a mess. Then i had to come back to reception to request a room change. The receptionist was arguing with me that the room was unclean. Even before me there was a couple who requested for room change. Then we had to wait there for 20 min. Then finally we got our second room. The situation was much worse there. The AC was not working. The taps in washroom were broken. I had no choice and contacted customer care. When raised a ticket the CC assured my issue would be resolved. Few minutes later the property manager came and inspected the issue. He had no other option to accept the fact that they have a poor service. Then i was given a new room.,03 Aug 2022,2
104480,Bharath Reddy,Room is not hygienic,30 Jul 2022,2
104480,Shivananda,Oyo is changed 116+1037 but Oyo assistant telling 980.rs is still no contact me y doing like this this is Oyo not working good i m very bad service like this,26 Jul 2022,2
104480,Amlan De,No one will disturb you.Lift was pathetic. No restaurant. You have to struggle to lock the door.,19 Jul 2022,2
104480,Sachin,"whatever u pay in oyo app ,it doesn't matter to them... they will charge u extra upto 400rs and there is no kettle, plates, service is very bad, if u call them also, they ll give false promise, and electricity issue.",11 Jul 2022,2
104480,Sai Kiran,They asked for extra money,04 Jul 2022,2
104480,Sudarshan,The manager asked me to pay extra to get the room and the washroom is very small,29 Jun 2022,2
104480,Deepa m,no ventilation to room and washroom was not clean and tap was broken,26 Jun 2022,2
104480,Ram Murti,no cleaning services.I am staying here from last three days but they haven't cleaned the room once. Pathetic service.,12 Jun 2022,2
104480,919581233663,payment realated,06 Jun 2022,2
104480,Suraj Rajiv,"we were forst goven a roon which didnt have a working AC or TV and then shifted to another room, after which yhere was a power cut. we didnt have electricity in the room for 20nmins and later when enquired they ignorantly and casually said theres no power in the room and shifted us to the previous one woth no AC. Not satisfied.  
PS. we had paid in advance.",06 Jun 2022,2
104480,Basil,Unhealthy,21 Apr 2023,1
104480,Danish,Had to pay again and again,19 Apr 2023,1
104480,Koneru Saikumar,They asking extra money,17 Apr 2023,1
104480,Ellangovan,worst room ever I stayed no proper cleaning... I requested to change the room but they denied,14 Apr 2023,1
104480,Chandramohan Reddy,"Room is nice but they asked us extra amount to pay after reaching the hotel ,they are saying min 1000 rupees per room then why to follow oyo pricing.",10 Apr 2023,1
104480,Aishwarya Hajra,Rooms were very soggy and kind of odd,31 Mar 2023,1
104480,Narasimha,"No cleaning...no change of bed sheet
..no care for hygiene bath room...no hot water",31 Mar 2023,1
104480,jewel frank,"Location was good staff were also nice to me but cleanliness was extremely poor
Linen was dirty as hell
They didt even change the bed sheets and pillow cover
Bathroom is very smelly not cleaned well
They dont provide bath towels and cleaning essentials",12 Mar 2023,1
104480,sai,room service was bad and AC is not working in my room no ventilation for the rooms bathrooms was so bad,12 Feb 2023,1
104480,Sawan Kumar,"Everything was bad experience staying at hotel. Hotel owner charged extra money without giving the bill even I had paid at the time of booking.

The aura of hotel is extremely bad. If you have to stay at hotel stay at your own risk. 


I don't recommend this hotel.",09 Feb 2023,1
104480,Shubham Kumar,Hotel extra 500 rupees for 1 day stay,05 Feb 2023,1
104480,Prasanna Kumar,Not clean and they have charged 200 more due to server issues and rooms were too small,01 Feb 2023,1
104480,Pratyaksh Shrivastava,Was supposed to get the room at 650 but after reaching there they said 1200 or ask them to change the hotel at 11pm,30 Jan 2023,1
104480,Paul,They r collecting 500 extra and cleanliness is poor,29 Jan 2023,1
104480,Ajay,"When i booked from oyo app at the time it showing 620rs, but the hotel manager asked 1200rs it's worst",29 Jan 2023,1
104480,Vijay,They taken additional 300 rupees for room booking. They told Oyo price we can't give room and our room price is 1000 rupees. So i paid.,24 Jan 2023,1
104480,elluru sai,"Nothing.No facilities, no hot water, no cleanliness",21 Jan 2023,1
104480,Tom George,The hotel receptionist forced to pay extra cash in order to provide room service and his reason was oyo is giving discounted price and we dont give rooms on that price.,19 Jan 2023,1
104480,Lakshmi Prasath,"Apparently Oyo booking doesn't matter and it means nothing. When we go to the property we are required to pay whatever amount they say otherwise we don't get to check-in.

Oyo service is dying day by day. Not satisfied with the service.",13 Jan 2023,1
104480,Gowtham,"No TV NO FAN 
AND ROOM IS TO CONJECTED",03 Jan 2023,1
104480,manohar nayak,It was not authorised by Oyo and bathroom door was not gud.... There is no exaust fan in bathroom.....,02 Jan 2023,1
104480,Naveen Kumar,Though you get offer in OYO app and when I visit the hotel they charge extra money which was not professional.,31 Dec 2022,1
104480,rohith,"Ola charge some amount and hotel team will charge a hefty amount while check in by understanding the requirement of customer. I was in emergency got some surgery so couldn’t travel back to home and opted to stay at OYO . When I booked the hotel it was 480 and when I reached hotel the amount was Rs 1000. And no response from OYO too. And hotel guys are least bothered to gave away the basic amenities like soap, towel, Tv etc",26 Dec 2022,1
104480,Sanjay Singh,"Worst service people, charged extra , no service and shouting noises",26 Dec 2022,1
104480,Sri,After checkout they simply call to do checkout,12 Nov 2022,1
104480,Prem Sagaf,"Worst cleaning, unhygenic",29 Oct 2022,1
104480,Sumukh,Room condition was extremely pathetic,20 Oct 2022,1
104480,Rishikant,They charged extra with us,15 Oct 2022,1
104480,Anish Sikarwar,"I rated 1 star because I can't rate 0. This hotel gave a dirty room with no cleanliness, rude reception guys and asks for extra money if you book through oyo. And pathetic customer service policies of oyo makes sure you are stuck in dirty places and your money goes off to oyo.",15 Oct 2022,1
104480,KIRMANI MUSAIB,THE STAFF IN THE HOTEL HAD EXTREMELY BAD BEHAVIOR.,14 Oct 2022,1
104480,Kishore,I was charged more after I visited the place by the reception,14 Oct 2022,1
104480,VIGNESH KALAPPUR,no good. door locks in and out very hard. restroom not hygienic.,10 Oct 2022,1
104480,Rishikant,"They are charging extra money , IF you don’t pay they will let u out from room , very very rude staff",09 Oct 2022,1
104480,VINEETH NAAG,"Long waiting hours of 3.5 hours.
Extremely rude behaviour by staff and untidy rooms
There's even no bolt and locks for the room
Bedsheets are having multiple stains",03 Oct 2022,1
104480,Prasad,Poor stay. Worst service. Management blaming OYO for not paying them by cancelling our booking so they are treating customers by demanding extra money. Please take action on this particular hotel!!,03 Oct 2022,1
104480,Anuradha Parshipalli,The room was not at all upto the point we have checked in to stay for a day but we checked out the same day.,03 Oct 2022,1
104480,akhil reddy,"Charging high amount when checking in don’t book and pay amount. Come directly and pay hear, oreles u will loss money. Stay and privacy is good, just because of amount I am giving bad reviews on",02 Oct 2022,1
104480,Sai,The hotelier asked for additional money than the online payment saying that there's a problem with OYO.,30 Sep 2022,1
104480,Manikanta sai,Login is getting late every time and price High,26 Sep 2022,1
104480,Vimal Vijayakumar,pathetic is the least word to say.bad room service &amp; manament,26 Sep 2022,1
104480,Jonathan Dsouza,I've never seen such a shady and not looked after townhouse ever. It was a nightmare. The stench in the room was so bad. The linen was dirty i could see blood stains on the sheets and the pillows were brown because of how dirty they were. The bathroom was horendus. Door nob broken. All in all never recomend Oyo to anyone if this is the condition it has dropped down to.,22 Sep 2022,1
104480,Irshad Ahamed,Got extra money,21 Sep 2022,1
104480,N Kumar,"Lacks everything basicNil.- Unprofessional and unfriendly staff. n- No hot water during night hours. n- No ventilation. Closed room with no windows. n- no running water for more than an hour in the morning. . n- No drinking water, towels and toiletries in the room upon arrival. Had to wait close to an hour after several reminders. n- Was denied tissues. n- lack of cleanliness. Washroom lacks basic cleanliness. Stains almost everywhere. n- lots of wear and tear everywhere.",18 Sep 2022,1
104480,Kishu Kumar,"No windows, no ventilation, instead of double bed there was 2 single beds attached",05 Sep 2022,1
104480,Sri,Check-in experience is worst. They are asking too many questions. No room service. Bathrooms are not clean. Location is narrow. Lift not working.,04 Sep 2022,1
104480,RAJESH SAI,Very worst management and rooms are not good to stay with family.heavy smells and etc...i will not suggest to stay here.,01 Sep 2022,1
104480,Zubair Ahmed,"Charges were extra 300 rupees & there was no facilities in room,like towel soap nothing
Horrible experience",28 Aug 2022,1
104480,Ratikanta Sethi,Extra pay 300 Faltu rooms,28 Aug 2022,1
104480,Rajeev,"It's budget hotel.. not 3 star or even 2 star .. no phone receivers. No tv remote, no chairs, no ventilation.  If you are with family don't go there. No bottled water, they will give you, ro water ..Yellowish water. Don't drink. Beds are OK, inside industrial area, even hotel is inside some metal industry.",26 Aug 2022,1
104480,Prithvi Raj,"No proper hygiene, towels not provided felt insecure",19 Aug 2022,1
104480,Niyas,They are charged 200 extra to me they are not provided towel shampoo soap and all worst service,18 Aug 2022,1
104480,Naveen,This people cheat alot when we pay through UPI there was an offer and when we check-in they are asking us to pay the discounted ammount(offer)which was initiated from the Oyo app.They this customer care they put me on hold n didn't even care to retrieve the hold.  DISCLAIMER - Please don't even try to book this hotel as the offer is displayed on the app.,18 Aug 2022,1
104480,sreeharsha,"Hotel guys are charging additional amount at reception. Rooms are stinking, cots noise, smelly washroom. Hotel is not at all meeting Oyo standards.",18 Aug 2022,1
104480,Karthik,Owner asked to pay extra money,15 Aug 2022,1
104480,Easa,Staff was very rude and asked me to change the location i wanted to extend the stay he rudely asked me to get out and some strange guys was  peeping in the room from outside of the door very disappointed with oyo to to have such hotel in there oyo hotels,12 Aug 2022,1
104480,doraswamy naidu,They charged 300rs extra even after the full payment done on app online. Waste of time and money!,08 Aug 2022,1
104480,Daniel Karthik,Very rude behaviour by receptionist..would never recommend to this place..,04 Aug 2022,1
104480,Ramoju Dhanush,charged extra in a very rude way,02 Aug 2022,1
104480,Darshan Somashekar,Its very poor workers. Worst room maintenance. Bad reaction against customers please don’t go anyone. And if we did in any discount they will ask extra to pay 1k please don’t go for navya townhouse oyo. Nowadays oyo became tooo worst,02 Aug 2022,1
104480,Sagar GV,"Bed was dirty and not maintained at all.
Need to wait 30min - 1hr get the room which was books days ahead. As most of then who come here are couples they don't have any choice but to wait 🥲. 
Rooms are not worth even 500rs but they want you to pay 1000rs even when app shows less.",31 Jul 2022,1
104480,Tarun Jain,They didn't allow for chcek in simply said we don't have rooma,30 Jul 2022,1
104480,Halarnkar Aakash,The worst management &amp; the reception guy was so rudely.,22 Jul 2022,1
104480,Pankaj,none,17 Jul 2022,1
104480,Rohit,"I don't like anything staff attitude  is not good  
Room is not good",11 Jul 2022,1
104480,Hasnain Khan,"Worst experience, denied checkin",11 Jul 2022,1
104480,Ranjith Kadarampalli,Very bad.Bad,11 Jul 2022,1
104480,Aryan Mitra,"The hotel charged extra cash because of discrepancy in the website Cost and hotel cost, the experience was really bad the hotel did not have basic amenities like water shower also.",10 Jul 2022,1
104480,Kisra,Faced issue with payment,09 Jul 2022,1
104480,VISHNU KALLEMPUDI,"It&#39;s a pathetic hotel and experience. It is the worst hotel i ever visited till date. I have nothing to like.Worst bathrooms,  bad toilet fittings, broken taps, smelly blankets nand untidy surroundings. Very expensive, difficult to locate. Its hell of a hotel. Waste of money. No commutation",06 Jul 2022,1
104480,Avishek,Room not clean.. was asked for more money to checkin,05 Jul 2022,1
104480,S PraveenKumarReddy,home town hotel is waste no proper comunication with customer,05 Jul 2022,1
104480,Sharad Naik,they take extra 400 for check in. don't provide invoice. wait hours to check in. after all the waiting ultimately get poor condition rooms.,04 Jul 2022,1
104480,Dileep Sathyadasan,"PatheticLocation.No Towel, No water, No Soap, No sampoo, No dental Kit, No Room Service. Bedsheets are not clean. Not sanitized.",29 Jun 2022,1
104480,Chitra,"The staff were very rude, and tv and kettle was not working, bucket was not dere. Not worth staying in this hotel.",25 Jun 2022,1
104480,Keerthi,there was no water availability for a very long time and very poor response from the management. didn't provide any toiletries as well. didn't not expect such a standard from OYO,19 Jun 2022,1
104480,Kiran Karnam,the person in the reception was rude in answering the questions. Not reallyhelpful and full of bad attitude. He treated us as if we are beggars who have come there to take accommodation for free.,19 Jun 2022,1
104480,sudhir kathi,"Not even one point I can think of which attracted me ..! Already escalated on facilities and other issues, no response not sure why do you take feedback for such hotel.",15 Jun 2022,1
104480,Vvd Kumar,AC IS NOT WORKING IN ROOM IF WE ASK RECEIPONIST .BEHAVIOUR IS RUDE ON NIGHT 9.30 THEY TELL TO CHECK OUT,14 Jun 2022,1
104480,Karthik,"if we book also, we don't get room, if we go they say sold out & send us back & they make us stand in middle road",10 Jun 2022,1
104480,Nandini kaniappan,Not happy with the ambiance and property,10 Jun 2022,1
104480,Raj Kumar,"TV not there ,
No electric kettle",05 Jun 2022,1
104480,S FairozKhan,Took extra amount of rupees 470 in checkin,01 Jun 2022,1
104480,Sandra Solomon,"there was no TV, i spent 2 hours trying to find a new property since i was disappointed with this property.",01 Jun 2022,1
