hotel_id,user_name,review_text,date,title
104401,Kodakalla Rohit,I lt was great experience and well maintained space and and we'll manred staff and would love to stay again,25 Apr 2023,5
104401,Praveen,Super,25 Apr 2023,5
104401,Guest,Nice staff,25 Apr 2023,5
104401,PRITHAM K,Best stay and comfortable,12 Apr 2023,5
104401,Navaneeth Nambiar,Staff,09 Apr 2023,5
104401,Subani MM,Good.Good,05 Apr 2023,5
104401,Prasanna,Very easy to book and comfortable stay service is good reasonable price value for money in tour,04 Apr 2023,5
104401,Abhiram Reddy,"Good stay and budget hotel when compared to others in surrounding.
Near to rmz ecospace and it is 1.2 km away",01 Apr 2023,5
104401,SURAJ NAYAK,Room was excellent and clean . Daily housekeeping and room with ac with such a reasonable price.,01 Apr 2023,5
104401,VaibhavBhatnagar,Good,16 Mar 2023,5
104401,Harish Kumar,Room is so good and neatness. I'm so comfortable to live in hotel,12 Mar 2023,5
104401,Shekhar Jha,Everything was great. It was a great experience. The staff is helpful and listen to you. I wanted an extension on my booking with the same room and they agreed and helped us with that as well.,10 Mar 2023,5
104401,k. saisriram,Nice room and good hospitality. Love Oyo.,10 Mar 2023,5
104401,Kara,"The rooms were clean, very comfortable, and the staff was amazing. They went over and beyond to help make our stay enjoyable. I highly recommend this hotel for anyone visiting downtown",04 Mar 2023,5
104401,Vikash,Service was good. Staffs are gentle and helping. Hygiene and cleanliness are maintained. Thank you.,01 Mar 2023,5
104401,Akhilesh,Wonderful stay excellent staff easy checkin,22 Feb 2023,5
104401,Rupesh Ekka,So Good and comfortable room.,20 Feb 2023,5
104401,Kara,"The rooms were clean, very comfortable, and the staff was amazing. They went over and beyond to help make our stay enjoyable. I highly recommend this hotel for anyone visiting downtown",18 Feb 2023,5
104401,Akhileswar Reddy,My stay was in the early Feb 2023. The staff there are very friendly and helpful. Overall I had a good experience and a value for money,16 Feb 2023,5
104401,Anudeep Kumar,Small but cozy place to stay. Good hospitality.,13 Feb 2023,5
104401,KARTHIKKUMAR PARTHIBAN,Facilities provided in the hotel.Na,12 Feb 2023,5
104401,Hasean B,"Basic amenities are given, Room was clean, very good place for resturant was nearby. Good visit so far.",11 Feb 2023,5
104401,Kumaran,The place is well located near the tech parks. Very helpful staffs and they were kind to help you with any assistance required,06 Feb 2023,5
104401,Poor a,Stay is good and comfort,05 Feb 2023,5
104401,Deepak chekuri,Room was clean,01 Feb 2023,5
104401,Manvendra Singh,Room was,19 Jan 2023,5
104401,Manvendra Singh,The check-in was really smooth. The room was clean and sorted. Nice locality with many food options available nearby.,16 Jan 2023,5
104401,Kiran,"Excellent stay, Excellent staff, Excellent ambience. Highly recommend for visitors to stay if they are near Sarjapur",14 Jan 2023,5
104401,Stefenaramaiah,Hotel was clean and tidy. Staffing was too good,13 Jan 2023,5
104401,Manvendra Singh,"Hassle free check-in, friendly staff. The rooms were clean as well. Good locality. No in-house kitchen but good options available just beside the hotel.",10 Jan 2023,5
104401,Abhishek,Staff was awesome. Nice services value for money,07 Jan 2023,5
104401,Manvendra Singh,"Smooth check-in, no hassle. The room was clean and the locality was also nice. Over-all a good experience.",06 Jan 2023,5
104401,Ankit,Hotel is very good but there is no parking,06 Jan 2023,5
104401,Balakrishna P,Good service,03 Jan 2023,5
104401,Rajamohan Reddy,Good,25 Dec 2022,5
104401,Rajat aggarwal,Room was clean,22 Dec 2022,5
104401,SATISH KUMAR,"Rooms were good 
Wifi is bad
Hot water is good
No food inside the hotel
Swiggy Zomato allowed
Friendly staff
I will recommend this near to office",22 Dec 2022,5
104401,Saurabh,Good staff,12 Dec 2022,5
104401,Pavan,It was a good comfort and employess were also very good but for parking it was too conjusted except that all was good,11 Dec 2022,5
104401,Simran bagga,It was really a good experience,10 Dec 2022,5
104401,Shivani Sathyanarayan,Had a great experience here will visit everytime here,04 Dec 2022,5
104401,Dadu,Good,28 Nov 2022,5
104401,Siva RajaReddy,Good hotels,20 Nov 2022,5
104401,Praneeth,Good but location is not on main road,19 Nov 2022,5
104401,Sailendra Singh,Best ever stay in marathalli BangaloreIts a best stay in marathalli. And all the working staffs are awesome. For your every query they deal with great smile and politely... I can say it&#39;s best stay in. Marathalli.I guess there is nothing which I didn&#39;t like there.,17 Nov 2022,5
104401,Prajwal,Good,15 Nov 2022,5
104401,harish kumar,Very good service Providing,06 Nov 2022,5
104401,Basavaraju,Stay was really smooth for my entire stay 3nights.. people are responding when I needed anything..,19 Oct 2022,5
104401,nigil,Decent room,17 Oct 2022,5
104401,Venkata Kiran,Neat and clean,07 Aug 2022,5
104401,Sachin Kumar,Very good room and safety and cleaning allso good,30 Jul 2022,5
104401,Deepak M,Nice room,25 Jul 2022,5
104401,Adithya RUdupa,Staff was friendly and supportive.,23 Jul 2022,5
104401,Vartika Malguri,"Like the environment and staff 
Wifi was available good service",17 Jul 2022,5
104401,Abhisek Chatterjee,none,08 May 2023,4
104401,Gowtham,Good,30 Apr 2023,4
104401,AKASH,Tv not working,22 Apr 2023,4
104401,B VSitaram,Nice place to stay.. but need good hsptlity managers..,09 Apr 2023,4
104401,Pranav Pramod,Nice stay. Good option,02 Apr 2023,4
104401,Akhil George,Good hotel . Neat and clean.,31 Mar 2023,4
104401,Piyush Jhawar,The rooms are relatively clean and spacious for one person stay. The staffs are friendly and helpful.,30 Mar 2023,4
104401,Anudish,none,26 Mar 2023,4
104401,Rabi Kumar,The room is good and the hotel staffs are well behaved.,19 Mar 2023,4
104401,Anju,Room.was good but ac was not working properly otherwise good experiance,10 Mar 2023,4
104401,Ameen Shafeef,"The room was clean 
Hotels location is very accessible 
And staff is polite and helpful 
One of the best OYO s I ever stayed in",08 Mar 2023,4
104401,Prashant Gangwar,"All was good at the hotel.
Pros:
Helping staff
Early check in (on availability)
Clean rooms

Cons:
No set box for television means no television 
No inhouse kitchen
Visitor not allowed",08 Mar 2023,4
104401,Ameen Shafeef,"The stay was good
Staff was polite 
They could improve on the cleanliness 
The bedsheet and bed looks like it has not been seen water since it’s production",01 Mar 2023,4
104401,Aayush,"At this price room is good, lacking amenities mentioned as follows: TV, AC (not working). 
Wifi was working, market place nearby to visit. 
Bathroom was very small with no amenities. Flush was also broken",24 Feb 2023,4
104401,Rajesh,Very nice place to stay...and staff behaviour with customers is very excellent..... maintaining cleanliness...stay is very excellent,20 Feb 2023,4
104401,Divyaranjan Deviprasad,Good place as per the price range. Good service.,17 Feb 2023,4
104401,Anushka,It was a good experience there can recommend to others cleanliness was also good.everything was neat and tidy.Satisfied.,13 Feb 2023,4
104401,Hareesh,The location is near to my office and hence I selected this hotel and it’s a decent one for the price I have paid…,10 Feb 2023,4
104401,Priyanko Bose,Clean rooms. Nice people.,09 Feb 2023,4
104401,Ravi Subramanyam,I liked the hotel and staff. Location is very good...!!,01 Feb 2023,4
104401,Naveen,"The staff is Very politely and well behaved staff..
Had no issues and rooms were clean and well maintained",15 Jan 2023,4
104401,dolla john,Ambience and food is good but your service agents must take more interest in cleanliness and neatness because costumes are not interested to see cockroches where humans pay and live and eat and stay,08 Jan 2023,4
104401,Sourab Yadav,Good,02 Jan 2023,4
104401,DerrickKeithMonis,Good for solo Travellers,27 Dec 2022,4
104401,Sachin Srinivasan,Not bad room. The tv and wifi doesn't work. Bed and bathroom are decent. Room is good for short stay IMO.,26 Dec 2022,4
104401,Vineeth das,Rooms are okk but no hot water.. and water tap are not working,25 Dec 2022,4
104401,SATISH KUMAR,"Stay is good .Wifi is not good .
Near to office and tech parks",22 Dec 2022,4
104401,Bhavesh chauhan,Good service,20 Dec 2022,4
104401,Sachin Srinivasan,"Good for short stay, room was clean. Bed and sheets could be cleaner. AC, fan lights etc works fine. Wifi not so reliable .",10 Dec 2022,4
104401,Shubham Kaushik,"Hotel was good , stay was nice. There was no problem in checking in this hotel via oyo platform. Ambience could be improved",22 Nov 2022,4
104401,Aniket wanare,Good and fast service,01 Nov 2022,4
104401,nigil,"Good room ,car parking is outside the property",20 Oct 2022,4
104401,Aparna,Service was good and the room was clean,16 Oct 2022,4
104401,Sachin Kumar,Good,14 Oct 2022,4
104401,Abhijeet Srivastava,Everything is good except wifi connection.,05 Oct 2022,4
104401,Divya,Nice stay,27 Jul 2022,4
104401,Akhil,Clean room,24 Jul 2022,4
104401,Kishore Ar,For bath hot water not available,06 Jun 2022,4
104401,Faizan Ahmed,"The main door needs to be fixed, no remote control for A/c and the exhaust in the room didn't seem to work. Checking and checking out was not at all an issue.",21 Apr 2023,3
104401,Ritik,"Rooms are well maintained, just two three things below expectations
Tv not working
You will only get 500ml drinking water for free
No soap etc in washroom.",18 Apr 2023,3
104401,Naveen,Hotel can be more clean,14 Mar 2023,3
104401,Amarjeet Kamble,"No Daily Cleaning. Shower issue I raised from day one and it got fixed on day 5 on check out day.
No cafeteria active.
Alternate days drinking water provided, and rest is chargeable.
Staff is really good and help ful but above point make me give this rating.",10 Mar 2023,3
104401,Sukanya Majumdar,The privacy was good. Bt the washroom tap was broken.,07 Mar 2023,3
104401,Aman Kumar,Room was not much spacious but cleanliness was fine and room service was also good with washroom also clean,23 Feb 2023,3
104401,DHINAKARAN S,Bed makes sound while makes a little movement. Toilet and  seat not properly cleaned. TV not available. Wifi not connected since having issue with connectivity.,06 Feb 2023,3
104401,Manish Jain,The stay is decent however the staff needs to be more welcoming and polite. The taps and other sanitary are out of order.,07 Jan 2023,3
104401,SATISH KUMAR,"Food is not there
Room is good
Staff is good
TV not working 
Geezer working 
Cleaning is doing daily
Wifi not working",23 Dec 2022,3
104401,Nitesh Kumar,There was no light in the room whole day we spent without light,15 Dec 2022,3
104401,Varnita,Room are too small but need a hanger,15 Dec 2022,3
104401,Aditya Singh,"Good location, facilities (laundry, dining, WiFi) could&#39;ve been better..location.Very slow wifi",10 Dec 2022,3
104401,Chandra Shekar,Good rooms,09 Dec 2022,3
104401,ilamparithi,"Very small room, cleanliness and neatness need to be improved, water in the tap was coming very slow, difficult to bath! Quality of the bed, bedspread could ve been better.",05 Dec 2022,3
104401,Chetan Dhutekar,"Room were clean, towel provided was napkin. No soap. No TV, No breakfast. Staff Threatened to cancel the booking at the Last moment with the price that has booked.",02 Dec 2022,3
104401,Sivaprakasam Mohan,Location is perfect for public transport connective and RMC zone. Needs improvements on Guest interactions and facilities. Poor WiFi and room service.,27 Nov 2022,3
104401,Monish Gowda,Good,21 Nov 2022,3
104401,nadesh,Bathrooms need maintenence...hot water not available,16 Nov 2022,3
104401,JOTHISHA P,Good room and polite behaviour from all staff,06 Nov 2022,3
104401,Amar Shikhare,Room area is so conjusted. In Bathroom no water in washbasin...in tht price u can get better hotel than this...,10 Oct 2022,3
104401,Vaibhav Srivastava,Not very clean,07 Oct 2022,3
104401,Sagar K,Unlike townhouses I've experienced across India in a bad way. Although the staff were welcoming.,03 Oct 2022,3
104401,Reventh Kuppan,"Room is compact, toilet can be still clean and some switches are not working in my room during stay",31 Aug 2022,3
104401,siva,staff didn't let us have our early check-in and was disappointing even it being in their policy,04 Jul 2022,3
104401,Harshith,Rooms not up to mark,25 Jun 2022,3
104401,Sidhesh Suvarna,"1) No complimentary check in after 10 am
2) Toilet was not clean even after complaining
3) Ceiling fan was not working properly
4) LCD TV was not working. Only dummy piece kept for display.
5) No complimentary soap or shampoo provided",14 Apr 2023,2
104401,Sourav,"Room is not the one which was in picture, it was very small room and less of basic amenities like toilet roll, bathroom fittings etc",08 Apr 2023,2
104401,Pawan Mishra,Towel is really bad. There was no cleanliness in the room or bathroom,05 Feb 2023,2
104401,Sudip Kumar,Room was not clean,25 Dec 2022,2
104401,SATISH KUMAR,"Stay is good And staff is very well spoken 
Internet connection is not good
Room was really nice 
Telephone favity and ac facility is good",25 Dec 2022,2
104401,Murugan Gajapathy,"No parking Lot
Lots of Ants in Room
Television not working
Hot Water unavailable
WiFi signal very weak
The cot was making screeching noise and was disturbing sleep

The only good thing about this hotel stay was ""The staff were courteous""",08 Dec 2022,2
104401,Nikhita V Wagh,The hotel was not ckean,10 Nov 2022,2
104401,Prasanna Venkatesan,Shower is not hot,20 Jul 2022,2
104401,Arijit Acharjee,tv not working.,17 Jun 2022,2
104401,Dr VinayKumarK,they asked for extra money even after my booking was done through Oyo.. room was not good bed was making so much noise and bathroom was not clean,02 Jun 2022,2
104401,Varun,"Asked for a basic clean air conditiond room.

Got a room with
- very worn out bedsheet with cotton coming out a over, couldn't sleep on it. Had to sleep. On bed cover instead.
- toilet did not have a handwash. You have to use same bodywash for bath and washing hands.
- room was dirty, there were carpet marks, something lying, dirty walls etc etc.
- ac clearly didn't have servicing done like in years.",13 Apr 2023,1
104401,Sadhana,Horrible rooms. Bathroom was completely broken. Not cleaned since ages. Lift wasn’t working.,08 Apr 2023,1
104401,aditya bheem,No proper responcibility TV is not working in my room when i called them they are saying tv is not working in any room… wifi is slow…,05 Apr 2023,1
104401,Atharva Gharote,Before stay at my hotel I got scammed got call from person saying I'm from hotel and I did payment but did to person who is not even the staff member of that hotel and the person that called me has my oyo booking id and my mobile number how oyo is allowing the persons to stole data of users,13 Mar 2023,1
104401,Abu Faisal,No brake gas was provided,07 Mar 2023,1
104401,Sabari Rajan,"1.Power is getting off very frequently.
2.They are charging amount for toilet soap & etc
3.Towels are stinky & not good at all.
4. Rooms are very small",04 Mar 2023,1
104401,Tanmaya Sahu,Absolutely dirty place with extremely poor room service. They provide dirty sperm stained linens and do not clean the rooms despite multiple reminders.,01 Mar 2023,1
104401,Venkat,There are power issues no hot water I have stayed 3 days over there any day i didn't get hot water at any time more ever power issues are vey common i don't know why,17 Feb 2023,1
104401,Anoop C,Price mentioned is lesser by the customer support while booking.,08 Feb 2023,1
104401,Pavan,"Worst stay ever,this property either has proper water and there was no electricity in the morning..",06 Feb 2023,1
104401,Rajat Sharma,none,02 Feb 2023,1
104401,ganesh padhy,"Tv was not working,,more moscute s..its very bad,, service is so poor",01 Jan 2023,1
104401,Adarsh Anand,Service was very poor. No one is there to address the issue.,26 Dec 2022,1
104401,Basavaraju,Didn't not allow early check-in even I wanted pay extra charges,13 Dec 2022,1
104401,Aparna Pandey,Staff.Wifi was not provided rnBed quality was really  poorrnThere was no towels no toiletries were given not even handwash .was available in the loo,07 Dec 2022,1
104401,Jitendra Sati,"Location of hotel is good.Service is every poor. Tv was not working, bedsheet, cover and towel was not changed in daily basis.",22 Nov 2022,1
104401,Tadepalli Sudheer,area is near offices 2 km to outer ring road.No Hot Water that is main problem nRooms are very smallnT.V Not working,17 Nov 2022,1
104401,Gopal Bisht,"very poor and not worth for moneylocation.bathroom was pathetic with broken flush ,no hot water",13 Nov 2022,1
104401,Chandresh Kumar,"Nothing I liked in this property.Breakfast was provided worst, just for the sake of complimentary they are providing it and everyday you get the same Masala dosa for breakfast :). Beware that hotel does not have in-house kitchen, so they are not going to provide lunch or dinner except breakfast, If you have booked for lunch or dinner, they will deny at the time of check-in and ask for modify in booking.com (it is not possible)",23 Oct 2022,1
104401,Ankit Kumar,"I checked out after 1st day of stay, provided small room and Oyo changed the hotel in last hour.",19 Oct 2022,1
104401,Aravind P,"Nothing to like. Unclean, smelly and irresponsible staffs n owner.Unclean stained towels, leaking European toilet, power issues, no generator&#47; ups, pungent and stain marked bedsheets. Had to pay 1600 plus for a non AC room, filthy surroundings. Zero customer experience and lodgings as dirty and demeaning as this shouldn&#39;t ever exist",13 Oct 2022,1
104401,Santosh Tiwari,"No TV, no AC, even no soap n waterNothing.Everything",17 Sep 2022,1
104401,Hemant Hisaria,"The room provided to me was extremely small as compared to other rooms of the same type. Do not the reason for discrimination. The room linen is not changed for days together and when I asked about it on the reception, the staff started yelling on me. The washrooms are dirty. There is no in-hotel kitchen. Only good thing about the hotel is it's location.",10 Sep 2022,1
104401,Bihag,Complementary breakfast was very bad.Room and restroom was.unhygienic.TV not working,20 Jul 2022,1
104401,pl THANGILLA,no tv bathroom no hot water service,15 Jul 2022,1
104401,Sri VishnuS,"TV was not working, I was not able to connect to wifi and washroom was not clean.
Also I was asked to pay Rs 965 more when i checked in, as the hotel said their price changed.
I don't understand why the app gives offers but still charge extra",28 Jun 2022,1
104401,varun,"no is no hygiene and cleanliness you pay 2000 for this room but the room feels like ur staying in 200rs local townhouse, didn't expect this from oyo",28 Jun 2022,1
104401,Harshit Verma,worst stay ever  people don't know how to talk,23 Jun 2022,1
