hotel_id,user_name,review_text,date,title
105043,Amruth,It was good,18 Oct 2022,5
105043,Ranjuuu,Good,19 Jul 2022,5
105043,Kwlui D,Nice,12 Jul 2022,5
105043,Siva,"Food not good and out food not allowed ,charge more for room and early check-in and tv and ac not working.room cleaning not there.",16 Oct 2022,3
105043,Bhaskar,breakfast not provided for which i payed extra while booking ..and also while booking i selection deluxe room with two single cots but they provided queen size bed.and also washroom is not clean and cockroaches are everywhere.,19 Oct 2022,1
