hotel_id,user_name,review_text,date,title
105911,Bharath,good room,19 Apr 2023,5
105911,Supriya Barman,Nice servic,06 Mar 2023,5
105911,Rahul Pandey,Hotal staff is good 👍,28 Jan 2023,5
105911,SanambatlaLeelaKumar,Awesome stay,19 Jan 2023,5
105911,Cavan Saldanha,Stay is good. Staff are good. Decent rooms for less. ...............................................,18 Jan 2023,5
105911,satush,Staff is good,14 Jan 2023,5
105911,Bittu,Bed was not good springs out and poky,07 Jan 2023,5
105911,Vamsi,Thank you,20 Oct 2022,5
105911,Keyum,Hotal staff is good,19 Oct 2022,5
105911,Lakshmi Narayanan,"Clean stay, cud have fan and ventilation",27 Sep 2022,5
105911,TAAZ,"Good Staff,  great locational cleanliness,  best for couples,  spacious rooms and a
With all the facilities an Townhouse promise.",13 Sep 2022,5
105911,divya Kumari,"Amazing ambience,
Staffs are so friendly 
Hygienic bedroom and bathroom

This was my second visit in this hotel
Wish to visit again",10 Sep 2022,5
105911,Rm,Hotal staff is good👍,29 Aug 2022,5
105911,9538755513,A good one,25 Aug 2022,5
105911,Gowri Kamath,I booked an Oyo for my parents and it was an amazing easy to book experience and the staff was helpful and itw as well maintained,23 Aug 2022,5
105911,VISHNU VR,All fecilities are good,18 Aug 2022,5
105911,siddhant sud,The place was decent. odd smell around but the staff was nice,31 Jul 2022,5
105911,Shikh,Nice hotel,13 Jul 2022,5
105911,Karthik,Was gud but thy cn improve in their bedsheet,10 Jul 2022,5
105911,Jithu Viswanathan,Good,07 Jul 2022,5
105911,kaushal vyas,Room was big and clean,11 Mar 2023,4
105911,Mugilan,Neat and clean room,09 Dec 2022,4
105911,Vishwas,"Room service(kitchen department was very nice) 
, Complementary breakfast was also nice.
Only things is I had to pay extra at the time of check-in as the applied discount was somehow altered (don't feel it's correct). Other than that it was a good stay , and better than most of the normal oyo",18 Nov 2022,4
105911,Paul Pandian,"Rooms are spacious and this place has all the facilities like Hot water, Modern Lift etc.  
But the Balcony is not accessible, seems like they have closed it permanently.

Important:
We had issues during Checkin, they didn't accept online payment. So be aware of it.",15 Nov 2022,4
105911,Mohammed Rashid,"Nice stay, good location, Spacious rooms",15 Nov 2022,4
105911,Darshan,Bad,04 Nov 2022,4
105911,Shubh SharanSinghBaghel,No disturbance,21 Oct 2022,4
105911,Parvez khan,Good place,19 Sep 2022,4
105911,aathif suhail,Clean and well maintained. Also very spacious room.,29 Aug 2022,4
105911,bhagyaraj,quick reply by the front desk,05 Jun 2022,4
105911,SreejithNair,"Decent room but food from the in-house restaurant was very bad..ordered some starters and chicken was not fresh..tasted one piece and was not able to chew.Reported the issue but no one bothered to address rather than playing the blame game and responded that the restaurant is outsourced to some other vendor.Believe it’s OYO’s responsibility in choosing right vendors and provide good service.Also,they were not allowing delivery guys that was unfair or OYO should provide quality food.",10 Jan 2023,3
105911,Nikey,"the property location and amenities were good .
 but their attitudes towards the customer is too bad . i got a very good deal for the hotel for just 689 rs. from that moment , they send me an email by stating i booked for 3 adults so they demanded more 200 rs from me. i need to fought with customer care for 30 + mintues to reverse that. and after that i stayed back one more day. i again rebooked the same property.but seein my booking amount. they told me that they got bulk booking and they wer overbooked. without hearing from mine nothing . he just cheked us out. that was rudest behaviour ive ever seen while travelling. this staff of the property lack proffessionalism. they are not worthy to take care of this hotel industry. too u professional approch towards the client. Oyo should given a -ve rating for the property",21 Dec 2022,3
105911,pradeep,You should change the beds and add some more items in breakfast,23 Nov 2022,3
105911,Nagendra V,The location and cleanliness is good however the bed coat and sheets were worn out and had body pains while sleeping .. the hotel staff dint change the cot or room inspite of my request. No hot water during this winter time.,22 Nov 2022,3
105911,TEJRAJ PADHI,Clean wise good but not well response,27 Oct 2022,3
105911,Abhishek,Good,16 Oct 2022,3
105911,Subhrangshu Mahanty,Very average kind of room. I might be first in oyo but my staying experience in hotel is different.. no drinking water supply is simply unexpected..,12 Oct 2022,3
105911,Priyaranjan A,Lights were not working in the room. Cleaner bedsheet and pillow cover will help.,30 Sep 2022,3
105911,Suraj R,"Stay was good,but rooms were not that clean",25 Aug 2022,3
105911,GSR Coatings,Full of cockroaches in room & bad odour in bath room. Spilled towels given. Hotel appearance & room was good.,17 Aug 2022,3
105911,AKHIL SNAIR,"Problems in bathroom hand shower,and little bit wifi problem",14 Aug 2022,3
105911,Sheldon Pais,I have been regular to this place. But recently. It's been kind of over priced,03 Jul 2022,3
105911,ajay prasanth,Bad room and smells stinky,15 Oct 2022,2
105911,Vaishnav,I booked the oyo and he asked to cancel it saying no rooms available as of now for that rate! And he made us pay extra for it,02 Oct 2022,2
105911,siva,Very nice hotel staffs also very friendly i am facing only one issue I am online paying full cost after i am checking time showing pending amount i request Oyo coustomer care he remove that agin he showing pending i am extra paying 1118 it's very upset my self be careful use Oyo application,24 Jul 2022,2
105911,MONIKA Ekka,"My room was upgraded 
For that I have paid approx 900 extra 
management didn't provided the room alloted by Oyo 
instead I have to stay in another room 
bcoz my upgraded room management has given to someone else 
bcoz checked in late",12 Jul 2022,2
105911,Abhishek Singh,"Pillow cover and bedsheet were having holes in it.
AC was making lot of noise
Toilet seat was not fixed to WC.",31 May 2022,2
105911,Balu,"The rooms are good and neat but the staff who are in the reception are extremely waste they even don't know how to talk with the customer and the incharge were not aware of this things , please make a note of this and try to resolve the issues they delayed my check in nearly 4hrs  they are giving the rooms before the check-in and waiting for them to checkout later they are giving to the who has booked the room untill then they will say like rooms are not available",17 Apr 2023,1
105911,Ranganath Hittanagi,"Not maintained, filthy room dirty pillow covers and bedsheet. Stay away from this hotel",16 Apr 2023,1
105911,Vishwanath M,"I reached late to property at night, but not sure why they charged me extra money even after full payment during my booking.",05 Apr 2023,1
105911,Godson Paul,"Very bad service, asked extra money , worst room ac not working",02 Apr 2023,1
105911,Karthick,I didn't stay only,02 Apr 2023,1
105911,Chandan gowda,Worst checkin experience we’re paid online and yet needed to pay in the town house pointless worst I say,14 Mar 2023,1
105911,varadaraj c,It was ok ok. Not worth the money.The bedsheet was very dirty. And the staff denied giving diff bedsheets,12 Mar 2023,1
105911,Bhanu Chander,UnreliableThe hotel staff demanded more money when my guest reached there. I was not even able to cancel because the property has non cancellation policy. Since Infront of my guest this drama was happening I had to proceed and pay the extra charge and take the room.,03 Mar 2023,1
105911,Amrit,Horrible service. Room was dirty . Staff was negligent,17 Feb 2023,1
105911,Cilambarasan,Please don't go it's waste nothing is clean with wifi is not working,29 Dec 2022,1
105911,dhanush,The hotel looks good from outside but insode room are not good. Bed is broken and some strings were poping from inside. I asked them to change my room but they didn't allow me a new one and the balcony locks are broken. And any one can enter through the balcony when we are not in room,08 Dec 2022,1
105911,vishnu narayanan,"The Owner was rude and demanded extra cash than oyo booking. The blankets, pillows, bedspread was so dirty. Had a bad experience.",18 Nov 2022,1
105911,Channa,I liked nothing it was full of bed bug and cockroach the bed was broken asked for cleaning and fix or re allocation of room the receptionist asked us compliant through customer care or vacte we can't do anything else,06 Nov 2022,1
105911,S K,i dint check in only they dint allow,04 Nov 2022,1
105911,Nithin,Wrongly charged by the hotel people they won't allow people who book from Oyo app they will make us to cancel the booking and charge double..,02 Oct 2022,1
105911,Deepu,Worst,27 Sep 2022,1
105911,Sukshem,Everything is horrible,07 Sep 2022,1
105911,Muhammed Yassin,"Asked more money...
Worst quality staffs and the food they serve is even worst. Not recommended ata all.",20 Aug 2022,1
105911,jay,Display amount and they collecting amount is totally different,10 Aug 2022,1
105911,Deepak Jagannathan,No room service and staff was rude,08 Aug 2022,1
105911,Amrutha SAji,none,03 Aug 2022,1
105911,Mansoor pasha,Very worst room,19 Jul 2022,1
105911,Vivian Williams,Didn’t allow us to check in,16 Jul 2022,1
105911,Prithvi Raj,pathetic though I made prepaid payment still ended up paying again misleading informations,14 Jul 2022,1
105911,Rohit,Price was high and even after paid amount they asked to pay extra. Worst experience,13 Jul 2022,1
105911,khan,Check-in was not done but property owner have mentioned as checked in and even  upgraded the room after payment was done hence had to go through lot of issues to get refund and would never prefer the  same place again for stay's,05 Jul 2022,1
105911,Manjunath Ramesh,none,07 Jun 2022,1
105911,Hisinsha,Bed was pathetic. Washroom was not clean and hygiene. Too many cockroaches can’t even step in to the washroom because of cockroaches.,02 Jun 2022,1
