hotel_id,user_name,review_text,date,title
106061,C P,Very clean & hygiene location also good staff also friendly,07 Apr 2023,5
106061,psk chaitanya,Good service good hotal,12 Dec 2022,5
106061,Sumanth,"The beds are clean, nearby to main areas, nice location, hassle free checkin, nice ambience, parking space is good.",06 Dec 2022,5
106061,Akshay Farde,"Nice room , good place well behaved staff .good condition room attached with balcony. Well maintain room.",28 Nov 2022,5
106061,M.Murugan,Very nice room and reception people very good.,24 Nov 2022,5
106061,Bhargav Reddy,Super,23 Nov 2022,5
106061,abhishekh Prajapaty,Good service and good behaviour,15 Apr 2023,4
106061,Bhargav Bv,Good services and I definitely refer oyo services to all my contacts for good and comfortable stay 😀,31 Mar 2023,4
106061,Mohit Sood,Very nice,05 Feb 2023,4
106061,Gunasekhar Reddy,Nice,11 Dec 2022,4
106061,Noushad ali,"Rooom is ok but bathroom is not clean and maintained 
There have not provide drinking water and soap or shampoo and not available 
The parking is available in street area",22 Jan 2023,3
106061,Shriman Singh,Water and food not available,20 Jan 2023,3
106061,Sharath Kumar,"1. The location of the hotel is extremely romeo and hard to reach. No restaurants or shops nearby. 2. The property is poorly maintained. Broken pipes discharging sewage onto the road. 3. The property did not provide onetime check-in. The 1st room was handed over to us 45 minutes after arrival. The 2nd room was provided more than 24 hours late. 4. Extremely rude and ignorant property manager. 5. Rooms where not chean at the time of check-in. 6. Not suitable for family as the property is rented to couples on hourly basis. 7. Property smells bad due to occupants smoking throughout the building. I am sorry, i don't have any images to upload.",09 Apr 2023,1
106061,Shreya,"The staff is not official. They demanded 1k for the stay even though he had already booked for a lesser price from the app. Rooms have no privacy, staff keep walking around the rooms and act very suspicious. They’ve provided 2 BHK houses as rooms not at all comfortable",23 Feb 2023,1
106061,Manoj kumar,"The receptionist said it's Full and rejected the booking.
I need a full refund on this",06 Feb 2023,1
