hotel_id,user_name,review_text,date,title
106027,Mahesh Raghav,Good,10 Mar 2023,5
106027,Jagadesh Konanki,Location and hotel is good but food is too expensive and not worth,09 Feb 2023,5
106027,Nandhu Raj,"it was a wonderful stay experience.
in this area , There is nothing better than this at this cost.",06 Feb 2023,5
106027,Aditya Soni,Nice experience with Oyo always ready to help .The facilities of these hotel are good,22 Jan 2023,5
106027,Kamal,Very nice place to stay. Lovely environment and cool place. Location is very findable go and enjoy the your stay,18 Jan 2023,5
106027,Mohammed Shan,"It was very neat and good experience, good service and they have served very tasty food also and very value for money",11 Jan 2023,5
106027,Pawan,It was nice experience.,05 Jan 2023,5
106027,Jaykrushna,Very good stay in this budget. Location is like not really cacophony are nor like very alleyway. Sanitization was good and also cleanliness.,03 Jan 2023,5
106027,Krishna Bajaj,Good place to stay. Decent ambience. Good service was quick and quality of food was also good. Can easily recommend to people.,25 Dec 2022,5
106027,Sunil,mattress was really bad. great ambience and good staff.. good experience allowed us for late checkin without much hassle,25 Dec 2022,5
106027,Jaykrushna,"Cleanliness, affordable price and you feel premium.",22 Dec 2022,5
106027,UMESH CHINNAPPA,Very spacious and excellent service. worth for money.,20 Dec 2022,5
106027,saisanthosh,Checkin,09 Dec 2022,5
106027,Suman Chetry,Nice hotels super hotel hotel is cleaning hotel is excellent hotel is very very beautiful super hotel,08 Dec 2022,5
106027,Varshit Soorampalli,"It was a good experience, very spacious and clean , peaceful. The area is pretty good and friendly neighborhood",06 Dec 2022,5
106027,srinivasa t,Super,04 Dec 2022,5
106027,srinivasa t,Super,22 Nov 2022,5
106027,Subhajit Paul,Nice behavior,06 Nov 2022,5
106027,Supriya Dutta,Good,28 Oct 2022,5
106027,bhavana,Good environment,22 Oct 2022,5
106027,srinivasa t,Super,15 Oct 2022,5
106027,Sudhakar,Neat and clean,22 Sep 2022,5
106027,Charan Babu,Good stay,10 Sep 2022,5
106027,Ragav,Rooms are neatly maintained staffs are good,03 Sep 2022,5
106027,Rahul Raj,Good,02 Sep 2022,5
106027,Aniruddh Singh,Excellent,28 Aug 2022,5
106027,yashvanth,Gud,26 Aug 2022,5
106027,Ashwin,All staffs are good facilities good,19 Aug 2022,5
106027,Ashwin,Good,17 Aug 2022,5
106027,Siddharth,Infrastructure of the room was good and staff was well behaved.,15 Aug 2022,5
106027,Yunus,Staff were supportive...and the room was well maintained...Highly recommended,15 Aug 2022,5
106027,Srikanth,Nice rooms,05 Aug 2022,5
106027,Himanshu Vashisht,"Hotel location, room size",05 Aug 2022,5
106027,Rashi,"Hotel room ,ambience, behaviour of staff ,corporation with guest overall experience is amazing",05 Aug 2022,5
106027,Jose J,Excellent and spacious Rooms with neat toilets. Very good experience,28 Jul 2022,5
106027,Mohana Ganesh,Place was good every thing is fine,28 Jul 2022,5
106027,Kempareddy,excellent,14 Jun 2022,5
106027,Kempareddy,good service,01 Jun 2022,5
106027,Subhomoy Rudra,co-operative staff,31 May 2022,5
106027,Saiprakash,Very nice n excellent,09 Apr 2023,4
106027,Suhas,Good room decent location,02 Mar 2023,4
106027,Andanesh,"Rooms are very spacious with a queen-sized bed, a table and chair are also available if you want to work. Rooms are all maintained clean but only issue that i faced was even after getting confirmation of booking from oyo my bookings were cancelled at the last moment and i had to pay extra if I wanted to continue with the booking.",10 Jan 2023,4
106027,Abdullah Khan,The Hotel was great and the staff were very helpful. The Wi-Fi didn't work for quite long but eventually came back at night. Everything else was spot on!,19 Dec 2022,4
106027,Dominuc Arnold,It was a good stay.,11 Nov 2022,4
106027,Lakshman Sai,"Stay was good, but they had taken 300 rupees as the OYO showing less amount for the stay",30 Oct 2022,4
106027,Santosh,Good one,24 Oct 2022,4
106027,Sam,Review is good,21 Oct 2022,4
106027,Debabrata Poddar,Clean and ambient place to stay,18 Oct 2022,4
106027,Atish Barua,"Lovely place to stay, nice staff",13 Oct 2022,4
106027,Shivananda,Super,03 Oct 2022,4
106027,HANUMANTHARAYUDU,Very nice,23 Sep 2022,4
106027,Divya,Nice room and staff,13 Sep 2022,4
106027,Deepsikha Swain,"The room was good, sp bynd clean. There was no room service however and no food also.",12 Sep 2022,4
106027,Rabiya,Environment and room both were awesome,11 Sep 2022,4
106027,Praghna K,Worst hotel,10 Sep 2022,4
106027,Prasanth,Good,08 Sep 2022,4
106027,Divya,It was nice,07 Sep 2022,4
106027,Mukesh,Clean nd hygienic,06 Sep 2022,4
106027,Tushar Gupta,"It was decent stay. Room looked nice. Bedaheets could be clean more. Need toiletries too. Drinking Water had to. Ordered, qas too costly. 4 star worthy",03 Sep 2022,4
106027,srinivasa t,Everything is fine nice room,03 Sep 2022,4
106027,Nikhil Kumar,Unable to visit,01 Sep 2022,4
106027,Prati Prava,"Had to wait for 1 hour after the check in time just for cleaning. Thus, 1 star deducted",26 Aug 2022,4
106027,Kastala Bhanoday,Reasonable price for this location. Doesn't have restaurant and won't allow outside food. That's the only concern,22 Aug 2022,4
106027,Kandan AK,Good room,13 Aug 2022,4
106027,Suman,Location is good and room is decent. Staff is responsive.  Hot water is available 24/7.,07 Aug 2022,4
106027,mahesh,"The room is good, pleasent . And maintenance is good. Washrooms are clean. More place. But beds are disappointed",03 Aug 2022,4
106027,KOUSHIK BOLISHETTI,Good hotel,03 Aug 2022,4
106027,Rohit,Good and in love oyo service this time. Hotel staff so very good,31 Jul 2022,4
106027,Komal Barnwal,"It was good to stay here, staffs were good. Room was clean. Location was very nice.",31 Jul 2022,4
106027,varun dave,Good,29 Jul 2022,4
106027,AVINASH GP,Hotel was Good in this price but they will extra money once you reached hotel.,28 Jul 2022,4
106027,Gaurav Shah,After booked hotel and paid the said amount Hotel and OYO app asked for additional money. Not good,20 Jan 2023,3
106027,Rahul Reddy,Towels and the bed sheets were dirty....... Geyser is not working...... Collected extra money.......,14 Jan 2023,3
106027,Prabhakaran,Bed was Not clean... Bedsheets with stain marks  And bathroom was Not cleaned properly..over all average Worth only for 1200rs  don't give More than that,01 Jan 2023,3
106027,OBULREDDY,The hotel is good but when I reached I got the room but after 12 am there is power cut and I informed it to the staff they came and checked but can't resolve it.,05 Dec 2022,3
106027,Naveen Singh,They will charge rs.1400 per night no matter what is the cost shown on oyo.be prepared n rest is fine ..room smelled like hit spray,17 Nov 2022,3
106027,Neeraj Rawal,"Hotel management asked me to pay extra money even i paid full payment while booking the oyo,when i reched at oyo for room they charged me 250 extra",06 Nov 2022,3
106027,Murugan Arunachalam,Service very poor,23 Oct 2022,3
106027,Mahesh,"Pls remove restaurant otherwise take control of them,
Unnecessarily they are knocking the doors at night time,

This is badly disturbed me",18 Oct 2022,3
106027,Jaggi,"Bed was making awkward sound. Very uncomfortable to sleep, and room had this smoking smell as soon as I entered the room. Expected a better service.",25 Sep 2022,3
106027,Tarun Kumar,Hotel was budget friendly but they should really work on cleanliness.,16 Sep 2022,3
106027,Amrit Pattanayak,The hotel looks different from the pics shared by Oyo. Rooms were old. Lights and Fan of the room that I got initially were not working properly. After informing the hotel staff also they didn't do anything and just kept on telling that electrician will come and fix it. We stayed there for 2 days and believe me no one came. Hotel do not have any restaurant service. Wifi will not work. It was a average experience for me.,15 Sep 2022,3
106027,919970128529 Thakare,"No power backup, no adequate arrangment for bedsheets n no tv recharge.. everytime u need to remind them to sort out the issues",06 Sep 2022,3
106027,Manideep,No amenities provided as per expectations,18 Aug 2022,3
106027,Shubham,"Mattress was way too bad. Springs was popping out and there was two single mattress on double bed.
Which gets seperated while sleeping.",09 Aug 2022,3
106027,Amiya Mandal,"Everything is fine,but TV is not working,and housekeeping is not came rutine , they came if we r request",09 Aug 2022,3
106027,Sandy,Double bed attached as a single bed,05 Aug 2022,3
106027,Pranami,Hotel was clean good but the bed was too uncomfortable and you could feel the springs in the mattress. Also there was no wifi facility and there was no Jio and Airtel network in room.,05 Aug 2022,3
106027,bharat vooda,They mostly don't accept Oyo check-in and no proper sanitary and they don't even proper water bottles,31 Jul 2022,3
106027,Balaji,"Bed is in worst condition, Celling fan and lights in room.",28 Jul 2022,3
106027,Toyson Cruz,"Tv was there, but when I called the reception he told me that it's not working. Bathroom needs to be maintained properly. I was discomfort with the bed provided.",03 Jun 2022,3
106027,Manjith Narayanan,"Completely not organized and clean, very bad fecility",28 Apr 2023,2
106027,Chennupati Gopikrishna,i booked a room in grand collection o near sarjapur road but they took extra 778 rupees through phone pay. They told minimum room charge is rupees. what is this??,13 Mar 2023,2
106027,Baiju M,i had to pay around rs.450 extra for the stay at the hotel since the hotel said that they had to pay that amount to oyo. this is not the right approach.,24 Feb 2023,2
106027,Chetan Sachdeva,"Room wasn't cleaned on time. Pillow covers were dirty. Staff was rude sometimes. Room is good for the price but it's low on hospitality, pretty much opposite of hospitality.",21 Feb 2023,2
106027,Srihari,Bad check-in experience. Charged 300/- extra while checking in for no reason. Outside food not allowed. No cleanliness of bedsheets and pillow covers.,15 Jan 2023,2
106027,Dhruva,Room is not hygenic...bedsheets pillows are in poor condition...leakage watter from bathroom to the room..very very bad service,09 Jan 2023,2
106027,MOHAMED NOUFAL,Mattress is compressed because of the spring. Bed sheets linen was not looking good. Pillow covers were old and dirt colour.,01 Jan 2023,2
106027,Yash Banerjeee,"Extremely Bad,with no facilities for drinking water even and uneven power cuts and no power backups.The beds are terribly uncomfortable.When ur thirsty for drinking water,the hotel guys tells u to go out and bring ur own water bottle and drink.They only give complimentary drinking water of 200ml upon arrival.",13 Sep 2022,2
106027,Ram Kishan,Hotel rooms were good no power and water coz of flood and poor infra. They increased the price next day.,12 Sep 2022,2
106027,Vishnu Teja,When I booked and paid online for the room for 3 guests for 2 nights and came to Bangalore from Guntur just took a room key so it was shown a couple of bedrooms. I asked prasad that needs to extra bed in the room for 3 guests. He said that u have pay to for an extra bed. I feel uncomfortable sleeping 3 guests in a couple of rooms. If u looking for 3 guests and don't book the room but the couple is a good room.,04 Sep 2022,2
106027,Shreya Singh,Room.Service was not good..n-Staff was not cleaning the room on daily basis.n-No complimentary bottles they were providing.,09 Aug 2022,2
106027,Abhinav Shakya,The mattress was broken. and even after several reminders and requests I didn't got a good mattress,17 Jun 2022,2
106027,Aditya Mishra,"It's a worst place to stay because there is no cleanliness and no services for online booked room, i would to not visit that hotel ever. You will find cockroach in washroom, ac is not working, bedsheet towel and pillow is dirty and stinking. Do not go over there",18 Apr 2023,1
106027,Jeevan N,Demanded for more money,17 Apr 2023,1
106027,Chandan Pujari,"staff charged me 1500 rupees and discuss and very bad language used me ,I have booking and he had when u give me 1500 then I have provided room then many time I had saying but not heard me  so very bad experience",10 Apr 2023,1
106027,Santhosh Bharadwaj,the hotel people took 1000 rupees extra to give the room saying that we can't give room for the price you have booked from goibibo and also the room was not having king size bed as they have mentioned.,13 Mar 2023,1
106027,Vinay SODHA,"Terrible hotel, dirty room, dirty bed, mosquito in room. Horrible experience",09 Mar 2023,1
106027,Maninder Singh,none,02 Mar 2023,1
106027,Dipeka Misra,"The hotel receptionists were terribly rude. They denied us check in if we didn't pay extra. The rooms reeked of cigarette smell and weren't prepared ahead of time even though we had pre-booked. We checked out one night early and they were trying to charge us for extra water bottles that we hadn't taken. Overall, i will never set foot in that hotel. Waste of all my money. Horrible rooms. No network. Wifi is slow. I would like a refund at least half if possible because my stay there was horrible. The water bottles were also small ones. You can't take food to your room. Very bad experience",19 Feb 2023,1
106027,Imran Khan,Staff behaviour,11 Feb 2023,1
106027,Santhosh,"Worst hotel , charged extra money for checkin , don't ever go to this hotel",08 Feb 2023,1
106027,Krishnamoorthy Ramalingam,"Oyo rate is 600+, but hotel charged 1400+",08 Feb 2023,1
106027,Saurav Kumar,Apart from environment nothing is going good.This hotel i booked in ₹573 rupees and they not allowing to check-in they are asking more ₹736.86 but we are in we paid extra as per booking.com staff say&#39;s they they will return my money after check out,08 Feb 2023,1
106027,vishnu,Very bad behavior by receptionist,06 Feb 2023,1
106027,Karthik,Not nice extra amount they taken,03 Feb 2023,1
106027,Neith,The hotel beds were pathetic and not clean. I had paid Oyo directly but the hotel demanded more money upon arrival and I was in no position to find another hotel and pay them extra 1000. They don't let you get food from outside the hotel. And the water stopped twice,16 Jan 2023,1
106027,Ravi Teja,Scam hotelNothing.Charged triple the booking amount saying app is not working. Rude staff. Unhygenic rooms,12 Jan 2023,1
106027,Prashanth,"Worst stay I ever had, beds are not good, only spring were there in the bed, no coir or foam at all,
There was only one light in the room, Tv not functioning, 
They provide only open wifi which is not secured.
No complimentary breakfast
Prices increased after check-in, I have made a booking for 2 nights stay and the price I paid in Oyo app was 2145 but during check in he charged 900 extra and the receptionist doesn't treat us politely.",12 Jan 2023,1
106027,K Teja,I have booked a room at one price and later at the hotel the price of the room is different. That is the major drawback.,03 Jan 2023,1
106027,Charan,"We already paid and they asked for 340rs extra and the stafff were very rude 
The sheets were extremely dirty and the place was not hygenic.",17 Dec 2022,1
106027,Avishkar,"Pillow covers and towels were very dirty inspite of changing it
Matress is so hard and i can feel the springs all over could not sleep whole night
Cockroaches everywhere
Staffs were non cooperative 
Rating given in Oyo misleads all the customers into booking this
Please avoid this place
It was in the same situation 10 months back and they haven't changed or improved",15 Dec 2022,1
106027,Omesh Kriplani,Oyo didn't mention the correct price. had to pay balance amount in the spot,09 Dec 2022,1
106027,SaneeshS,Rooms are not at all clean.,29 Nov 2022,1
106027,Sudeshna Priyambada,Faced a lot of issue,24 Nov 2022,1
106027,Philinda,They charged us extra then what we have to pay. Fan wasn't working. And it was not clean,22 Nov 2022,1
106027,Purushotham,Very bad no cleanness at very bad condition,21 Nov 2022,1
106027,Naresh Nepal,Staff was rude. None of the amenities mentioned are avaiable.,16 Nov 2022,1
106027,Devyani,Service is very bad. Pillow covers and sheets are changed after requesting for more than 4days. You need to pay extra money even though you have booked from oyo platform. And when you try to call oyo they will put you on hold for hours. Oyo doesn't have any solution for this problem. If you try to cancel just before check in then oyo will not refund the advance. And you get to know this when you reach the hotel reception.,13 Nov 2022,1
106027,Anil Kumar G,"I have stayed for 2 days ..Be aware while checking in they trap you for excess money by saying on behalf OYO that which is not done by OYO Authorities ...they give you a fake promises for giving bill for excess money that they take from you 

No food is allowed ...",13 Nov 2022,1
106027,Chandan Pujari,Very bad,13 Nov 2022,1
106027,P SREEHARSHA,"They are not respecting Oyo terms and conditions and oyo fare. Waste of buying OYO WIZARD membership and booking on oyo for more hotels.

Hotel is good but OYO service is worst.",13 Nov 2022,1
106027,Narendranaik,"Washroom was not clean, bed was not comfortable, even after making advance payment in discount, hotel staff forced to take extra Rs.400 charges",08 Nov 2022,1
106027,Ishan,Asked for 600 rupees more than what i booked on oyo saying our floor charges are more. Had to pay them. Disgusting stay. No cleaning of rooms and no soaps etc in bathroom,07 Nov 2022,1
106027,Ayush Sisodiya,Demanding extra money,02 Nov 2022,1
106027,Sudeep,"Worst hotel , Rude staff , demanded extra money ,worst maintenance of bathrooms , water did not come during the morning",02 Nov 2022,1
106027,Ankur Gaurav,They are not accepting OYO booking ... they asking extra money for check in...,19 Oct 2022,1
106027,Ankur Gaurav,They asking extra money for check in.... Full amount already paid online and I have pay 600 extra for check in.... They asked we are not accepting OYO price offer.,19 Oct 2022,1
106027,Amiya Mandal,"This hotel manager is denied to check in , because we r booking by OYO and aded some coupon, so some low amount booking and confirmed ....

They ask extra money ...if we denied to give extra money, then they also denied to check in",18 Oct 2022,1
106027,Varun Kumar,"The entire money was paid online on the booking of Oyo app, but when I went to the hotel, I had to pay 1000 rupees again in the hotel and there is no complaint on Oyo, the hotel was turning off the lights again and again and the behavior of the staff was exactly the same. was not ethical",17 Oct 2022,1
106027,Panchi Nishad,"They did not let me check in and said I have to pay the amount of hotel according to them I was not able to check in by the booking I'd of OYO 
It's very day problems I am facing when I am going for the Oyo hotel to stay always I face a issue and i have always made a payment by Oyo pay and this time I need my full amount refund",17 Oct 2022,1
106027,Satish Patil,Over charges by property owner even paid online asked Rs. 400 extra which has not given receipt also Oyo has not also refunded money back to me.,14 Oct 2022,1
106027,Sireesha Nadipudi,No AC and fans are working and did not even provide with another room. Had to shift to another hotel,14 Oct 2022,1
106027,Aishwarya,"The mattress is very bad. Could not sleep. The floor was damp, wifi wasn't working",12 Oct 2022,1
106027,KANDARPA DINESHKRISHNA,Very bad. I paid up front and was still denied stay,07 Oct 2022,1
106027,JAYARAMU D,very bad experience.  sleeping matress not good.. matress devide two part. huge gap in center at time of sleeping. informed to reception not get any solution.,02 Oct 2022,1
106027,Manu Murukan,Never Book this hotelNothing.Everything...no power ..no water... irresponsible staff and owner,06 Sep 2022,1
106027,Sidhant Satpathy,Probably the worst hotel in bangalore.,05 Sep 2022,1
106027,Nayeem,"Room service is worst, we have to run after them to cleanup the room, no food facility, no wifi",05 Sep 2022,1
106027,Sidhant Satpathy,Worst hotel,01 Sep 2022,1
106027,Akriti Soni,There was no meal and service was very bad. Dirty bed sheets and leakage issue in washrooms,30 Aug 2022,1
106027,Rizwan,I didn't like anything in this hotel. Services are very poor. There is no food service available in this hotel. Rooms are very bad. There is no active channels to watch on tv.,27 Aug 2022,1
106027,AnkitDasMohapatra das,"The receptionist was so rude inspite of informing him about our travel history that we have traveled a long way since morning he was taking in requests of new people just coming by and almost took us around 45 mins for a check in. Check in time was at 12:00 pm but we reached the premises by 12:06 inspite of that the room wasn’t ready reason the previous guests didn’t leave the room. Moreover which all guests were leaving they were cleaning the room within 5 mins and handing over the keys to the new guests. Rooms were not properly sanitized,door mats were not given, cupboard hangers were not present inspite of request they were not able to provide us till our stay which was for 2 days. On the top of that we were given a room where a previous guest had used the complimentary water bottle and had left that used we were given that and on request that wasn’t changed as well. Really poor service from oyo. Looking forward for not staying in any properties from oyo as per the current service experience.",23 Aug 2022,1
106027,Shrikant Sahu,"The receptionist guy was rude and for anything if asked he have only 1 answer, and that is ""not available""
He is not suitable for the job. Hotel is good but customers are getting very bad feeling if talked to him for even once. 
Vvery rude and direct talk.
He is a new hire from telangana. Hotel management should teach him customer service.",22 Aug 2022,1
106027,Devi,"Room was un hygienic, no cleaning done. There was a foul smell in the room may be due to not opened for few days or due to rain walls are seeping so. Curtain are not clean at all. Pillow are having black marks due to fungus as they might be in water for so many days...no food. No utensil even for having outside food also. Staff are roaming around here and there...even they have not taken the bag from car to room. Not at all recommende",18 Aug 2022,1
106027,Amit Giri,No power backup facility,08 Aug 2022,1
106027,Balaji,"Property Manager asked extra Rs.400 for check-in, I called OYO customer support and informed them same then OYO agent added complimentary of Rs.218 instead Rs.400 by this I was totally disappointed, after that PM asked me to pay Rs.218 for check-in so I paid the remaining amount Rs.218.",31 Jul 2022,1
106027,Pradeep Dk,Worst hotel worst oyo booking,30 Jul 2022,1
106027,Abhijith,"Fake Reviews...International Flop Services..Smelly Bathroom,Not Cleaning,Waterless Bathroom,etc..Irritated Stay for 4 days...",29 Jul 2022,1
106027,SANTHOSH RAJ,"After booking is confirmed for next day, they said rooms not available.",25 Jul 2022,1
106027,Vinay Mali,worst hotel,26 Jun 2022,1
106027,Siddharth Srivastasva,worst property ever.All the tenants were asked to leave due to management change with no support from the staff,26 Jun 2022,1
106027,Swaresh Deshpande,im not checked in this hotel due to bad service,25 Jun 2022,1
106027,DIPANJAN JOARDAR,there are no services. the stay was a disaster,22 Jun 2022,1
106027,Nikhil,Forced me to checkout early,21 Jun 2022,1
106027,Nikhil,I was told Rooms will be cleaned every alternate days but are not cleaned and smell bad . . . . TV is not working . . . And have faced water problems in the washroom,16 Jun 2022,1
106027,Varghese Jacob,This was the worst OYO room I had to stay. The rooms were totally unclean and the bathrooms were not cleaned.The staff were least bothered abt my complaints.The worst OYO in bangalore.The bathrooms where totally smelly.,16 Jun 2022,1
106027,Rahul Mohan,"Nothing.Everything from staff, cleaning, bednAt least they could provide a bucket on the bathroom.",15 Jun 2022,1
106027,Jithin C,Not recommending to stay herenothing very bad.staffs are not responsive and very bad behavior nrooms are not cleanednnvery very bad experiencennnot recommended,13 Jun 2022,1
