hotel_id,user_name,review_text,date,title
106081,Kolla Sri Rama Narasimha Theja,none,07 May 2023,5
106081,shamanth,The way they treated was very good and the room was very neat and clean ...it's very good for family stay also,26 Apr 2023,5
106081,Harish,Good stay,25 Apr 2023,5
106081,yashwanth,Excellent stay.. Parking is not Available,23 Apr 2023,5
106081,Chidambar Nagella,"Restaurant was closed temporarly, but the rest was Awesome, Mainly Non Smoking Rooms and corridors,

Separate smoking zone in the terracce and immediate service without delay",21 Apr 2023,5
106081,Gani,"Nice stay, Good Ambience and recommended for all",21 Apr 2023,5
106081,purnesh manglam,Nice stay. Completely worth of money. Staffs are very helpful . Smooth checkin,20 Apr 2023,5
106081,abhi,Nice service and excellent staffs and reception also good very good and i want visit again thank you,18 Apr 2023,5
106081,Tony .,Good,12 Apr 2023,5
106081,Prabhakaran,The oyo is always the best app for hospitality and easy to use..but the price was too high and offers are too less percentage...hope it will change,11 Apr 2023,5
106081,Krishna,"I really appreciate and tell that it's one among best hotel so far I stayed around btm 
Very cleanly maintained and very good service from the hotel side with polite responses",11 Apr 2023,5
106081,Yogesh Kumar,Best for stay near BTM,01 Apr 2023,5
106081,Jyothi,Nice place,23 Mar 2023,5
106081,Vinay Krishna Sudarshana,Good experience. Clean. Helpful staff. Nice common terrace . Will surely recommend this to everyone who’s in the area,15 Mar 2023,5
106081,Ramesh,It’s not expected,24 Feb 2023,5
106081,Chaow bhaskarjya chetia,The location is absolutely gold. The hotel stafff were like the best and very friendly. Room was small but clean and tidy.,22 Feb 2023,5
106081,Nihal,The service provided was excellent and mind-blowing with awesome wifi speed and very good interaction,21 Feb 2023,5
106081,Kunal,Good experience,18 Feb 2023,5
106081,naman jain,"Staff was good, but pricing was high as compared to what recrived",12 Feb 2023,5
106081,Srishti Singh,"Great location, nice place, polite staff",03 Feb 2023,5
106081,chandrashekhar,"Room are clean ,but service boy is not there. Reception people is not so much comfortable. Rooms are not a value of money.",01 Feb 2023,5
106081,chandrashekhar,"Rooms are good and neat&clean. 
Service boy is not there. Couple friendly room. Reception people are not so much comfortable",01 Feb 2023,5
106081,Arjun Ramachandran,Very nice place,31 Jan 2023,5
106081,Madhav Jhawar,Nice stay,19 Jan 2023,5
106081,Rovin Barya,All services is very good,19 Jan 2023,5
106081,Patro Silu,Very comfortable and supportive staff.,17 Jan 2023,5
106081,Madhav Jhawar,Very nice stay,13 Jan 2023,5
106081,kodanda,Room,05 Jan 2023,5
106081,Yubaraj Biswas,"Firstly, it's in a very nice location! The rooms are so clean and comfortable, you won't have to worry. The bathrooms are just perfect as per the pricing. Clean and have separate geysers. They allow outside food orders, provide you with plates, free water, etc. The stay was pretty nice!",25 Dec 2022,5
106081,Aravind,"It is very nice good maintaining, cost is too much, good privacy, good at customer reciving  I satisfy very well",19 Dec 2022,5
106081,Syed suheel,👍 I am full happy hotel service,19 Dec 2022,5
106081,Yogesh Kumar,"Staffs are very friendly and polite, rooms are very clean ❤️",12 Dec 2022,5
106081,Vaishu PC,Good,08 Dec 2022,5
106081,g jayachandra,Hotel staff are friendly and helpful,08 Dec 2022,5
106081,GORLA PURUSHOTHAM,"Excellent Service and very friendly staff. Access to all kinds of shopping, food and transport. I strongly recommend this place.",30 Nov 2022,5
106081,Samriddhi,The room's are very cute and cozy and comfortable.,28 Nov 2022,5
106081,Montu Rai,Good neat and cleaned room everything is good food is also tasty and worthy toilet is also cleaned everything is good,28 Nov 2022,5
106081,Mohith Kalyan,"Mmmmmmmmmmmmmmmmmmmmmmmmmmm nice place.












Clean place















Worth the money 



Yeah totally",27 Nov 2022,5
106081,Rahul Kumar,Nice sanitation with all the amenities.Good and very supportive staff. Road side hotel. N also so many street food stalls and restaurants nearby.,27 Nov 2022,5
106081,Nagaganesha S,"Good Response for the Staff, Good Rooms and Nice and Happy Stay.",26 Nov 2022,5
106081,MaheshBhat,It was a very good stay in ouo 264 btm layout bangalore. rooms were neat and clean.Washrooms were very clean.,23 Nov 2022,5
106081,Shubham Pandey,Oyo is super and staff is very helpful,21 Nov 2022,5
106081,shailender mandve,Awesome lovely atmosphere,16 Nov 2022,5
106081,Mahesh Kapse,"Best staffs, best location, best rooms,best stay",13 Nov 2022,5
106081,Abhay,Good oyo,12 Nov 2022,5
106081,Nikhil,Hotel staff are comfortable to us and everything is clean and hygiene I'll give 5star rating thanks being kind to customers,10 Nov 2022,5
106081,Rakshith Bv,Good hygiene rooms,06 Nov 2022,5
106081,Raju Rawal,Good rooms.. clean washrooms...,03 Nov 2022,5
106081,sanjo,good hospitality and good people,02 Nov 2022,5
106081,Hrishikesh VR,Nice room,30 Oct 2022,5
106081,MohammadSajid,"Excellent stay, good staff and hygiene everywhere",27 Oct 2022,5
106081,Anwar,The room was excellent the staffs where really helpfull and friendly,23 Oct 2022,5
106081,Pagadalamahesh,Good maintenance and area is very peaceful,21 Oct 2022,5
106081,Sourav Bose,Hotel rooms are clean ......and staffs are well behaved,20 Oct 2022,5
106081,Teerth Shanmukh,Its good,19 Oct 2022,5
106081,Chethan Kumar,Excellent hospitality and service,19 Oct 2022,5
106081,Haritha,The hotel was great!,19 Oct 2022,5
106081,SurajNayak,Very nice,18 Oct 2022,5
106081,Chetna,The rooms are very neat and clean,14 Oct 2022,5
106081,NAVEEN,It is a very nice experience staying here. Staff is friendly. Location is awesome.,14 Oct 2022,5
106081,SrivatsaRv,Good room. Clean maintained.,13 Oct 2022,5
106081,Chetan Pattar,Rooms are good and clean.,11 Oct 2022,5
106081,Zaid Khan,Good,10 Oct 2022,5
106081,ameen,Good ambiance,08 Oct 2022,5
106081,Naveena TR,Good and Clean...,05 Oct 2022,5
106081,Pratham Joshi,Not a single bad thing about stay. It was great,05 Oct 2022,5
106081,Neeraj kumar,Good,05 Oct 2022,5
106081,Pranay,Its a fabulous experience to stay in this Oyo. Employees are extremely helpful.,03 Oct 2022,5
106081,Sreehari.jk,Nice,01 Oct 2022,5
106081,Shyamsathyan,Nice hospitality by Mohamed. Clean room. Friendly behaviour,30 Sep 2022,5
106081,Shiva,Everything was good,27 Sep 2022,5
106081,Shannjay Kumar,I love this place hygienic friendly faculties worthy for moneytidyness.bit too cost ! and no parking,27 Sep 2022,5
106081,Mathan Mohan,"Good and clean rooms
Staffs are very friendly",25 Sep 2022,5
106081,Achint Thalod,Goos service worth staying in this oyo,22 Sep 2022,5
106081,Levin K,Good stay,20 Sep 2022,5
106081,Imran,"Well maintained rooms and hygienic place.. 
Staff's are professional",19 Sep 2022,5
106081,Rakesh rock,Rooms are great at this price,18 Sep 2022,5
106081,nari,All good,14 Sep 2022,5
106081,Srishti Singh,Best rooms nice location extremely clean place,14 Sep 2022,5
106081,manideep racha,Good,12 Sep 2022,5
106081,varun chhapru,The hotel and staff,11 Sep 2022,5
106081,Rakesh rock,Room is so nice at this price,11 Sep 2022,5
106081,Sheh,"Very nice stay and comfortable bed, washroom was very clean",09 Sep 2022,5
106081,Ramprasath MR,Excellent stay.,07 Sep 2022,5
106081,Abhishek Sanghvi,"Had a good stay. 
Good location. Nice & cleaned rooms. 

Price little expensive, compared to similar properties in the area.

Tips: The night shift person(Tilak Kumar) at front desk is very courteous and helpful.",07 Sep 2022,5
106081,Asgar,Good experience,06 Sep 2022,5
106081,Prerna Tiu,"Good value for money.
Nice, cozy rooms.",06 Sep 2022,5
106081,Krishna,none,31 Aug 2022,5
106081,Ravina Patait,"Rooms are good n comfortable, rooms are clean",28 Aug 2022,5
106081,Asgar.ali,"Rooms are clean ,staffs are supportive ..quick response",28 Aug 2022,5
106081,Amiya KumarNanda,Had a nice stay in a peaceful environment. The room was cosy and comfortable with and equipped with all the necessities. The staff was really welcoming and happy to help anytime. Would like to visit and stay again. Cute space.,21 Aug 2022,5
106081,Diny Supriana,ok,20 Aug 2022,5
106081,Vinod Kumar,Good,17 Aug 2022,5
106081,Sreekesh,Good stay.,17 Aug 2022,5
106081,Jaganath,Magnificent,17 Aug 2022,5
106081,Ronak Keshan,Room and and staff's are good ... No problem in early check-in as well . Even the washroom is clean and provided with all the necessary liquid soaps,16 Aug 2022,5
106081,RaghuRaman,Good service,15 Aug 2022,5
106081,Janak Jelil,Comfortable cozy stay,13 Aug 2022,5
106081,VISHNU Vijay,Good staff,13 Aug 2022,5
106081,Prasanth,Great oyo rooms are excellent and everything is nearby,12 Aug 2022,5
106081,Suman Pradhan,All good 👍,10 Aug 2022,5
106081,Sunit Chandra,"Nice place to stay…. Everything was good , the location, staff , cleanliness",08 Aug 2022,5
106081,Mohamed Haj Jafardeen,The room was neat and clean including restroom. With 24hrs hot water and a water heating kettle as mentioned in the description. Fast check in and out. Staffs were also polite. Best place to stay with cheap and good hospitality. Next time when i come Bangalore i would stay here.,07 Aug 2022,5
106081,Jakira Alboor,Hotel staff and facilities are very good,05 Aug 2022,5
106081,nikhitha,"The way of providing cuatomer, location and budjet friendly rooms",05 Aug 2022,5
106081,Surajit,All good,05 Aug 2022,5
106081,Settupalli,Nice hotel with good staff,31 Jul 2022,5
106081,Yaswanth A,"Excellent Stay with 24 hour hot water along with kettle and other amenities, Go for it you will never regret ! Worth the money...!!",30 Jul 2022,5
106081,kancharla agastya,Good experience,28 Jul 2022,5
106081,Kaushik Swaroop,The room was good. The receptionist was very humble.,25 Jul 2022,5
106081,Johnson Abraham,Had a pleasant experience.,24 Jul 2022,5
106081,Durga Saha,It was great staying there. Clean hygienic and humble service,21 Jul 2022,5
106081,Nisha,good 😊,18 Jul 2022,5
106081,Raftaar,Everything was good,13 Jul 2022,5
106081,Abhijth,Nice,12 Jul 2022,5
106081,Vignesh,Good stay,12 Jul 2022,5
106081,Mohamed Farith,good,05 Jul 2022,5
106081,Durga Saha,everything was just perfect,29 Jun 2022,5
106081,Aditya Vaishnav,Great!,20 Jun 2022,5
106081,Akhil Anish,"Excellent experience!! Good atmosphere.. 
good staff service",20 Jun 2022,5
106081,Arman,Good,10 Jun 2022,5
106081,Shyam Sundar,Nice stay,08 Jun 2022,5
106081,Bibek Pramanik,Early checkin should be provided. Add more rooms to compensate for peak season,06 Jun 2022,5
106081,Bibek Pramanik,Early Checkin will be helpful,02 Jun 2022,5
106081,kiran M,Staff was very friendly,22 Apr 2023,4
106081,Anusha Arokiasamy,"The stay was pleasant with good service, Rooms and washrooms are clean. The staffs are also friendly and available",06 Apr 2023,4
106081,Ganesh murthy,Everything was nice and awesome.,10 Feb 2023,4
106081,Ajay KundapuraBhat,Staff was friendly . I booked through Oyo. If you have plans of early check-in they charge 600. Another thing is that oyo allows complimentary early check-in from 10AM but this property only allows it from 11AM. Food was of good quality and right pricing. The room was clean and cosy. The only issue was that the walls were stained and looked like the walls were not maintained. That is the only issue.,22 Jan 2023,4
106081,Mudassir Ahmed,Good experience!!,28 Dec 2022,4
106081,Siddik Babu,"Very clean, ambiance is nice,   worth for the money",26 Dec 2022,4
106081,Rao Venkat,"Rooms are decent and offer a comfortable stay. Location is good.The whole check-in process is a very big nightmare.  My family (all elderly people) arrived after travelling in train for more than 15 hours at 5am.  Even though i said, i would manage all the paperwork and let the elderly people go an rest in the rooms, the staff kept saying they are following protocols and rules of OYO i.e. not to give keys until all the payments and paper work is complete. This whole paperwork process took more than half an hour which created a lot of frustration. rnrnOYO needs to understand that if they just follow rules without any empathy to customer situation, it would not take long to become extinct in this customer satisfaction industry.",18 Dec 2022,4
106081,Manoj,Good its good room wise hygine and lot of good amenities deciplaned conditions place for good atmosphere,23 Nov 2022,4
106081,Vishnu,Good. Comfortable stay. Good maintenance,23 Nov 2022,4
106081,Satish,Excellent service by Mr. Mohammad front office,15 Nov 2022,4
106081,Mirzad,The stay was excellent as usual. Had great time hope to get the same room next time as well. Preferred,13 Nov 2022,4
106081,P.Hemanth Sai,Nice rooms,12 Nov 2022,4
106081,Ashok KothaReddy,Cleanliness and hassle-free checkin.,23 Oct 2022,4
106081,Ajaykrishna cheruvatt,"Please clean toiletStaff is nice. But they offered normal room instead of deluxe room.Late checkout is not offered , even though room where available",17 Oct 2022,4
106081,Sourav Bose,"The rooms are good and cleaned. Manager is polite

Overall experience was good",09 Oct 2022,4
106081,Chethan Kumar,The rooms were clean friendly staff easy check in only one problem I had had to pay extra since I had put only one guest they over charged me for 800rs for one extra guest also didnâ€™t give one extra towel also other than that everything was nice,11 Sep 2022,4
106081,Harshith D,Awesome chekin and well behaved staff.,07 Sep 2022,4
106081,Mohan Mohan,Good place to stay,07 Sep 2022,4
106081,Ronak Keshan,Good people ... Nice hospitality.. i checked in at night 2 am but they treated as with all humble ness,03 Sep 2022,4
106081,praneeth kumarreddy,Room is good and clean. Staff behaviour also good. Definitely recommend to stay at this hyel,03 Sep 2022,4
106081,Siddhant,The staf was complaint and ambience was great ..only bed was the issue i,01 Sep 2022,4
106081,PRASHANT SONAR,"Location wise its good, felt little strange second day many toiletries, water bottle i need to call to them to get and bathroom mirror was missing.",30 Aug 2022,4
106081,Ashish kumar,Fan is required in a room .Ac not proper cool the room,16 Aug 2022,4
106081,Samish Sachdeva,good,09 Aug 2022,4
106081,Kiran Kumar,Room is clean..but small...water is coming very very sloww..otherwise gud stay..,08 Aug 2022,4
106081,Nikhil Thomas,Very nice pla,06 Aug 2022,4
106081,Ponniah Shivasankaran,good location,05 Aug 2022,4
106081,Shiva,Everything was good,02 Aug 2022,4
106081,Arjun,Clean and hygiene,31 Jul 2022,4
106081,Ronak Keshan,Hotel rooms are good if. You get it within 1500 but paying more then that is foolish,25 Jul 2022,4
106081,Komal Singh,Cleanliness should be taken care of. Rest all is fine,16 Jul 2022,4
106081,Akani Castro,"Rooms were clean, great friendly staff too. Room size could be bigger. Wish they have some food options. Overall it was a good stay.",12 Jul 2022,4
106081,Vijay,"cleanliness, and location",05 Jul 2022,4
106081,Mohd Kashif,The staff was good.The hotel takes charges for water after check in. There was no restaurant for lunch or dinner,03 Jul 2022,4
106081,Abhay,"the rooms were medium sized, and the floor we stayed had a weird smell and most importantly the drinking water provided on the top floor had layer of algae in it. so we had to always order bottled water from reception. other than this stay was okay",09 Jun 2022,4
106081,Madhanesh,Ok,23 Apr 2023,3
106081,Arvind,"Room was neat . 
But no room  service .",22 Jan 2023,3
106081,patowary,Too small rooms for that much price,17 Dec 2022,3
106081,Prasanna RE,Good staff n LocationThe front office staff were really good n helpful. The locality is great. Lobby is pleasant. Lift is nice. The rooms are ok. Bathroom is ok.The property requires Maintenance. Especially walls require painting.,23 Nov 2022,3
106081,Madan,It’s good,14 Nov 2022,3
106081,Haritha,Door step service is not available,04 Nov 2022,3
106081,Sekar S,No much facility,21 Oct 2022,3
106081,Izaz Lama,The staff was great.TV channels many of them not there or not subscribed.,10 Sep 2022,3
106081,basha m,"its a good stay , however in lift getting bad odour and rooms are neat and clean, bathrooms also neat and clean",24 Aug 2022,3
106081,Yogesh,Nice overnight stay,11 Aug 2022,3
106081,Sharath Shetty,Very smal rooms very conjusted.  No room service. And ws charged extra 800 at the check in . Actual booking price was 1660. Jst because I forgot to add a person. I ws charged extra 800 . 2500 for 2 people,31 Jul 2022,3
106081,Vishalchhattani,"Very small rooms, breakfast not included, high charges compared to the facilities available.",22 Jul 2022,3
106081,karthik arcot,hot water issues,19 Jul 2022,3
106081,Sasidhar,bad check in experience,07 Jun 2022,3
106081,Karanveer Sareen,Not a townhouse quality,27 Nov 2022,2
106081,Sarma,No room service no food service food or tiffen not available in the hotel,23 Nov 2022,2
106081,Melvy Wilson,"Room is neat and clean,but i felt its less safe for families",05 Sep 2022,2
106081,Abhijit,Bad quality bed... Bed sheet,26 Jul 2022,2
106081,Chakradhara,They charged additional even after regular payment. Rooms are not worthy for the cost spent. Waste to spend so much of money for this room.,23 Apr 2023,1
106081,S Pooja,the property was well maintained and cozy and safe.the staff were nice and were there to look after every need. great stay overall,14 Apr 2023,1
106081,mishra laxmi,"Very bad experience , cheating the customers,",07 Mar 2023,1
106081,Krishna chaitanya,"Rooms are very small, no fridge and no facilities available, no house keeping no hygiene, No parking and what not there is nothing in it except price. It’s as local as 500 rooms",04 Mar 2023,1
106081,Tilak Sudhakar,"The staff is not trained to behave with guest, they are immoral and rude. The rooms were not clean and yet we were accused for some make-up marks on towel.. Very cheap behaviour!",10 Feb 2023,1
106081,Moheen Siddique,"They were very commercial ! Charged me extra 1500 for a ice cream stain , al thought the power in the room was completely off… and there wasn’t any pillow covers as well !!",06 Feb 2023,1
106081,Ajit Choudhary,They have not given breakfast inspite of I paid while doing the booking.,05 Jan 2023,1
106081,Sajid Abbigeri,"Unclean sheets, bad service, poor management! I complained about a stained sheet and they asked me to pay up the fine. Was later deliberately made to pay fine over smoking in the room, although no smoking took place inside. They only look for ways to charge you extra money which is ridiculous. Worst experience!",30 Dec 2022,1
106081,Joel Pinto,Staff is very very rude and misbehaving with my girlfriend,11 Dec 2022,1
106081,haneef basha,"property is 5 star property , but bcz of oyo customer care falls information i have to pay additional 600 at hotel , bcz of falls info am rating 0.",06 Nov 2022,1
106081,YOGESH MD,Very congested space ...compare to price not worthy,23 Oct 2022,1
106081,Dilu KP,"Was expecting a double cot even though I'm staying alone. Also charged extra for water bottle, reception not customer friendly",10 Oct 2022,1
106081,raja racharla,Room size smallnPower FlutchesnNot hygienic and neat nBed sounds nI don&#39;t prefer this to othersAC in the roomnLocation of the hotel.Room size smallnPower FlutchesnNot hygienic and neat nI don&#39;t prefer this to others,03 Oct 2022,1
106081,Malati,THE RECEPTION GUY WAS VERY RUDE .. HE HAD NO PATIENCE TO TELL THAT THEY ACCEPT ONLY PAY AT HOTEL .. I WAS JUST SAYING I'M MAKING ONLINE PAYMENT THAT'S ALL I DIDN'T EVEN COMPLETE IT.. BUT SO SOON HE JUST FORCIBLY TOOK AWAY SNATCHED AWAY THE BOOK WE WERE ENTERING THE BOOKING DETAIL & SIMPLY SAID PLEASE GO AWAY SORRY WE CAN'T ACCEPT BOOKING.! IT'S MUCH MORE THAN THIS IT WAS HUMILIATED ON US. WE ARE GOING AHEAD WITH COMPLAIN BOOKING ON THIS ISSUE.. WE WILL RAISE THE LEGAL COMPLAINT.,02 Oct 2022,1
106081,Shailu,"Bedsheet was not changed.. not good experience...they don't have extra 1 towel 😀. Not even they provide dinner plates you need to go to reciption to collect. If we ask they say management don't provide enough people.

Not good experience",20 Aug 2022,1
106081,Arun,Poor customer service complementry breakfast not provided which is i have paid..totally waste..,19 Aug 2022,1
106081,Sibadatta Nayak,Booked the hotel a week ago. When I reached the hotel they said all the rooms are booked. I had already made the payment. Then they asked me to talk to the customer service. Which is good for nothing. Again I had to travel a long distance. Paid 600 to ola got another room. They did not returned my money,03 Aug 2022,1
106081,Srinivas,No correct information from the reciption team,29 Jul 2022,1
106081,Muthu,"They didn't cleaned the room before stay
Plate glass was dirty there's no towel in the room receptionist behaviour was rude",19 Jul 2022,1
106081,Afroz Pasha,staffs in reception are rude nd disturbing near room sounds in early morning staffs shud know if they are cleaning besidr rooms they should be silent if they talk laughing so lout nd using bad words v bad experience,05 Jul 2022,1
106081,KarthikaK,"No water kettle or anything! Tv no connection, water flow was very slow,",23 Jun 2022,1
106081,Abdul Latheef,"We were totally dissatisfied. The room was gloomy and not clean. Stains on linen. Bathroom not cleanLocation.Entrance: There was no ramp to take luggage in. No staff was helpful to manage the luggagenHygiene: Not at all acceptable nRoom: Poorly designed, cleaned and maintained. nStaff: Not very helpful",12 Jun 2022,1
106081,Krutika,"pathetic place to stay. They do not even have tea/ coffee at the hotel. The rooms are extremely dirty with cobwebs hanging around. the staff is extremely slow. No matter how many times you request them to clean your room they do not budge. Basic services are also not available like Iron box, laundry bag etc.
Highly not recommended. Pictures are very deceptive. worst Oyo ever",11 Jun 2022,1
