hotel_id,user_name,review_text,date,title
106105,Krish,"Superb hotel and best people, mam is very very coperative Ambika Sungh ji made it such a comfortable and nice experience. Thank you",23 Apr 2023,5
106105,lalith rajput,It was pleasant stay,23 Apr 2023,5
106105,Priyanshu Kumar,It was nice,21 Apr 2023,5
106105,Madhavan R,Good place staff are soo friendly clean area good place to check in,19 Apr 2023,5
106105,Kundan Kumar,Room size is bit small and also the bathroom.But rooms are clean.Tvs not working properly,18 Apr 2023,5
106105,SUSSMRITHI REBECCASURESH,"Very nice staff, highly cooperative. The only problem is that there are flies in the rooms. Otherwise, great stay!",16 Apr 2023,5
106105,Shaj Kumar,Allocated a room with a balcony which is appreciable,16 Apr 2023,5
106105,BAL REDDY,It is very good stay with overall,13 Apr 2023,5
106105,Prasad A S,One of the best places to stay in Bangalore south and very well maintained facility and very helpful staff .,10 Apr 2023,5
106105,Mukund Kumar,Room is clean and staffs are courteous.,09 Apr 2023,5
106105,Pulkit Chopra,Location is very good and staff is very cooperative.,09 Apr 2023,5
106105,Vijay Muvva,Good place,06 Apr 2023,5
106105,kasetty bhargav,It's very nice and good place and environment is good and cleaning is good and break fast is also good hhhhhhhhjjjjjjjjjjjjjjjjnnnnnnnhjjnjjjjnnnnnnjjjjjjjj all is good,05 Apr 2023,5
106105,aishu,Good,18 Mar 2023,5
106105,Sanu Kumar,"It was really great. Room was clean, checkin checkout was really easy. Staff was well behaved. Room was spacious. Location was good as well. I didn’t take the breakfast. Wifi speed was good.",18 Mar 2023,5
106105,Pranav Pramod,"Nice stay, good staff behavior . Recommended",13 Mar 2023,5
106105,Ravikiran,The total experience is good and the rooms also clean and well mentioned ame room looks cool with the nice  interiors the assist is pretty cool totally is an woow experience,12 Mar 2023,5
106105,ravi,"Good it was really good and meet trust me it’s marvellous 
Good it was really good and meet trust me it’s marvellous 
Good it was really good and meet trust me it’s marvellous",09 Mar 2023,5
106105,preetham shwetha,"Staff,, cleaning well and good 😊😊",03 Mar 2023,5
106105,vijay,"Very good stay, I used to prefer here when ever I need a stay.. 

Very helpful front desk staff and very clean and neat rooms.",02 Mar 2023,5
106105,Pavan,Clean room and washroom,01 Mar 2023,5
106105,Golam,Good,27 Feb 2023,5
106105,Srikanth Varma,Comfortable and clean for a short business trip,20 Feb 2023,5
106105,Srikanth Varma,Good place for a short stay,31 Jan 2023,5
106105,Akila SR,"It was a great experience. I really loved the place. This is second time in this hotel and I will always choose this, If I visit Bellandur again..the best and receptionist was good and heartwarming. I stayed with my parents and they loves it too..",22 Jan 2023,5
106105,syama,Stay was comfortable.Staff was very friendly. The morning breakfast also good.clean and hyginic rooms,22 Jan 2023,5
106105,Vikram,Excellent hotel,08 Jan 2023,5
106105,Sanyukta,An affordable room to stay near the IT hub RMZ ecospace is just opposite. A very affordable and quality stay with clean bathroom and bedrooms,01 Jan 2023,5
106105,Saketh Gundlapalli,Good oyo. Bit pricey for the room size but best amenities. Stayed here multiple times and had a good exceprience,28 Dec 2022,5
106105,Rahul Agarwal,Good location and good stay. Room was good. Room service was good. Recommend for a flawless stay cations,27 Dec 2022,5
106105,Mahesh,Good,26 Dec 2022,5
106105,Ravi,It was good hotel in budget. Service is good. You got breakfast in the morning.,26 Dec 2022,5
106105,Chandra Sekhar,One of the best Oyo s,26 Dec 2022,5
106105,Akash N,"Friendly staff nice and tidy room, we were about leave but they reminded of our complementary breakfast, faculty was so kind and food was also delicious which had 4 varieties. 

Satisfied with the stay.",25 Dec 2022,5
106105,Devendra Tiwari,Good place,25 Dec 2022,5
106105,Pranav Pramod,"Nice stay, nice people. Really comfortable stay",25 Dec 2022,5
106105,Imtiyaz,"Helpful staff, clean rooms and a very comfortable stay.",24 Dec 2022,5
106105,Subhash Reddy,"It's really good , check in and check out easy, nice rooms, very cleaned, good fecilities in the room",22 Dec 2022,5
106105,G R,Nice,20 Dec 2022,5
106105,Aryan Yadav,It was a great experience in this hotel. Complimentary breakfast was too great and I loved few South Indian breakfast in morning.,17 Dec 2022,5
106105,Vijay H,Awesome,09 Dec 2022,5
106105,Deepak Patel,Good,06 Dec 2022,5
106105,Ajinkya Bakshi,It's a great place.,02 Dec 2022,5
106105,Srinivas,The stay is pleasant and well behaving staffs with proper hygiene maintained. Complimentry breakfast is added point. The location is good advantage for the it people as most of the IT companies are near by.,02 Dec 2022,5
106105,M Siva,Good stay and maintenance is good.,29 Nov 2022,5
106105,Manoj KumarRB,Nice good clean and staff a cooperation very nice and peaceful location,21 Nov 2022,5
106105,Partha Sahu,"Best hospitality one can get in this hotel. Stayed for 15 days and everything was awesome. Honest review, you can stay without looking at negative review.",18 Nov 2022,5
106105,Samriddhi Singh,The hotel is very clean. The rooms are well maintained. The breakfast is fresh and tasty. Overall the hotel is good for stay.,15 Nov 2022,5
106105,Aman Sahu,"Check-in experience is good, room was clean and breakfast and water bottles are complimentary. Unlike other townhouse I observed, this one had the warmth feeling from all the stafs",11 Nov 2022,5
106105,Srinu,Good,08 Nov 2022,5
106105,Devendra Tiwari,Becoming better,05 Nov 2022,5
106105,Jeba,Very clean,03 Nov 2022,5
106105,pk,Great place,15 Oct 2022,5
106105,Abhishek Sanghvi,"Front desk and staff talk respectfully, and very helpful. 

If you go to other OYO hotels, the staff is ignorant, if not rude. 
The owner of this place must be doing something better than others that he is able to retain such a nice staff.",17 Sep 2022,5
106105,sivanesh,Good rooms and polite behavior from staffs,16 Sep 2022,5
106105,Anupam Mishra,Cool place,09 Sep 2022,5
106105,Anupam Mishra,"Good stay. Staffs are decent and helpful.
Good breakfast, wifi makes stay joyful.",06 Sep 2022,5
106105,Jagatheeswaran TS,"Good hotel, good location. Peaceful stay",29 Aug 2022,5
106105,Shubham AnilPatil,Well & Good Rooms. Hospitality Is Also Great.,27 Aug 2022,5
106105,Yash,Good,18 Aug 2022,5
106105,Deepak Agarwal,Good,17 Aug 2022,5
106105,Vishnu Uma,"The room was clean, small but very comfortable and the staffs were amazing. Amenities were great. Couple friendly environment.",16 Aug 2022,5
106105,Sunil Kumar,Clean and polite staff.,10 Aug 2022,5
106105,Harish Reddy,Very hygienic.,09 Aug 2022,5
106105,Vasanth Naidu,Hotel Room,05 Aug 2022,5
106105,T.jayasankar jayasankar,Best ambience and amazing location.,02 Aug 2022,5
106105,Sasikanth,Everything is perfect,28 Jul 2022,5
106105,Tanweerul Haque,Stay was pleasant,22 Jul 2022,5
106105,Sasikanth,Always superb,18 Jul 2022,5
106105,Rao,Thank you,12 Jul 2022,5
106105,Sameer Sait,Kitchen Not Operational,10 Jul 2022,5
106105,Sunny Raj,all good,27 Jun 2022,5
106105,Nithin,Stay was good but very small room,25 Apr 2023,4
106105,Neeraj KumarSingh,Stay was good. Would have loved to have some facility for tea/coffee in the late night and early morning.,15 Apr 2023,4
106105,Vishal Swarnkar,"The hotel staffs were friendly and cooperative, everything was good",14 Apr 2023,4
106105,varada alapati,Stay is good and i received good response from staff,14 Apr 2023,4
106105,Amal Sivaji,The room was clean and staff was prompt and helpful . the Oyo townhouse is located close to the main road for good access,22 Mar 2023,4
106105,kishore,"Good hospitality, good rooms, good parking space, good maintained hotel

Late receiving customers…..",13 Mar 2023,4
106105,Vipasha,The place is very hygienic. The staff is cordial too. But the room size is really small & it has no windows or balcony.,06 Mar 2023,4
106105,Arun Krishnan,"Good service, nice room, very calm place to stay near to ring road, so easy to access. Nothing else",26 Feb 2023,4
106105,Lokesh,Good stay,12 Feb 2023,4
106105,Madan,Stay was comfortable,23 Jan 2023,4
106105,GIRISH KUMARJAT,"Hotel is located near a small lake. Although it is not visible from all the rooms. Safe location. Staff is also good, and services like housekeeping are good. Neat and clean rooms and all basic amenities are provided. You can stay here with your family, on business, or couple and it's completely safe.",04 Jan 2023,4
106105,Dhanush,Very neat and the management is also good I suggest this place simple and nice ambiance was good satisfied with this,01 Jan 2023,4
106105,Jayant Kamble,Everything is good. Staff also behaved good.,29 Dec 2022,4
106105,Tulasi ram,Ambience and service is very good,26 Dec 2022,4
106105,Parag KumarBora,It's a nice and clean place .. Only thing they don't have kitchen only for tea,16 Dec 2022,4
106105,Gaurav Bhargava,Well suited location and friendly staff. Rooms were clean and everything work as expected. Still some areas of improvements but overall good stay,13 Dec 2022,4
106105,Pratham Nayak,"The overall stay was good. The AC was not working properly so had to switch on fan aw well.

Also the TV channels were not subscribed. The Tata Sky had been deactivated",11 Dec 2022,4
106105,JagadeeshNandigam,"Except for there is no food service available, rest the location, room cleanliness and all are good. Bit over priced for a single room for a single night.",09 Nov 2022,4
106105,Samriddhi Singh,Food was good. Rooms are clean and staff us polite.,04 Nov 2022,4
106105,Nirmit,"Everything was great except the cleanliness. The breakfast had cockroaches nearby :(
Rest stay and hospitality was great",27 Oct 2022,4
106105,Kedar Kamath,Nice,17 Oct 2022,4
106105,Madan,"It was good ,but bit costly for 1day,rooms were quite small ,650 meters from petrole bunk bus stop ,its clean",15 Oct 2022,4
106105,Sagar K,A decent place.,14 Oct 2022,4
106105,Riya Agarwal,"Food I did't try
Ordered from Zomato because it was late night
Room was tidy n comfortable
Interior was nice if we compare the rate.
Overall good experience",30 Sep 2022,4
106105,Manjunath,Breakfast was good.Room was clean..It was better if they have provided extra towels,28 Sep 2022,4
106105,Kamran Waseem,The atmosphere around the hotel is very pleasant. The staff was decent and the rooms were neat too,14 Sep 2022,4
106105,Srikanth,Neatly maintained,14 Sep 2022,4
106105,Diwakar,TV channels are not working,13 Sep 2022,4
106105,Nikhil Nikhil,Nice stay,25 Jul 2022,4
106105,sourav sharma,good,02 Jul 2022,4
106105,ranjith kumar,Some of the toiletries were smelling very bad,19 Apr 2023,3
106105,Amit Gupta,"hotel room is small but value for money but service is not good, in my room DTH was not recharged and it took them 2 days to recharge it, i asked for mosquito repellent but they didn't provide for 2daus (my entire stay) so basically u will get what u have at the time of check in after that they don't pay attention to ur basic requiremnts",15 Mar 2023,3
106105,VIKRANT,"The amenities were not given as it was written at the time of booking.
No complimentary breakfast as well.",12 Feb 2023,3
106105,Yashwanth Pendli,Good,29 Dec 2022,3
106105,Sharmila,"Too many house flies. Rooms are very compact. Can’t move around freely. Good breakfast but butter and jam had houseflies. Rooms have to be left open for an hour atleast after checking in since they stink of mould and pee. 
Service is quick and polite staff.",28 Nov 2022,3
106105,Devendra Tiwari,Good place nice location poor food,03 Nov 2022,3
106105,Emmanuel,It was an okay stay. Good room. But the fan in my room was looking very shaky and AC was not strong enough. Also the power was out for at least a couple of hours. Didn't get access to the wifi,04 Oct 2022,3
106105,Shilpitha,"Room size is small and doesn't have any window r view as mentioned.
In washroom instead of of bodywash/shower gel they filled only shampoo in 2 bottles. Apart from that room nd washroom r clean. Complementary breakfast was 👍🏻👍🏻.
Tip for customer: see room before check-in as the sizes r small nd no windows in lot of rooms. Ask them to show couple of room options nd choose according to your comfort.",17 Sep 2022,3
106105,Adithya Shettar,"Rooms are really small. Booked ""Classic with a view"" and got a room with no windows.",07 Sep 2022,3
106105,Bhaskar,No offers very very smal roms,07 Sep 2022,3
106105,Ashwini Kumar,wifi speed was subpar. tv was not a smart tv,30 Jun 2022,3
106105,Sapna,"I was promised a room with view , there was not even a single window , please don’t list in that way if you don’t have such rooms available. Also there was pungent smell coming from the room. I have always trusted Oyo but this was not what was expected from Townhouse segment Atleast",06 Apr 2023,2
106105,Devendra Tiwari,They clean based on their timings so no respect for your time. You'll have to wait and invest for around 20 to 30 minutes daily for cleaning. Food is poor as always including hygiene.,08 Jan 2023,2
106105,Ajaya Mati,No proper ventilation. Room was stinking like hell. Small Room. Breakfast is not so good. Average. Cutleries are not properly cleaned. People are great though.,03 Jan 2023,2
106105,Prasanna Venkatesan,Ac not proper,11 Nov 2022,2
106105,Sreekanthreddy,none,23 Oct 2022,2
106105,Harsh MudhaleG,"No changing bedsheet, Tea bags and Milk powder provided on first day only, didn't provide water bottle but charged for it.",15 Jul 2022,2
106105,XXX XXX,No proper ac or,14 Apr 2023,1
106105,sajjan gadapa,It was very very very pathetic. Worst experience,04 Apr 2023,1
106105,Syed,There was no option to book and pay at hotel,13 Mar 2023,1
106105,Shantanu Sriraj,Demanded unnecessary extra fees at check out.,28 Feb 2023,1
106105,Partha Roy,There was no room available for me. They made some ad hoc arrangements. please refund the money. I might go to consumers forum to settle this issue.,09 Jan 2023,1
106105,Shashi,Room was too compact.  there was a pungent smell.,19 Nov 2022,1
106105,Sayantan Deb,"There were no windows, no in-house restaurant advertised, there were flies in the room constantly, there was no water pressure in the washroom",25 Oct 2022,1
106105,Rajesh B,Property owner refused to provide room due to low tariff. I don&#39;t understand then why booking.com will allow us to book this kind of property! A different property is arranged at the later part is a different story.,25 Oct 2022,1
106105,Kaveesh Shetty,We left the hotel after 3hrs check in because of bad room experience and we thought it will be goo But its not worth it and staff was not much responding,24 Oct 2022,1
106105,Sharmada Shastry,"There was no in-house kitchen, and this was not mentioned while booking. There are photos of food on the hotel page on Oyo app. Took me one hour to get my booking cancelled. The room also says ""classic with a view."" There was no window, let alone a view. Horrible experience. Wasted half a day.",22 Jul 2022,1
106105,Mohammed Mayan,no windows in my room.though it was clearly shown in the amenities,02 Jul 2022,1
106105,Abhishek,The room sizes are half of what is mentioned on app..example: 240 sqft room size is 120 sqft in reality,28 Jun 2022,1
