hotel_id,user_name,review_text,date,title
106267,Alex Savi,good hotel to stay. nice staffs and had well maintained room with clean towels and well furnished room. It’s classy building with spacious rooms. only issue is the parking that we have to put vehicles on road side. The room and staffs are great. I loved the place.,14 Jan 2023,5
106267,Kshitij,Nice location,08 Dec 2022,5
106267,Siddharth,The rooms were good but hot water wasnt working and they ask too much for even 1 min extra after checkout time,27 Jan 2023,4
106267,919834402301 Mandal,"The hotel is not upto the mark. The hotel manager denied the chekcin even though I had confirmed booking. So had to wait for 10-15 mins untill Oyo Gues Experience Team fix the tariff issues. Rooms are not good at all. Having bad smell. Pathetic washroom no towels, dirty chairs",09 Jan 2023,3
