hotel_id,user_name,review_text,date,title
106512,Rajesh Pradhan,Decent property,11 Apr 2023,5
106512,John Suresh,Nice clean room and no hastle check in and check-out,05 Apr 2023,5
106512,Devender Singh,Value for money,18 Mar 2023,5
106512,k. saisriram,The hotel is lovely. Clean rooms and we'll maintained syst. Washrooms were good. The service and checkin experience was awesome.,17 Mar 2023,5
106512,Kishore,"Reception guy is good and helpful. One problem is, they have TV but wont work. Other than that the stay is peaceful.",16 Feb 2023,5
106512,Raja manohar,"My guest is staying in the room from last few days. He found it more comfortable to continue as works are not completed. He may likely to stay one day or two days more. The location, Ambience and parking are good",15 Feb 2023,5
106512,Raja manohar,I made a booking for one guest person which was very good. The location and the atmosphere are good. The surroundings of the are are also good.  Room is maintained very well and I can recommend to friends and relatives to follow oyo app and make advance reservation.  The cost is reasonable.,12 Feb 2023,5
106512,Nathanael,"Great location, really pleasant and clean rooms, but the thing that makes this such a good place to stay are the staff. All of the people are incredibly helpful and generous with their time and advice. We travelled with two six year olds and lots of luggage and despite the stairs up to the elevator this was one of the nicest places we stayed in the four weeks we were in Europe.

Thanks for making our visit to Florence that much better.",21 Jan 2023,5
106512,vikalp joshi,Its a very nice hotel everything is great cleanliness staff everyone is good ac is working to good bed is good thank you oyo,19 Jan 2023,5
106512,Digamber kumar,"He asked 300 rs extra for staying in hotel.
As I was alone it was so expensive for me. But rooms were cleaned.",18 Jan 2023,5
106512,Mohammad IrfanAhmed,Awesome stay,15 Jan 2023,5
106512,Murali Mohan,good stay ..nothing fancy affordable and value for money,10 Jan 2023,5
106512,Harsh Ranjan,"Pleasant stay, good staff and overall nice experience",24 Dec 2022,5
106512,supreeth s,"[object Object] 
Worth it
Clean
Hygiene 
Good
Best
Well maintained. Parking is available .
Nice rooms",20 Dec 2022,5
106512,HETHESH,Proper response,11 Dec 2022,5
106512,Dadu,Good,21 Nov 2022,5
106512,Jaykrushna,"Room was very neat and clean, ac was working properly. Overall it's good to stay in such price.",25 Oct 2022,5
106512,Vamsi,Thank you,22 Oct 2022,5
106512,Dev PratapSingh,"The room was nice, even the room service was good. Nice place to stay for a couple of days and accessible to various places.",12 Oct 2022,5
106512,Venkatesh,Very good staff and hygienic rooms and common area. Nice maintenance,05 Oct 2022,5
106512,SShanmukha sai,Good service,23 Sep 2022,5
106512,Prakriti Sankhla,"It was a very good stay, recommend it to other people. Staff is polite and room is clean. Market is nearby.",11 Sep 2022,5
106512,Satyabrata Mishra,Pretty nifty for 1100. Don't expect any 3 star + service though,10 Sep 2022,5
106512,SANJAY,Very good staff,25 Aug 2022,5
106512,Promod,Good staff,25 Aug 2022,5
106512,Promod,Friendly staff,23 Aug 2022,5
106512,Tejas Somani,"Good Staff, Service on point, decent food, Great for corporate folks",16 Aug 2022,5
106512,Prateek Chikkur,Everything was good 😊,16 Aug 2022,5
106512,karnati Maneesha,Nice.,14 Aug 2022,5
106512,Mitchell,"Clean rooms, helpful staff, overall good stay",11 Aug 2022,5
106512,GOVIND GUPTA,Good hotel..but the room has some issue like ac not working and tv also not working .. breakfast also not given,07 Aug 2022,5
106512,PRABHAT Kumar,Best thing about this hotel is its ambiance and cleanliness,07 Aug 2022,5
106512,Dinesh Krishnan,Nice stay in bangalore with good hospitality cleaned and neat well maintained room... Safe and secure,01 Aug 2022,5
106512,DIPAK TATKARE,Nice,01 Aug 2022,5
106512,Azhar Ismail,Wonderful experiance. Best hotel in this area.,26 Jul 2022,5
106512,Vaibhav Gupta,Good.,25 Apr 2023,4
106512,ABHISHEK SAHU,Room environment is good but AC is not working properly,23 Apr 2023,4
106512,Saurabh Goyal,Nice place to stay,09 Apr 2023,4
106512,Tapas kumar,"Nice , but expected better service",05 Apr 2023,4
106512,Santanu Das,"Room were fine, privacy was there, couple are welcomed",29 Mar 2023,4
106512,APBGuest,"The cleanliness and the ambience is good and the parking is very good , The response from the receptionist is great",27 Feb 2023,4
106512,MadhavPrabhu,"Good location, helpful staff members👍
 Hotel room sound proofing could be more better.

Linen availability could be streamlined",17 Feb 2023,4
106512,919791111076 Sharif,Room was clean but wifi issues,09 Feb 2023,4
106512,Atul Prakash,"The hotel doesn't have any service. The mattress was broken.
The tv has no channels. It is quite livable but not for long.",10 Jan 2023,4
106512,Satya,"Overall experience is ok. There are more con s than pro 
Food has to ordered from out side and not delivered to the room.
Sanitation is a problem , I  had to change multiple rooms because of sanitation problems and rooms7 are not well maintained and cleaned I can see the spider webs around the room. Didn't have TV connections and didn't recharge  during the stay of 10 days.and they call it eminities.ac is problem for few days and until   we guided the room service to how to clean that's funny part.",09 Jan 2023,4
106512,Eniyan Immanuel,Rooms were good,01 Jan 2023,4
106512,Subrata Dey,Room was,29 Dec 2022,4
106512,aravindhan panchacharam,"The room was neat and clean. The restrooms were decently maintained. Check in was smooth. Wifi not provided
ac not working and tv does not have active connection as mentioned in the property details. But value for money.",25 Dec 2022,4
106512,Naveen,"It is very decent property with such a great team .first time I found my check in experience this smooth,thanks to guy at reception then it comes to room , Cleanliness is also good ,Tv is there but it's not in working condition
AC was working fine ....there were no towels provided by the hotel even after asking also 
Not room amenities such as water,soap, nothing was provided
No option available to order food from hotel.

4 star given because of the staff behaviour.
Needs to improve above mentioned things to get it to best experience.",20 Dec 2022,4
106512,Hariharan G,"Overall experience good, only the issue hot water.",17 Dec 2022,4
106512,Ravi,Good hotel! Can stay peacefully,04 Dec 2022,4
106512,Abhishek Gowda,Average rooms and less maintained,03 Dec 2022,4
106512,Murugan Gajapathy,The location is excellent.  The staff were courteous.  Restaurant is missing but that is OK.  Packed food for BF.,24 Nov 2022,4
106512,Nikhil Revankar,"Value for money stay. Good staff, easily accessible, one thing is that towels are not provided at the check-in time",23 Nov 2022,4
106512,Manish Kumar,Good Rooms,16 Nov 2022,4
106512,Alfred,Clean staff are good,06 Nov 2022,4
106512,Narender SinghRathore,"good place to stay , peaceful environment",05 Nov 2022,4
106512,MurajKumarSamal,Decent room but not clean bedsheet. Not up to the mark washroom cleanliness. Poor wifi connectivity.,01 Nov 2022,4
106512,Rys Nikhil,Everything is good but that power mcb main in room will often cutoff and was irritating.,30 Oct 2022,4
106512,Nageshwaran G,Good service,21 Oct 2022,4
106512,Ganesh Debnath,"Check-in and check-out very smooth.
Sanitation and reception average.",14 Oct 2022,4
106512,Hareesh,Nice rooms,11 Oct 2022,4
106512,Sathishkumar,Peaceful place,14 Sep 2022,4
106512,Tushar Gupta,It was okay. Got trouble with guest visit - didn't wanna fight so they had to wait downstairs for 30 mins. Won't provide water bottles. Book one day 2 bottles - book 7 days only 2 bottles.,10 Sep 2022,4
106512,Shubham,Issue of the location only.,06 Sep 2022,4
106512,Anwesha Roy,Room was good.,05 Sep 2022,4
106512,S.chand basha,Friendly staff,05 Sep 2022,4
106512,Devesh,"Room was good but small . Staff was less but polite. Have to ask few times to get things done . Plus point , it is on the main road and Visitors are allowed.",04 Sep 2022,4
106512,Vishwajeet Shelke,Its fine,20 Aug 2022,4
106512,Bala,The check in was smooth. However the room could have been cleaned better.,15 Aug 2022,4
106512,Mohamed ThariqA,Nice stay,27 Jul 2022,4
106512,Subbu,Good,18 Jul 2022,4
106512,Om Prakash,Good rooms,14 Jul 2022,4
106512,Raghuram Devarkonda,"Very basic hotel with no facilities or service. Ac was not effective, tv was not working. They even refused to clean the room, saying that it is cleaned only once in 3 days. 2 boys managing the hotel.",25 Apr 2023,3
106512,Lohith Kumar,"Location ambience and restaurants, lift service, water facility and complimentary breakfast not provided",22 Apr 2023,3
106512,Ashish,"Location is good overall good experience. No tv , not any services provided.",14 Apr 2023,3
106512,Anagha,"Hotel was decent but not worth the money.Whats in review and amenities are not provided.There was shower in my room, complimentary breakfast as mentioned was stopped 6 months ago according to the reception guy.Wifi strength is good and rooms are just decent.",10 Apr 2023,3
106512,Raghava Krishna,Near to offices around. Easy to reach,05 Apr 2023,3
106512,Harish Gowda,Not up to the mark,04 Apr 2023,3
106512,Rajkumar,"Wifi, Fan, TV were not working. Towels were not given. Faced power fluctuations a lot. One of the staff member (Rinku) showed too much attitude. I wanted early checkin and hotel staff agreed for it earlier and then only i booked the room. On the day of checkin, the staff member (Rinku) denied the early checkin. I made multipe calls to OYO customer care and after that Rinku agreed for early checkin. Other staff members are fine. Cleanlinesss of the room is just ok.",29 Mar 2023,3
106512,Rakesh,Room is ok but entertainment no TV not working,17 Mar 2023,3
106512,Ayushi Grover,The hotel asked for extra money over and above the amount on Oyo,17 Mar 2023,3
106512,Navneet Kumar,"Room service is not good. Hygiene is not maintained
.",08 Mar 2023,3
106512,Deepika,"Staff is good... Washroom is clean , soft bed but room was very small not to so clean, over all average",07 Mar 2023,3
106512,Bala,"Stay is just okayish as there are no toiletries given, no towels, no wifi, no tv. Just a bed to sleep and four walls with a bathroom.",06 Mar 2023,3
106512,Rakesh,Room nice but TV facilities not there in room,05 Mar 2023,3
106512,Naveen,none,14 Feb 2023,3
106512,VijaySekhar,Reception person took additional amount of 700/- because booking tarif amount is low and not matching their tarif and stated that we will provide you the bill for additional amount during check out but didn't provided with anything.,23 Jan 2023,3
106512,Ami SarahMaria,Location was very remote with little to no cab access,19 Dec 2022,3
106512,Moses,The room was small compared to what i was supposed to get felt cramped. Bed was making sounds not that comfortable.,18 Dec 2022,3
106512,Rishabh Vats,Toilet and rooms were not clean,06 Dec 2022,3
106512,Souvik Datta,"The rooms were clean, the room service was not good. No kitchen in hotel and breakfast comes in plastic trays without plates. No cutlery present and no provision for cutlery also. Other than the above it was a nice experience.",19 Nov 2022,3
106512,Sabyasachi Nath,Room service is pathetic. I stayed for more than 5 days but my room was not been cleared after so many requests. First know how to run a hotel professionally.,07 Oct 2022,3
106512,Mayank,"No TV channels internet not working properly which is basic need, if you want to just go and sleep, it's okay",31 Aug 2022,3
106512,Surya,No room service and poor maintenance,07 Aug 2022,3
106512,Kiran,there is no fan not working,30 Apr 2023,2
106512,Vishnu,"There was no towel in washroom. You've to manage at your own.  No kitchen was there. Room was smelling badly.
Also We waited an hour to get rooms. 
Overall experience and not worth it.",18 Apr 2023,2
106512,Tharunkumar,Water was leaking from Ac on to bed. No room service if you extend your stay. Very rude employees.,03 Apr 2023,2
106512,Rahul Wadhwani,"There was no power sometimes, no water sometimes.Staff didn't use to clean the rooms on daily basis so my experience wasn't that great",01 Apr 2023,2
106512,Priyam Chowdhury,"No toilet kit,no towel given,seemed like rental for couple for few quick hours.will nevrr stay again",16 Mar 2023,2
106512,Naqeeb,Not shown as pics,23 Feb 2023,2
106512,JAYANTA BORKAKOTI,2. The rooms and the linens were dirty. Also the front desk folks were least interested about their role and job. Overall a bad experience,10 Feb 2023,2
106512,918220472961 Ahamed,"Wanted to check out earlier, but the customer care and the property manager were not helping, still don't know the status of my refund",05 Jan 2023,2
106512,Appu Kumarsingh,"They don't allow bookings from OYO, my worst experience ever",27 Dec 2022,2
106512,Afroz,"Extra amount is charges for 
Not worth this amount this hotel",23 Dec 2022,2
106512,Ravisankar Ramprasad,"Very rude behavior by hotel staff handling the reception. No soap, toothpaste or other basic grooming kit expected from a hotel of this category and rating. Bad experience.",19 Dec 2022,2
106512,Sushil Kumar,"TV not in working, Room Service Very poor, kitchen not available in Hotel",17 Dec 2022,2
106512,ankur singh,The rooms are small and too different from the picture,17 Dec 2022,2
106512,Dhananjay Shukla,"Very bad customer service
TV not working
Room cleaning issue",17 Dec 2022,2
106512,Manu Jose,The room was clean. But the AC is not working. The staff at hotel is not cooperative or friendly.,15 Dec 2022,2
106512,Vipin DelightPaul,"What I liked - The location of the hotel

What I didn't like - 
1. Attitude/ Behaviour of the hotel staff - the receptionist just went outside with his phone when I checked on my reservation. Eventhough the room was available, he made me wait for close to 30-45mins as I needed an early check-in (and he charged me for that too) eventhough OYO told its free.
2. Cleanliness of the room and washroom - ""Pathetic"" I do not understand how do you call such a property as 4-star rated.
3. No bath towels, no complimentary breakfast",12 Dec 2022,2
106512,Aneesh,They didn’t keep the towel and can’t watch any program on tv as it is not recharged. Moreover they behaved weird looking at us.,28 Nov 2022,2
106512,Satheesh Kumar,No Wi-Fi for 2days and restaurant was closed. Received breakfast only 1 item per person per day. Wasn’t a pleasant stay!!,24 Nov 2022,2
106512,Tanmoy Bose,Amenities did not work. TV was not working. Wifi was not working. The bathroom flush was not working. The hotel staff did not rectify any of the above issue even after repeated requests. My would never again book any townhouse for my family’s stay.,21 Oct 2022,2
106512,RITESH RAI,It was not at all what is displayed in the posted pictures. I had broken bathroom. There were no kitchen and near by there are not good restaurants. The staff was ok kind. Overall experience was bad. It's like a cheap lodge,25 Jul 2022,2
106512,Kirran KumarHM,"Tv not working, found mosquitoes and cockroach inside room. bedspread and pillow covers were not clean.",15 Jul 2022,2
106512,Arun Raj,none,21 May 2023,1
106512,Kalyani Holey,Rooms are not clean. Please don’t ever go here. It feels like an illegal hotel. Its not as its shown in the pictures,23 Apr 2023,1
106512,Nithin,"Staff were not responding properly had power issues ,no water was there they were not even responding calls even proper towels were not provided .",22 Apr 2023,1
106512,Mathan Raj,I don't understand how a basic need like water supply is not fulfilled. Really terrible.,19 Apr 2023,1
106512,Kishore,"No proper AC or ventilation, worst toilet-handshower or taps dont work. Worst experience",18 Apr 2023,1
106512,Abhi,Their is no fan was working and i dont like the staff behavior,11 Apr 2023,1
106512,Shivam Pokhriyal,"1. Room wasn't prepared even though i checked in at 9 pm. 2. Cleaner doesn't come even after asking for several times. 3. Towels are so dirty that you'd vomit. 4. Tv doesn't work
5. Hotel doesn't have any food.",10 Apr 2023,1
106512,kalyan goud,No water bottles given and also no towels provided and also not cleaned well and rude behaviour by staff.,08 Apr 2023,1
106512,Praveen Madishetty,"No shower, No Proper service, staff is too bad, Ac Not working No complimentary breakfast provided. It's a very very bad experience",06 Apr 2023,1
106512,Prudhvi Raju,Don't ever book this hotel. The reception boy asked for 500rs extra for allowing checkin. Even the oyo customer care people also talked to this guy but no use. Think twice before booking this hote. There is no Tv and wifi also. Worst oyo I have ever seen,03 Apr 2023,1
106512,Subhashis Dash,"There is no water in room , there is fan in room , the AC doesn't work properly no amenities, no water bottle , no soap , no bath towel provided throught day worst stay ever in Oyo..",02 Apr 2023,1
106512,Lohith Kumar,"Towels were not provided basic bath utilities were not there such as soap beds were unhygienic they charged extra 200, even water bottle isn't there.",01 Apr 2023,1
106512,Rajith,Pathetic checkin rude and arrogant. The rooms were barely clean the bathroom was dirty and probably had not been sanitized for very long. The staff were not cooperative.,29 Mar 2023,1
106512,Abhinav,Worst hotel experience. The rooms and linen and everything is so dirty and smells. Please close down this property. I paid the amount in full but when I entered the room I could not stand a minute. Changed the hotel immediately and OYO did not even refund the amount,29 Mar 2023,1
106512,Rabindranath Biswas,It&#39;s a big time scam.. nothing represents the image posted on this booking.com.Nothing is good from the time I entered I have to switch to a different Property in just 15mins of my stay. Atrocious,28 Mar 2023,1
106512,Bittas Sebastian,"Pathetic hotel. Don't book this terrible OYO. We checked in on 15th March 2023 for 2 nights. The room is very old and it's broken in some places and bathroom stinks and no water. AC is not working and no bath towel is provided.
Seriously which hotel doesn't have a bath towel these days. Im order to save money they don't even give mineral water and we had to purchase all. No restaurant nor free breakfast
I should have rated zero if there is that option",21 Mar 2023,1
106512,Chandan,No fan no proper intercom,18 Mar 2023,1
106512,Barath kumar,They charged me extra 500 rupees during the check in time,12 Mar 2023,1
106512,Yadav Gaurav,"Bad review I advise you to take action on it they are fooling people..Nothing.Room toilets are unclear ,too much of a bad experience In your site where facilities are shown there is nothing in the hotel room.",10 Mar 2023,1
106512,Vishal Lokare,"Don't know where to start-i had asked for a late check in (after 6pm) and when i went at 9, it was still not ready. Next morning, found the geyser was not working. When i came back, they said, it was fine but same story. I asked them to arrange hot water so that i can rush to my office, the staff said 'where will we get hot water from? ' 'you want us to get hot water for you. The staff didn't own up to the responsibilities. Later, i was shifted to another room facing the road. It was east facing, and when i woke up next morning at 8. 30am, it felt like an oven. Utter frustration. Even the air conditioner failed. I asked to change the room. They said there is none. I was about to let my remaining stay go and move to another hotel but finally, in the evening, they gave one that i continued for the rest of my trip. People should understand that budget hotel doesn't mean you deserve to be treated any less.",08 Mar 2023,1
106512,Parth,"The Hotel is not at all good. The rooms were not cleaned properly, the staff was rude. There's no in-house kitchen to order food. They don't even have proper cutlery and give you paper plates and spoons. The rooms are much smaller than what's shown in the images.",06 Mar 2023,1
106512,Bharath N,I would not even rate a single star because of the service received.The room which was allocated to me had full bed bugs and when checked with property reception they told me they would give me clean room but even it had bed bugs. Later i was asked to vacate the room. The receptionist told he would inform team to initiate refund.But when checked with customer care they are saying they cannot refund it.,06 Mar 2023,1
106512,Douglas Anestad,"Would not recommendThe OYO 159 was an excellent location for getting to the offices nearby. Rates are very reasonable.No hot water two out of three days for my showers. Dogs loudly barking multiple times though two of the three nights. As a foreigner, when I arrived the clerk told me that foreigner, I can’t stay there. When I objected, the clerk finally went to check with his manager and was told how to check in a foreigner. When the credit card used online through Booking.com didn’t go through for some reason, the clerk refused to try that credit card again or any other credit card and demanded that I pay for all three nights in cash which left me with way less cash than anticipated. The electrical breaker randomly shuts off and you have to switch the breakers manually yourself.",04 Mar 2023,1
106512,NIRMAL,Toilet Shower & Flush not working. When we asked to receptionist he is telling no plumber avilable at this time. Bathroom floor not clean & stain on bed sheets. No towel & floor mat in bathroom.,19 Feb 2023,1
106512,Srihari,Rhe receptionist Hussain is very rude towards customers.,13 Feb 2023,1
106512,Sai Teja,Very worst service,11 Feb 2023,1
106512,Rakesh,"No tv 
No lift",07 Feb 2023,1
106512,Love Goyal,"Overall experience was terrible, no wifi provided, service was bad, room was not properly cleaned. Blanket was not clean, bathroom was also not cleaned, towel was also not cleaned, i'll not suggest or prefer this property.",05 Feb 2023,1
106512,Jai,You are not interested in improving ur stafff please call me on 9449227314 i will give u detailed explanation,14 Jan 2023,1
106512,G BharatRaj,"No Internet, No towels, no proper response. What’s the use in booking a room .",08 Jan 2023,1
106512,Rohith,"Over all worst stay Thier .they said like glass view room I didn't ask them that type room .and no doors for windows morning over warm night time over chillness. And they not provide me anything like towel ,floor Matt, etc....like that overall my money is waste.but one good thing is staff's are very polite and decent person only good thing",01 Jan 2023,1
106512,Siddu,Charged extra money and tv not working and ac too,26 Dec 2022,1
106512,umesh kotabagi,"No Kitchen. No functioning Tv and set top box, No Hot water, No room service / cleaning, No good towels, No sound proof walls, loud sounds from other rooms as well as from outside. Too expensive for the service they provide. All utilities are low maintained",14 Dec 2022,1
106512,Fauzia,The room service was very poor and the power was on and off. Very bad experience,13 Dec 2022,1
106512,Adarsh JoseMathew,I asked for a bathing towel and made call to reception 4 times. They told they will give. Till the checkout date I haven't received a towel from them. The WiFi sucksssss... Very very pathetic services provided by them. Really not satisfied.,12 Dec 2022,1
106512,Mahalakshmi Rajagopal,"Booked this room for almost 3 days but this was the worse experience with oyo.. the rooms was not clean and bathroom maintained in a worse condition, all three days ac was not working and tv as well. Staffs are not customer supportive. The minimum was 1 star, if i had an option to choose 0 start would've chosen that. Worst experience overall.",26 Nov 2022,1
106512,Subham,"Rooms are sucks,TV not have cable connection",20 Nov 2022,1
106512,m karthikeyan,"Ac not working,water heater not working,service very poor ,2500 rent no worth this facility worth 500 only fraud for customer money",18 Nov 2022,1
106512,Ravi,"Towels were not provided, leaking plumbing, cockroaches around, uncleaned dustbin, there was no manager present only managed by the boys. TV never worked. No one cares if you complain about any problem.",27 Oct 2022,1
106512,Khushi Gupta,Location is really bad; you won't get anything near to eat and no bus no metro service nearby. Too dusty and creep slum-like locality. Manager is the worst.,27 Oct 2022,1
106512,Naveen Singh,No breakfast provided..when asked about it no solution given,23 Oct 2022,1
106512,Manas Kumar,"No breakfast served on the last day of stay , No proper room service .",15 Aug 2022,1
106512,919654769967 Kumar,"Wifi was not working, fan was not working,  support staff was un-caring, electricity was fluctuating all the time, not sure about the power backup",15 Aug 2022,1
106512,Syed Akrama,"Oyo customer executive promised to prepone my check in. 
When I reached they took 400 extra",15 Aug 2022,1
106512,Cyril KTom,Very bad,11 Aug 2022,1
106512,Hanumanthu Sarat,There is no toiletry basically everything in the room is broken and to my surprise there are not curtains or blinds in the room we had to cover them up ourselves with some towels and blankets,08 Aug 2022,1
106512,Balaji,"Door is in very bad condition, room pictures which was showed on OYO APP and reality are totally different.",29 Jul 2022,1
106512,Soumesh,Everything bad here......no words to write anything,26 Jul 2022,1
106512,Manish Kaala,Actual room photos not match no air condition is very slow,25 Jul 2022,1
106512,Deepak Kumar,"Rooms were good but the washrooms were stinking. when informed to the reception no action was taken. Even when requested for room change, no action was taken. Booking says complimentary food is provided, but they fail to provide them as well   Overall a bad experience. Not worth the money that pay for the hotel stay.",05 Jul 2022,1
106512,Venkat,"Huge scam! None of the amenities are as advertised on the app. IF YOU PLAN TO WFH FORGET IT! No table/chair in the rooms, Water pressure super low in the bathroom, TVs don’t work, Very shoddy WiFi, and extremely poor service!!",09 Jun 2022,1
106512,Joel Jackson,"The hotel manager changed my room 4 times. either the ac is not working, or flush in the toilet is not working. finally I settled in a room where there was no shower, but ac worked for sometime and flush was working throughout. Horrible service. Give me some refund",01 Jun 2022,1
