hotel_id,user_name,review_text,date,title
106696,Lokesh Gowda,none,26 May 2023,5
106696,souravmishra,It was good,22 Apr 2023,5
106696,Chethan,Good service,22 Apr 2023,5
106696,Ashish Choudhary,Good,22 Apr 2023,5
106696,Rajath Gowda,Good,22 Apr 2023,5
106696,Rabinnadh KR,Good,22 Apr 2023,5
106696,Rahul kReji,Good,21 Apr 2023,5
106696,lalappa Pammar,Good,21 Apr 2023,5
106696,Sumit Kumar,Good,21 Apr 2023,5
106696,Siddharth Panigrahi,Good,19 Apr 2023,5
106696,Pratik,Good,19 Apr 2023,5
106696,nikki,Good,16 Apr 2023,5
106696,Mallinath R.f,Good,16 Apr 2023,5
106696,Noothan,Good,12 Apr 2023,5
106696,Abhishek,Good,12 Apr 2023,5
106696,Shivani Jain,"I can’t say much , my driver was staying here.",17 Mar 2023,5
106696,Pragati,Good,12 Mar 2023,5
106696,ARJUN SRINIVAS,Good,12 Mar 2023,5
106696,Bryan Fidelis,Good,11 Mar 2023,5
106696,Nithya Nanda M,Good,04 Mar 2023,5
106696,Ambrish,It's good,01 Mar 2023,5
106696,Sharath,Good,28 Feb 2023,5
106696,UTTAM,Good service,20 Feb 2023,5
106696,jiha,Nice,11 Feb 2023,5
106696,Prashanth,It was a worst experience with the room and as well as cashier. The ratings was given from him only as he will take all the customers phone and rate himself. Pls be careful,08 Jan 2023,5
106696,Kavya,Good food good ac good climate good everything I loved staying inbyhr place very grateful will recommend iy to,06 Jan 2023,5
106696,Lokesh Gowda,Nice,01 Jan 2023,5
106696,Sonu,Staff helped us for easy checkin the area was average and hotel was average too as there was no proper cleaning,01 Jan 2023,5
106696,chiranjeevi,"Everything was good
Comfortable stay🙌",31 Dec 2022,5
106696,Lokesh Gowda,Good,25 Dec 2022,5
106696,Lokesh Gowda,Nice,25 Dec 2022,5
106696,Lokesh Gowda,Good,25 Dec 2022,5
106696,Lokesh Gowda,Nice hotel,25 Dec 2022,5
106696,Puttu R,Good supar 👌,24 Dec 2022,5
106696,Lokesh Gowda,Good,24 Dec 2022,5
106696,Lokesh Gowda,Nice hotel,24 Dec 2022,5
106696,Lokesh Gowda,Nice,22 Dec 2022,5
106696,Lokesh Gowda,Nice,22 Dec 2022,5
106696,Lokesh Gowda,Good,22 Dec 2022,5
106696,Lokesh Gowda,Nice,22 Dec 2022,5
106696,Praveen S,Average service,18 Dec 2022,5
106696,satish satish,Good app,04 Dec 2022,5
106696,Lokesh Gowda,Good service,27 Nov 2022,5
106696,Lokesh Gowda,Best,27 Nov 2022,5
106696,Lokesh Gowda,Nice,27 Nov 2022,5
106696,Lokesh Gowda,Nice hotel,27 Nov 2022,5
106696,Lokesh Gowda,Good service,27 Nov 2022,5
106696,Lokesh Gowda,Nice,27 Nov 2022,5
106696,Lokesh Gowda,Good,27 Nov 2022,5
106696,Lokesh Gowda,Nice,27 Nov 2022,5
106696,Lokesh Gowda,Good service,27 Nov 2022,5
106696,Lokesh Gowda,Nice hotel,27 Nov 2022,5
106696,Lokesh Gowda,Good service and clean room,26 Nov 2022,5
106696,Puttu R,Good,21 Nov 2022,5
106696,Lokesh Gowda,Nice hotel,21 Nov 2022,5
106696,Lokesh Gowda,Nice hotel,21 Nov 2022,5
106696,Lokesh Gowda,Good service,21 Nov 2022,5
106696,Lokesh Gowda,Nice,21 Nov 2022,5
106696,Lokesh Gowda,Nice,20 Nov 2022,5
106696,Lokesh Gowda,Nice hotel,20 Nov 2022,5
106696,Lokesh Gowda,Best,20 Nov 2022,5
106696,Lokesh Gowda,Good service,20 Nov 2022,5
106696,Lokesh Gowda,Good service,18 Nov 2022,5
106696,Lokesh Gowda,Nice hotel,18 Nov 2022,5
106696,Lokesh Gowda,Good service,17 Nov 2022,5
106696,Puttu R,Good,17 Nov 2022,5
106696,Lokesh Gowda,Good service,17 Nov 2022,5
106696,Lokesh Gowda,Nice hotel,16 Nov 2022,5
106696,Lokesh Gowda,Good service,15 Nov 2022,5
106696,Puttu R,Nice hotel,13 Nov 2022,5
106696,Lokesh Gowda,Nice,12 Nov 2022,5
106696,Lokesh Gowda,Nice hotel and clean room and staff will be good,10 Nov 2022,5
106696,Muzammil Khan,Good,09 Nov 2022,5
106696,Murali,Good,16 Oct 2022,5
106696,Naveen,Very good,29 Sep 2022,5
106696,JAHID,"Not bed, good hotel",26 Sep 2022,5
106696,Lokesh Gowda,Nice hotel and clean room,25 Sep 2022,5
106696,Lokesh Gowda,Nice hotel,18 Sep 2022,5
106696,M Deepak,nice,17 Sep 2022,5
106696,Gowth,Super,15 Sep 2022,5
106696,Lokesh Gowda,Nice hotel and clean room,15 Sep 2022,5
106696,Abhishek,good,07 Sep 2022,5
106696,Lokesh Gowda,Good service and clean room nice staff ðŸ‘,07 Sep 2022,5
106696,Govindraju,Nice,07 Sep 2022,5
106696,SHIVAM PANDEY,Nice,06 Sep 2022,5
106696,Rajeev,Super,04 Sep 2022,5
106696,Lokesh Gowda,Nice hotel and clean room,28 Aug 2022,5
106696,Govindraju,Good room,27 Aug 2022,5
106696,Puttu R,Nice,27 Aug 2022,5
106696,Lokesh Gowda,Good service,21 Aug 2022,5
106696,Lokesh Gowda,Nice hotel,20 Aug 2022,5
106696,Puttu R,Good srivees,19 Aug 2022,5
106696,Lokesh Gowda,Nice hotel and clean room,19 Aug 2022,5
106696,Thara,nice hotel,18 Aug 2022,5
106696,Govindraju,Nice. Supri,18 Aug 2022,5
106696,Puttu R,Good srivees,18 Aug 2022,5
106696,Appu Appu,Nice staff and good service,18 Aug 2022,5
106696,Lokesh Gowda,Good service and clean room,18 Aug 2022,5
106696,JEEVAN,Good,15 Aug 2022,5
106696,Supritha,Good,05 Aug 2022,5
106696,Binay Ghosh,nice,14 Jul 2022,5
106696,Perumal Nagaraj,Nice,14 Jul 2022,5
106696,Lokesh Gowda,Good service,13 Jul 2022,5
106696,Atul Rayakwar,Nice,12 Jul 2022,5
106696,Shubham Kholkar,Nice,11 Jul 2022,5
106696,Sachin Thorbole,Nice,10 Jul 2022,5
106696,Yashvanth Yashvanth,good,10 Jul 2022,5
106696,H Syashas,good,05 Jul 2022,5
106696,kushal,good,05 Jul 2022,5
106696,Sunil,good,26 Jun 2022,5
106696,Sehar Taj,excellent,24 Jun 2022,5
106696,Lokesh Gowda,good service,22 Jun 2022,5
106696,Lokesh Gowda,nice hotel,21 Jun 2022,5
106696,Krish,good,20 Jun 2022,5
106696,Krish,nice,20 Jun 2022,5
106696,Veeresh S,nice,20 Jun 2022,5
106696,Govindraju,good,20 Jun 2022,5
106696,Lokesh Gowda,nice hotel and clean rooms,20 Jun 2022,5
106696,Puttu R,good,20 Jun 2022,5
106696,Dipan Roy,appu good,19 Jun 2022,5
106696,Abhishek,good,19 Jun 2022,5
106696,Gagan Prasad,Superb services. Appu was very very good in making is compfprtable. Recommend place.,19 Jun 2022,5
106696,Lokeshbiddappa,good,17 Jun 2022,5
106696,Lokesh Gowda,nice hotel,13 Jun 2022,5
106696,Lokesh Gowda,good service,12 Jun 2022,5
106696,Lokesh Gowda,nice,12 Jun 2022,5
106696,Lokesh Gowda,best price,12 Jun 2022,5
106696,Lokesh Gowda,nice hotel and clean rooms,12 Jun 2022,5
106696,Lokesh Gowda,nice hotel,12 Jun 2022,5
106696,Lokesh Gowda,best price,12 Jun 2022,5
106696,Lokesh Gowda,nice,12 Jun 2022,5
106696,Lokesh Gowda,good 👍🙂👍,12 Jun 2022,5
106696,Lokesh Gowda,best price,12 Jun 2022,5
106696,Lokesh Gowda,best price,12 Jun 2022,5
106696,Lokesh Gowda,good service,12 Jun 2022,5
106696,Lokesh Gowda,nice hotel,12 Jun 2022,5
106696,Lokesh Gowda,nice hotel,12 Jun 2022,5
106696,Lokesh Gowda,best price,12 Jun 2022,5
106696,Lokesh Gowda,good service,12 Jun 2022,5
106696,Lokesh Gowda,nice hotel,12 Jun 2022,5
106696,Akant Khurana,"the worst hotel I had ever stayed. the hotel owner used the curse words. during the stay. very bad management cleaning in minus not in zero. the hotel staff was very bad. demanding for extra money for everything even for water. no AC allowed to use we just stayed for 1 hour in that hotel. he just asked me to pay 1000 rs for the for this worst room. no security, no safety at all. I will definitely raise a complain od Oyo as well for recommending the worst stay without reviewimg the property.",11 Jun 2022,5
106696,Lokesh Gowda,nice staff,10 Jun 2022,5
106696,Lokesh Gowda,best price,10 Jun 2022,5
106696,Lokesh Gowda,good service and clean rooms,10 Jun 2022,5
106696,Lokesh Gowda,nice hotel,10 Jun 2022,5
106696,Lokesh Gowda,good service,10 Jun 2022,5
106696,Lokesh Gowda,best price,10 Jun 2022,5
106696,Lokesh Gowda,nice hotel,10 Jun 2022,5
106696,Lokesh Gowda,good service and clean rooms nice staff,10 Jun 2022,5
106696,Guru,nice,09 Jun 2022,5
106696,Siddharth,nice,08 Jun 2022,5
106696,Lokesh Gowda,good service,06 Jun 2022,5
106696,Lokesh Gowda,nice hotel,06 Jun 2022,5
106696,Bhushan Rao,v good,05 Jun 2022,5
106696,Lokesh Gowda,nice,05 Jun 2022,5
106696,Lokesh Gowda,good,05 Jun 2022,5
106696,Lokesh Gowda,good service,04 Jun 2022,5
106696,Lokesh Gowda,nice hotel,04 Jun 2022,5
106696,Lokesh Gowda,best price,04 Jun 2022,5
106696,Lokesh Gowda,nice hotel and clean rooms,04 Jun 2022,5
106696,Lokesh Gowda,good service,04 Jun 2022,5
106696,Lokesh Gowda,nice hotel,04 Jun 2022,5
106696,Ajey Kumar,good,02 Jun 2022,5
106696,Jazza Mahir,Good,02 Jun 2022,5
106696,Sai Prabhu,"Good Service, nice room",19 Apr 2023,4
106696,Ranjith Kumar R,Nice in the room,02 Jan 2023,4
106696,Vinod,"Hotel staff very good,but there is no ventilation and must be change pillow covers everytime after checkout.",26 Dec 2022,4
106696,Ajit,Good to stay,26 Dec 2022,4
106696,Nithya Nanda M,"Very nice room and we'll maintained and good staff , and value for money spr nice",22 Dec 2022,4
106696,Vijay Sadigale,Very good for one day stay.,08 Dec 2022,4
106696,Uday NarayanVishwakarma,"The room was clean with working taps, near metro station and Yashvantpur station. Good breakfast available near the inn",16 Apr 2023,3
106696,Ali shaik,"It’s not cleaned properly. Smell, they didnot even provided soaps . It’s a below average hotel",10 Mar 2023,3
106696,Prashant,When I was gonna to Oyo they are charging extra amount I'm experienced bad in reception,09 Jan 2023,3
106696,ARAVIND,Room in not clean and bathroom was dirty,01 Dec 2022,3
106696,Kishu,NEW Rooms are good but the maintenance is not up to the mark !,01 Dec 2022,3
106696,Athri Hegde,"Ac wasn't working, room wasn't clean at all",30 Mar 2023,2
106696,Shashidhar Kammar,"Bathroom was not clean room with cockroaches, no values for Oyo offers and rules, Demanded for extra money,  it was not good experience.",11 Feb 2023,2
106696,Shreyas,"In app they mentioned AC room it was not, ventilation not good, not hygiene cockroach 🪳 in cupboard and parking is not available.",30 Dec 2022,2
106696,Bharath B,There were bed bugs in room. Couldn't able to sleep the whole night because of it. Bedsheets were not clean at all.,24 Dec 2022,2
106696,Jith,"Ac, WiFi are not available.
Lift not available .
Room phone not work.
Toilet not clean.",09 Nov 2022,2
106696,Yogi,none,08 Oct 2022,2
106696,Vivekananad Gaikwad,"Staff services was very good.Dirty bed sheet pelow towels not clean ac not working, bad smell in room",24 Jul 2022,2
106696,Raki,The lady in the receptionist has too many attitude issues shes does not no treat well the rooms are full dirty and smelly never go to this place there is no ac there no room dining nothing its not at gor couples or singles please i request u too not go this place,30 Apr 2023,1
106696,Kamaljeet Singh,"Ac was not working.....they didn't give any thing like water bottle, soap .
Room was not clean..",18 Apr 2023,1
106696,Kaleem UlLah,"They showed AC and wifi, but there was nothing such and the rooms were dirty. No chappal towel etc available. Washroom also dirty.",15 Mar 2023,1
106696,Sparsh Raj,"The room is very ugly, washroom is not hygienic and hotel environment, lobby etc are very filthy. Even the bed, towels etc. are also not good to be used. The major issue is the uncooperative hotel staff, moreover the room doors can't be locked from outside, it's really difficult to step out of room when you have to pack all your things back into the bag as doors can't be locked. Very bad experience.",04 Feb 2023,1
106696,S Prajwal,"Nothing.we checked in @3:00 PM so , we checked out @2:30 but they charged extra one day amount (900rs) after request aslo they didn&#39;t reduced that amount ,nVery bad maintained, no sopa, no breakfast, no towels were provided",29 Jan 2023,1
106696,Mohanraj,"Full dirty beds 
Room full of bad smell
Not cleaned",21 Jan 2023,1
106696,Abhishek,receptionist himself takes the mobile from my hand and he himself give 5 star rating,15 Jan 2023,1
106696,Sunil Kumar,"NEVER EVER GO TO THIS PLACE.. IT IS RUN BY SOME GOONS.. AFTER U PAY AND BOOK IN OYO, THEY ASK U TO PAY ADDITIONAL CHARGES... U R TRAPPED ONCE U GO THERE",12 Jan 2023,1
106696,Rajashekar,"Bed is not clear, it is maintaintance is horrible and you can't even stay for 10 mins there
On top of this they have asked to me to pay at hotel also",10 Jan 2023,1
106696,Shivashankar Chawan,Taking extra money,09 Jan 2023,1
106696,antony abdon pinheiro,They have taken extra 1500 total 2000 rupees it is not good. But the room was excellent also the food is so costly too,08 Jan 2023,1
106696,Ajit,Don’t visit this property otherwise property manager/ owner will threaten you to pay extra money / not to pay OYO app directly  at mid night . Moreover they usually enter inside room directly without permission of customer .( not even and start their drama .,30 Dec 2022,1
106696,Ajit,Neither we have allocate classic room as per iternary nor complementary food . Hence I requested OYO team to coordinate with hotel before giving iternary in website . So that customer will not face any issue in last moment in future,28 Dec 2022,1
106696,Piyush Kumar,Worst experience ever,26 Dec 2022,1
106696,Neeraj Mishra,"I had lunch and dinner. In addition, I didn't even get one tea The behaviour was the worst I had ever seen There were no toiletries, they took early check-in charges for a full day . they not happy , i suggest you don't go shanti nivas , you will get Ashanti over there",23 Dec 2022,1
106696,Rajesh Rana,Worst experience ever. Receptionist was very rude. Rooms are dirty and very disgusting. Cheap receptionist. They behave like dogs.,20 Dec 2022,1
106696,Pandimani Veerappan,Given a different room.. Room is not cleaned.. Over all I would give rating 0/5.,18 Dec 2022,1
106696,Jeps,Very bad experience with this hotel staff is very rude rooms bedsheets dirty bathroom is very bad condition I am suggesting to do not book this hotel ever.,16 Dec 2022,1
106696,makana kumar,They are not ready to give room for online payment . telling that you are not giving amount quickly,05 Dec 2022,1
106696,aayat aayat,"No proper response from the staffs of hotel, no proper facilities available . If you have booked in an Oyo app than the property owner says no for the stay since the price in Oyo app and the hotel rate difference because of this situation we lost our money which we paid this experience is the worst experience we had and also we will suggest not to book Oyo rooms",29 Nov 2022,1
106696,vikalp jain,Boooing done by oyo but hotel night person denied for any kind of booking and ask for 1300 rs. I have no option at night time they use very bed language. Very poor service. Room was dirty and water facilities not available,28 Nov 2022,1
106696,Jaya Kumari,"Location is to good but room is not good,not clean",19 Nov 2022,1
106696,Vijeeshkumar,Hotel is good but services bad,18 Nov 2022,1
106696,Chaitanya,"No hot water, no drinking water , full of cockroaches",12 Nov 2022,1
106696,Vinod,Room was badly smelling ..water was dirty,07 Nov 2022,1
106696,BHUSHAN MUTHIYAN,"I would not recommend this hotel to anyone..I did not like anything about the hotel. It was the worst hotel experience. Hotel management people should keep the sanity check of the hotels. The front desk staff is not up to the mark.There are cockroaches in all the rooms. I got to change to 3 rooms in the same hotel because of the cockroach problem, but, all the 3 rooms were equally worst. Bed pillows, Bedsheets, and the rooms were not cleaned. No water is being served in the room. Wifi not working correctly. There are a lot of problems with this hotel.",25 Oct 2022,1
106696,Pradeep Jha,Hotal was not clean and service was not good,21 Oct 2022,1
106696,PranjalChakraborty,"They didn't change towel, badsheet etc even after saying multiple times.
Most of towels are dirty",17 Oct 2022,1
106696,Mohan Muninarayanappa,Worst maintenance and there were many bed bugs....,12 Oct 2022,1
106696,Admin,"Hotel staff is not much good, if you go and ask anything there reaction and responce is not good.
 Room and bathroom clean not there. Thay took aditional money extra even after book my room. Out of 5, 1*is more than enough for this hotel.",06 Oct 2022,1
106696,Kumar Shubham,All the review and comment is fake. Most of the comment is made by Lokesh Gowda( owner of the property). The staff member will take your phone and rate themselves 5. The price of hotel is way too high because of wrong rating.,02 Oct 2022,1
106696,nitin singhal,Hotel room quality very poor and book ac room but ac room not available,26 Sep 2022,1
106696,Alvin Mathew,No water. No cleanliness,19 Sep 2022,1
106696,Shahid,"they took extra 650 from us 
worst Oyo 
the total cost of room was 743 rupees which I paid online 
but they took extra 650",12 Aug 2022,1
106696,Santhoshakumar Sullad,Worst experience. Not recommended,11 Aug 2022,1
106696,Santhoshakumar Sullad,"Very poor room, toilet blocked, leakage from slab, not expected",10 Aug 2022,1
106696,Saravanapandi,Worst hotel i ever seen,09 Aug 2022,1
106696,919550941094,the worst oyo ever after paying so much money,06 Aug 2022,1
106696,Ashish Prajapati,Very very bad. Booked room with AC. But given non AC room. Also no room service. Room is also not good.,29 Jul 2022,1
106696,Ankur Raj,"The worst experience ever i had with oyo rooms. Room is not clean,ac is not working, power cut issue,the person who is on reception his behaviour is rude.",29 Jul 2022,1
106696,Kuntal Das,Hotel declined to stay,18 Jul 2022,1
106696,Vimal,"l lost my money.. toilet are too ugly,
goonda behavior staffs, too much bedbugs,
almost i was sleepless night in the room...",17 Jul 2022,1
106696,Sripal Mutha,Was collected the same rent for room again by thehotel,12 Jul 2022,1
106696,Ram,he ask extra ammount,27 Jun 2022,1
106696,Akhil Teja,"Worst stay till date what I have experienced
Rude behaviour of the staff
Environment is not suitable for family
Collecting extra money from the guests to check in the property.
Property reviews are also fake. Staff is collecting mobile and giving rating on their own for the property.
Requesting OYO to remove this property from their website.",26 Jun 2022,1
106696,Rakesh,"The owner informed booking done through OYO stands void and they demanded additional amount for allotment of room.
Really unacceptable... This is not my first experience...in recent times, I have experienced this multiple times.... Really OYO needs to look into these serious issues otherwise it's an attempt to mislead the customers who trusts this App/firm.",06 Jun 2022,1
106696,Rajas,"manager in the hotel is very rood and also he yells at customers. He too extra amount per room saying Oyo booked your hotel but once you reach hotel the hotel desides how much to take from the customers. or else you can look for other hotel. while leaving the hotel he also disrespectful said you may go and complaint to any one it doesn't matter. also the ac didn't work for 2 days and the tv didn't work for a day. I had no option as I was new to locality so I had to take his room and stay there .
worst experience.",05 Jun 2022,1
106696,Suhel k,wrost experience evere,03 Jun 2022,1
