hotel_id,user_name,review_text,date,title
106629,Gavin,"Good Rooms, welcome experience was good there was no hassle while checking in nor checking out, overall good.",27 Apr 2023,5
106629,Mohankumar,Nice,23 Apr 2023,5
106629,AASHI PRAKASH,Experience was too good. It is a special support of any body in new and unknown environment. Awesome!,20 Apr 2023,5
106629,AASHI PRAKASH,It is a great experience to stay with Oyo hotel. I would like to recommend others to benefited from Oyo service.,19 Apr 2023,5
106629,Shankar,"Good room,good service",06 Apr 2023,5
106629,sarthak bishi,It was a great stay we use to stay here whenever we come to bangalore with our friends,05 Apr 2023,5
106629,sk ismail,It was a good stay,04 Apr 2023,5
106629,Vinod,Good,25 Mar 2023,5
106629,Anshika,The places is really great to stay! The locality here is very nice and the rooms are also clean but little small.,18 Mar 2023,5
106629,abhishek kumar,Hotel is very neat and clean. Staffs are really friendly and well behaved. Hotel front desk manager is very friendly.,14 Mar 2023,5
106629,Aditya,Super facilities room was nice,13 Mar 2023,5
106629,Sudhakar,"Room service is nice. 
Polite staffs
Value for money",12 Mar 2023,5
106629,Prajwal N,"Good rooms, staff behaviour and clean bathroom. Ac was not working but still a decent hotel.Location is not good.",12 Mar 2023,5
106629,Poojarynikesg Nikesh,Ok,11 Mar 2023,5
106629,Poreddy Somasekhar,The stay was excellent they maintain it very clean and you can definitely can have a pleasant stay here for sure.,06 Mar 2023,5
106629,yashwanth,Good Stay for anyone,06 Mar 2023,5
106629,vinay Nayak,Best room to stay a night and superb responsing 🎉,05 Mar 2023,5
106629,Debmalya Dey,Good hotel..,05 Mar 2023,5
106629,Manoj P,Well responsive staff and clean rooms. Centered in city heart at an feasible distance from major cafés,03 Mar 2023,5
106629,Deepak,"It was good, the location ia okay the entrance booking reception was smooth no issues had a good stay",03 Mar 2023,5
106629,Rajesh Kan,"rooms are spacious and clean. staff is helpful 
friendly staff",02 Mar 2023,5
106629,Rajesh Kand,rooms are very clean and breakfast is good,02 Mar 2023,5
106629,Saravanan,I am staying with my friend room was very nice i love this rooms. My friend also like and he say room was very good we both fully satisfied 😊,28 Feb 2023,5
106629,santhosh,It was decent and ok. Ambience is OK. Near to main road.you find more eatouts outside in the main road,21 Feb 2023,5
106629,Gandharv Kumar,"Everything was excellent.. 
Very clean, best staff behavior.. 
Overall happy stay..",20 Feb 2023,5
106629,Hariharan R,"Clean stays, well maintained rooms",15 Feb 2023,5
106629,yashwanth,Hello.. Rooms are clean and well maintained.. staff are very polite and respectful,13 Feb 2023,5
106629,Pathan Afroz,Location are good hotel management are very good,06 Feb 2023,5
106629,Raghav,The staff was so good,17 Jan 2023,5
106629,Ben,Ok,14 Jan 2023,5
106629,Gautham Rajeevan,Good place to stay . Property located in good loca,12 Jan 2023,5
106629,Vinesh,Good facilities,05 Jan 2023,5
106629,Prajwal,Room was hygiene. Staff were very professional,05 Jan 2023,5
106629,Mb Manoj,Where nice experience staf was friendly room and bathrooms were clean location was good overall the stay was Fantastic will recommend this for sure,20 Dec 2022,5
106629,Dheeraj Kulkarni,"The rooms are decent, reception is very welcoming and pleasant. Location is very near to shopping centre.",13 Dec 2022,5
106629,Ranjith Bage,Staff were very friendly and helpful. Room was clean and also it was spacious. And in the morning complementary breakfast was also really good.,12 Dec 2022,5
106629,Satyapramod,The place was good and minimal and food customer support was okay have to work on that allow than that everything was amazing,01 Dec 2022,5
106629,Akilesh HD,Nice room very hygiene and friendly staff good food AC tv washroom everything is working fine hassle free check in and check out,24 Nov 2022,5
106629,pavankumar hadimani,Good response and friendly behaviour,19 Nov 2022,5
106629,Dileep,Good,14 Nov 2022,5
106629,Manu KR,Excellent,13 Nov 2022,5
106629,AKHIL RAMESAN,It’s a great place to stay with a 3 star hotel experience,13 Nov 2022,5
106629,rakesh kumar,Good place to stay,12 Nov 2022,5
106629,Abhishek,Nice and comfy place with clean rooms and bathrooms,08 Nov 2022,5
106629,Akshay Eifu,Had an good day,07 Nov 2022,5
106629,sipan,Room is good,07 Nov 2022,5
106629,Vinay KumarHK,Nice,07 Nov 2022,5
106629,Mallik Dev,Convenient booking,05 Nov 2022,5
106629,XXX XXX,People at the jayanagara oyo are very good at hospitality.,05 Nov 2022,5
106629,Dhananjaya N,Good one,04 Nov 2022,5
106629,Yashwanth,Good one,29 Oct 2022,5
106629,prashanth nadagoudar,Stay was excellent. Food was also good. No complaints about anything. I just loved it. Safe for couple.,26 Oct 2022,5
106629,Manoj Kumar,Good and peaceful stay. The place was very clean and helpful staffs,25 Oct 2022,5
106629,Mohan,Place was good. There was resturant inside which was nice. Check in and out were smooth and easy,24 Oct 2022,5
106629,Prashant Ps,Nice,23 Oct 2022,5
106629,farhan,none,23 Oct 2022,5
106629,Angel MariaMathew,Nice location more comfortable,20 Oct 2022,5
106629,Adarsh,Good i like hotel but room samll,16 Oct 2022,5
106629,Kushal Raj,Nice hygiene,15 Oct 2022,5
106629,Santhosh,Stay and everthing,13 Oct 2022,5
106629,Ron George,Clean and spacious rooms. Good breakfast.,13 Oct 2022,5
106629,Lokesh Uvaraj,The Location and the accomodation were amazing. The hospitality provided was also top tier. Worthy of the 5 stars.,08 Oct 2022,5
106629,Amit Jharwal,Room and services are excellent..,05 Oct 2022,5
106629,Harsh Gupta,Good rooms. Washrooms are okay. The mattress could be better. Service was great.,05 Oct 2022,5
106629,Khachit Khot,Super,04 Oct 2022,5
106629,Noor Mohammed,Good,04 Oct 2022,5
106629,Arun Joshy,Neat and clean room good service,04 Oct 2022,5
106629,Rishi,Nice stay,03 Oct 2022,5
106629,Akshay,"Nice rooms,  could be better with the smell using fragrance. Overall nice..",01 Oct 2022,5
106629,Siladitya,Decent,30 Sep 2022,5
106629,Samcraze Selva,The room was quite good. But we had a small issue while check in. But they resolved within time. Overall a good experience.,24 Sep 2022,5
106629,Piyush Kumar,"Stay here without any problem.its amazing.no issue.
Believe me you will really enjoy",22 Sep 2022,5
106629,Piyush Kumar,"Amazing room and cleanliness. Staff behaviour is awesome.
My first priority will be always to stay here.",20 Sep 2022,5
106629,Gyanesh Verma,Best one ever,19 Sep 2022,5
106629,Surabhi M,The rooms are clean and hygienic,16 Sep 2022,5
106629,Rahul,The entire room was really clean. The room had a good amount of natural light. The service was good. The receptionist was good and guided us to places on where we could eat and chill.,14 Sep 2022,5
106629,Aswin Krishnank,"Liked ambience, Good Hospitality, Easy Check-in.",13 Sep 2022,5
106629,Shamil,Super,11 Sep 2022,5
106629,nagaraj,Nice place,11 Sep 2022,5
106629,Abhishek khatri,Good,08 Sep 2022,5
106629,Guru R,"Hotel location, staffs, complimentary food, room excellent,  near to jayanagar 4th block  cooooooool",05 Sep 2022,5
106629,Riya Sinha,"Room is nice slightly different from the picture but the washroom is too small, the food taste good and room service is also good.",04 Sep 2022,5
106629,Shubham Hariramani,Nice,03 Sep 2022,5
106629,Saumya Singh,Good service,03 Sep 2022,5
106629,SRIKUMAR M,Good I like it,02 Sep 2022,5
106629,Prabhakar,Very nice place and location also,01 Sep 2022,5
106629,Naveen,Good,31 Aug 2022,5
106629,Haroon Saeed,Room was santized and good . Did not face any problems.,28 Aug 2022,5
106629,Inzamam UlHaq,Nice and clean,26 Aug 2022,5
106629,Savio,"Excellent stay, safe and happy.  Very good and friendly staff",26 Aug 2022,5
106629,Veeresh KrishnaBhat,The place was good,22 Aug 2022,5
106629,Adit Mehta,"Great location, really pleasant and clean rooms, but the thing that makes this such a good place to stay are the staff. All of the people are incredibly helpful and generous with their time and advice. We travelled with two six year olds and lots of luggage and despite the stairs up to the elevator this was one of the nicest places we stayed in the four weeks we were in Europe.",22 Aug 2022,5
106629,Kiran,Very good maintained and decent room and staff,22 Aug 2022,5
106629,Poreddy Somasekhar,The hotel is very clean and very supportive staff and a pleasant stay.,20 Aug 2022,5
106629,Eshika,"Nice room, nice washroom.",18 Aug 2022,5
106629,kishan kumar,Staff is good and polite,18 Aug 2022,5
106629,Chandru,Good,17 Aug 2022,5
106629,Srinivas,good service and fecility ...,15 Aug 2022,5
106629,Guru R,"Locality,,staffs, food⭐⭐⭐⭐⭐",15 Aug 2022,5
106629,Chandru,Good,15 Aug 2022,5
106629,Keshu Mohanty,"Best property in prime location. Neat and clean room , well behaviour staf. Totally satisfied with the service",12 Aug 2022,5
106629,Nikhil zutti,"The rooms are good, people treat you well. Just need some tiding up I'm bathrooms. 
Good wifi",12 Aug 2022,5
106629,Rahul Kashyap,Everything is good in the hotel,12 Aug 2022,5
106629,Shaik Yaseen,Room is well maintained and clean .Hotel staff are also polite  and friendly.,10 Aug 2022,5
106629,Siva,Excellent,09 Aug 2022,5
106629,Vivek Krishnan,Clean and decent room with good service and hospitality.,08 Aug 2022,5
106629,Kiran K,Room and all other services were really pleasing,07 Aug 2022,5
106629,Angshuman,Good room,07 Aug 2022,5
106629,Akshay vinod,"I got a room in the first floor. The room was very small actually the smallest room compared to other town houses ive been to. But the reason i gave 5 star is because the checkin experience was the best. I have visited 4-5 oyo properties in the kast 30 days and out of all this was the only hotel that had no issue with the tariff. Every other hotel either denied the room or asked me to pay more because the price i paid was too less (offer price). Oyo really have to work with their properties and fix the tariff issue. About the room, it was clean and everything but both bathroom and room were too small to even walk around for two people. Otherwise had a great stay. The staff was also really Cooperative",06 Aug 2022,5
106629,A Vinay,"Food, location, room ambiance, staff, service, neatness, hospitality,              etc  all are good",06 Aug 2022,5
106629,yash yadav,A good stay,05 Aug 2022,5
106629,Jacob BoscoJohn,Nice,05 Aug 2022,5
106629,Shivanshu,Good,05 Aug 2022,5
106629,A Vinay,The room & room premises were good. Staff & receptionist behaved well. Surroundings are very accessible.,04 Aug 2022,5
106629,kumar bt,Good stay rooms good staff,03 Aug 2022,5
106629,Jibin Thomas,Very nice staff and very excellent services,01 Aug 2022,5
106629,bhushan sai,Hospitality is good and provides better rooms always,01 Aug 2022,5
106629,Apurba Das,"Very good hotel. 
Very good food. 
Great people",30 Jul 2022,5
106629,mohammad S,Good,28 Jul 2022,5
106629,KSHITIJ SINGH,"The rooms were of good size, complementary food is good, the service is amazing. Lift is also working.
Staff behaviour is excellent.",28 Jul 2022,5
106629,Manjunath.E,Very clean n spacious...staffs are so kind and polite..loved staying here.,26 Jul 2022,5
106629,Monish,Room is clean,24 Jul 2022,5
106629,Rahul,One of the best hotel and  gud service  which I got in Bangalore,22 Jul 2022,5
106629,RADHAKRISHNA,"It was good stay overall, I guess the hotel was taken over by OYO and renovated to townhouse, which you can easily identify if one has stayed in Townhouse. 
Other than staff was really good and Mr. Rahul was really friendly and the night attended as well  was very helpful.",20 Jul 2022,5
106629,Rthushobha Pradeep,Room was hygienic. Service was polite and professional. Would have been better if we had the option to choose our breakfast.,20 Jul 2022,5
106629,Inirah,"Great stay experience. From check-in, service to check out",19 Jul 2022,5
106629,Mukesh suthar,staff is very good and supportive,13 Jul 2022,5
106629,Sasikanth,Excellent,09 Jul 2022,5
106629,somu,Good,09 Jul 2022,5
106629,Prabhu,good service,08 Jul 2022,5
106629,Mridul Pandey,Staff was very helping. I don't have any complaint especially both of Rahul's were very kind of nature.,08 Jul 2022,5
106629,Chirag Fatnani,ok,07 Jul 2022,5
106629,Alok KumarRanjan,service is very good,07 Jul 2022,5
106629,Athul,"Amazing , Nearly everything was 5 star level , Reception person was very Gentle and Friendly.",05 Jul 2022,5
106629,Yishu Deva,Everything is awesome room service is good,02 Jul 2022,5
106629,Pruthviraj,cleanliness,01 Jul 2022,5
106629,Rajesh K,none,01 Jul 2022,5
106629,Nabyendu Malakar,Townhouse 180 is a really nice hotel and the staff's are  really well behaved| service is really good. It is a value for money and a great experience because the locality is nice. If you want to travel to a tourist place you can easily reach from here. Jayanagar metro station is very close from here and the tariff is very reasonable. Rooms are very clean toilets are well decorated the exhaust system is available and hot water and cold water is available. I am really happy to stay here and I recommend to everyone that if you come to Bangalore obviously stay here| you will fill the relaxation of travel.,30 Jun 2022,5
106629,Rajesh K,none,29 Jun 2022,5
106629,HarishG,Staff supporting well. Dhanraj is star in management. Pleasant to stay at oyo jayanagar 180 townhouse,26 Jun 2022,5
106629,Mujaheer Hussain,Everything is good. Greate stay . comparing with other townhouses it will be the best amoung all of them. Quick service. Quick response for everything. Highly recommended for single and couples.,24 Jun 2022,5
106629,Kiran,Cleanliness,23 Jun 2022,5
106629,Sathish Arul,"The rest rooms, toilet were clean. Reception staff was very kind and helpful. Room was smaller in size even for a single occupant. Specially the table and chair is small and crampt to manage your work and have food in room. That can be improved.",22 Jun 2022,5
106629,Rajesh K,none,22 Jun 2022,5
106629,Rajesh K,rooms are spacious and clean,21 Jun 2022,5
106629,Akshay,nice,21 Jun 2022,5
106629,Prasanth,good stay,20 Jun 2022,5
106629,Rajesh K,none,20 Jun 2022,5
106629,AttrayeeGanguly,excellent👍,20 Jun 2022,5
106629,Manish,very good,20 Jun 2022,5
106629,Sujeet gupta,"Its a very good place to visit. You must go if you are new to Banglore, you will feel very comfortable while staying !",16 Jun 2022,5
106629,Guru R,best place to stay,15 Jun 2022,5
106629,Dk,Nice,11 Jun 2022,5
106629,Priya,nice,09 Jun 2022,5
106629,Diksha Biswas,"A very descent place to stay in.. mom and I have loved our two days stay at this property.. I believe the staffs make this place more better with their polite and behavior , cooperation, service and helpful nature. would like to come and stay here again if we ever come to Bangalore again",09 Jun 2022,5
106629,Tousif,Nice stay. Good location and service,04 Jun 2022,5
106629,imran,I have very good experience every time ❤️❤️❤️ staff is very nice all about very good experience ❤️❤️✅✅,03 Jun 2022,5
106629,Akshay,"The ambient was so good , staffs are supportive , rooms are hygiene and cute and there is a pet dog in parking nicey",14 Apr 2023,4
106629,Tejaswi Hegde,Managers and receptionists were really good. Rooms are spacious and in good condition. But washroom is not maintained well. And the workers are little rude.,13 Apr 2023,4
106629,Eshan Pandey,Cockroaches why are there always cockroaches other than that the stay war perfect the staff courteous and very responsive had a great stay regardless.,10 Apr 2023,4
106629,MrRajatRajat,It was alright. The room wasn't great.,07 Apr 2023,4
106629,Srikantha K,Bathroom water flow is slowly updating and hotal staff is good,06 Apr 2023,4
106629,Prateek,"The stay is in the locality of place where everything is available within 100 meters, making it better place to stay. Stay was good and very responsible staff too",04 Apr 2023,4
106629,Rajat,They could have given a more clean room apart from that stay was good and comfortable.,01 Apr 2023,4
106629,sarthak bishi,"It was a great stay .. room were good food was good washroom was fresh and everything was good..
Only cons is bed was small.",29 Mar 2023,4
106629,karthik,"good room, clean and hygiene",29 Mar 2023,4
106629,Vipul Jain,"Room was good, although lighting is a little dim. Washroom had bugs and shower was not working properly. Although it was resolved after I asked for it. Also , restaurant services is a little bit slow.",29 Mar 2023,4
106629,Thomas George,"The place was good, well cleaned etc, however the paint was peeling and the toilet door got stuck. These were minor inconveniences but for the budget, it was a great stay",21 Mar 2023,4
106629,Imtiyaz,"Clean, Supportive staff",20 Mar 2023,4
106629,Binit Mishra,"I recently stayed at townhouse 180 and had a wonderful experience in the classic room. The room was spotless, and i appreciated the attention to detail in the cleaning. The room was comfortable. The decor was classic and tasteful, with nice touches that added to the overall ambiance. The bathroom was also impeccably clean",19 Mar 2023,4
106629,Ravi,"Good hotel, friendly staff, good behaviour and good location the only thing I didn't like about the hotel is AC water is dropping to the floor and make noise except this everything is good",18 Mar 2023,4
106629,GAURAV SINGH,The room was nice and the staff service was good....overall experience was good and I was glad to reside in this hotel....the experience was much better than any of my stay.....i recommend all guests to reside in this hotel and have a good experience and live happily......they have charged no extra charges as other hotel charges,08 Mar 2023,4
106629,Chidambar Shanabhog,Service.Smoking smell and water leakage from ac,07 Mar 2023,4
106629,Poreddy Somasekhar,Everything here is great and you can have a peaceful stay while you're at this hotel they maintain this clean and hygiene.,03 Mar 2023,4
106629,Poreddy Somasekhar,The stay was good and maintained decent enough and the rooms are clean and you can have a pleasant stay here without any disturbances.,01 Mar 2023,4
106629,Vijay Prakash,"The room was good and clean.
AC, WiFi worked properly without any issue.
They need to have a check on TV and bed/pillows which is not properly maintained.",09 Feb 2023,4
106629,Jaseem Naduthodi,Its a budget saty in banglore.,08 Feb 2023,4
106629,Bharath,Everything is good.,31 Jan 2023,4
106629,v mohan,Safety.Cost of room,29 Jan 2023,4
106629,Aryan Kumar,The ambience was good. I enjoyed the stay. I liked the service as well and the food was good too. I liked it.,19 Jan 2023,4
106629,Mazumdar A,"Room is good. 
Near and Clean.
Staffs are also good.
Food was good.
But while flushing the toilet commode water was splashing out of it. This is really disgusting.
I cut one point in rating because of that.
And shower gel bottle was not refilled.",13 Jan 2023,4
106629,S NLahiri,Hotel Decor as well as the room was  quite bright and attractive. Service is on-time and proactive. Very helpful staff.  A bit of pest control is required.,10 Jan 2023,4
106629,Ajay KundapuraBhat,Room was clean and staff was friendly. If you have plans of early check-in please see oyo early check-in rules and then go as they charge ₹500 for early check-in. Food was good but a little high priced.,09 Jan 2023,4
106629,Manoj Choudhury,Property was good. We paid amount for Breakfast and Dinner in the property but the property did not provide us with food in debt and the Manager of the property confessed that does not not pay their amount in time.,23 Dec 2022,4
106629,amar Kumar,"Overall nice stay, location is also very good, house keeping and food was also good.",22 Dec 2022,4
106629,sridhar chandrasekaran,Property located main place of jayanagar. Room is ok. They are not offered breakfast while booked through mmt. Finally mm t refunded the amount of my breakfast bill. It is ok stay as ordinary. Not a premium range. Cost is also minimum.,21 Dec 2022,4
106629,Chandan Tiwary,Good hotels stay for both couple and family reception manger is polite and services are good they are charging little high but as per room it's good,16 Dec 2022,4
106629,Pankaj,Everything was good but ac wasn't working,08 Dec 2022,4
106629,Reeshav Singh,"Room was nice , cleaned and everything was perfect.. but staff service needs little improvement.. rest everything is fine",05 Dec 2022,4
106629,Abdul musavvir,"Check in was super fine, property was very good,food was very tast and hygiene but the room was little congested",04 Dec 2022,4
106629,Gautam Kumar,"Very smooth check in process, only the lift is very small. Room is good. But was smeling litle bit",18 Nov 2022,4
106629,Chandan Tiwary,Good and nice behaviour,08 Nov 2022,4
106629,Hari Krishna,Nice staying for couples,08 Nov 2022,4
106629,KARTHICK V,All good,08 Nov 2022,4
106629,Shobha,Decent stay.,31 Oct 2022,4
106629,Arjun K,Good service,29 Oct 2022,4
106629,Jawad Shakeel,Good room,26 Oct 2022,4
106629,Sanan akther,The hotel was good everything is nice its a nice place for couples and its in the city premises the staffs are nice,25 Oct 2022,4
106629,SAURABH SINGH,The room was small but good. It was clean. Kettle was provided. Location was also great. It was a bit costly though.,22 Oct 2022,4
106629,Raju G,Good,20 Oct 2022,4
106629,Venkat Balla,Breakfast is selective and good one.  Location also feasible for local travel.,16 Oct 2022,4
106629,VipulBakshi,"This was second time i stayed in this hotel. Th staff is good, and the reception is also very helpful.",11 Oct 2022,4
106629,Gowtham,"Food Is Good, Room is small, Okay for couples.

If you want to extend your stay, carefully deal with them.They'll charge extra depends on new room bookings.
They won't keep their words. 

Otherwise Good.",08 Oct 2022,4
106629,Rishabh Dixit,"Decent place, worth the money. Good experience.",28 Sep 2022,4
106629,Sid,"Was Good Stay, Checked in 30 Mins Before the check in time with ease. Room was neat and clean. The Stay was as per the Reviews.",20 Sep 2022,4
106629,Inshaal,"Great place! Good staff and good. Except, rooms are a bit too tiny.",12 Sep 2022,4
106629,Akhila,It was a good place to stay for couple of days. Beds can be more neater and stronger.,06 Sep 2022,4
106629,Krishna Chaithanya,Very Good Service,03 Sep 2022,4
106629,Vikky,Nice location and maintenance,31 Aug 2022,4
106629,Ashish kumar,Good experience bathroom smelling little bit nothing else,29 Aug 2022,4
106629,Basit Mir,"Breakfast was not good at all
Room is satisfactory",29 Aug 2022,4
106629,Likitha,It was cool there painting was nice food is average,27 Aug 2022,4
106629,Nagendra Prajwal,"Good spacious room, things could have been bit cleaner.",22 Aug 2022,4
106629,Rahul J Kannampilly,Nice rooms,22 Aug 2022,4
106629,Abhishek,"1. Room are cleaned.
2 Staff is good and well behaved.",22 Aug 2022,4
106629,Vikas Ghosh,"Good hotel in nominal budget food is satisfactory too 

Must take spacious room first we were given small room where ac tv fan was not working later they changed at midnight 2am",17 Aug 2022,4
106629,Rahul Kashyap,Good room,11 Aug 2022,4
106629,Rahul Kashyap,Everything is okay well mentainrd room,10 Aug 2022,4
106629,Sharath Kumar,Hotel was good and service is good,09 Aug 2022,4
106629,Amit Goyal,Room and cleanliness is fine. Breakfast is limited.,31 Jul 2022,4
106629,Chandan,"Good ambience, great customer service, clean rooms",29 Jul 2022,4
106629,Vishal SudhakarPhulari,Good service,24 Jul 2022,4
106629,Rohan,"Good receptionist, good rooms, complimentary breakfast is a plus!!",23 Jul 2022,4
106629,Sachin HebbbaleLokesh,I am getting oyo reward for this comment,19 Jul 2022,4
106629,Albert J,"The room was good in general. The staff was pretty nice and polite. The check-in process was fast and smooth even thought I checked in late. Room service was prompt and polite. The only issue we faced was with the room itself. It was clean and neat, but it smelt of smoke and whatever we did, the smell wasn't going away. The bed was also of a inferior quality. Rest, all was nice. There was also complimentary breakfast.",04 Jul 2022,4
106629,maxime fouchet,"Emplacement a côté du palais, personnel avenant et aidant.",21 Jun 2022,4
106629,Rajesh K,none,19 Jun 2022,4
106629,Rajesh K,none,18 Jun 2022,4
106629,Kevinn,i just wish they had different rooms for smoking and non smoking,15 Jun 2022,4
106629,Krishita Chhetri,Ease in check in and kind staff,15 Jun 2022,4
106629,Karthik M,TV was not working ..and bedsheets were not clean .,21 Apr 2023,3
106629,Anil Kumar,Ac not working all bugs even hotel staf not responded,08 Apr 2023,3
106629,Adarsh Raj,I was given a room on the Ground Floor and it was stinking. Requested the manager to provide a better room but he ignored.,05 Apr 2023,3
106629,Nanda KumarP.K,Room was clean but amenities are not properly maintained. Bathroom Bucket was A bit damaged but usable and bedsheet are not upto the mark. Other wise room is good and clean and have all electronics are working.,02 Apr 2023,3
106629,Muzammil,It was good stay corridor’s are very good but i think room still need to be little bit clean especially washrooms,31 Mar 2023,3
106629,karthik,"good hotel, cleanliness is maintained well.",21 Mar 2023,3
106629,Divin,"Location is gud, but rooms are not as good as compared to the pictures, also beds are too old and not comfortable. We will get back pain...",17 Mar 2023,3
106629,Hari killada,"The entrance of hotel is really good a good vibe and even corridors it's good welcoming gestures 
But when comes to the room
It's kind of small and felt kinky with the TV red light 
And ac is not working properly 
Water they provided is from glass bottle 
Towel is not that clean",24 Feb 2023,3
106629,Mudassir Ahmed,"It was good stay, Rooms are good & Staff also good you will get food which is tasty and prices are also okay.",20 Feb 2023,3
106629,Srishti Singh,The sheets weren't completely clean. The bathroom could have been better and cleaner.,11 Feb 2023,3
106629,Srihari S,"We have stayed at this hotel multiple times and the high quality of service and attention to detail remains. The staffs is amazing the rooms have
been comfortable and immaculate In past years we have stayed at Oyo Township when we've been in
Bangalore.
Now we wouldn't dream of staying anywhere other than Oyo Township. The only thing that needs improvement, in my opinion, is the quality of the food.",18 Jan 2023,3
106629,Sagar,"Good but when i entered the i could see some cockroaches on the floor, table and bed too. Weird 😬
Anyways except that all Good",10 Jan 2023,3
106629,Rimpa,"Small Room, Need to work on Cleanliness. And Bug control",26 Dec 2022,3
106629,Vigyan Agrawal,"Hotel food is good, but in nearby vicinity no good vegetarian options. Cleanliness and service of staff was above average",23 Dec 2022,3
106629,Suhas Gowda,"Room location was good. Very smelly toilet, room was tiny.",11 Dec 2022,3
106629,919133860612 Datta,The room was ok… but its not cleaned properly . The floor was very sticky . After i called them they have sent house keeping and made clean,29 Nov 2022,3
106629,vinayak,Room is good but AC is not working properly,07 Nov 2022,3
106629,joel Mathews,"I'm rating it 4 stars because of my first visit being a 5 and the second being a 3 because of the difference in the room quality. It's a great stay, first time I went the room was very nice, although the second time I booked a room it wasn't as neat and had quite a few bugs roaming around. That's fine it's tolerable. The staff service is 10/10 and are very friendly and helpful",17 Oct 2022,3
106629,Satadru Datta,"Untidy room, with poor service",08 Oct 2022,3
106629,Joffia Joy,The room was decent but the washroom was very smelly.,04 Oct 2022,3
106629,Shibin Joseph,"They gave two different rooms at same price, one was a very small and dirty room",24 Aug 2022,3
106629,Alok Kumar,"The bathroom was very smelly and there was no toilet paper, the TV was not working",22 Aug 2022,3
106629,Ashish Ranjan,AC not working. My room was on 5th floor & Lift was also not working. TV in the room was not working. The telephone inside the room was not working that means if u have to contact reception u have to use stairs for 5 floors coz the lift was not working. Geyser not available.,08 Aug 2022,3
106629,Aman Saxena,"The rooms were small, the pics are very deceptive clicked wide or something.",07 Aug 2022,3
106629,Goutham,"Stay was fine, But break fas is pathetic. There is no buffet breakfast available. You can get any single item. But I personally didn't like it.",04 Aug 2022,3
106629,Goutham,"Rooms are not spacious, but good for solo travelers.",04 Aug 2022,3
106629,Balaji Durairaj,AC is not working,26 Jul 2022,3
106629,Sumitra,Price is a bit more compare to the facilities. Although it is good but not best.,14 Jul 2022,3
106629,Shravan,Room wasn’t exactly like the images on the app,02 Jul 2022,3
106629,Dr K,The bed sheets werent clean.,24 Jun 2022,3
106629,SahilChhabriya,Lift was not working most of the times,17 Jun 2022,3
106629,Bharat manoj,"All services from staff side were good. But few things like toilet , buckets , mugs, are not maintained. Washroom and all doesnt go well with OYO townhouse standards. Working desk was shaking. Cleanliness need improvement",16 Jun 2022,3
106629,Alok Kumar,"The room floor is not clean. I requested an early check-in, but they charged us 500 for that, and they didn't mention anything about complimentary breakfast.",25 Apr 2023,2
106629,rakesh rajan,According to the charge it&#39;s not worth stayingNothing.Bedroom not at all cleannBedsheet untidy nThe bed wasn&#39;t comfortable to sleep and started backache nBathroom stickingnAC not working,03 Apr 2023,2
106629,Rakesh,"I dono why.?? is it really difference by Oyo booking and normal booking...!! Because room which I was provided after online Oyo booking , bed was soo worst cases that whole night i couldn't sleep that well as I could get sleep by sleeping on the floor, bed was soo spring type .. I really like bed rest al was fine.",27 Mar 2023,2
106629,shrawan sah,"Noisy, Worst and dirty rooms",24 Mar 2023,2
106629,Ramesh V,In my bill pax - 2 mentioned. Actually i only stayed. Due to this my company not accepting this bill. So i required bill mentioned no.of.person is 1,21 Mar 2023,2
106629,G RPavanKumar,Rooms untidy,16 Mar 2023,2
106629,Kevin,"The staff was very friendly , the place was clean but the Ac wasn't working and the room was very hot , the tables in the room were a bit dirty but the staff was very quick to clean the same",13 Mar 2023,2
106629,Ahmed Zaheed,"wouldnt&#39; stay  again with  family - probably  wouldn&#39;t even if I was alone -unless pressed for cashThe price was really chaep. And the neigborhood was a busy working class neighborhood - it had lots of cheap restaurants and the city center was only a 100-150 rupee auto rickshaw drive away. People botht at the hotel and in the area were friendly and helpful. The AC was not working, in the first room they gave me, but they willingly gave me a second room that had good working AC. The receptionist was friendly and helped me get a taxi for the airport althoug the taxi cost 1500 INR for a 34km trip, which seemed to me like overcharging.The hotel was a little icky in terms on cleanliness - and I am generally not a fasitidious person. There was the smell of smoke  in both the rooms we occupied and we bought some air freshener to get rid of it. The sheets were yellow - I hope that was all and that they had been washed them before we occupied the room, but I can&#39;t be sure, and I don&#39;t want to know. The hotel had once been a nice well designed hotel, you could see that from the design of the furniture and the rooms, but it hasn&#39;t been maintained and needs a good paint job and a deep cleaning.   They haven&#39;t maintained it and they seem to be using young kids nor more than 20-21 years old as maintenance staff. I saw dirty dishes from somebody&#39;s room-service lying on the stair case for about 12 hours, with nobody bothering to remove them.",09 Mar 2023,2
106629,Bakker Ali,"Neat and clean toilet.I faced a very bad experience in your hotel, they gave a room first, when i open i found chochroche there. So i informed the reception. He told me he will send the house keeping for help. Until 8pm no body came to my room. And very noisy outside the room becoz the staffs are working out side. I feel bad smell also in side the roon.At night i go to reception and complaint. But the person their not allow me to change the room, and behavior was very rood. After some argument he send the housekeeping to my room and the housekeeping staff found insects in my room. So he informed the reception then only the change the room. The blanket also i found some stain. I wl send the picuture with this msg.  Unfortunately  another room also small insects are their. I  felt very disappointed and sad and i can&#39;t enjoyed my trip due to this incidents. Only  a possitive things neet and clean toilets there. Very sorry to say about a negative feed back on this hotel",02 Mar 2023,2
106629,Gouri Halde,"the room allotted was not as it was shown during visit to hotel before proceeding for booking. my relative had seen the rooms and found it ok. but when we actually checked in , it was nowhere near to the one shown. very conjjusted last room. gloomy appearance. we checked in late night, bedsheet were the used ones, i think. bathroom lock was bad. service provided was good though not excellent.",18 Feb 2023,2
106629,CHANDRASEKHAR,"Ac wasn't working,house keeping wasn't there",17 Jan 2023,2
106629,rao vinisha,"Overall not so good experience..AC was working fine and hot water was available. That&#39;s it.Room was very small, bed was not comfortable, many channels was not coming in TV and the bedsheet seem to be used one",31 Dec 2022,2
106629,syed,The rooms photos were shown big in app but as per reality it was very small,23 Dec 2022,2
106629,ryounosuke takeuchi,"Good location, non foreigner friendlyThe location is really nice. Easily get some local foods.Although OYO itself did not allow foreigners to stay, there is no information on Booking.com. I was able to stay because I had my friend&#39;s phone number,  but I strongly recommend to state that only local people are able to stay.",12 Dec 2022,2
106629,Praveen,Room are soo small and full of cockroch,09 Dec 2022,2
106629,J.Gowtham,"Ac not working, room service bad",15 Nov 2022,2
106629,Jishnulal K,"Worst maintenance, cockroaches in room",16 Oct 2022,2
106629,Aditya,We were made to wait for 2 hours for giving checkin,28 Aug 2022,2
106629,Anandu Nambiar,"This is my experience of 2 day stay, The Rooms are small and smelled like cigarettes, the AC didn’t work, Wi-Fi doesn’t work in some areas of room you need to stand near the door for good Wi-Fi, They have Tata sky without any subscription when I called reception they said they recharged but when I checked they didn’t, they didn’t agree for room change. Couple of good thing is the food and location, but there are other OYO in same location and you can always go out to eat 🤷🏻‍♂️",25 Jun 2022,2
106629,Pragathi,none,27 May 2023,1
106629,K RAMAKRISHNA,none,27 May 2023,1
106629,Chiranth Pradhan,none,22 May 2023,1
106629,PRADEEP,none,11 May 2023,1
106629,Harsh,Cockroaches were there. Ac was not working. No immediate response from the staff and no solution was given for the issue for the entire night.,22 Apr 2023,1
106629,Gautham,"Badly maintained, poor hygiene, smells of cigarettes",16 Apr 2023,1
106629,Sanket Palrecha,Charged early check inn charges even it wasnt required,12 Apr 2023,1
106629,Meghana,Cockroaches everywhere crawling and ac is leaking,29 Mar 2023,1
106629,Pradeep,The room was smiling with pesticides and was also very unclean with stains all over the wall .,20 Mar 2023,1
106629,Nikhita Panda,"It is super pathetic OYO i would say... AC not working, cockroaches everywhere, seepage issue and springs are hurting from the mattress",18 Mar 2023,1
106629,Vishnu,Beds was very hard,13 Mar 2023,1
106629,Suhas,"Room was not as per the expectation and it's not matching the photos posted. Food was served cold and even after returning the food i had to pay for that.

No linens, no toiletries. Arrogant behaviour of staffs.

Overall worst stay and worst experience",09 Mar 2023,1
106629,mohammad tariq,had a terrible stay as it is more for couples who wants place to have fun .,09 Mar 2023,1
106629,Siddharth Sircar,Worst experience. No room cleaning everyday. It happens alternative day. No drinking water provided everyday. Cockroaches everywhere. Bathroom was stinking a lot. No proper support.,02 Mar 2023,1
106629,Karthik Ravipati,No towel or a soap. Price of a normal (not cold) water bottle is 25 rupees. No AC remote. Bedsheet stinks.,01 Mar 2023,1
106629,Rajat sharma,no wifi / ac duct was leaking / room is too small,20 Feb 2023,1
106629,Richi,Extremely dirty room.. The toilet had gutter smell..Worst experience I have ever had,16 Feb 2023,1
106629,Sushil Jaiswal,Rooms were dirty,23 Jan 2023,1
106629,Giftson Sam,"Hotel room was good with all basic amenities.

What we disliked is the receptionist’s behaviour. He was rude and charged 300 Rs. for a very little coffee spillage.",18 Jan 2023,1
106629,Nitesh Pawar,Very bad hotel and very bad staff. Hotel staff not receive mmt call and talk to mmt team,24 Dec 2022,1
106629,Naveen Goud,"I’ll put in this in social media and show how worst the OYO town house stay was and the staff attitude towards the custonothin it is one of worse property I have ever stayed.cleanses, bathroom is worst, paint peeled off, staff attitude was worst, very small room was given to us",13 Dec 2022,1
106629,Rohit Kumar,"pathetic experiencethe location is good and the room is also ok. however, the behaviour of the staff is pathetic.the behaviour of the staff specially the receptionist is pathetic",06 Dec 2022,1
106629,Gowtham,"Main reason for 1 star is Very rude behavior From receptionist. 

Hotel is Good, Room is very small. Food is Good,",01 Dec 2022,1
106629,Naushad Hussain,"Room was not as shown in app at the time of booking.

Hotel Manager also not responded for changing of room.",03 Nov 2022,1
106629,Dharma,"AC was not working initially, the i have asked staf to check. One of the staff told ""none of the AC is working in the hotel"". The same I have asked to reception guy during checkout, no proper answer i get.",25 Oct 2022,1
106629,Santhosh,"The rooms were not clean,
Unpleasant smell in the room",25 Oct 2022,1
106629,Karthik M,Some one keep knocking the door at midnight..and if we open the door no one will be there..,22 Oct 2022,1
106629,GAURAV SUKUMAR,"Room full of COCKROACHES, STAINED & TORN bed sheets,  AC not functional, very small CLAUSTROPHOBIC room, no EXHAUST FAN in the bathroom, DUSTY walls, cabinets. Worst ever experience.",16 Oct 2022,1
106629,Sridevi,"Hotel is very bad.. Not at all worth for my money, This is my first booking in OYO, its very bad.. I am not gonna book any room in oyo, I found cockroaches in my room, very bad very bad.. Worst experience in my life

All my money got waste because of oyo",15 Oct 2022,1
106629,Prathik R,"Very compact space, claustrophobic rooms 
Unhygienic
And worst of all, the attendant knocked on our doors at odd times at disturbed our stay",27 Sep 2022,1
106629,Arijit Sinha,Room is too small,21 Sep 2022,1
106629,Sabarinandini N,none,10 Sep 2022,1
106629,prajwal,"Firstly, the hotel rooms looked good in Oyo app and when I checked Google as well Oyo review, it was pretty good. worst part of this hotel was:
1- hot as well cold water stopped within 5min of my shower
2-bed stains with uncomfortable mattress
3-cockroaches every where
4- when I used lift ,power cut happened and i was stuck for some time.
Oyo is considered to have good standard, but this is what we get for the money, then its waste .i highly do not recommend this place",05 Sep 2022,1
106629,Pintu,Very small bed and toilets,21 Aug 2022,1
106629,SyedFarhaan,Wrongly advertised.. Is very poor in all aspects,05 Aug 2022,1
106629,Raunak Singh,"Room was so small, different from what they show on images as well as ventilation was done so poorly, and room AC was not working upto the mark, complete disappointment there",30 Jun 2022,1
106629,Naveen Chandra,"Due to AC problem they shifted room, and there hot water problems,",23 Jun 2022,1
106629,Shashi Kumar,Room was way too dirty. had cockroaches roaming around. no packaged water as well in the room. no cleanliness in the washroom as well. Bed and sheets were not clean. Friendly staff but I personally wouldn't recommend it.,14 Jun 2022,1
106629,Sasikanth,worst staff.,12 Jun 2022,1
106629,H KKUMAR,Rooms were not clean in the ground floor especially the paintings were old. felt like an old building. same thing in the third and fourth floor rooms are good. please maintain the same in all the rooms,04 Jun 2022,1
106629,Sameer Sait,Everywhere cigarette buds were found,02 Jun 2022,1
