hotel_id,user_name,review_text,date,title
106791,Vinod,none,27 May 2023,5
106791,Mahesh,Good,21 Apr 2023,5
106791,Lokesh Reddy,It's a good experience to use your services and update us on what are all the offers available for the customers,21 Apr 2023,5
106791,mukshith,Good,20 Apr 2023,5
106791,Vinod,Nice. Good staff,16 Apr 2023,5
106791,lalit thakur,Good,08 Apr 2023,5
106791,kishore,All good but they charged extra amount and i have very bad experience on this. Oyo i lost 700 rupees i want refund it. Back,06 Apr 2023,5
106791,Hemanth Raaj,It was amazing,23 Mar 2023,5
106791,srinivas reddy,"I had a wonderful experience at the oyo ,staff was amazing especially Manager Anand Lambu from the valet to the check- in to the cleaning staff were delightful and eager to help. Thank you! Will recommend to my colleagues!",21 Mar 2023,5
106791,srinivas reddy,They provide good tiffins and good service. I have stayed for 15 days and I didn't face any issue. Hotel staff are very friendly.,21 Mar 2023,5
106791,srinivas reddy,"Superb!!
Great service and polite staff.
Rooms are near and cleen. Also affordable.",19 Mar 2023,5
106791,srinivas reddy,"Air conditioned, cozy, clean rooms and clean restrooms too. No disturbance from room service during odd hours. Good place to stay. Walkable distance to Dominos and Burger King outlet. Free Breakfast was - Not bad. Nothing extraordinary.",19 Mar 2023,5
106791,Raju,"Value for money.
I had a great stay at this hotel booked it for 1 week.
Staff is very polite and supportive.
Cleanliness 10/10
Ambience 10/10
Food 10/10
Service 10/10
All facilities available.
Location was superb heart 💖 of the city.",16 Mar 2023,5
106791,Raju,"Value for money.
I had a great stay at this hotel booked it for 1 week.
Staff is very polite and supportive.
Cleanliness 10/10
Ambience 10/10
Food 10/10
Service 10/10
All facilities available.
Location was superb heart 💖 of the city.",16 Mar 2023,5
106791,Kamran,Good rooms Good sarvesh,10 Mar 2023,5
106791,Saravanan M,"Best hotel in Bangalore East area. Big spacious rooms, good room service, central location, ample parking space and much more at very affordable rates. Bhavya at front office is very helpful.Nice hotel, staff, restaurant and location. No issue with cleanliness. Management are so cordial that helped me to solve my room issue at the beginning and just within 15 minutes. Restaurant food is delicious. We have stayed here for 13 nights. Hotel staff made us to feel this as home. Trust me.  You will not repent staying this hotel for sure.",05 Mar 2023,5
106791,Keshav KumarSingh,This hotel had taken Rs 300 extraa for Check in.,04 Mar 2023,5
106791,abdul khadar,"It's nice budget friendly hotel to say,well mannered ataff and cleanliness was so nice ,it's good we get that kind of accomodations in the budget price",18 Feb 2023,5
106791,Soheel,"Value for money.
I had a great stay at this hotel booked it for 1 week.
Staff is very polite and supportive.
Cleanliness 10/10
Ambience 10/10
Food 10/10
Service 10/10
All facilities available.
Location was superb heart 💖 of the city.",10 Feb 2023,5
106791,Soheel,"Value for money.
I had a great stay at this hotel booked it for 1 week.
Staff is very polite and supportive.
Cleanliness 10/10
Ambience 10/10
Food 10/10
Service 10/10
All facilities available.
Location was superb heart 💖 of the city.",09 Feb 2023,5
106791,Soheel,"Value for money.
I had a great stay at this hotel booked it for 1 week.
Staff is very polite and supportive.
Cleanliness 10/10
Ambience 10/10
Food 10/10
Service 10/10
All facilities available.
Location was superb heart 💖 of the city.",08 Feb 2023,5
106791,Bishwa jit,Excellent services,07 Feb 2023,5
106791,lalit thakur,Superb stay,07 Feb 2023,5
106791,Soheel,"Value for money.
I had a great stay at this hotel booked it for 1 week.
Staff is very polite and supportive.
Cleanliness 10/10
Ambience 10/10
Food 10/10
Service 10/10
All facilities available.
Location was superb heart 💖 of the city.",07 Feb 2023,5
106791,Soheel,"Value for money.
I had a great stay at this hotel booked it for 1 week.
Staff is very polite and supportive.
Cleanliness 10/10
Ambience 10/10
Food 10/10
Service 10/10
All facilities available.
Location was superb heart 💖 of the city.",05 Feb 2023,5
106791,Soheel,"Value for money.
I had a great stay at this hotel booked it for 1 week.
Staff is very polite and supportive.
Cleanliness 10/10
Ambience 10/10
Food 10/10
Service 10/10
All facilities available.
Location was superb heart 💖 of the city.",04 Feb 2023,5
106791,Soheel,"Value for money.
I had a great stay at this hotel booked it for 1 week.
Staff is very polite and supportive.
Cleanliness 10/10
Ambience 10/10
Food 10/10
Service 10/10
All facilities available.
Location was superb heart 💖 of the city.",02 Feb 2023,5
106791,Kamran,Good rooms,01 Feb 2023,5
106791,Soheel,"Value for money.
I had a great stay at this hotel booked it for 1 week.
Staff is very polite and supportive.
Cleanliness 10/10
Ambience 10/10
Food 10/10
Service 10/10
All facilities available.
Location was superb heart 💖 of the city.",01 Feb 2023,5
106791,Raj,👌,01 Feb 2023,5
106791,Raj,👌,30 Jan 2023,5
106791,Saravanan M,Very good experience 👌,30 Jan 2023,5
106791,Soheel,"Value for money.
I had a great stay at this hotel booked it for 1 week.
Staff is very polite and supportive.
Cleanliness 10/10
Ambience 10/10
Food 10/10
Service 10/10
All facilities available.
Location was superb heart 💖 of the city.",30 Jan 2023,5
106791,Raj,👌,24 Jan 2023,5
106791,Vadla SathishKumar,Evything is very gud here,24 Jan 2023,5
106791,Soheel,"Value for money.
I had a great stay at this hotel booked it for 1 week.
Staff is very polite and supportive.
Cleanliness 10/10
Ambience 10/10
Food 10/10
Service 10/10
All facilities available.
Location was superb heart 💖 of the city.",22 Jan 2023,5
106791,lalit thakur,"Super location
Excellent services
Well maintained",19 Jan 2023,5
106791,lalit thakur,"Excellent services
Well maintained room",18 Jan 2023,5
106791,Raj,👌,18 Jan 2023,5
106791,Soheel,"Value for money.
I had a great stay at this hotel booked it for 1 week.
Staff is very polite and supportive.
Cleanliness 10/10
Ambience 10/10
Food 10/10
Service 10/10
All facilities available.
Location was superb heart 💖 of the city.",17 Jan 2023,5
106791,lalit thakur,"Excellent service
Friendly to guest",16 Jan 2023,5
106791,Kamran,Good,15 Jan 2023,5
106791,dipu,Good,10 Jan 2023,5
106791,nani,Good,10 Jan 2023,5
106791,Raj,Super,10 Jan 2023,5
106791,Raj,"Nice experience, use little or nearby app to get more discount on buffet""",10 Jan 2023,5
106791,lalit thakur,"Value for money.
I had a great stay at this hotel booked it for 1 week.
Staff is very polite and supportive.
Cleanliness 10/10
Ambience 10/10
Food 10/10
Service 10/10
All facilities available.
Location was superb heart 💖 of the city.",09 Jan 2023,5
106791,Gowda Yuraj,A pleasant stay and friendly staff.,09 Jan 2023,5
106791,Kamran,Good rooms,09 Jan 2023,5
106791,Soheel,"Value for money.
I had a great stay at this hotel booked it for 1 week.
Staff is very polite and supportive.
Cleanliness 10/10
Ambience 10/10
Food 10/10
Service 10/10
All facilities available.
Location was superb heart 💖 of the city.",08 Jan 2023,5
106791,Javed Ahmed,"The room was so perfect with very good and soft bed,having good smart TV, since no wifi. The service people were kind enough.",05 Jan 2023,5
106791,Amit Kumar,Nice stay,04 Jan 2023,5
106791,Bahut,Nice,19 Dec 2022,5
106791,Aman Kumar,"Rooms were clean but handwash was missing, didn't provide towels,way check in and easy check out",18 Dec 2022,5
106791,Bahut,Good morning,18 Dec 2022,5
106791,Bahut,Good,18 Dec 2022,5
106791,Bahut,Veye Good Steff,16 Dec 2022,5
106791,Bahut,No Canmeg Room,02 Dec 2022,5
106791,Amit Kumar,all is good,26 Nov 2022,5
106791,Bahut,Good,17 Nov 2022,5
106791,Sandeep Gowd,Good,12 Nov 2022,5
106791,Vijay,Nice,10 Nov 2022,5
106791,Amanvishwakarma,Rooms and views,04 Nov 2022,5
106791,Sheraz AliShah,Nice location but only downside was tv not connected,03 Nov 2022,5
106791,SANY RAJ,good,01 Nov 2022,5
106791,Bahut,Good,21 Oct 2022,5
106791,Bahut,👍👍,20 Oct 2022,5
106791,Bahut,Good,18 Oct 2022,5
106791,Hitesh Ranjan,room is good and staff are nice,30 Aug 2022,5
106791,Dipti,The experience was great. The staff was very supportive. The view from the place was really happening. The people were good around.,27 Aug 2022,5
106791,ravinder puri,Super hotel,13 Aug 2022,5
106791,918438482407,"Great service and we enjoyed the rest there ...
There was a beautiful balcony",08 Aug 2022,5
106791,Gangadhar R,Room is good ..,31 Mar 2023,4
106791,Manoj KumarYadav,Super,29 Mar 2023,4
106791,RaviChaitanya,none,23 Mar 2023,4
106791,Vijay,Nice,14 Jan 2023,4
106791,Prithivan,"The rooms were pretty clean and the place was a lil off initially, they hadn't gotten us towels and toiletries.",08 Jan 2023,4
106791,Ravi,Good,06 Dec 2022,4
106791,bv sai teja,Quite well without any problem,30 Nov 2022,4
106791,Arun Sheelvant,"Room was good and hygienic. 
I had good openian. 
But I have a question in online showen price was 1086/- but 
Why They took 1301/-?. 
Apart from that over all good.",21 Oct 2022,4
106791,Vijay,Nice,19 Oct 2022,4
106791,Priyanka,Room is good.we have all facilities.I stayed for one day,05 Oct 2022,4
106791,Param Reddy,Nys to stay especially for bachelors,22 Aug 2022,4
106791,Ajay,Hotel denied the check in saying that dare is low,10 Mar 2023,3
106791,Abinash,"Maintenance was good               
Rooms were neat and clean",01 Mar 2023,3
106791,Yuvraj,none,27 Feb 2023,3
106791,Pooja Singh,Asked for extra amount at hotel,10 Jan 2023,3
106791,Mahendra Sandy,Could be better in maintenance,06 Jan 2023,3
106791,Amar,Not cleaned,12 Dec 2022,3
106791,Gourab Rath,It's very bad.. all the room has some defects..  TV don't work.. AC don't work.. ac works Fan regulator don't work..,08 Dec 2022,3
106791,Prashanth Sadasivan,Stay was okay and average. Initial booking got shifted to this hotel automatically. The experience could have been better.,09 Nov 2022,3
106791,sam,No wifi service,03 Nov 2022,3
106791,Ravi,Ac tv not working,13 Sep 2022,3
106791,Diptiranjan Bal,small bathroom,26 Aug 2022,3
106791,Karthik Raj,I faced check-in issues.... The person on the reception asked me to pay extra ₹800 than the booking money... After few minutes of argument i was checked-in,28 Jul 2022,3
106791,Arif AhmedKhan,they took additional 976rupees,01 Jul 2022,3
106791,K NataPadmaSai,Charged Extra 550 rs more at the Hotel . The receptionist said he can’t give the room for the OYO price. I paid 1500 for the room. I think OYO should take care of their vendor’s who are not accepting to guidelines,31 Mar 2023,2
106791,Hemu Royal,none,26 Feb 2023,2
106791,Haritha,"The room was not worth the money. Bathroom door was seems like broken earlier and even left a hole in thw door without fixing it.  Asked for another room and didn't  give any. Also room had somany unwanted holes in the walls related to electric connections and removed nails which was uncomfortable for womens. 
They said that renovation is going on but not satisfied with their explanation. 
Bedsheets and pillow cover was seems like unchanged as it has hairs in it when we saw for the first time. They changed the pillow cover as we asked to change but didn't change the bedsheet.

Bathroom was not clean as expected , but had hot water which felt good. Body wash and shampoo bottles where there in the bathroom which was not refilled. Totally it was a bad experience.",11 Feb 2023,2
106791,Rahul Sharma,Pathetic hotel ..troubled so much…no facility…manager was very rude …for everything he was denying…like no water no towel …no soap and shampoo….even TV was not working…when I asked directly he said I have given you room not these facility..even blanket was also not hygienic…it is very different from pictures whatever shown in photos….overall very bad experience…and,22 Jan 2023,2
106791,Chandu,none,28 Nov 2022,2
106791,Suchitra,"Very expensive price of the room 
No water coming n bathroom
No tv",14 Oct 2022,2
106791,Rohith K,"Hotel charged 400 extra on our arrival and our booking was not able to cancel.
Room was untidy. Staff weren't polite to customers. Reason for charging more was because of in oyo it showed less amount itseems.",22 Aug 2022,2
106791,Nithin Tommy,"No water in rooms. Even after complaining they won't act on it. Had to wait for 4 hours for water to be available in room.
Also room was very dirty with zero maintenance.
They don't do house keeping as well.
It seems more of a low quality PG facility than a hotel.",13 Aug 2022,2
106791,Harisha,Washroom was not cleaned and Ac not working even the fan also not in working condition its very bad experience ever I feel in oyo,02 Aug 2022,2
106791,Dr VinayKumarK,The washroom was the worst and smelly,28 Jun 2022,2
106791,Jagyaseni,Comodo was broken and bathroom was very smelly. the bedsheets weren't cleaned.,19 Jun 2022,2
106791,Vinay kumar,none,17 May 2023,1
106791,918527450746 Bisaria,"Room condition was poor. Wooden almirah, TV stand were broken. There was a frequent power cut and proper backup was not available",24 Apr 2023,1
106791,Manjeet Yadav,Had to pay 500 extra charge per day otherwise they were not allowing us to stay in that hotel.,22 Apr 2023,1
106791,Dattatreya Reddy,"When i went to Oyo, they denied to give for the price quoted... I paid extra. Service is worst",21 Apr 2023,1
106791,palash khare,Decent place to lay over.Higher price demanded over what is indicated in booking confirmation.,19 Apr 2023,1
106791,Aman Srivastva,Hotel not accepted app booking I am pay extra 8000 rs he last check out time very rud not my bag out side he told first you pay my total many extra I m not app site he told very poor service your side I ma uninstall your app.,15 Apr 2023,1
106791,sharad,Room was stinky,14 Apr 2023,1
106791,Bala Chowdaiah,Worst.Worst,10 Apr 2023,1
106791,.. ..,They charged extra money,03 Apr 2023,1
106791,Sukanya Majumdar,"They took money from us 2 times
Told we will get back the previous money
But they did not return",20 Mar 2023,1
106791,Srirupa Banerjee,Worst stay evernothing was good to like. worst experience  ever.the hotel charged us double the price stated in the booking app. Ac was not working along with the television. They didn&#39;t  come a single day to clean the room. Worst service ever of both booking .com and the hotel. Would not recommend  booking .com or this hotel to anyone.,20 Mar 2023,1
106791,Abhinav PRASHAR,none,17 Mar 2023,1
106791,Dinesh,"They charged me extra 1500 rupees, please don't choose this hotel, one of the worst hotel for staying..no Tv connection, AC not working, no WiFi but room name is deluxe..if paid in app also you have pay 1500 extra in check in time on hotel. Worst experience..",13 Mar 2023,1
106791,Guddu,"Worst room and worst facility in restaurant no bath taval 
Everything is worst please don’t visit to that restaurant",10 Mar 2023,1
106791,Prashant Kumar,I didn't stay in this hotel coz the hotel manager denied me check-in as he was asking more money,04 Mar 2023,1
106791,sn,"Worst experience with Oyo,
1. Online price shown 799, that was already paid, but during check -in again Oyo executive ask'd to pay 1500rs , almost double price.

2. Air conditioner was not working

3. Not professional staffs.",23 Feb 2023,1
106791,Kishore,"Owner asked me extra money for chek in time
...
In oyo app they showing 800 but during Chek in time they asking me extra 700 very very bad experience 😑 and staff vas very rood",17 Feb 2023,1
106791,Pooja Singh,"Water is not there, television is not working, plus the ac they put there is also not working, cleaning is not good,",13 Feb 2023,1
106791,Sai,Demanded extra price,11 Feb 2023,1
106791,Anand Bhagavathula,Asked 250 rupees extra amount,09 Feb 2023,1
106791,joyanath singh,Very poor,08 Feb 2023,1
106791,Abhishek Kumar,The hotel aaked extra cash from me and I have to pay it since I had no optioms left,08 Feb 2023,1
106791,Rahul Bhat,"Hotel asked me your booking is not valid as you have made cheaper and you have to pay 500 extra , I paids 1500 extra this is very poor service from oyo",03 Feb 2023,1
106791,lochhan poddar,It was very bad experience in this hotel room from oyo app we booked at 799 after entering to oyo they r telling No sir our price is 1500 but in app they show u 799 I went two times there they charge me double price never book this rooms even that are not worth of 799 Ac are not working properly things are broken bedsheets wear not changed and washroom was too dirty... if u dont believe just visit once they will charge u over priced from app n they will start to say sir we talking with oyo managment to fix this issue we can provide at 799,01 Feb 2023,1
106791,919040085324 das,No where else hotel owners are accepting your booking and they demand more amount,22 Jan 2023,1
106791,Mahesh Kumar,"I booked the room for price 799 before going i called hotel he said plz pay at hotel and didn't inform the price are not same what showed us on oyo once i reached he demanded for 1500...and rooms were very bad , not cleaned , stinky and dirty..please oyo kind take an action on such fraud hotels",18 Jan 2023,1
106791,tharun,"This Oyo hotel is not at all good , before check out they asked extra 1300 rs and as we already came on time and without paying extra they are not allowing us.
So paid 1300 extra and checked-in
Dont book this Oyo",16 Jan 2023,1
106791,Srikanth,If I had a chance I would give this place 0 rating ..after receding there they demanded double the amount of the booking amount ..I did not stay at this  place as I saw this location is very very bad and very poorly maintained …not sure how this place is attached to OYO..,12 Jan 2023,1
106791,PRANAV K,"In the Oyo app, the price mentioned was 800per night but after reaching the place the manager demanded 1500rs take it or leave it at late night. So kindly stay away.",12 Jan 2023,1
106791,Guest,"Very very very worst don't recommended this hotel, this hotel very frad. He asked extra money.pls don't visit this hotel.🙏",09 Jan 2023,1
106791,917893274816 Mohan,"Worest experience ever tv not working 

 Reception asked me to pay extra to check in",25 Dec 2022,1
106791,Karthik Reddy,"No wifi No TV No water , Service persons are not professional it's a pg not a hotel worst service",09 Dec 2022,1
106791,Naved Sheikh,The worst Oyo i have ever seen ac not working washroom was not good and the balcony was like hell such a dirty balcony and thanks for the worst experience,07 Dec 2022,1
106791,Gaurav kumar,Hotel was extremely poor and unhygienic.,05 Dec 2022,1
106791,Jaswanth,Worst maintenance,01 Dec 2022,1
106791,Srinivas,They charged extra money,21 Nov 2022,1
106791,Abhishek Keshri,"Rooms are dirty,  washrooms not cleaned,  tv bot activated,  balcony is totally  unclean, bedsheets are dirty,  mosquitoes there and not provided any mosquito killer,  drinking water you have to carry, foods not there, charges are different the i booked.",15 Nov 2022,1
106791,Dhriti Saluja,Care taker behaviour was extremely rude. Do not ever book this OYO hotel otherwise you will regret like others. He will let you stay but he will keep on taunting you that why the hell you are staying here. He even used false language. The rooms are also very bad. You will see ants in the room. Zero Cleanliness provided by them. Shame on OYO for providing these properties.,10 Nov 2022,1
106791,Ajayzen,Gave extra double amount,08 Nov 2022,1
106791,S NagendraKumar,Worst stay that I ever had. Unclean rooms and peeled paintings on the walls. Yalk.. shall not prefer this property at all for stay purposes with family,07 Nov 2022,1
106791,Khayyum,Very bad,06 Nov 2022,1
106791,Abhishek,"Unhygienic, no support, no tv, no food",04 Nov 2022,1
106791,Segyam PavanKumar,Too worst,02 Nov 2022,1
106791,MB Reddy,Payment made but they have not confirmed room allocation. Booked again new room. Refund my 1666 rupees,20 Oct 2022,1
106791,Hemanth,Location is very dirty and the maintaince is below par. This was the scrasctic stay i had in my life. Pleade dont book this hotel and the staff persons are not at all good,17 Oct 2022,1
106791,Amar Shikhare,Took 300rs extraa for check in otherwise they told shift to other Oyo ...When i entered in the room Dirty smells... tv is not working..worst Oyo till now,16 Oct 2022,1
106791,abhishek nayak,Worst oye ever,16 Oct 2022,1
106791,Manjunath C,"Rooms were dirty, no proper maintenance and blankets had blood stains",28 Sep 2022,1
106791,Shivasai Halli,Worst facility. They are charging extra at all OYO stays. Oyo is completely corrupted. Will have to close down Oyo services soon if this continues.,21 Sep 2022,1
106791,Arun Kumar,They increased the price when we reached there,09 Sep 2022,1
106791,Hanumantha RaoMedarametla,The front office guy denied the room for want of additional amount to be paid. I have paid online the entire amount in Oyo App. Please remove this hotel from the list. Unprofessional.,04 Sep 2022,1
106791,Anand Kumar,I had booked one room in this paperty. Needed this on urgent basis. I had prepaid the amount a also. My arrival was late night. A day before I called the owner they did not picked the call. After reaching here they said all the rooms are full. They did not have any explanation. I was left on the road stacking for another hotel as customer care also could not helped me.,03 Sep 2022,1
106791,Jerrymol John,Very bad service,31 Aug 2022,1
106791,Ivan Dutta,"staff not friendly, very bad service, denied giving water to the room, tried to charge extra seeing young couple, very rude",27 Aug 2022,1
106791,Abdur Rehman,"Wifi is not there, 
Even Though they don't have water bottle",26 Aug 2022,1
106791,Pruthvi Gowda,Extra pay 466 rupees bad experience oyo and pmr residentshi,26 Aug 2022,1
106791,Joseph John,"The room i had booked for was priced at 1094 for one night, the checkin time was 12pm 20th Aug and checkout at 11am 21st Aug. I had reached Oyo townhouse at 4.30am and they made me wait outside till 6am and later changed me 2,500rs for one night just for early check-in. I felt so cheated my Oyo and the customer care also was were rude to me when i called them.",25 Aug 2022,1
106791,Puneeth,They asked extra 800,25 Aug 2022,1
106791,Sunit Chandra,The worst Oyo of my life they charged 500 rs more than the booking amount . The hotel staff were very bad. They say if u want u can contact oyo customer care at the end moment. Worst stay. The room also get cleaned in 3 days,22 Aug 2022,1
106791,Shaik Adil,Ambience is poor.Reception people were rude and unpleasant. Room quality was poor and bathroom door was broken . Visitors were not allowed and a lot of fuss about late check out,21 Aug 2022,1
106791,SISINDRIKL KUMAR,"no respect, taken extra money",20 Aug 2022,1
106791,Arun kumar,"worst staff & Rooms, washrooms are horrible smelly & they charge extra of the booking amount",18 Aug 2022,1
106791,Vignesh Paramasivam,Worst service and experience ever. When we reach the spot at 2 am in the night . They didn't allow us saying both the person should have sadhar card tbough one person has.  Another person 70 year old lady. We had to search another hotel in that time .,17 Aug 2022,1
106791,Srinivas,After online booking (paid) manager charged extra 4k while we are checking in at the time we paid extra he haven't provided the bill.. and also entire no cleaning was done when we asked him about that he said they will not clean entire 4 days we cleaned ourself.....worst service never prefer this oyo to anyone,13 Aug 2022,1
106791,JyotPrakash,"Poor service, charged extra for the room, No towel, soap available in the room, after asking for it they said not available",09 Aug 2022,1
106791,krishnappa bh,"Poor services, bad behavior",07 Aug 2022,1
106791,918210247321 Keshri,I have not yet checked in.,06 Aug 2022,1
106791,kartik Awandhe,"The most rubbish hotel I ever stayed, literally we had to leave the hotel in middle of the night, the rooms were not clean bathroom door was locked and we were not able to open it and the worst smell ever the bathroom smell was bearable then the room i request for my refund",31 Jul 2022,1
106791,Praveen Mishra,"worst stay ever.. in the name of townhouse I have been charged 1900 but no service, there was nothing like townhouse.. rooms were dirty.. wifi wasn't working.. 
pls refund my money as I wasn't able to stay whole night so i checked out by 10:30 pm itself.
worst experience.. i wish i could give negative rating.
pls don't cheat people like this",30 Jul 2022,1
106791,NAGARAJA G,"Extra payment collected Rs 600/- service is very bad AC is not working, bad smile inside the room staff behavior is very bad asking more money",30 Jul 2022,1
106791,manish kaushal,AC was not working.Hotel staff was not supportive and not bother about what customer needs.,28 Jul 2022,1
106791,Raj Kalyan,"I have visited more then 100 oyo room,but this is the worst stay I have ever stay,smell in everyplace",23 Jul 2022,1
106791,Saifulla,After i pay already in app .. When i was went to hotel for check in he charged me 800 rs again,12 Jul 2022,1
106791,Akanksha Singh,very bad services.,09 Jul 2022,1
106791,Rupesh Datta,everything is wrong with this place. please don't go to this hotel even for 500rs.,22 Jun 2022,1
106791,Mohanasundaram T,worst rude behaviour,02 Jun 2022,1
106791,Mohanasundaram T,"Not clean even past 2 days 
smell started for the dirty things",02 Jun 2022,1
106791,Mohanasundaram T,none,02 Jun 2022,1
