hotel_id,user_name,review_text,date,title
107086,Vicky,The travel was soo smooth,09 Mar 2023,5
107086,srinivasa t,Super,24 Oct 2022,5
107086,DINESH,Good hotel,18 Oct 2022,5
107086,TaabishKhan,Nice room nice service jus check in issues if u book on Oyo hotel ask for extra money,25 Sep 2022,5
107086,vishwa,Great,12 Sep 2022,5
107086,syed king,"Rooms were superb clean . Friendly staff . Good room service given .Only issue was they asked me to pay extra amount for stay .. This could have made it better  . In oyo app the price was close to 1k they asked me 1300+ taxes ..

Rest over all good experience",22 Jul 2022,5
107086,jubin,Nice app,19 Jul 2022,5
107086,Manish Singh,Good,18 Jul 2022,5
107086,Santosh,Very nice👍👍👍,13 Jul 2022,5
107086,Susovan Mondal,good,24 Jun 2022,5
107086,Mallesh,Good,20 Jun 2022,5
107086,Pavan D,"In reception they asked more money than what we seen in app, when I shown the price in app he told he can't give the room at this price, we didn't do anything because it was too late for us to search new stay..
Oyo should take this seriously",01 Feb 2023,4
107086,Bala Krishna,"I booked at online price and ofter visit, this price room's are not available at the time disappointed on the service",21 Jan 2023,4
107086,jayanth Rai,Nice ambience good place to stay!,19 Dec 2022,4
107086,Sourav Sarki,Nice,18 Nov 2022,4
107086,Ghouse baig,Room was good and facilities,22 Sep 2022,4
107086,Pavan Ananda Navalkar,Not acceptable for money,26 Jul 2022,4
107086,Subhadeep Das,"Service was poor....no cleaning, doesn't understand Hindi or English properly & tv wasn't working,asked the staff to look after but no one bothered even.",29 Dec 2022,3
107086,Johnbanyan,"Rooms are not that good walls are dirty, Cockroaches every where.. Bed sheets and pillow covers are dirt.",29 Dec 2022,3
107086,Arun Kumar,"they told car parking is available , but no car parking area .no food , cockroch distrub ...",24 Nov 2022,3
107086,Dheeresh Manipal,Maintenance is good but hotel people have to check all things are in working condition before giving room to customer. Because TV was not working in given room,13 Nov 2022,3
107086,Dheeresh Manipal,Room maintenance is good..but TV was not working..hotel people have to verify all things is working fine before giving room to customer,13 Nov 2022,3
107086,Irshad,Neither great nor worst. Getting food around this area is difficult. Asks more charges than on OYO booking.,27 Sep 2022,3
107086,dillip kumar,Good job,26 Sep 2022,3
107086,Nithesh,They didn’t accept oyo  other than that it is Gud,30 Jul 2022,3
107086,Jyoti Sharma,"I had done booking through the oyo aap. 
But when I reached there, he deined that and asked me to pay...1500",29 Jul 2022,3
107086,Tushar Purohit,"First of all I to pay 1000 rs extra during check-in. That too when I had already paid the full amount online. The room was good but the bed, pillows.. Everything was smelling.. Not recommended at all.",19 Dec 2022,2
107086,Allwyn,"The rate that showed on OYO app was 539 but they charged me 1500 for the room. I didn't have time to bargain with them or go through any more hassle so I just stayed there. Their welcome is so bad once they get to know it is OYO booking. This is not the first te most of the OYO property managers react this way, I am not sure where the disconnect is they also offer their visiting card to call them directly instead of OYO booking",11 Oct 2022,2
107086,KUNAL Sinha,They charged 400 rupees more,01 Oct 2022,2
107086,Sujoy Saha,"I am cencel my booking, but fully not refunded  my amount.",31 Aug 2022,2
107086,Tamilselvan,Oyo customer care executive mentioned that discount has been applied and I need to pay only around 650. But in hotel they charged me 1008 rupees.,18 Jul 2022,2
107086,premsai,Tv with no remote wifi work rarely,19 Jun 2022,2
107086,harish,"Feeling very bad after reaching this place they asked me to pay extra amount.  Most of the times it happens in Oyo rooms.

OYO HAS TO TAKE SERIOUS ACTION ON THIS
OTHERWISE OYO BRAND IS GOING TO DAMAGE",17 Apr 2023,1
107086,Manoj,Property owner ask to extra commission 620rs given when I check-in that time I call to Oyo customer care but they are not responding properly kindly please check and do the needful asap,16 Apr 2023,1
107086,Komal kumari,"My booking was for 396rs but they uselessly charged extra 700 which was not good and said that they wont follow oyo rooms and they wont get any money from oyo, really a bad experiance from oyo",16 Apr 2023,1
107086,Yuva,Hotel room authorities deney Oyo booking.,04 Apr 2023,1
107086,Avijit Maity,"this is the first hotel, where they don't clean everyday. the took extra money, saying the price is wrong, then no cleaning, they even gave us a used room first then moved to another room.",02 Mar 2023,1
107086,AnkitRaj,As I booked and paid directly from Oyo app. They asked for extra money before checkin since it was 3:30am and no other hotels nearby I’d to pay.,19 Feb 2023,1
107086,uday,Hotel management ask money extra for the customer.if you customer pay online amount that is not correct the hotel management.this type hotels is bad name came to the oyo. Oyo customer support is most helpful to me.please avoid to this type hotels sir,31 Jan 2023,1
107086,lakshya,The manager asked for 600 rs extra after I already made full advance payment. The room was untidy.,16 Jan 2023,1
107086,Bharat Singh,"Very very bad hotel charged 600 extra room was ok,
But bathroom pathetic same with bedsheets",12 Jan 2023,1
107086,Diptabrata Banerjee,"Bed is comfortable only.First the staff they r telling  more money  which we show in online booking  after going they told room is not available  on that we have to pay more.second electricity  went for long time.third mid night  there no water we ask to arrange  the water they r telling again we have to pay for drinking water we pay mid night, after giving  more money  to get the room for drink water also we have to pay means it&#39;s wrost lodge I ever show.",04 Jan 2023,1
107086,Subrat,They asking me extra money. Don’t go here. Worst hotel in the Bengaluru.,02 Jan 2023,1
107086,kiran,There is no point of booking stay with Oyo ... Staff charging more money than its showing app and they will say for that price we cannot give a room ... Kindly look into that....,28 Dec 2022,1
107086,Pankaj Mallik,They are asking extra 400 after i paid 900 to oyo,21 Dec 2022,1
107086,Rishabh Jain,"They have fixed price per day. But it was showing rs 400 per day. They asked me to pay remaining amount in cash. And there were no facilities provided in hotel, no water bottle, uncleaned towels, no iron nothing was provided.",20 Dec 2022,1
107086,uday,"Pls guys don't recommend Oyo and they will charge extra amount in hotel then u call to Oyo they will not respond quickly u want wait, services will poor",06 Dec 2022,1
107086,Nivetha K,Nothing.The bed sheet and pillows are not clean i saw some stain on it,05 Dec 2022,1
107086,Dilip Kumar,"Charged extra money other than online mentioned price...no service,rooms were smelling very bad, never recommend this hotel.",04 Dec 2022,1
107086,satish waghmare,I used to book online and when I go there it says room is not available,21 Nov 2022,1
107086,Mani M,I don't like to stay here... Bcoz I'm booking in Oyo but this hotel reception than asking more money to stay here.. that's way I'm paying Rs600 extra money on reception... Plz oyo fix this problems on... Oyo hotels,20 Nov 2022,1
107086,K SrinivasaRao,"Worst cleanliness, severe bad smell",16 Nov 2022,1
107086,Sreeraj Das,"It was worst stay we had..Nothing.We had to pay extra 600 rupees even after we paid the whole booking amount via booking.com. room was in worst condition, we reached at night 11. 30 and cleanliness and hygiene of the room was worst. We had to call and change the bedsheet. Bed was in poor condition.  They said complaint to Oyo if you want when asked about the extra amount. Since it was late night and I was with my family we had no option and paid the extra amount. Don&#39;t opt this hotel.",07 Nov 2022,1
107086,VAMSI KRISHNA,Don’t book this oyo,02 Nov 2022,1
107086,Farhan Ahmed,Oyo has no control on hotels .. i already booked hotel online and i went inside the hotel . they said u have to book again offline.,25 Oct 2022,1
107086,praveen kumar,"They denied to check in with Oyo payment, i have done payment through Oyo app , they restricted and demand extra money..",09 Oct 2022,1
107086,Arfath Pasha,After reaching the property he asked extra money nice way to fool customers,28 Sep 2022,1
107086,Santhosh,"i have done online payment but the hotel people took 400 extra for check in.
I need my money back please",24 Sep 2022,1
107086,Sindhu,"Changed extra 2000 and quite roud. 
It wasn't expected from oyo. 
Prefer not to go. 
Before paying extra money take support from customer care",19 Sep 2022,1
107086,Sathwik J,I booked an AC room but I was offered Non AC room.,01 Sep 2022,1
107086,Ranjith Prabhu,Not great.No restaurant in the hotel. The service not great and you will have to search for everything. The hotel number is not reachable,30 Aug 2022,1
107086,917009851021,"Took ₹ 550 Extra,Refused for Check in on OYO price, Also denied for AC remote",28 Aug 2022,1
107086,Prashanth G,They are charging double room rent,14 Aug 2022,1
107086,Kudumu Purusottam,"very poor,after reached they asked 500 extra,money,not good",12 Aug 2022,1
107086,Ankita Singh,"No cleaning, on calling no budy comes, gave room without changing the bed sheet. Don't accept oyo boking on oyo charged payment. Charged extra 18% Gst God knows on what basis..",11 Aug 2022,1
107086,Vasantharuban,"I booked room for Rs.1100, but hotel didn’t allow me and they asked me to pay Rs. 2400. I ended up paying as I couldn’t find any other at the last moment.   Also the bed is horrible.. they had some bugs.. had a painful night and I requested for change in bed.. but they don’t have an alternative. Overall horrible experience.",10 Aug 2022,1
107086,Narendra,"Charged 250 extra.
They didn't accept Oyo money payment",02 Aug 2022,1
107086,Tuna Sahu,As I m booking for 3night Oyo show me only not given my refund charges of 1505,01 Aug 2022,1
107086,Shakib,"Plz don't  book because online show room charge 552, but hotel person tell extra give 450 then I will give the room because oyo app is wrong amount show that's not fare , I will pay extra 450 plz first confirm then book the hotel , same problem is other person also .",27 Jul 2022,1
107086,Boya ShivaKumar,Waste of money check in they will ask extra money,26 Jul 2022,1
107086,KIRAN KUMAR,Pathetic check in experience and worst room service and money minded people,23 Jul 2022,1
107086,Pradeep Gowda,Oyo reception is take extra money 1000 is werry,22 Jul 2022,1
107086,Mohit,Maintenance is ver poor . Washrooms are stinky . Bedsheets are unwashed and was denied to get a new once with an excuse that they are under washing,21 Jul 2022,1
107086,Basavchetan,"Extra money asked when checked in.
And also not worth the stay.",20 Jul 2022,1
107086,Bala S,"WorstNo parking, no water bottle in the room, no floor mat, not clean, Tv remote not working, switches were broken, ...Not clean at all",17 Jul 2022,1
107086,rohith,Oyo tariffs doesn’t applies to this Hotel & They will decline check-in if you don’t pay extra 2x amount other than oyo amount which we pay online & exclusive Ac charges.And don’t understand then why they keep low tariff in oyo and demands to pay huge amount while checkin.Horrible experience.Even Oyo guys haven’t handled this smoothly & suggested to book another oyo👎I can conclude oyo decreasing their standards and better to choose alternative,15 Jul 2022,1
107086,Rahul,"This hotel is fake. I booked hotel for 549 with all amenities like ac and others but when we arrived they denied booking and asked 999. I tried to call oyo but they were not able to help. finally I agreed to pay 999 , service was really bad, no towels, no ac, for ac they were asking 500 rs extra, no cleaning, bedsheets and blanket were dirty, they told they will change but they did not. don't book this hotel, I will suggest don't book any hotel from oyo. if u face any service issue oyo won't help.",15 Jul 2022,1
107086,Sri Vishnu,They were asking for more money priced at rs 999 for non AC room and cheating by keeping as 500,15 Jul 2022,1
107086,Kiran,when I booked it was showing between 750 but when I taken the room they charged 1384 when I asked about that they told owner charge so I am not satisfied .,14 Jul 2022,1
107086,Indranil Sengupta,I was charged more than what was displayed in the app at the time of booking.,13 Jul 2022,1
107086,Ajay Kumar,That Oyo man asking extra amount for the room,11 Jul 2022,1
107086,Rajneesh,charged extra during checkin,11 Jul 2022,1
107086,krishnaprasador,you will regret the booking. don't go there,11 Jul 2022,1
107086,Shubham Pawar,I didn't checked still the hotel manager done it by forcefully by his side. very worst... asked me for more 2000 rs,10 Jul 2022,1
107086,SAAYAM,They denied me checkin stating it’s not under OYO charged me extra 1000/- . The owner abused me using bad words. And oyo customer support was very rude they didn’t even entertain,10 Jul 2022,1
107086,prudvi,It is not exact amount what it's showing in app. They are asking extra money when you are check-in and if you want AC they will ask more money even if you book ac room.,09 Jul 2022,1
107086,SagarDudhankar,Worst Experience,08 Jul 2022,1
107086,Amaresh,i was not allowed to stay there as the owner said i shouldn't have paid online and if needed to stay should pay again same amount. please refund my money back,26 Jun 2022,1
107086,Rahul K Surya,Taken extra fees I already paid 550 Oyo offer he is not returning money and asking for 750 per day plus 550 Oyo booking. worst behaviour i will not recommended this vittala comfort it is a fraud couples be aware,25 Jun 2022,1
107086,Subham Panigrahi,Manager charge extra amount at the time of check-in. If they can't give at oyo price then why the take booking .,20 Jun 2022,1
107086,Vijaya,i have paid extra in the hotel,19 Jun 2022,1
107086,Vijaya,"my check in was denied, i paid extra amount to the hotel",15 Jun 2022,1
107086,Naveen Sai,worst,01 Jun 2022,1
