hotel_id,user_name,review_text,date,title
107165,Jagdish,Excellent,18 Apr 2023,5
107165,ugesh,Everything was good and best 💯,09 Apr 2023,5
107165,Prathap,Good maintanence good staf,24 Dec 2022,5
107165,Vijesh,Nice,24 Nov 2022,5
107165,Irfan,"Everything is perfect, best room to stay nearby office.",21 Nov 2022,5
107165,Nalin,Good,20 Nov 2022,5
107165,Kruthik J,Nice,19 Nov 2022,5
107165,hemanth,Nice,19 Nov 2022,5
107165,P Rajendra,Nice,18 Nov 2022,5
107165,DHANUSH KUMAR,Nice,16 Nov 2022,5
107165,Roma Khan,Excellent,16 Nov 2022,5
107165,Suresh,Nice,15 Nov 2022,5
107165,Mr Rio,Very good stay,14 Nov 2022,5
107165,zabi khan,Hotel room is very good to live for long time,14 Nov 2022,5
107165,Jude Bronkhurst,Nice,14 Nov 2022,5
107165,Mrinmoy saha,Nice experience,11 Nov 2022,5
107165,Balaji,Nice staff nice romms,09 Nov 2022,5
107165,Suguresh Sirnoor,Very nice place,08 Nov 2022,5
107165,APBGuest,Nice stay nice location,08 Nov 2022,5
107165,Aashiq Tera,Nice stay,06 Nov 2022,5
107165,Prajwal Kumar,Superb service,17 Sep 2022,5
107165,Rakesh Tm,good,02 Jun 2022,5
107165,Saalim,"I stayed one night, they delayed for check in, they said they give room in five minutes, me and my brother waited for half an hour for check in, problem in door lock, morning no hot water coming for bath.

Beside this the room was comfort, nice bed, nice ac, nice towel.

Overall 3.5*",31 Dec 2022,4
107165,Kishorkumar,Room is good but property owner collected extra 500 rupees from me.,29 Dec 2022,4
107165,Shams Kha,"Manager at hotel denied check in, he said that i have to pay him 1000 Rs to book a room and that he does not agree with Oyo pricing, because i did not agree to pay him 1000 extra, he gave my booked room to some couple. Cheater",07 Apr 2023,1
107165,ARJUN ARADHYA,Demanded extra Monday had to pay 500 extra..this is the seocnd time happening like this,15 Jan 2023,1
107165,Arun H M,"Fake oyo  ,,,, oyo preferred rate was not working there,, they ask 2000rs ,, I booked only 950rs in oyo,, why this oyo,, please close your oyo functions",01 Jan 2023,1
107165,Niranjan,Scammed extra money last minute,21 Nov 2022,1
107165,Sreejosh V,Bad experience.,18 Nov 2022,1
107165,Akshay Dsouza,"I have booked the room as per OYO but, the property has charged me double the amount & has denied my check in which was done by OYO site. I have requested my refund but still I dint get any refund by the OYO too. Worst experience ever.",06 Nov 2022,1
107165,Naveen Kumar,"Very bad experience and not good stayToilet is not cleaned , smelly room and it looked like not sanitised room . I didn&#39;t get the room which is displayed in the website , room was too small and chair in the room was broken . I had to wait till late afternoon to get hot water to take bath . Housekeeping service is very bad , no value for money . one more thing I would like to highlight that the total cost of room was Rs.540 when I had booked the room through booking.com but I had to pay Rs.200 more at hotel to get the room confirmation so the cost is not the same when you reach hotel . I had to pay Rs.240 more to get the room which was not worth for money .Uncleaned room and not sanitised room . Door swipe card didn&#39;t work had to depend on facilities guy to open the room door . Toilet is smelly and not cleaned . Chair was broken , all these things make me unhappy and not recommend to anyone .",21 Sep 2022,1
107165,Vinuth Gp,Charged 4000 extra and I’m not getting any support from Oyo,31 May 2022,1
