hotel_id,user_name,review_text,date,title
107359,Abdul Hakkim Shah,"Really nice experience for me, good atmosphere, caring people, restaurants are near by, this is a place for relaxation",17 Nov 2022,5
107359,ARUNKUMAR V,good,15 Jul 2022,5
107359,Rajesh Kumar,Its really good we can fine best place to stay any where by this oyo app,12 Jul 2022,5
107359,Tabrez pasha,Very nice room and staf. Good room thank u,09 Dec 2022,4
107359,Raj kumar,Overall good experience. And all faculty are very good response and cleaning is superb,20 Nov 2022,4
107359,Amit,Clan and good service,12 Sep 2022,4
107359,Iliyas S.m,I stayed at the hotel and my stay was amazing. The staff was very polite and the location was easy to find and the room was clean. My only complaint is that there was no complimentary breakfast offered but since it wasn't a big deal I still give the hotel a thumbs up.,04 Sep 2022,4
107359,vikramjit Singh,"Hotel was good in location, cleanliness and everything, do not know why they asked me to pay 200 extra.",26 Aug 2022,4
107359,Josh Thomas,Room service 👎👎👎,07 Oct 2022,3
107359,Enashree Kundu,"Charged more than we paid through app. Kindly look into it. If we have to pay more, then why oyo discounts??",14 Aug 2022,3
107359,Kumar,Good,09 Jul 2022,3
107359,kishorsam Paradarami,Not oyo,11 Jan 2023,2
107359,Laveena,No hygiene,10 Dec 2022,2
107359,Siva Prakash,"Didn’t let to checkin as the amount I paid on Oyo app doesn’t fit their property requirement and they asked to pay additional amount which was almost same as the amount I paid on Oyo, literally gonna be charged double the amount I booked for. Customer support refunded the amount",19 Nov 2022,2
107359,Vijay Pradeepkumar,Cancelled last minute,18 Sep 2022,2
107359,Mahesh,Room is not cleaned and no proper AC.Please eliminate this hotel.I can say that,17 Sep 2022,2
107359,Nenavath Krishna,please i request all do not enter such type of booking sites. you ll b looser ...First of all they denied me staying there even though i have pre booked room. I called customer care also not solved my problem not even refunded my amount.nothing,12 Jan 2023,1
107359,sanjay,They charge more than showed In app,04 Dec 2022,1
107359,Amit Roushan,I didn’t get checking manager refuse to give room,18 Nov 2022,1
107359,tabrez,They charged me extra 300 Rs and property is not good and not safe for couple,24 Oct 2022,1
107359,Vimal,I wasn’t checked in at the hotel I want my refund,06 Oct 2022,1
107359,Abhishek,It is very bad hotel don't book this,17 Sep 2022,1
107359,Shauryam Jugran,They charged me ₹1500 instead of ₹1200 as shown in app,14 Sep 2022,1
107359,veena,Did not even  check in at the. Place yet. They marked us check in and lost our money,22 Aug 2022,1
107359,Prateek Seth,"Was given room number 001 instead of 101.
Its toilet was outside and room was very poor and shady.",07 Jul 2022,1
107359,Anushka Sen,they charged us extra when we went there,30 Jun 2022,1
107359,Shubham Kotian,I was not allowed to stay it self,26 Jun 2022,1
