hotel_id,user_name,review_text,date,title
107471,Noushad,Beautiful stay,23 Apr 2023,5
107471,Amiya Bagdi,"The hotel rooms were good , staffs are so humble , all the facilities were available like tv, AC , fan , and the rooms were cleaned as well and we'll organised, all though everything is good and room prices are differ from the OYO app.",20 Mar 2023,5
107471,Dogra,Good !,01 Mar 2023,5
107471,Prasanth Nair,Its good and hygienic /.,21 Feb 2023,5
107471,debasish mahapatra,Gud,22 Oct 2022,5
107471,Mohammed Usman,good,04 Jul 2022,5
107471,Aditya Thapa,good,01 Jul 2022,5
107471,Tanuj Gurung,good,01 Jul 2022,5
107471,Divya Reddy,nice,30 Jun 2022,5
107471,Bles Thomas,super,04 Jun 2022,5
107471,nabeel ali,good service,03 Jun 2022,5
107471,saquib,Well i had a very bad stay as the property representative didnt interacted very well and the property was not much clean.,24 Feb 2023,4
107471,Manoj,Was good,09 Nov 2022,4
107471,Viku,Nice,19 Jul 2022,4
107471,sayan sayan,bad,04 Jun 2022,4
107471,Lovedeep Rana,They asked for extra money despite i had booking on make my trip,13 Apr 2023,3
107471,Manjunath ReddyDAREDDY,"Showing for money in the app 649 only ,,but their collected 800rs for staff,, but y it's very bad experience",14 Sep 2022,3
107471,Manohar Onteru,"In oyo app shows one price but hotel persons collect another price.

Not provide any water bottles
Not provide Shoups and sanitary products
Hotel staff Not Treat well",16 Feb 2023,2
107471,Niliesha,"I booked this room through Oyo and was surprised that we were getting this room for lesser price. When I called the hotel a day before checkin to confirm they said they will not allow checkin without paying extra that. I immediately called Oyo and reported the same. Three of thier employees asked me to wait and finally hung up on me. Finally one person replied and said he has sorted out the issue and i will have no issues while checking in. But next day when i was about to checkin the hotel people told me that I cannot check in without the extra amount and when i tried calling Oyo, they hung up on me again.
I had to pay the extra amount because I had no other choice.
Please enter the right amount of the hotel instead of creating this uncomfortable situation to the customers.
Worst customer service Oyo provides.
Will never book any hotel from here.
Very disappointed",31 Oct 2022,2
107471,Suresh Kumar,"Ac is there but no cooling, not clean",23 Apr 2023,1
107471,Keshav Natla,"No towel, no soap, walls were dirty… not good for family and couple stay…they will ask for charge of water bottle immediately when you asked for it… not at the checkout time and that’s very disgusting.",04 Apr 2023,1
107471,Bijoy Das,Not recommended at all as they charged us additional after booking. No proper service also,19 Feb 2023,1
107471,Elangovan,"Not worth 1000. One small room with no facilities available. TV, AC, WiFi boxes are there but it was not functional.",09 Feb 2023,1
107471,Anuj Mishra,"Staf is demanding more 2000 than the hotel rate while check in 
 also check out time they want extra charges even though we did check out before timing. Its very worst and dirty hotel I ever seen also they didn't even have a water bottle. Oyo service is very worst.",25 Dec 2022,1
107471,Arshad Basha,Very worst I paid 145RS in online after that Room people’s they said it is cancelled but I didn’t get my money back and my amount was 570 and I was charged 1000 for single room fake promises are made 1 rating from my side,05 Nov 2022,1
107471,Jitendra,Once visited  they said no rooms and if you want room then pay hole extra amount,31 Aug 2022,1
107471,Shaaz,Took extra amount,30 Aug 2022,1
107471,Abrar Hussain,No rooms there still u took money from us before entering place no response from costomer care very poor,21 Aug 2022,1
107471,Shubham Anand,Was denied room on the basis that there were no rooms available.,30 Jul 2022,1
107471,Sanad Rishi,TerribleThe staff where rude to us. Room was stinky. Ac wasnt working.They took extra money than it shows in the booking. When we tried to talk to the receptionist he started behaving rude,30 Jul 2022,1
107471,Prem,I already asked I didn't stay here I paid money for this stay and the hotel staff told me that rooms are full and they didn't updated my payment status in my oyo app still now no one had called or replied me for this issue please check it out and make the refund for my booking if u need I can send u screenshot of my payment too,29 Jul 2022,1
107471,Akshay Kumar,Didn’t let me enter into hotel as I booked through OYO app. I lost my money,24 Jul 2022,1
107471,Venu Gopal,"i didn't stay there but u have made payment before going there and then, hotel people told me no rooms available so i cancelled but still i didn't get any refund",12 Jul 2022,1
107471,Nemish Kanwar,Rooms.The owner has posted listing at a very low price on Oyo to attract visitors and asks for a very high price on visiting.nnFraud alert,12 Jul 2022,1
107471,Farhan,very poor management,10 Jul 2022,1
107471,Surjith K.k,I will reach there and they said there is no room I need refund immediately,09 Jul 2022,1
107471,Rehan Azhar,I have not checked in. Still I paid. I need my money back.,17 Jun 2022,1
107471,Shubham Kumar,I am wrongly checked out by the hotel....I din't even checked in.....I want all my money back,08 Jun 2022,1
107471,Ramprasad,customer support is very bad.,05 Jun 2022,1
107471,Sheethal,Paid extra from booked price,03 Jun 2022,1
