hotel_id,user_name,review_text,date,title
108058,Vishwas.K.a,Nice,18 Dec 2022,5
108058,Ramu,very good staff..  very talented persons is there..  and good services good rooms good TV AC all over stay with happy,14 Dec 2022,5
108058,syed Furqan,Good,24 Aug 2022,5
108058,Deepak R,Fine,07 Aug 2022,5
108058,shamil shamil,Good,02 Aug 2022,5
108058,Sachin HC,very good,08 Jul 2022,5
108058,Atif,Best service received my the hotel and the staff thank you so much for the wonderful experience at anjani fortunes suits kudoos team,24 Jun 2022,5
108058,Shahad,Good,01 Jun 2022,5
108058,Srinidhi sk,Took additional 900,19 Dec 2022,4
108058,Shonali Mukherjee,Rooms were good and stay was comfortable. But don't trust on the rate of oyo as they charge extra money in the hotels. Location is good.,08 Dec 2022,4
108058,Harshit Soni,They didn't provide drinking water and denied check in worst experience through oyo ever and also took extra charges,15 Mar 2023,3
108058,Ajith Kumar,Asked for extra money,18 Dec 2022,3
108058,Salman Aziz,"When it shows some discounted amount on the Oyo app, then that should be the final price why do I have to pay 500 more after reaching the like additionally to them. It's really disgusting you should give proper price's.",09 Apr 2023,1
108058,Kumar vishal,Asked me for extra money...which I paid,05 Jan 2023,1
108058,Sree,"They charged extra 500, it is double the price",23 Nov 2022,1
108058,EDU FASHION,"He took extra 200 rs even after I paid the fare amount on Oyo app.
Hey Oyo team.......
I totally disappointed..",11 Nov 2022,1
108058,Sachin,"Unhygiene room
Torn bedsheets 
Very bad",08 Nov 2022,1
108058,Ramesh Kumar,he took 1000 rupees instead of  rupees 600 worst service. seems to be fake Oyo not to opt.,13 Aug 2022,1
108058,Vinoth kumar,"Very worst experience in this hotel paid on extra amount on rooms, booking changes 574+500 Rs extra paid",10 Aug 2022,1
108058,JOHN RAKESH,"They are fraud, demanding more money while checking in, and not giving keys if we don't.
Even after booking is confirmed and made payment did not get refund. They are fraud",06 Aug 2022,1
108058,Sai Tejaswi,Asked extra 1000 rs once after arriving. Since we have no other option and there is no other hotel nearby we had to pay extra 1000 rs. This is worst experience on my first OYO booking.,31 Jul 2022,1
108058,Mayank Bajaj,"I was denied check in and the money just went, I stayed over at another hotel because they said they do not accept OYO customers.",12 Jun 2022,1
108058,Manjunayh,"Not good  your oyo app and fraud 










 






 company",09 Jun 2022,1
108058,Naveen,they refused to give the room and told to cancel,07 Jun 2022,1
108058,Yeshwanth,charged me more than my booking amount,04 Jun 2022,1
108058,girish ,Worst charged me extra,03 Jun 2022,1
