hotel_id,user_name,review_text,date,title
108286,Debidutta Nandi,none,18 May 2023,5
108286,Debidutta Nandi,Decent stay with regular housekeeping!,25 Apr 2023,5
108286,Nanda,Nice,22 Apr 2023,5
108286,CHANDAN,none,15 Apr 2023,5
108286,RAJASEKHAR,Good place,11 Apr 2023,5
108286,Dimple,Amazing experience. Will go back definitely. On time service. Cooperative staff. Might have to work on the cleanliness.,11 Apr 2023,5
108286,Mohammed Minhaj,Service and hospitality,02 Apr 2023,5
108286,Sajjad Ali,"Hotel room was okay, but AC and television was not working. I informed this issue to th receptionist but they haven't helped me to fix the issue",19 Mar 2023,5
108286,Kishan Singh,No disturbance. Good place to visit,15 Mar 2023,5
108286,Natesh,The stay was great . All the amenities were near the stay . The staff was really good . Cleanliness is top notch !,10 Feb 2023,5
108286,Keren Jacob,"The room was spacious and clean, the bathroom was well maintained. All over loved the stay. I definitely recommend",29 Jan 2023,5
108286,pavan kumar,Best rooms staff are good,21 Jan 2023,5
108286,Gideon Sujit,Great place clean sheets and pillows. Spacious rooms and good clean bathrooms as well,20 Jan 2023,5
108286,Sam Christy,"It was a really good experience, the room was good
And the workers and co worker are also good 
Really good",10 Jan 2023,5
108286,Megha Pattnaik,Good,02 Jan 2023,5
108286,Jorfin P,so this is it .. i booked for my brother and his wife. after booking confirmation i got tensed bcs some hotel are not allowing kind of payments offer and different guest.no issue here like that also good rooms and manners . recommending for family,24 Dec 2022,5
108286,P Anil,Nice hospitality,19 Dec 2022,5
108286,Nehal,Good hotel easy check in and excellent room condition and very clean and tidy room and all the other things works properly,13 Dec 2022,5
108286,Ashok chandra,"We loved the hotel, it's location, service and the quality.. everything about it. Go for it
Thank you",10 Dec 2022,5
108286,Jaikumar T,This hotel service very good and all specilty avalible i am so very happy next i am staying this hotel,03 Dec 2022,5
108286,Nehal,Good hotel nice staff nice room and it was clean all services was provided properly ac was working properly and the staff was decent,02 Dec 2022,5
108286,Suraj Kurdrkar,Hotel is as its name.. Amazing,02 Dec 2022,5
108286,Muthkrishnan Ramasamy,Good nice and Awesome,02 Dec 2022,5
108286,rajkumar,Good,22 Nov 2022,5
108286,Sachin,It was nice stay,20 Nov 2022,5
108286,Aditya raj,"It is a budget Hotel with perfect location . Forum Mall, is walking distance just across the Main Hosur road. Caretakers are no fuss sweet fellows. Rooms are neat spacious and nicely done. Christ Main Campus is also a kilometer away. Next to the hotel is a newly started Cafe Moon which is damn economical for breakfast , lunch and dinner . The best place to stay ,specially if you are coming to visit your children studying in Christ.",04 Nov 2022,5
108286,Pavan,It’s soo clean nd good I really enjoyed staying there,02 Nov 2022,5
108286,Nehal,Good,30 Oct 2022,5
108286,Ronald,"stayed in a hotel room last weekend and it was really lovely! The room was spacious and clean, and the bed was really comfortable. The view from the room was great, and the staff were friendly and helpful. I would definitely stay there again.",17 Oct 2022,5
108286,Ashish,I like d way she solved my problem,17 Oct 2022,5
108286,Anand krishan,"Well furnished rooms..with Ac at reasona le price.
Staffs are ecofriendly...and well mannerd",06 Oct 2022,5
108286,Hunny Shukla,"We had a pleasant stay in this property an would love to suggest for the all the traveller's to stay in this property, i m sure that you are going to love it.",04 Oct 2022,5
108286,Anoop Pisharodi,It was ok,30 Sep 2022,5
108286,Nanda,Excellent,26 Sep 2022,5
108286,Anoop Pisharodi,Nice room,22 Sep 2022,5
108286,saniya,"Room cleaness is well maintained, and area is also very nice",19 Sep 2022,5
108286,ThoranReddy,Nice,17 Aug 2022,5
108286,Niranjan,Good,14 Aug 2022,5
108286,Sonar Laxmi,The room was clean.,11 Jul 2022,5
108286,Lakshmikanta,"good

good",20 Jun 2022,5
108286,Karthick V,Good to stay,18 Apr 2023,4
108286,Muthu,Good,20 Feb 2023,4
108286,Sanaulla,"Rooms are good but AC not working in my room 
And shower is bed",06 Feb 2023,4
108286,Kiran,Heter is not working mack sur that wan u goo for both,05 Feb 2023,4
108286,Sardaar Govi,"Good staff, price was also affordable but sanitation was not that good, they should provide fresh towels and also clean the bathroom and washroom. good thing is they will provide great privacy and securtiy",17 Jan 2023,4
108286,Rashad,"Great location, really pleasant and clean rooms, but the thing that makes this such a good place to stay are the staff.The hotel is located on a very prime location. The hotel staff and management is awesome. Here room and bathroom are is very good condition and is too clean.Really lovely place for a few days to explore this amazing city. Staff was extremely friendly and helpful. They helped me with everything and were so kind.",15 Jan 2023,4
108286,Rajsekhar,Nice to stay & rooms are very neat staff also very friendly near to mall all facilities available iam staying 2 days with my family,01 Jan 2023,4
108286,Hariharan,Rooms were near.... We Booked two rooms But we received one room on next day due to maintenance work.,25 Dec 2022,4
108286,Mohammed Marwan,"The room was clean, cozy and comfortable.",22 Dec 2022,4
108286,Hari Shanker,It was really a sophisticated room.,17 Nov 2022,4
108286,Rohan Singha,Room is well maintained and sanitized. I the room i was staying in was having issue with fan regulator and AC Remote which was already set to highest speed and blanket cover needs to be changed. Washroom cupboard couch rest everything were well good enough.,04 Nov 2022,4
108286,Ragu,Need to improve bathroom and housekeeping,02 Nov 2022,4
108286,Avinash Venugopal,"[object Object] nice hotel with good location and everything.
Everything is at walkable distance and easy .",26 Oct 2022,4
108286,Shafeek P,Room was good and clean,01 Oct 2022,4
108286,Gopi Navile,It's comfortable expect a problem with water,27 Sep 2022,4
108286,Sachin Kothari,Room and toilet was clean ..Properly furnished..  No telephone in room,17 Aug 2022,4
108286,RAGHUNANDAN RAJU,No good ventilation,22 Jul 2022,4
108286,Badusha,Good,08 Apr 2023,3
108286,Deepak raz,Room maintenance is not good,05 Apr 2023,3
108286,Nizam,Tesggdhebsvsg s     And I know who is this time and it was so trtttt Ok I will tell her how to get a pic and then,19 Mar 2023,3
108286,Sourabh Rk,No maintenance with Bathroom. Bathroom door lock was broken. Was not able to get even a half an hour early check-in.,19 Feb 2023,3
108286,Saket,It was nice ....they were really helping ..and it is near to nexus malll,14 Dec 2022,3
108286,NikkiRaj,Place was little bit cunjusted,14 Nov 2022,3
108286,Sreeraj,"+ spacious room
+ kettle available
+ Best location

- no room cleaning every day, only during check-in and check-out
- average cleanliness",26 Oct 2022,3
108286,Sreeraj,"+ Spacious
+ Good location.

- Poorly managed rooms.
- Washroom fitting are having damage in few rooms",25 Oct 2022,3
108286,Sreeraj,"The room just average.

+ Spacious room.
+ Kettle available.
+ All facilities are available nearby.

- Not maintained properly.
- Hotel reception isn't reachable via phone numbers given in Google, oYo.
- Average cleanliness.
- Washbasin waste pipes are broken and shower heads are badly clogged in some rooms.",23 Oct 2022,3
108286,Dharani Reddy,Tv is not working,08 Sep 2022,3
108286,Rohan Gaur,"No food available , cleanliness was average.",16 Aug 2022,3
108286,partha sarathy,"Support from staff was good.Need to provide mat outside washroom .. keep towel and soap,small paste ready for customer. Not cost more than 30 rupees",10 Jul 2022,3
108286,Pradipti Singh,TV didn't work even after complaining several times,06 Jun 2022,3
108286,Rajesh Singh,I never stay this hotel and I sujjest Oyo team we are know Oyo so pls Oyo team please take care of your customer,07 Apr 2023,2
108286,Jackson Miranda,"Room was bad, no iron. No kitchen !",04 Apr 2023,2
108286,Cathy Charles,Room was small and not so neat! I got 3rd floor room.. bathroom was bad! It was like I stayed in a old place. No in-house restaurant,13 Mar 2023,2
108286,Prem,"Room was smelling, no amenities provided, Tv won't work, AC doesn't work",19 Dec 2022,2
108286,Mohamed Asif,We have informed 3 times still they didn't recharge TV and the shower handle was broken.,31 Oct 2022,2
108286,Rakshith MP,"The TV wasn't working. They didn't even provide soap, shampoo. My experience was pathetic",18 Aug 2022,2
108286,Richa Bhatnagar,Amazing inn location is good but there were insects cockroaches in the room and no complemwntary breakfast.,18 Aug 2022,2
108286,Siddhant,The room picture was nice but the room from inside has bare minimum ammneties .,05 Aug 2022,2
108286,Adharsh RK,I booked it and they took us to some other place to to stay which was local,07 Jun 2022,2
108286,Prasad,"Only good thing about this hotel is it's location. Everything else is below the standards. The pics shown on OYO are very old and rooms are in very bad condition. For OYO bookings, they allocate small tiny rooms (not as shown in pics). Room was not clean, linen was not changed, used towels, bathroom fittings have come out, shower did not work and despite of multiple requests the staff did not recharge the TV. Staff is not at all courteous and ignores all your requests. Not at all recommended for families",19 Apr 2023,1
108286,Sushantschapali,"No Wi-Fi , No TV , No AC even thought everything was mentioned in amenities section while booking .. They don’t even have power back up. Washrooms not clean n never believe the photos which they have put up for display in app , nothing relates here  to the one in photos.",01 Apr 2023,1
108286,Maneesha,It is not the same as shown in pictures,26 Mar 2023,1
108286,Pavan Kulk,Very poor clean and also small room,18 Mar 2023,1
108286,Naresh Sreevatsan,"The worst hotel I have stayed in....AC don't work,the rooms dirty and disgusting, no water to shower or brush in the morning",17 Feb 2023,1
108286,Noorudin Kothia,Pathetic place inspite of confirmed booking didn't allow Checkin and asked for more money,13 Feb 2023,1
108286,Pragyan Uzir,We were denied to enter my booked room,06 Feb 2023,1
108286,Joseph KS,"We booked from 26/1/23 to 28/1/23 for 2 nights and paid. informed the hotel that we will arrive late on 27 early morning. But when we arrived hotel manager said that rooms are full and no vaccancy and provided with another hotel.there room was very poor hygiene full of cockroaches every where so many naphthalene balls.
very poor .",28 Jan 2023,1
108286,Rousseau,Location was good. But water facility was totally bad.,23 Jan 2023,1
108286,Guest,The Hotel is Good but They are Not Accepting Oyo Booking asking For Extra Money While Check-in,24 Dec 2022,1
108286,gokulakrishnan,"Room is not good & unhygienic room lot of cockroach are rooming it's will create health issues & room service is also worst they are not behaving kindly washing room was not cleaning, tv is also not recharged we informed many times but they are not at all considering the concern",15 Dec 2022,1
108286,Vaishak,"No AC, No breakfast, lift not working, no Tv connection, not clean",08 Dec 2022,1
108286,Tushar Vishal,"Lift was not working, there was tv but no recharge 
Property owner says it's wrong no
Front desk doesn't pick the call
Went and requested 2 time they say it will be done 
But no luck till full stay
It was pathetic",07 Dec 2022,1
108286,Mohammed Salman,Hotel was not clean . No proper service,28 Nov 2022,1
108286,rony jacob,"Not cleaned properly, hygiene is poor",08 Nov 2022,1
108286,Razikh PK,Very bad,25 Oct 2022,1
108286,Pratik Nawale,"Very poor experience while check-in
They will ask extra money with useless reasons.
and oyo customer also not able to solve issue with this Hotel",15 Oct 2022,1
108286,Shivang Dubey,I was told to pay extra amount before checking in even after full payment online,12 Oct 2022,1
108286,venkatesan k,"It was unpleasant experience.
1. On time check in not allowed i was waiting 25 minutes.
2. I booked this hotel and I paid for this hotel but they told me to go nearest hotel wich cost was less then this hotel and not expected fecility.
3. Tiffen was not provide on time 2 time i went and asked given tiffin at 10.30 am. 
4. In sufficient drinking water fecility. At night no water.
5. Don't book tiffin in hotel they are not proving properly. 
6. Worst experience.
7. Feeling annoying. ect.....",07 Oct 2022,1
108286,Swarnalata Das,They didn't not give me the room ....they sad room is not available i after paying also it's happen it's very bad service i want my refund,30 Sep 2022,1
108286,Deepanshu,"There were cockroaches in the washroom. 
Switch board was broken.
Poor hygiene.",24 Sep 2022,1
108286,Fenjas,"Their bed is really bad, i booked for 4 nights, and now it feels like a terrible situation",13 Sep 2022,1
108286,Dhayananth,"Booked room in Amazing Inn. Property owner gave room in Diamond Inn (worst stay, unclean, bad experience)",10 Sep 2022,1
108286,SandilyaVadlaputy,The property manager unofficially booked all rooms for customers in offline mode and transfered us to shift to another hotel of his contact. The other hotel we stayed was very bad and no complimentary breakfast was provided as we paid for it. This is very big disappointment for oyo .,06 Sep 2022,1
108286,Subhadip Saha,"Location.Oyo charged me for bfast, but the hotel did not have bfastn  Moreove in the online booking received by the hotel bfast was not showing.  Please refund the bfast akount",25 Jul 2022,1
108286,Sunil Kumar,never ever book this hotel as they will say you all rooms booked and will charge double money if you request them the room,16 Jul 2022,1
108286,Kiran,He shifted us to a local place we booked a different place he gave us different place,10 Jul 2022,1
108286,Afroz Pasha,Worst service in my history of Oyo when I visit to check in they saw my charge was less so they said hotel is full and we will send you to our another property and when I said I don't wanna go they said will change 1300 and ur Oyo price is 996 which less for our hotel so if okay we will provide you and they took extra charge and rude behaviour Oyo need to take a action,08 Jul 2022,1
108286,Kunal,They denied to give me actual hotel room as they mentioned it is full. they provided me another hotel which was pathetic…. i will never try Oyo now onwards,02 Jul 2022,1
108286,Harshith m,hotel denied check in and demanded more money,28 Jun 2022,1
108286,Megha Pattnaik,I was charged more from hotel,28 Jun 2022,1
108286,AKASH KUMAR,they shifted us to different location,04 Jun 2022,1
108286,Mohammed Naufeel,i don't want to give 1 star. pathetic roomm,02 Jun 2022,1
