hotel_id,user_name,review_text,date,title
108453,Lokesh,none,10 May 2023,5
108453,GauravKumar,All good,10 Apr 2023,5
108453,KORI SHIVAKUMAR,"The room was very clean and neat.
Staff also nice to interact.     Excellent place to stay.
Beside hotel is also there to eat..
Satisfied 👌👌😊",05 Apr 2023,5
108453,Nazar,Nice place,30 Mar 2023,5
108453,Zahed Khan,It's was very good staf was very polite good behaviour liked it very much,21 Jan 2023,5
108453,Manikandan Prathaap,"Good stay , responsive front desk , helped",26 Dec 2022,5
108453,Yuvraj,Good one,17 Nov 2022,5
108453,MAHESH,Nice,13 Oct 2022,5
108453,Nikitha,"Nice room , but the price is not updated . Room was clean",10 Sep 2022,5
108453,Zuhaib Shariff,Good hotel,08 Sep 2022,5
108453,heir seth,Was really happy with the place and service,02 Sep 2022,5
108453,Kevin Alfred,Good,15 Aug 2022,5
108453,Jagadish challa,"Nice to say,",07 Aug 2022,5
108453,Karan,Very Good Amenities and Room,27 Jul 2022,5
108453,Sushmita,"Amazing stay, no one bothered",23 Jul 2022,5
108453,Santoshi,Room is excellent,21 Jul 2022,5
108453,T.Venkateswara Rao,good excellent,30 Jun 2022,5
108453,Anagha,The person on the front desk didn’t agree to give us the room for the price showed on the app but once I said I’llbe calling the oyo customer care the manager agreed and allowed us,13 Mar 2023,4
108453,Anil,Room is spacious. Location is good.,19 Dec 2022,4
108453,Sunny Paul,Spacious room,27 Nov 2022,4
108453,Ayushi Bhargava,room key was not provided.,05 Jun 2022,4
108453,Shalini Pakalpati,Rooms no cleaned taps leaking rnPillows covers  torn bad,26 Feb 2023,3
108453,Rahul,Receptionist attitude was not good... Making to wait for the room... Hot water was not at all hot... In Bangalore climate we can't fresh up with that normal water... Don't take the rooms.... Better rooms are available near by....,09 Jan 2023,3
108453,Akhil Suresh,Good,18 Oct 2022,3
108453,Mukul,Hotel location was good and room was spacious but the staff was not up to the task.,16 Oct 2022,3
108453,Karthik S,Not so good,11 Sep 2022,3
108453,Sunil,Sorry really bad experience,03 Sep 2022,3
108453,Vinod MGunasekaran,Had to pay extra 700 rs + room was smelling of smoke OYO town house standards were not there. Not even a toilet roll was placed.,14 Aug 2022,3
108453,Nehal Singh,The rooms are fine.,21 Jul 2022,3
108453,Naresh,AC They have stopped immediately,03 Jun 2022,3
108453,micheal jackson,"The manager charged extra.stating the they are not part of oyo. And oyo is not removing their listing ! 

Rooms were average !",17 Apr 2023,2
108453,Abhi,Place was not so clean.,24 Oct 2022,2
108453,Basha,"In Oyo app it was showing to pay 1200, but when we check in, they asked to pay 1800",14 Aug 2022,2
108453,Rinsab,"It was a horrible experience. We didn't get anything like breakfast (complementary),no parking facilities,no extra bed and not even the key of one room they told it was missing and we three rooms and and both room's ac wasn't working condition. The wasn't clean at all and the bathrooms was horrible .rooms was full of dust and hair .",08 Aug 2022,2
108453,Akshith,The place wasn't clean towels weren't washed bed was dirty and no hot water provided washroom is dirty TV is not working so it was worst experience,28 Jul 2022,2
108453,Merlin,we have to pay an extra 850 rupees even tho we had already paid for the room online,03 Jun 2022,2
108453,Sri,"O
They are asking more money when chekin time.. this is not fair
.  And customer sert worst...",07 Apr 2023,1
108453,SAIRAM,Very wasteful stay,17 Mar 2023,1
108453,Inbaraj,I didn't booked this hotel. How is it showing like i booked and stayed in hotel. And amount also paid through cash. Can you show my proof of stay in your hotel. Show that ID card proof.,09 Mar 2023,1
108453,Shaun,Room was unclean also I find bed bugs and  no hot water provided,04 Mar 2023,1
108453,Arun,"They don’t accept, if your app shows lower price.
I used Agoda app to book the hotel, after all the discounts it showed 1008 rupees, when I had to pay at the hotel, they denied the payment saying payment provided by the app is not accepted, since they charge more.
I did check multiple times in front of the hotel manager, it still showed the same price as 1008.00 rupees.
Made me wait for 1 hour at midnight 1 am.",31 Jan 2023,1
108453,Diya Diya,terriblenothing.the man at the front desk asked for more money and was very rude what’s the point of the booking if I have to pay more,08 Jan 2023,1
108453,Abhishek,"Horrible experiences. 

No proper services, 
bed spread was torned and smelly,
 got charged twice as I made payment it was successfully done but hotel team told that they didn't recieved payment. Next day morning they told again that payment not recieved so I paid. Spoke to my bank they told payment successfully got transferred to concern hotel UPI.

After checkout I've to call hotel to mark checkin as after double payment they didn't showed my checkin.",29 Dec 2022,1
108453,Gerald Jerri,Check in was not allowed asked for more money,03 Dec 2022,1
108453,Rakesh K,"Worst experienceNA.Reception, service, bathroom, Ac sound inside room, parking is mentioned but there’s no parking.",20 Nov 2022,1
108453,Rohan Mascarenhas,"He denied booking, asked to pay 60 rupees more than tarrif",17 Nov 2022,1
108453,Prajwal,Wifi network was very slow wash room was not clean at all room service was verry poor,02 Nov 2022,1
108453,BENSIGAR BONIFACE,"I booked 2 rooms for my family, via booking.com. The rooms are given because of online booking..Nothing.Staff are cruel. The rooms booked online are not given. Totally disappointed.",18 Oct 2022,1
108453,Neilahenuo Jessica,They charged double the price when I reached the hotel. This is like a scam.I hope oyo will look in to this matter soon,14 Oct 2022,1
108453,KR YAMANRANJEETHKUMAR,"One of the worst oyo properties, although its a OYO town house it's really worst and un hygienic with worst kind of smelly clothes. Really disappointed with oyo and the property. They charges extra 500. OYO I think is time u shut ur business or on board quality hotels, who listens to u. Really pathetic service.",07 Oct 2022,1
108453,Franklin John,Horrible people run this oyo town house. We went there and they threw a sheet in front of us saying this is our tarrifs which is double to what I paid in oyo and simply asked us to take a seat. They behaviour was rude,03 Oct 2022,1
108453,David Rohith,Very poor experience,11 Sep 2022,1
108453,Huzair Ahamed,The hotel people charge more,09 Sep 2022,1
108453,Chinmaya Mohanty,I have been cheated by oyo itself. Oyo made me pay double the amount and then denied to refund,08 Sep 2022,1
108453,Sheldon Pais,Not hygienic. Tried connecting with Oyo support no response . And it was showing 1057 rupees but ended paying 1500 since it was raining heavily,07 Sep 2022,1
108453,Nikita Srivastava,"Not good, expected a more neat and clean staylocation.they overcharged, from booking.com i booked the property for 1300 they charged me 1500.",04 Sep 2022,1
108453,Leo Richard,Worst rooms,02 Sep 2022,1
108453,Anand,Very unclean and no management respond and also they are asking more more while checking in,02 Sep 2022,1
108453,Rajesh,"The is the worst Oyo Townhouse I have come across. I booked the Room on Oyo App and had been with family and provided the booking details and the receptionist and the Manager said we can not provide the room for the amount the roomhas been booked and we need to pay more in order to get the room so I informed I have booked the room with whatever the price was offered on the Oyo App and I have travelled with family from a long distance and if they can not offer the room with what price Oyo App offers than they should not keep their hotel linked with Oyo and as they have tied up then they need to follow the guidelines but the staffs were rude and abrupt saying it's not their problem and the Manager had no thought of helping and finally after argument of 45mins they gave me a room which was not Clean, no toiletries, no tissue paper and I booked room including breakfast but when I asked for breakfast they said there is no breakfast and cheated me on that as well. DISGUSTING TO SAY THE LEAST",01 Sep 2022,1
108453,Sanskriti Agarwal,Hotel asked extra money during check jn no hot water tv was not working,27 Aug 2022,1
108453,sachin,"Had Worst experience ever with OYO townhouse, zero cleanliness, poor/rude staff, charged extra without any bill, not even provided blankets, i will give zero rating for this hotel… please don’t book this hotel for staying",22 Aug 2022,1
108453,Mahanetran Murali,I got overcharged by 400 rupees because of improper communication between OYO and this hotel - they said that they have been telling the Oyo team the price of a room is 1.8 thousand but Oyo keeps writing it as 1.1 thousand. Why does this mistake have to be on me? Why was I overcharged. I expect a refund or compensation of equal exchange on this,21 Aug 2022,1
108453,Ajith Kumar,After reaching the property they say no rooms available we had informed Oyo not to accept the booking etc.. Then they provided a room which had no lock truely disappointed and we hardly stayed there for 4 hours and ended up spending 1600,16 Aug 2022,1
108453,Charan,"The place doesn't look as it is shown in the photos, they charge additional money while checking in, service very poor. I would recommend to find other places over this at their price point .",09 Aug 2022,1
108453,sohail sheikh,Already my booking was done that to in prepaid after reaching that hotel denied to accept me and said it's fulll and haven't helped me for searching another stay and after that it was showing auto checked in by my name even I was not staying there.,08 Aug 2022,1
108453,Sushanth,Charged extra at the facility,06 Aug 2022,1
108453,Mathew,"No AC , No wifi, charged extra 600 after paying the entire amount on the app....no towel for two, there was just a table fan .
...forced to pay extra as we did not have an option and had to attend meetings asap. Hotel management says , the OYO did not update the price on the application. Management says to pay extra to stay or call OYO and get the money back.",02 Aug 2022,1
108453,Animesh,"No proper staff ac doesn't work. 
And the manager doesn't listen to the people. 
Bad then the rest",31 Jul 2022,1
108453,Sandeep K,"One of the waste hotels I have ever seen. The staff is the issue. He is simply confusing and rejecting all our requests. Seems like they are giving me free stay. Non Cooperative staff at morning time. They don't accept OYO price. Charged double and didn't gave compliment break fast. Simply delaying the bills even. Never ever book this hotel. Charge is huge and rooms and bed are pooooorrr. Oyo booked at Rs918 and they charged 1800, telling they don't accept OYO or any stuff.",26 Jul 2022,1
108453,LR,"The Oyo townhouse banaswadi 038 demanded extra of Rs 800 at the time of check in and refused the booking until paid extra. After paying extra money there was no toilet paper, towel, toiletries and the room walls were dirty with scribblings ok the wall and a hole in the roof. Pathetic experience !",23 Jul 2022,1
108453,Siddharth,"Charged extra,late check-in, no ac ,gave pedestal fan",23 Jul 2022,1
108453,Manu,Worst OYO townhouse it is they charged extra 500 after paying full amount in app saying they won’t provide room @ app rate and rooms are at the worst condition and staff are at the worst behaviour,22 Jul 2022,1
108453,Kiran,"Nothing good at all, (1) No one received the call even after multiple attempts because of which I literally had to use maps and local contacts .(2) the guy at reception was not happy that I made online payment (3) Room stinking with cigarette smell. (4) no complimentary soap, shampoo (4) no complementary breakfast provided.",21 Jul 2022,1
108453,zubi khan,Hotel in not clean .. pillow is completely damage .. they have  provided only single .. no bathroom kit or morning..,18 Jul 2022,1
108453,Arindam,The hotel people do not agree for online booking. They'll ask for offline booking and the rate will be almost double.,12 Jul 2022,1
108453,Krishnan Pk,Nothing.They rejected one day stay..charged 2 days,10 Jul 2022,1
108453,Karthik,the room was booked but when reached here they told there r no rooms available worst service,25 Jun 2022,1
108453,NIBILCP,"worst experience from this hotel,i not expect from Oyo this type of hotels in your list , they deceived us by offering breakfast , unhygienic and Messy rooms ,we want deal with Oyo anymore.",05 Jun 2022,1
108453,Roshan,"Pathetic , why no one from OYO bothered to check the infra of this so called OYO Townhouse ?  !!!  One of the worst townhouse I have been in too",05 Jun 2022,1
108453,Ronak Patel,"I Had many issues with that hotel, There is vomit in room , no fan also, no cleanliness, Very bad experience 😡",03 Jun 2022,1
108453,Hari,the booking price was different and the hotel guy took more money for the same booking,03 Jun 2022,1
