hotel_id,user_name,review_text,date,title
109676,Jobin Jose,"Nice atmosphere and nice room for this rate , and nize service, 💖🌈",06 Jan 2023,5
109676,Jayanth VR,Good experience,24 Aug 2022,5
109676,Ramesh,It was very clean and good and friendly staff,12 Aug 2022,5
109676,Balaji,Spent a great day even the owner was so close and behaviour was preety cool,30 Jul 2022,5
109676,Soniya De,good!value for money. I&#39;ve seen bad reviews but I think if you can adjust at places you can manage here too. it&#39;s good!.,04 Dec 2022,4
109676,Atharva,The place is good with rooms being big and clean along with big bathroom that has hot water runnit24×7,27 Nov 2022,4
109676,Manoj Wodiyar,Nice place calm,19 Nov 2022,3
109676,Venkatesh,Location and rooms were good,28 Jul 2022,3
109676,Shahid,"The room was ok with the price, but when I went to check in they said to pay extra money and i paid because i was in need, and after when enter inside room water was not there, i informed the staff that water is not coming and he said it will come, whole day i waited but i lt didn't solved after he said he will give another room and he didn't gave and didn't solved as soon as 11 o clock he came and said ""check out time and you have to leave"" i asked him i want to take a bath what to do he said "" i don't know you have to checkout immediately"" i packed my things and i checked out immediately",29 Mar 2023,2
109676,Devashish Rajpoot,Rooms are not clean. Location is remote.,16 Nov 2022,2
109676,Arpita Patil,after reaching the place they asked us to pay more. when refused and fought they agreed. the washrooms weren't clean. Used soaps and half filled buckets were kept as it is.,15 Jul 2022,2
109676,Kiran,"Mosquitoes,",04 Jun 2022,2
109676,SIBI BABY,It's my request not to Book this room cause the rooms are not clean and the room stinks no ac working no TV no parking space no the hotel guys ask for extra payment no clean bed and the pillow covers is not clean the dust bin is not cleared and the room are not maintained properly worst experience but only one thing is the atmosphere around the building is good than sitting inside the room u can enjoy the outside nature,21 Apr 2023,1
109676,Anshul Kumar,Who said that its Hotel.. its a kabarkhana...owner of this property is too much greedy.  no helping attitude...no cleaning in the room...every where bugs and insects was there...when i ask for refund owner asked more money...Horrible stay,03 Apr 2023,1
109676,Bharath Morey,They charged me extra 300 and also the room was so dirty didn't even stay worst,03 Apr 2023,1
109676,G RPavanKumar,"Very bad, location, demanded extra moneyy",31 Mar 2023,1
109676,Deepak,"Don't receive the call
Fake hotel reception
Lost my money 605
Don't book that hotel adress",01 Mar 2023,1
109676,Emmanuel Manna,"HORRIBLE PLACE. DONT STEP IN..Absolutely NOTHING.Didn&#39;t like anything. It&#39;s the most horrible place to stay.. and sadly, so are all the Oyo Rooms becoming horrible. Please restore the standards or shut shop. Staff is absent..no one opens the door when guest arrives. Some lady who is in charge acts like we are doing here a favor by stayin there and is rude.",06 Feb 2023,1
109676,Jagadish K,"Hotel not allow to check in he told no rooms not available and said call customer care afterward he gives room 
I booked 3 members room but he give a 2 bed room



R",01 Jan 2023,1
109676,Indradeep Roy,"This was not a oyo, it was a graveyard",12 Dec 2022,1
109676,Sakeem,They had extra money and room is not good.... not clean bad aslo not good,25 Nov 2022,1
109676,Ayushyaman Singh,Very bad experience,08 Aug 2022,1
109676,Zakee ULLA,West of money nd hotel tok 500,26 Jul 2022,1
109676,chethan R,When i reached the location of Oyo . They didn't allow me to check in . They said they don't tie up with Oyo . And please check the hotel rooms once . I have seen the worst night of stay there . It's so so so dirty . Please send any of your health inspectors to check the condition,24 Jul 2022,1
109676,Gaurav,Very bad,20 Jul 2022,1
109676,SAFEEK S,Property owner has not allowed to check in,18 Jul 2022,1
109676,Harsha reddy,They made us to check out very soon and they told made us to clean the room,16 Jul 2022,1
109676,Priyanka,everything was so bad and I checked out the same day but they didn't checked out the room even after I left .at first they demanded for extra money but after arguing with them they agreed to stay .But overall everything was too bad and i will never recommend to book Oyo also without checking it properly.,22 Jun 2022,1
