hotel_id,user_name,review_text,date,title
109727,Shahriar,none,13 May 2023,5
109727,gaurav,It was nice experience to stay in ur hotel the room was clean hygiene was maintained and room service was nice no disturbance will be there and safe too,17 Apr 2023,5
109727,Mufeez,Good experience nice reception everything fine,17 Apr 2023,5
109727,Akshay,Superb,16 Apr 2023,5
109727,SULTAN SHAHKABEER,"Very great service.
Very neat and clean.
Very happy because of Krishnanunni who is working in the hotel gave very friendly and very happy to stay here. Whenever i come to banglore, i will come only this place 💞

Thank you",16 Apr 2023,5
109727,Madhu MS,Very good staying at Oyo customer service are very helpful one of good staying and ever nicely with contact,16 Apr 2023,5
109727,Rajesh,Good for budget Friendly stay. Rooms are neat And clean. Couple Friendly atmosphere And manager Krishna sir very polite And helping nature .,16 Apr 2023,5
109727,Satyam Mishra,"Everything ia good.
Staff behaviour is also good
Water should be available",15 Apr 2023,5
109727,Lakshman J,"Room was very good in terms of price and experience. Manager Mr.Krishna is very polite and helpful. Best location, nearby food is also good. Definitely will visit again",15 Apr 2023,5
109727,Basavaraj policepatil,This hotel i like so much because this was clean and neat good stuff manegement manager also good i like the hotel next time also I book hear,14 Apr 2023,5
109727,Mufeez,Awesome,13 Apr 2023,5
109727,MD TALMIZANSARI,This hotel great fabulous very nice I like it so join us,13 Apr 2023,5
109727,Rajesh,Great hospalatily by manager Krishna sir. Neat And clean rooms good for budget stay.,13 Apr 2023,5
109727,shabaz,I was happy to stay in hotel.the hotel staff was to friendly,08 Apr 2023,5
109727,Subhankar Das,Hotel manager behaviour is very good.and hotel facilities also good,04 Apr 2023,5
109727,Vishal,Good rooms and staff,04 Apr 2023,5
109727,Shahriar,"Every thing was my favour, mostly the manager are awesome for couple's.",03 Apr 2023,5
109727,Prodyot Garai,Best hotel and room also soo good...,02 Apr 2023,5
109727,Subhankar Das,Very nice hotel,02 Apr 2023,5
109727,Prodyot Garai,Nice room and hotel.. Near by Yesvantpur railway station..,01 Apr 2023,5
109727,Shankar,I loved in the whole hotel is Krishna anna...and good for privacy... cleaning is good...i forgotten to take my ear buds from room while check out...Krish anna called me and gave ear buds...such a nice human being Krishna anna... Love you Krishna anna.❤️,01 Apr 2023,5
109727,gaurav,Good service but it takes time for giving room.,20 Mar 2023,5
109727,Srinivas B,"Super service, pleasant stay experienced",16 Mar 2023,5
109727,sudheeer,Excellent 😊😊😊😊,16 Mar 2023,5
109727,sudheeer,I'm satisfied.keep it up,16 Mar 2023,5
109727,Surojit Swapan,"Very nice place to stay..Location= Very near to yeshwantpur railway station. GPS location is accurately provided here.rnrnAccessibility= Stay is on 2nd floor. Lift not there. rnrnCommunication= Rapido, Ola, Uber available abundantly. Metro station approachable by auto.rnrnCheckin= Very Smooth. Contact the manager Mr. Krishna who will help you with the checkin.rnrnStaff service= Excellent and above par. Being an OYO room people are very reluctant due to their ugly service, but if Mr,Krishna is there, you will get the service you deserve.rnrnAmenities= Photos provided are matching with the real rooms. Fans running at good speed, TV working but less channels available (4 hindi movie channels and some hindi music channels available though), Lights ok and sufficient, Hot water available for bath.rnrnFood= Not available at hotel but there are plenty of options nearby. The best Veg restaurant &quot;Priyadarshini Veg&quot; has all the superb dishes for your palate. rnrnValue for Money= Definitely their hotels are not high end and you may not get all the luxuries but as per the room rent you will get what they have stated in description.They could have provided a small soap atleast. rnrnThe location of the overhead cupboards are absurd. Watch out for accidental bumps. But its ok for cautious people. rnrnInternet service&#47;Wifi is not ok. You cant get same signal from every rooms. Speak to the manager before hand if that is your top priority.",15 Mar 2023,5
109727,Prodyot Garai,Very nice hotel and room,14 Mar 2023,5
109727,prodyot Garai,Nice hotel and room also..staff behaviour so good and helpful..,14 Mar 2023,5
109727,Prodyot Garai,Very nice room.. Near by railway station..,14 Mar 2023,5
109727,Ankit giri,Good,12 Mar 2023,5
109727,Rajesh,"Excellent hospitality by manager Krishna ji. Rooms are clean and good according to the budget stay.
Near to railway station and metro station. Escon temple within  kilometres.",10 Mar 2023,5
109727,Lakshmi Kantha,Nyc place,09 Mar 2023,5
109727,Karthik,"Nice room , Good facilities , Delightful checkin experience, Receptionist treated us very well.",08 Mar 2023,5
109727,Rajesh,"Great cooperation and service by manager Krishna sir.
Rooms are neat and clean good for budget stay.",03 Mar 2023,5
109727,Ajay,Very good hospitality,02 Mar 2023,5
109727,Mufeez,Always delighted,22 Feb 2023,5
109727,Rajesh,Good hospitality by manager Krishna sir. Rooms are neat and clean good. For budget stay one of the best option.,19 Feb 2023,5
109727,Moyenur Rahaman,Very good,19 Feb 2023,5
109727,Chandrakant Amrutlal,It very good while my staying at the hotel. The staff of the hotel wre very cooperative and the services was good. Roo. Higiene service are good.,18 Feb 2023,5
109727,karan pandey,Best Serivce With Affordable price And Best and Friendly Reception Person(Krishna) I will Again Soon.......,16 Feb 2023,5
109727,Rajesh,"Nice decent clean rooms good budget friendly lodge.
Great service and humble nature of Krishna sir liked it.",16 Feb 2023,5
109727,Basavaraj policepatil,I am so happy to stay in this hotel it so good and clean hotel and i really like this hotel and manger also good person good behaviour person,14 Feb 2023,5
109727,naveen,"Over all it was good experience and I book stayed here  for second time.
Easy checkout 
No problem of payment 
East accesble location 
Clean washrooms 
Hot water 
Food you can choose in reception or you can just use swiggy or zomato.
Overall it was good experience you can just book it in advance to avoid last minute rush",11 Feb 2023,5
109727,Sruthi k sarath,Good room,11 Feb 2023,5
109727,Rajesh,Krishna sir honest And Humble Person liked the atmosphere here. Budget Friendly lodge And near to railway And metro station,11 Feb 2023,5
109727,Prabhat,It's best hotel nice staff behaviour,10 Feb 2023,5
109727,Takreem,Staff is very good,09 Feb 2023,5
109727,Kapil Sharma,"Amazing experience
Too Happy with staaf
Polite honest its like u are with your own bros.",09 Feb 2023,5
109727,Aaron KSajeev,Friendly and good experience,09 Feb 2023,5
109727,Rajesh,Neat And clean rooms good hospitality by manager Krishna. Pretty good for the Price point.,08 Feb 2023,5
109727,Mujju,Best oyo I like it best rooms and best workers I am full naked I am inter 5 to 6 time I am full happy the workers,06 Feb 2023,5
109727,Akshay,Rooms are well maintained. The receptionist is very kind and humble. It is couple friendly too. Overall it was worth it,05 Feb 2023,5
109727,Ajoy KumarDas,Good,05 Feb 2023,5
109727,Rajesh,Very good budget Friendly hotel. Especially manager Krishna sir was very cool And very helping nature. Nearby metro station And railway station due to which travelling is very easy. Good stay.,05 Feb 2023,5
109727,Satyam Mishra,"The service was good. Clean rooms, pleasant environment.
Washrooms are not up to the mark. The Owner behaviour is too good and friendly.",05 Feb 2023,5
109727,SANJAY KUMAR,Good service rendered by reception manager. Courteous behaviors by all staffs. It is placed strategically in market,02 Feb 2023,5
109727,Pushpa Kumari,Amazing hotel and staff ❤️,01 Feb 2023,5
109727,Suresh,"I  have given 5 ⭐ rating .
1. Staff behaviour is good and they are friendly as well.
2. Rooms are clean.
3. Near to Yesvantpur station.
4. There are not asking for extra money.
5. Near by Hotel evening is available.
Overall it's very good hotel to stay.",22 Jan 2023,5
109727,Neel Kamal,Outstanding facilities and great service I would love to say that the behaviour of the staff is awesome. Neatness and cleanliness of the room was beyond the expectations. Service was great and owner was pretty familiar and always ready to co-operate.,21 Jan 2023,5
109727,Zaid,"I would recommend it to anyone who is a frequent traveler and flyer. One big thing about OYO is that it’s available in almost every city of India and also in some abroad countries as well. So, it provides flexibility and multiple options to choose from even before we’ve visited the hotel. I have stayed in these rooms many times and I have never been disappointed by their service or anything",20 Jan 2023,5
109727,sumit,Manager is so nice,20 Jan 2023,5
109727,Rajesh,Good stay at the hotel. Liked the attending of manager Krishna sir ready to solve any problem.Humble Person with good behaviour. For budget stay this is the very good hotel.,20 Jan 2023,5
109727,Ashish Bihani,"Cheap and clean place, suffices for a quick stay with minimal requirements. Polite and helpful staff.",19 Jan 2023,5
109727,Prodyot Garai,Very nice Hotel.. And staff behavior are so good.. Near railway station..,19 Jan 2023,5
109727,Anish Unnikrishnan,The staff were polite and took care of my needs. The rooms are decent and good option for anyone looking for a quick stay.,19 Jan 2023,5
109727,AVINASH GP,Nice to stay here.,19 Jan 2023,5
109727,Mufeez,It was great staff and facilities,18 Jan 2023,5
109727,Rajesh,Very good hospitality by manager Krishna. Rooms are good And clean. Very good budget Friendly lodge.,17 Jan 2023,5
109727,Waseem Javeed,"Staff is very good, Manager Krishna ji is good at his work and the entire place is Clean and hygienic.",15 Jan 2023,5
109727,Neel Kamal,Excellent service,14 Jan 2023,5
109727,chandrasekharreddy,I want to say one thing about the accomodation.Thats Krishnan what a man he is oh god unbelievable he is so kind and he is so much of patience he took care of us from the start of my booking. i am sure i will never find a guy like him in future and here comes accomodation its was nice and budget friendly when you are in bangalore you dont have to think better than this budget friendly,13 Jan 2023,5
109727,kiran,Good,12 Jan 2023,5
109727,Mujju,Good service and good oyo I am comfortable thank you,11 Jan 2023,5
109727,Vipul Kumar,Everything looks good. Behavior of manager is friendly and he is always available there to help if guest is having any type of problems...,11 Jan 2023,5
109727,Rajesh,Good behaviour And understanding manager Krishna sir. Liked the hospitality of sir. Rooms are very neat And clean.,11 Jan 2023,5
109727,Mufeez,"For couples good concern and for family nice stay.
Staff is so kind",11 Jan 2023,5
109727,sumit,excellent enjoyed the stay great hospitality by manager Krishna very cooperative and mature person ready to slove any issue. Clean rooms with budget friendly atmosphere. Keep up the good work mr Krishna,10 Jan 2023,5
109727,Manas Raikar,"The PG was quite good.Cleanliness was amazing and the staff, especially Mr Krishnan was extremely helpful & cooperative.",10 Jan 2023,5
109727,ABHISHEK,Promote for the hospitality,10 Jan 2023,5
109727,Rajesh,Good hospitality by manager Krishna. Liked the stay nearby railway station And metro station.,10 Jan 2023,5
109727,sumit,Manager is so nice,08 Jan 2023,5
109727,sumit,Manager is so nice,08 Jan 2023,5
109727,Rajesh,"Great service from manager Krishnan, was very polite And Humble. Rooms are clean And decent for the budget stay.",06 Jan 2023,5
109727,Ashish Sharma,Clean rooms at best price and excellent hotel manager. Enjoyed the stay.,31 Dec 2022,5
109727,Waseem Javeed,"Rooms were Neat and Cleanly maintained, Reception & Staff were very good in service, Krishna ji is very kind & humble and always take care of the facilities of the guests, Good Experience and recommend this place for the stay when you are in Bangalore.",30 Dec 2022,5
109727,Bhaskar,Loved it,25 Dec 2022,5
109727,Dhyanasree,"Very good Hospitality's.......
Front office staff is very helpful",25 Dec 2022,5
109727,ABHIJEET BHARDWAJ,Osm,25 Dec 2022,5
109727,JINO ANTONYRJ,Good service.clean room,23 Dec 2022,5
109727,Basavaraj,"Room looking a hifive and shaff conviction is very good the service is a very best , this invate my frnd me",22 Dec 2022,5
109727,sumit,Manager is so nice,22 Dec 2022,5
109727,RAVI KUMAR V B,It's nice and decent,20 Dec 2022,5
109727,JINO ANTONYRJ,Good service...neat and clean rooms,20 Dec 2022,5
109727,siddarth,Rooms are good and service exelent,19 Dec 2022,5
109727,Ishan Bhandari,"Genuinly Amazing place to stay. The Manager, Mr. Krishna is a super helpful and polite person. 
Cheers.",17 Dec 2022,5
109727,Rajesh,Affordable Price range. Stay was quite good liked the service of manager Krishna . generous And Humble attended very well. Hotel is near to railway station.,17 Dec 2022,5
109727,Sharan,Good facility,16 Dec 2022,5
109727,Ashwani Verma,Very Excellent,15 Dec 2022,5
109727,Rakin,Pleasant stay,14 Dec 2022,5
109727,Akhil Dev,The service is so nice and very good behaviour of staff is nice and but there is no hot water available,12 Dec 2022,5
109727,sumit,Great Place For Stay Manager is so nice very,10 Dec 2022,5
109727,Md NawedReza,Fantastic rooms neat and clean,09 Dec 2022,5
109727,Janaram N,Good room,08 Dec 2022,5
109727,Bidesh Mahata,Nice and friendly hotel. It was a wonderful stay.,08 Dec 2022,5
109727,Manjunath,"Good rooms... Good stay..very neat and clean rooms, well maintained and the staff is very soft spoken",08 Dec 2022,5
109727,Abishek,Good place to stay.. worth your money. Very friendly and accomodating staff. Will definitely stay here again,03 Dec 2022,5
109727,Harish,Hygenic overall experience z good... Well maintained,03 Dec 2022,5
109727,Abishek,Great hospitality offered by Mr. Krishnan.... Very friendly and accomodating. Decent place to stay.,02 Dec 2022,5
109727,RAM SUBRAMANIAN,Krishnan at the reception was very courteous and helped in rearranging the beds and setting up the table to support office desk space.,02 Dec 2022,5
109727,Rajesh,Nice stay at the hotel. Well attended by manager Krishna. Rooms are ordinary but clean. Bathrooms needs to be upgraded as it is old style.,01 Dec 2022,5
109727,Rajesh,Nice rooms clean and very polite manager krishnan always there to help any time. Very near to railway station and metro station.,29 Nov 2022,5
109727,Amit Kumar,Krishna sir is very good & service 👌👌👌,28 Nov 2022,5
109727,amit amit,Nice,28 Nov 2022,5
109727,Dipak Chavan,Stay was really  good. Will come back again .property manager krishna cleared all my queries.,26 Nov 2022,5
109727,SANJAY PANT,Overall rooms are neat and clean with good facility. I liked it very much . I would like to visit this place again,26 Nov 2022,5
109727,Rajesh,Honestly liked staying here in this hotel.Especially manager Krishna thankful to him for his humbleness and hospitality. Rooms are ordinary but clean.,26 Nov 2022,5
109727,Mujju,Super,20 Nov 2022,5
109727,Riyas M,Good room good bathroom they will clean every room after any room gets free very much customer friendly i will surely recommend this to everyone because i used to stay there always when i need.,20 Nov 2022,5
109727,Ayush Kumar,It was a good experience.Rooms were neat and tidy and the behaviour of the manager was very polite.Happ customer,19 Nov 2022,5
109727,tejas gaikwad,"Nice hotel, people are helpful and respectful. Good for solo. Will recommend.....thanks..",19 Nov 2022,5
109727,Ayush Kumar,It was a good experience.I am happy that I have chosen this hotel.Tge behaviour of the manager was very good.,18 Nov 2022,5
109727,Ayush Kumar,The manager was good.Overall the room was descent.There is 24*7 ware facilitiy available.Overall It was a good experience,18 Nov 2022,5
109727,Lokeswar,none,18 Nov 2022,5
109727,Ramesh,Nice experience and nice staff and good room really nice experience to there i really love it,18 Nov 2022,5
109727,Anto,"The room was very nice 
Good facilities
Hot water available
Over all nice room",18 Nov 2022,5
109727,Reshma Rani,Every thing and every body was great quick response nice attitude but if they can provide wifi and paid tv channel on tv it could be more better for guests.. thank you,18 Nov 2022,5
109727,Darnesh,Hotel is Good.Room also very clean n safe.The receptionist Krishna is very friendly n cooperativeI suggest for who r going to yeswanthpur.,17 Nov 2022,5
109727,Mrinal Dari,All are very good... Staf rooms bathroom all ar good,16 Nov 2022,5
109727,Guru,Stay was very good. Receptionist was very friendly. I had a long stay and it was hassle free.,15 Nov 2022,5
109727,Riya Anna Heny,It was a nice place to stay. Nice behaviour from the staffs. Affordable to stay. It is walkable distance from railway station.,13 Nov 2022,5
109727,Deepak,"Excellent service by the hotel manager. At nominal prices its good and specious, and room was net and clean.",11 Nov 2022,5
109727,Md NawedReza,Excellent rooms,09 Nov 2022,5
109727,Deepak kumar,Good hotel manager Krishna very good service. Near to railway station.metro also nearby. Veg eateries nearby.,09 Nov 2022,5
109727,Chetan Nigam,"Above average rooms, but good and polite manager, no hassle at check in or stay, good for single night or quick pitstop type of stay.",07 Nov 2022,5
109727,Basavaraj,Very Good Hotel And Hotel Staff Is Very Good Response I Love This Hotel .... Come All This Oyo Hotel .... Hotel Is Very Clean,05 Nov 2022,5
109727,Arju S,The staffs are well behaved. Good for working professionals.,04 Nov 2022,5
109727,Siddharth M,"Very convenient budget stay. The manager was very helpful with everything. The infra is somewhat old and there's no shower in the bathroom, but otherwise well worth the money if you're looking for long stays at a reasonable price.",03 Nov 2022,5
109727,Shivaprasad Shirwar,"I'm here to give this review for the manager Krishnan Sir. He was so humble and polite and he took very good care of us like anything. We didn't face any single issue. The rooms were well maintained. For the price I got through oyo app this deal is too good to be true. Location is also great, near to metro and famous Orion mall. If this hotel is available for booking do it without a second thought. I'll stay here only whenever I visit bangalore in future.",02 Nov 2022,5
109727,Sagar mhaske,Great hotel and Sarvice. Please update address location.,31 Oct 2022,5
109727,Shahriar,"Good behavior for everyone , and fully support for couple, best security. Very good condition all facilities, and near by train and metro station.",30 Oct 2022,5
109727,riyas m,My favourite place to stay in Bangalore,26 Oct 2022,5
109727,Md NawedReza,Clean Room Good Behaviour By Manager,24 Oct 2022,5
109727,Lakshmi Kantha,It's vry nice,23 Oct 2022,5
109727,Narendra,Good service and nice attending by manager krishnan.,20 Oct 2022,5
109727,riyas m,It was my good experience clean and good room. Room was little small but good according to price of 515,19 Oct 2022,5
109727,Rohit K,"It's Safe 
It's neat and clean 
Beautiful Atmosphere in hotel.
Staff and owner they are treated well.",19 Oct 2022,5
109727,Harsha Nayak,What A Great Response ... Hotel Staff Is Very Good... Hotel Is Clean Service Is Super .... Best Prize... Everything Is Superb,19 Oct 2022,5
109727,Mecxlar TSangma,"It's has a very good & comfortable room, It is cheap & affordable & also the receptionist is very good & kind. I'd like to sincerely thank him for helping me. Thank you sir.",19 Oct 2022,5
109727,Narendra,Great job by manager krishna nice and safe stay. Felt like home. I will refer other guests to go and stay in this lodge.,19 Oct 2022,5
109727,Akash,I don't want tell about room but I really appreciate the manager behavior nice person thank you sir for your support 🙏,18 Oct 2022,5
109727,Mecxlar TSangma,So far the rooms are good & comfortable for a single person & also the receptionist is good & kind.,18 Oct 2022,5
109727,Uttam Jodawat,Value for Money.. Manager Krishna Behavior is Good. Perfect Services for this price range.,17 Oct 2022,5
109727,Karthi,The hotel (PG) is so clean.The receptionist is so good and honest.He treats all the people well. The food they provide is good.The rooms are clean.Totally a good environment to stay.,15 Oct 2022,5
109727,Rajesh Kumar,Nice staff co-opration,15 Oct 2022,5
109727,abhishek,"It is a awesome hotel in budget friendly. 
Hotel manager krishna very polite and humble. 
Clean rooms. Good for familys.",14 Oct 2022,5
109727,SIBI MAMACHAN,I had a wonderful and pleasant stay here. I was in this hotel  for last three days and i like it very much. Friendly staffs and management and this is a budget friendly hotel.,13 Oct 2022,5
109727,abhishek,Excellent service by Krishna sir. Very humble person. Rooms are clean and affortable.,12 Oct 2022,5
109727,Nayanik Maridha,"Love the place.
Very clean room.
Also clean bathroom.
I love it",11 Oct 2022,5
109727,FAZIL FIROZC,Room is excellent... Staff are good... Around 30 minutes to railway station...bathroom is clean... Room is economical👍,10 Oct 2022,5
109727,abhishek,Good hospitality by manager Krishna. Affortable price with neat and clean room. Near to metro station and railwaystation. Relaxed staying here.,10 Oct 2022,5
109727,Pawan,Good behaviour and good service at near by yeswantpur jn. Railway station .there is good staff which helps to outsiders or a guest.,10 Oct 2022,5
109727,Terapalli Murali,Rooms are good and owner is very polite person and budget rooms and very near to yesvantpur railway station,09 Oct 2022,5
109727,Lipsa,Manager is really sweet. He takes care,09 Oct 2022,5
109727,Debasish Nayak,Excellent service,08 Oct 2022,5
109727,Uday Kumar,Nice stay amazing facilities good response,07 Oct 2022,5
109727,Tanmay Das,"Very good with the staff and its nearby railway station, Mr krishna the excellent manager, we really liked the place",07 Oct 2022,5
109727,abhishek,"Very good location railwy nearonly.  Metro and lot of tourist spots. 
Krishna sir very cooperative and helpful.",07 Oct 2022,5
109727,Shafi,"Good service, room is good, need to improve bathroom setup, it's ok for the rate. Railway station is near",06 Oct 2022,5
109727,Prabhjot Singh,Friendly and Helpful staff.,06 Oct 2022,5
109727,Narendra,Best stay in cheap price. Manager krishna good person and very cooperative. Metro station very near. Escon temple nearby around 2 kilometes form the hotel.,05 Oct 2022,5
109727,abhishek,Staff Krishna's behavior was very good. Never expected such a good stay in this budget. Overall in this cheap budget good customer support.  Lots of reataurant neary and metro station railway station also at walkable diatance.,05 Oct 2022,5
109727,prodyot Garai,"Near by railways station,good stuff, behavior is very good",04 Oct 2022,5
109727,Pratik,"Quite comfortable it's near by ypr railway station as well as yeshwantpur bus station and metro station
Staff are well in behaviour room is also value for money",04 Oct 2022,5
109727,abhishek,Nice hotel great hospatality by manager Krishna. Happy for the budget stay liked it. Nice escon temple near by and railway station metro also very close to the hotel.  Friendly environment.,04 Oct 2022,5
109727,Chris Jose,.........................................................................................nice hotel,03 Oct 2022,5
109727,Aishwarya,I would like to inform very friendly and cooperative receptionist. Maintained with hygiene and it's very near to railway station. Overall experience was good,03 Oct 2022,5
109727,ravindra mohane,Good facilities and any time attend batter response,03 Oct 2022,5
109727,Narendra,Good service by manager krishna and staff. Budget friendly lodge value for the money. Metro station and railway station is near. Location is good.,03 Oct 2022,5
109727,abhishek,"Great expedeince staying here.  Krishna very caring and humble manager. Room was neat and clean.
Good service.  Location near to railway station.  Escon temple is also nearby.  Metro connectivity also there.",03 Oct 2022,5
109727,Aishwarya,"Very friendly and comfortable to stay and safety.

Thank you",03 Oct 2022,5
109727,Prodyot Garai,customer support,02 Oct 2022,5
109727,Rex Fernandez,Wonderful hospitality and a perfect budget room. Staff is really well manared and good to talk to. Had a great experience.,02 Oct 2022,5
109727,Ashok Pathak,Very comfortable,02 Oct 2022,5
109727,abhishek,Manager Krishna was humble and coopedative. Enjoyed staying here recomend every body to come and stay here.  Nearby railway station and tourist place. Metro is also very close. Eatery is also good. Value for budget stay.,02 Oct 2022,5
109727,Shashwat Jha,I have stayed at dozen of hotels This was on the top of the list of best stays/experiences ever. Staff was very hospitable and there for every need of mine. Thank you so much.,01 Oct 2022,5
109727,Shashwat Jha,I have stayed at dozen of hotels This was on the top of the list of best stays/experiences ever. Staff was very hospitable and there for every need of mine. Thank you so much.,01 Oct 2022,5
109727,HARIDEV UM,The hotel is a best option near to yeshwantpur junction (walkable distance). Easy access to MSR institutions. Near by temple kadu malleshwara temple. Food options can be arranged by the hotel or we can opt for online delivery.,01 Oct 2022,5
109727,Ambar Gupta,It was a decent stay manager is polite nd hotel is near railway station nd it's a budget friendly hotel,01 Oct 2022,5
109727,Manasa,"Exemplary service, great location and fantastic hospitality. The owner is very positive and had a optimistic behaviour.",30 Sep 2022,5
109727,Sarthak,"Very good customer service and room quality was also quite impressive fir the price.
Receptionist was very good in behaviour and cooperative compared to other oyo rooms.",29 Sep 2022,5
109727,Rahul Krishna,Clean rooms for a reasonable price... Good staff...,29 Sep 2022,5
109727,Shashwat Jha,The room was great the ambience was good the location is easily accessible and the owner is a good man will help you in every way possible great place for staying.,28 Sep 2022,5
109727,KARTHIK MEESALA,The room was neet and clean though the old place the staff was so friendly hot water is there very near to yeswantpur railway station and a nice area,28 Sep 2022,5
109727,Shashwat Jha,The hotel is a great place to stay in budget the location is just near the yeshwantpur railway station the stay is good the rooms are good and the check In was smooth unlike other Oyo's  who ask for double money the owner is a very kind man will go any extent to help you in every way possible will recommend go for this hotel without any hesitation.,27 Sep 2022,5
109727,Lavu Ajay,Good and in affordable price.must try.nearby restaurant and railway station nearby . Good hospitality  from manager Krishna. Value for money,27 Sep 2022,5
109727,suhas sshetty,Overall good,27 Sep 2022,5
109727,Bikram Patra,This hotel r to good for another hotel .for my opinion. Rooms r clean and stuff behaviour r to good . Mostly this hotel manager krishna sir r to good like e brother for me .I love that,26 Sep 2022,5
109727,Abhinav P Anoop,"Very very good rooms, also the behaviour of owner is very nice... Highly recommended you can directly take the room without thinking 👍👍",25 Sep 2022,5
109727,rameshwar singhjayas,"Execellent service, nice behaviour, clean and quite place. Located near to railway station and tourist spot.
Hospitality of krishna sir good.
Helpful nature advice everyone to visit.",24 Sep 2022,5
109727,Dhirajoswal,Good service good talking style good talking style i like this service,24 Sep 2022,5
109727,Abhimanyu,Nice and clean rooms . Staff co operative.  A lot of eateries where you can have good food . Affordable prices,23 Sep 2022,5
109727,Abhimanyu,"Nice and clean rooms , in terms of food you can find good eateries like Priyadarshini which provide good and hygienic food , juice centers are also there's. Staff s are co operative. Affordable price .",22 Sep 2022,5
109727,Shubham Nagothkar,"Overall service was good.
Very friendly staff.",22 Sep 2022,5
109727,Karthi,"We loved the couple friendly services offered . The quality of customer service is very good and receptionist Krishnanna was very friendly and professional . He was always there when there was need. there s good privacy. The room is very clean and tidy and even washroom . Tv is in good condition to play some good songs . Wi fi facility is so good overall its a go to place for everyone (family,couple ,friends)",22 Sep 2022,5
109727,Karthi,"It is a couple friendly hotel with quality customer service ...All services like room , blanket , wifi and tv were served well. The room was clean and tidy with clean washroom and food was good",21 Sep 2022,5
109727,Md Shahgar,"It will awesome hotel as I visit in my life.
Hotel manager was very polite.
family behaviour was there.

i was felling like a home in this hostel.",21 Sep 2022,5
109727,Nazar,The room is very clean and neat and also the staffs are very polite and cool.. One of the staff helped me in many ways by providing informations and also he kept our luggages safe even after we check out our room..,20 Sep 2022,5
109727,Chris Jose,"Very nice service,  Mr Krishna is very friendly and helpful",20 Sep 2022,5
109727,Kushal,Cleaned rooms and it was in good place and thanks to Krishna for your support worth for money,20 Sep 2022,5
109727,Karthikeya,"It's Good , budget friendly , rooms are clean and I'm actually worried about washrooms before checking in, but they are also clean , hot water available .",19 Sep 2022,5
109727,Sai KeshavJ,"The spot on was at a prime location called yeswanthpur and the hotel is gery tidy and very nicely maintained for the price point. If you are looking for a budget friendly room with a friendly management, then I would recommend this spot on very much. The manager Mr. Krishnan is a very friendly guy who speaks english, kannadam and hindi. He addressed my queries and helped me get an early accomodation as well. Overall, it was a very pleasant experience for the budget. Accepted it is not very sophisticated like other for the budget, I would bery",18 Sep 2022,5
109727,raghu,Excellently good maintaince is very good and also cleannins is very good and room is very excellent,18 Sep 2022,5
109727,Oli Das,Good stap quality and help full,17 Sep 2022,5
109727,Karthi,We liked customer friendly services the hotel offered. Rooms are clean and felt like home,17 Sep 2022,5
109727,chirag,"Good hosptiality
Co opreative staff 
Best place to stay....",17 Sep 2022,5
109727,Vaidhyanathan A,Rooms are soo good. Location is in main area. But second floor without lift . Very suitable for working professionals / students.,16 Sep 2022,5
109727,Himanshu,Best experince i personally liked the way the manager assisted me throughout the stay. The rooms are worth the amount they charge .,16 Sep 2022,5
109727,renjith,"Customer service is very good. Good room for affordable prize. Near to railway station.
Overall Excellent service",15 Sep 2022,5
109727,mg chikmath,Good hospitality by Krishna neat and clean environment happy to stay and come back again.,14 Sep 2022,5
109727,Akash,Good,13 Sep 2022,5
109727,mg chikmath,Staff Krishna good and very helpful rooms are clean and neat. Near to railway station . Nearby good restaurant available.,13 Sep 2022,5
109727,Sabarish Kumaran,The room was worth for the price. Bathroom could have been little bit clean.,12 Sep 2022,5
109727,Bhushan Mahto,Oyo reception manager housekeeping department and all staff of the hotel all are doing very good work,11 Sep 2022,5
109727,Ankit Singh,"I am staying in this hotel for a long time, Every Evening Staff are cleaning Room Properly, until is clean but they are cleaning everyday, on a single call staff is attending to complete the order.",10 Sep 2022,5
109727,Bhushan Mahto,Front office manager good coprative and hk staff also good room are clean,10 Sep 2022,5
109727,Nithin,good behavior and stay cool,09 Sep 2022,5
109727,nithinshanazar,Friendly behaviour âœŒï¸ tottally noce,09 Sep 2022,5
109727,Karthi,"Good service ,You can visit frequently...you ll get homely feel.",08 Sep 2022,5
109727,Bhushan Mahto,Awesome room,08 Sep 2022,5
109727,NEMAI HARBHAJANKA,Good,07 Sep 2022,5
109727,Ankit Singh,"Very nice hotel, staff are Good, environment are Oussem, out side Stop is very Nice, keeping all the point it's relevant & Oussem.",07 Sep 2022,5
109727,Rahul Ganguly,hotel owner good behaviour.,07 Sep 2022,5
109727,Ashwin Lijo,"It was a really good experience . Staff was good . Friendly environment , clean room with good service. Overall it's a good experience.",06 Sep 2022,5
109727,Santosh,Good budget hotel very nice stay near to railway station . Staff Krishnan very helpful and room was neat and clean.  Safe and secure hotel with polite staff.,06 Sep 2022,5
109727,Aditya Prasad,Amazing stay,05 Sep 2022,5
109727,Gokul VijayN,The customer service and cleanliness were great at this price point. One of the best hotel!,03 Sep 2022,5
109727,Cherry,Good recipients and clean thankyou,03 Sep 2022,5
109727,Basavaraj GanappaBijali,Good service,02 Sep 2022,5
109727,Guest,Very supportive staff and service and very clean,01 Sep 2022,5
109727,Shahriar,"Very good behaviour,  good conditions all ar good..",01 Sep 2022,5
109727,Ankit Singh,Best environment,01 Sep 2022,5
109727,Ankit Singh,Nice hotel,31 Aug 2022,5
109727,Nihar KumarGattu,Room was quite excellent with a good washroom.,31 Aug 2022,5
109727,Bhupan,In this oyo the rooms are well clean . Wifi are also available here. The behaviour of this oyo staff is so excellent. If anyone wants oyo rooms nearby I will suggest to take rooms in this oyo.,30 Aug 2022,5
109727,Pradeep,Good service and good behavior of staff member,30 Aug 2022,5
109727,Savithri L,"The service was incredible. I stayed there for 3 days. Neat, clean and well managed.",29 Aug 2022,5
109727,Gaurav,"This is the best hotel in yeshwantpur .
Staff and manager is best they help me for food 
Its a great place.",29 Aug 2022,5
109727,Jimmy Ahuja,washroom was clean,28 Aug 2022,5
109727,sijo George,"It was nice to stay here, service and house keeping were nice. And easy access from yaswanthpur railway station.",28 Aug 2022,5
109727,Bineesh Sadasivan,Spic and span room. By far exceeds expectations and will surely visit Spot On 78624 every time I m in the city. Keep up the good work and best wishes to the team!,27 Aug 2022,5
109727,Ankit Singh,"Services & supportive staff.
Safe secure & hygnic environment.",27 Aug 2022,5
109727,sijo George,"Good service, nice house keeping & easy to acesss",27 Aug 2022,5
109727,Manjunath,Reasonable for emergency stay,26 Aug 2022,5
109727,Ankit Singh,Nice hotel,25 Aug 2022,5
109727,meghnad gorai,Goog decent value for money,25 Aug 2022,5
109727,Gokul krishnan pk,Fantastic experience. Good service . Very comfortable.,24 Aug 2022,5
109727,Deepak,Room was good budget friendly and imp thing is the owner's hospitality was very good,23 Aug 2022,5
109727,Arijit,Loved the stay,23 Aug 2022,5
109727,Manju,"Room is really good and clean. Mr. Krishnan, the incharge here is really friendly.",22 Aug 2022,5
109727,Siddu,Good staff,21 Aug 2022,5
109727,Sahasvat BheesmaR,"Good customer friendly manager, clean rooms and also affordable price which you can never find in Bengaluru. Many tourists spots are near too.. and hotel is situated right next to yeshwantpur bus stop.",20 Aug 2022,5
109727,Kelvin Koyani,Best place to stay. Budgeted and many places are nearby for ease. Best for stay and services are decent.,18 Aug 2022,5
109727,Chetan Nigam,"Good and polite people at reception and very helpful as well 
Rooms Re above average for 1 or 2 nights",18 Aug 2022,5
109727,Kelvin Koyani,Appreciative service. And lenient.,16 Aug 2022,5
109727,Praveen,Good and the customer service is delighted here,16 Aug 2022,5
109727,kiran,"Good service,room is also comfortable... receptionist is also helpful and friendly.... price is also affordable..",15 Aug 2022,5
109727,Yagnik,Very good,14 Aug 2022,5
109727,Prince,"Am very happy with affordable staying,Superb staying ,good staff behaviour,and management behave like friendly,soo supportive
Very nearer to railways station.
When i get chance ,i will try to stay again",14 Aug 2022,5
109727,kulbhushan,"This was good mentained property, so clean and fine staff also cooperative and helped you any situation I m highly recommend those are visit to bangalore and want to fine stay property.",12 Aug 2022,5
109727,Manoranjan Barik,Service is awesome. Staff of behaviour is nice.,12 Aug 2022,5
109727,kulbhushan,"Net and clean property, staff is very helping to you.",11 Aug 2022,5
109727,Karthikeyan V,Nice,11 Aug 2022,5
109727,Kiran CM,Good service,08 Aug 2022,5
109727,Shubham Fauzdar,best experience,06 Aug 2022,5
109727,Pravat Swain,They are giving the best room with the honest & more thing is price budget is very good for a common people.,05 Aug 2022,5
109727,kamal,Owner krishna sir was more supportive and but rooms are small that's it,14 Apr 2023,4
109727,prasanta sharma,The room was good but washroom was small .... But the behaviour of staff was very good .... So it was good i think,03 Apr 2023,4
109727,Julfikar Sk,Good,22 Mar 2023,4
109727,M Vikas,Good management and staff the rooms are good and cost effective,05 Mar 2023,4
109727,918722994271 Sharma,"Owner Krishna is very polite and understanding full points to him.
Room was decent like a PG ROOMS.
Location was good hardly 3 km from Orion mall. 
And 3 km from BEL circle( where one can get down from KIA bus) and can take Auto or cab to reach hotel.
No complaints in this much price",01 Mar 2023,4
109727,Sanskriti Sahu,"The room was good according to the amount paid. Connectivity is very good from the place. Manager is very helpful. But there's just too many cockroaches in the room, like too many. You won't notice it at first but in middle of night there too much on floors. Rest everything was good.",20 Feb 2023,4
109727,SHAKEENA SYED,Courteous manager who quickly made us comfortable and got our luggage to be placed in the room arranged the room quickly and also helped getting toiletries on time Good stay Thomas just for a few hours,09 Feb 2023,4
109727,Uday Kumar,Nice stay and staff is very nice,13 Jan 2023,4
109727,Banamita Sarma,"Its good. Rooms are clean, Host is really nice and helpful. There is no in house kitchen but there are many restaurants near the hotel. According to the price, its good.",13 Jan 2023,4
109727,Adithya Narayan,The location was suitable.Rooms was properly maintained.The caretaker was very friendly and gave us a detailed idea about routes and places in Bangalore.He was knowing most languages...so it was easy to communicate,01 Jan 2023,4
109727,Anurag Yadav,Rooms are worthy of the price. Bathroom is little smaller but can be managed easily. Good for two adults not more than that.,22 Dec 2022,4
109727,Anurag Yadav,Room is good and is on prime location so no worries about that. But they should maintain their bathroom. Bathroom's tiles are dirty. They should atleast offer one chair in the room. All other things are perfect.,08 Dec 2022,4
109727,Srilatha,Okay,04 Nov 2022,4
109727,Suman Das,"Good staf. Rooms also good and tv good working. Satisfied with money, staf's behavior is excellent. All good",24 Oct 2022,4
109727,Sumit Jamaiwar,Good hospitality,16 Oct 2022,4
109727,Sumit Jamaiwar,Hospitality is good 👍,15 Oct 2022,4
109727,chintoju sumant,The reception guy was very friendly and the room is worth the money.,09 Oct 2022,4
109727,Druva Kumar,"The stay was good. The service and the staff are extremely cooperative
Really loved the stay. Will visit again",09 Oct 2022,4
109727,Basavaraj policepatil,I am happy for this hotel because it was good and clean good behaviour nice hotel sure I will come next time this hotel,09 Oct 2022,4
109727,mohammed sharief,It was a pleasant stay. It was worthy according to the payment,21 Sep 2022,4
109727,Ratheesh PR,Good room and friendly interaction,17 Sep 2022,4
109727,BAJIRAO BHOI,Staff found cooperative. Check in and check out very easily done without delay. Situated in Market place. Easily accessible from main road.,14 Sep 2022,4
109727,Boby,"Nice room. Good service.
Enjoy",12 Sep 2022,4
109727,V P Subramanyam Rallabandi,Hotel room is clean and near by good food restaurants are there. It was a pleasant stay and very near to yeswanthpur railway station,03 Sep 2022,4
109727,Sayandeep Bhowmick,Good for the price. But would be better if it had been a little bit cleaner,03 Sep 2022,4
109727,Shariff Shariff,Good stay,23 Aug 2022,4
109727,somnath mondal,THE ROOM WAS QUITE GOODIF YOU'RE LOOKING FOR A CHEAP STAY NEAR YESHWANTPUR RAILWAY STATION. BUT THERE WAS NO CLEANLINESS AT ALL. THE TOWEL THEY PROVIDED WAS DIRTY AND THERE WAS A SOAP IN THE WASHROOM FULL OF HAIRS AND THERE WAS ALSO A RAZOR IN THE WASHROOM.,20 Aug 2022,4
109727,Anil Bhat,Excellent service by Krishna and staff. Affordable and worth it.,15 Aug 2022,4
109727,Srikanth Hogade,"It was pleasant stay
Property to located near your station and hotel staff is very much co-operative. I would like to suggest for working professions and friends.",13 Aug 2022,4
109727,Srikanth Hogade,"Nice and clean rooms, staff also very co-operative. Property is located near to YPR station and we can easily locate this. I would like to suggest this for Men and working personal.",11 Aug 2022,4
109727,Ujjwal Chaudhary,"Hotel staff was polite and helpful.
Room was value to money.
Room was unhinged, there were cockroaches in the room.",20 Apr 2023,3
109727,Balakrishnan Nair,"Rooms are very old. Bath rooms are not clean. No lift to reach 1st, 2nd and 3rd floors",23 Feb 2023,3
109727,Prasanth M,This is kind of low budget worst kind of Lodge with cockroachs musquitos and totally worst property not fit for stay..kindly delete this property from OYO website..only Krishna is the only person is there assest for the property,22 Apr 2023,1
109727,Chethan Thayyil,"Terrible experience
not even a towel or toiletries provided
bed is really thin and hard narrow room
bathroom is in poor condition
i would suggest skipping this one and book a decent one by paying an extra 200 or 300",25 Dec 2022,1
109727,Sai Vishal,"Mosquitoes, untidy bathroom, noisy",30 Sep 2022,1
109727,Usha,Bad,30 Aug 2022,1
