hotel_id,user_name,review_text,date,title
109841,Bharath Chandra,none,25 Apr 2023,5
109841,Venky,"Good staff, good furniture, good receiving",25 Apr 2023,5
109841,Pawan Raju,locality is really good. liked the room. shower was broken and so was the 埒 seat which need to be fixed. everything else was fine,23 Apr 2023,5
109841,Tamang K,"Prime location nearby u will get everything, hotel also good and clean",15 Apr 2023,5
109841,Tamang K,"Everything is good👍,, nice stay",15 Apr 2023,5
109841,Heartless kanna,"Good room friendly employee receptionist bathroom little bit not cleaned ..........

.




Over all Good hotel  couples best hotel",04 Apr 2023,5
109841,charan teja,Hotel is good atmosphere and food needs to be improved,31 Mar 2023,5
109841,ADITYA SINGH,Everything is good 😊,29 Mar 2023,5
109841,Ronit singh,"The rooms were clean, very comfortable, and the staff was amazing. They went over and beyond to help make our stay enjoyable. I highly recommend this hotel for anyone visiting Bangalore",20 Mar 2023,5
109841,Dhina Dhinu,Good,15 Mar 2023,5
109841,Sukhadev Sathe,Good accommodation,15 Mar 2023,5
109841,Sameer,"The room was clean, staff was very polite and there was smooth check in. I had a great stay here and would definitely recommend this hotel to others.",13 Mar 2023,5
109841,Pavan,Clean and compact rooms,13 Mar 2023,5
109841,Shrey,Good place with a good ambiemce . Check in was pretty easy and simple and quick . The experience was very good.,07 Mar 2023,5
109841,SHARMA DEEPAK,Location is awesome and even the hotel facilities were great.,06 Mar 2023,5
109841,Rahul,Good for business travels,21 Feb 2023,5
109841,Osman Ahmed,Great stay. Effortless checkin experience. Rooms are clean and hygienic. Lighting could be improved.,20 Feb 2023,5
109841,Brahmendra Chandrapati,The hotel was responsive and helpful while checking in the early morning. And even provided us with the required toiletries. It could have been,16 Feb 2023,5
109841,Puneet,Good,15 Feb 2023,5
109841,Sourin KumarPal,I liked the stay. The hospitality and the room cleanliness was really good as well as the food. I definitely recommend this stay,11 Feb 2023,5
109841,Milan Menezes,Clean rooms and people are at the reception 24/7. The property is in really good area with lots of places to eat and shop on the same road as the property,10 Feb 2023,5
109841,Aman,The hotel is nice in the center of AECS LAYOUT. Staff is very chill about things. They have a rooftop restaurant so you might have to dine there or order in from there. Always a goto place. GG!,05 Feb 2023,5
109841,Rahul,Good,01 Feb 2023,5
109841,Priyanka,The hotel is premium business one and it is located in very good area we can get anything we want nearby the hotel there is good parking place and the rooms are clean and overall service is good,10 Jan 2023,5
109841,Mohd Jeeshan,Good,28 Dec 2022,5
109841,Narayan Mangar,Good,25 Dec 2022,5
109841,Mukesh Srivastava,"nice behaviour
nice �
everything",25 Dec 2022,5
109841,Abdul Sathar,Great place. Lovely staff.,23 Dec 2022,5
109841,XXX XXX,Super,20 Dec 2022,5
109841,BinilKB,"One of the best oyo hotel ❤️
No restrictions 
 Prime location 
Staff are very nice 
Food is tasty",18 Dec 2022,5
109841,Mohammed Isaq,none,10 Dec 2022,5
109841,VAMSI KRISHNA,"It’s very amazing hotel.Every time I came to Bangalore the only hotel I can in is this royal keys.Food ,hot water everything is available.I would rate 4/5. For this hotel.",10 Dec 2022,5
109841,Milan Menezes,"The best thing about this place is the locality, it’s on the AECS main road. Lot of places to have lunch/dinner. Spacious rooms with AC. The place could improve on cleaning of the rooms.",06 Dec 2022,5
109841,Jeel Datta,Really amazing stay,04 Dec 2022,5
109841,Anji Avula,"No Disturbance At All, Fully Sanitised, Good and Respectful Staff 
Wifi Ok, Beds Are Well comfortable",04 Dec 2022,5
109841,John Praveen,good,02 Dec 2022,5
109841,Guest,Nice brand new rooms in a busy street which has so many restaurants nearby,22 Nov 2022,5
109841,Harish,Facilities and services are good,21 Nov 2022,5
109841,Amit Mandal,Ir was a good experience,04 Nov 2022,5
109841,VAMSI KRISHNA,Good,02 Nov 2022,5
109841,BinilKB,"Location -❤️
Budget friendly 👏",30 Oct 2022,5
109841,VAMSI KRISHNA,Nice,27 Oct 2022,5
109841,MANIKANDAN M,shower was too good and late check in was easy ...,25 Oct 2022,5
109841,Nagaraju,Good and satisfied.,14 Oct 2022,5
109841,Sravan Kumar,"Good location, rooms are good",11 Oct 2022,5
109841,Swastik,It was awesome experience.,11 Oct 2022,5
109841,Srujana,Good service,07 Oct 2022,5
109841,Sarthak VShetty,Smooth check in... Room was nice,06 Oct 2022,5
109841,Shiva Shankar,Good facility clearness . And staff will give a good response to customer .,04 Oct 2022,5
109841,Kevin,They doesn't have towels and we have to follow up 3 to 4 times to get the towel... And the bedsheet and blanket were not clean.,04 Oct 2022,5
109841,Susheel Nair,The check in was comfortable and quick.,02 Oct 2022,5
109841,Bala,Great stay,28 Sep 2022,5
109841,swamy,"Good staff ,clean",26 Sep 2022,5
109841,Akash,It was very good and ghonchu yyhj,25 Sep 2022,5
109841,Naveen,Nice,18 Sep 2022,5
109841,Bhuvan Reddy,Nice,15 Sep 2022,5
109841,916309895178,Good,14 Sep 2022,5
109841,Abhinav Singh,Stay was good. Room was clean.,14 Sep 2022,5
109841,Pragati Nanda,Great experience! Really good and clean rooms. Contemporary design. Also the location is great! So many dining options nearby. Loved the stay!,13 Sep 2022,5
109841,anant Prasad,"It was a good stay with this hotel, staff were good expect on fellow guy..",08 Sep 2022,5
109841,Harsha M,Good,05 Sep 2022,5
109841,Naveen,Nice,01 Sep 2022,5
109841,Satish,"Awesome received,best cleaning, comfortable bed and water bottle also provide from you, super satisfaction, overall good",27 Aug 2022,5
109841,Sujoy Mukherjee,Great,23 Aug 2022,5
109841,Suyash Prakash,Nice room,11 Aug 2022,5
109841,pallapu Radharao,Good staff and maintenance also good,31 Jul 2022,5
109841,Pretty,"Rooms are neat, but food is average,  services are good.",24 Jul 2022,5
109841,Raushan Mishra,Everything is excilent,24 Jul 2022,5
109841,Naveen,All good,24 Jul 2022,5
109841,Aavinaash Kamath,The property is well maintained and managed . The staff is well trained,23 Jul 2022,5
109841,SHASHIKUMAR H,none,19 Jul 2022,5
109841,P Hemanth,Very good clean and neat rooms food is also available in the hotel,18 Jul 2022,5
109841,muni raju,it was a nice stay like it,12 Jul 2022,5
109841,Prajwal Devadiga,Good stay! clean room.,09 Jul 2022,5
109841,Shanwaz Shaikh,Location,07 Jul 2022,5
109841,Arjun,good,06 Jul 2022,5
109841,K PRAVEENKUMARk,nice room,01 Jul 2022,5
109841,ARAAV ROY,excellent,29 Jun 2022,5
109841,Nihal Sharma,Good,28 Jun 2022,5
109841,karthik b,good,28 Jun 2022,5
109841,sardar Balbir,This hotel was at very prime location and room was also clean and staff members were helpful as well though lift was not working smtimes,18 Jun 2022,5
109841,B..raj ..Ali.,good room good service,17 Jun 2022,5
109841,Shiva,none,11 Jun 2022,5
109841,Rishi Raj,Royal Keys- For a royal stay..The ambience and the vibe was really good.,07 Jun 2022,5
109841,Aditya Raj,Room was clean and staffs were cooperative. Food was also good. Hotel was close to CMR institute of technology.,24 Apr 2023,4
109841,Rishi Maheshwari,Stay was good staff was friendly the only complaint is the food the in house restaurant has bad food but there are many other option nearby within 10-15 min try just paratha and asha which are within 10 min walk but don't eat restaurant food it is literally garbage without zero food quality,24 Apr 2023,4
109841,Alfred Dcruz,"I had a wonderful experience at the (OYO ). Every staff member I encountered, from the valet to the check- in to the cleaning staff were delightful and eager to help! Thank you! Will recommend to my colleagues!",20 Apr 2023,4
109841,Suresh Mallichetty,"Room was good, staff was soft spoken",14 Apr 2023,4
109841,Moksh Sharma,"Clean hotel, with supportive staff. The food from hotel’s Dalchini restaurant is bang for your buck.",30 Mar 2023,4
109841,Dhananjayan,"Room cleanliness need to be improved than the current situation.. food delivery to room should be within 20 mins, currently it takes more time",03 Mar 2023,4
109841,Sindhu,TV was not working. Rest all were good,20 Feb 2023,4
109841,917975673079 Shagil,"The stay was good, and the place was clean and hygienic, but some of the things were not working like wifi and bathroom has broken tiles",11 Feb 2023,4
109841,jawahar,Good,09 Feb 2023,4
109841,Shubham,Room was spacious but walls were not good,03 Feb 2023,4
109841,koustubh tengshe,Property is in good hands. Maintenance work is in progress. Still reception ensures everything is intact.,30 Jan 2023,4
109841,Vikram PASubhashKrishna,Room is very nice. But blankets are dirty.,21 Jan 2023,4
109841,BANDREDDY Jagadeesh,First thing I liked about the hotel is privacy and the location of the hotel you will get everything nearby.Go for it,18 Jan 2023,4
109841,Arindam Patra,"Good Hotel, Facilities we’re good. 
Located at a very good place , accessible from everywhere.
Room size was also good.",16 Jan 2023,4
109841,Raghunath Pradhan,"Room was neat and clean and the staffs were over well behaved, good experience.",13 Jan 2023,4
109841,DASARI TALPA,Had a good stay and clean and neat,09 Jan 2023,4
109841,Umar,Clen and nice stay,01 Jan 2023,4
109841,SagarReddy,Decent place to stay in good locality,28 Dec 2022,4
109841,Manish,Pretty good maintained for the budget,26 Dec 2022,4
109841,Ambrish Ambi,Good,19 Dec 2022,4
109841,Anik,Rooms are spacious and clean with a nice sureounding around..the staff is rly cooperating nd helpful and the market place is rly near to.the hotel just into.the walking distance ..though some cockroaches are there in th room which needs to.be taken care of immiediately as its not good for sanitisation.,16 Dec 2022,4
109841,Anik,The hktel was good but pillow covers needs to.be cha ged the staff was good nd cooperating a nice hotel nearby the market area where you can f8nd everything nd have access to.many places nearby the loaction was also giod but as per tge hygience point if view there were few cocroaches were also sating eith me un rhe same room which is not good at all....,15 Dec 2022,4
109841,Anik,The room was good with good staff arpund but the only thing which needs to be improved is thr pillows ...... they needs to be changed..,12 Dec 2022,4
109841,Parv,Respectable hotel. Respectable hotel. Respectable hotel. Respectable hotel. Respectable hotel. Respectable hotel.,03 Dec 2022,4
109841,sanjay,nice hotel,30 Nov 2022,4
109841,Madan,Good to stay,21 Nov 2022,4
109841,Shivanand Acharya,"Hotel is good, need to maintain cleanliness. Room service is poor. Bed spread n sheets are not washed properly. Could not get replaced as laundry issues.
Basic plates and glasses not available.",18 Nov 2022,4
109841,sandeep Ramakrishnan,Good one for best price!.,16 Nov 2022,4
109841,chandu kumar,Hotel is gud but restaurant service is not gud and also out side food not allowed,16 Nov 2022,4
109841,Sai,"Good nice staff big room and good service I will recommend this hotel, check in ND check out is good",15 Nov 2022,4
109841,Vishnu S,"1. Roooms are good, Wifi is slow",12 Nov 2022,4
109841,Sushant Dembla,A decent hotek at a great location. They can improve the room service by providing on-demand hot water for drinking or keeping electric kettle in the room.,29 Oct 2022,4
109841,Biswajyoti Sahu,Room is good but service won’t be provided until you asked for it. Ordering food from hotel is bad idea.,27 Oct 2022,4
109841,Pushpa Group,It was clean n tidy safe place for couples 😊,23 Oct 2022,4
109841,MANIKANDAN M,They recived me without anu issues even when it was 1 am in night,20 Oct 2022,4
109841,Anil Kumar,"Nice stay, but they charged for plate and didn't provided complimentary breakfast",12 Oct 2022,4
109841,Kiran,"It was nice stay, neat rooms, supportive staff",25 Sep 2022,4
109841,Chaitanya,"Nice hotel, good stay staff are cooperative,  but the price is a bit high. Nice location have parking.",25 Sep 2022,4
109841,pankaj nage,Good,24 Sep 2022,4
109841,Anil,Well maintained,12 Sep 2022,4
109841,Ashwin Thumar,itu2019s not good hotel for aged n physically challenged personlocation n interior of hotel.reception access not comfortable. with heavy luggage leg I need to pistep up till 2nfloor to approach reception,27 Aug 2022,4
109841,Al Ameen,"Room is perfect
Spacious room
But bed sheet and pillow cover and towel are old 
If these are new it's better.",25 Aug 2022,4
109841,Sushma,Room maintenance us good but staffs made us to wait and they didn't keep ready before or checkin,24 Aug 2022,4
109841,Haseeb cp,Room is good but the bathroom need to be little bit cleaned,23 Aug 2022,4
109841,MAHESHCHANDRAN,Was very clean,23 Aug 2022,4
109841,Nikhil,Room is nice...receiving and the way of staff respond is nice,22 Aug 2022,4
109841,Ambrish Ambi,All are good better to stay,12 Aug 2022,4
109841,T Kiran,Everything is good. But bed sheets and bed is not cleaned,03 Aug 2022,4
109841,Vishnu S,Worth the price. Decent rooms.. no food provided. Hygienic to an extent. Overall stay was peaceful ..,01 Aug 2022,4
109841,Balaji,"Good and neat property. Excellent rooms!  Room service was good. Basic things that are usually complimentary were missing, like mineral water, clean towels, etc. I had to ask for bathing soap and towel and it was not that clean for a white towel. They don't seem to clean the room daily. Bed sheets could look better, when white sheets are used. Plenty of scope for improvement.",22 Jul 2022,4
109841,Shubham Pawar,Out side food was not allowed,20 Jul 2022,4
109841,Krishna Reddy,Better place,18 Jul 2022,4
109841,Chethan SR,Room could have cleaned better,13 Jul 2022,4
109841,Vishal Juwale,The only issue is they don't allow outside food. that is bummer.,06 Jul 2022,4
109841,SISINDRIKL KUMAR,no room service,06 Jul 2022,4
109841,Bishwajeet Singh,location,03 Jul 2022,4
109841,Shaya,nice,29 Jun 2022,4
109841,Devansh,Check in was very smooth. Room is ok. Washroom jet is not working. A little more cleanliness is expected especially considering the price,21 Apr 2023,3
109841,Anand Kumar,Room was good but they told to pay extra amount,12 Apr 2023,3
109841,Divesh Kushwaha,Today will continue share booking link for today. Need pest control and maintenance for water supply valve,04 Apr 2023,3
109841,NavajyothMS,Bathrooms and bed sheets are not clean. Wifi connection speed is very. Not suitable for work from home.,12 Mar 2023,3
109841,Bijit Biswas,"Room was spacious, there is a big window north facing which I liked the most, a lot of plug points,

Few things I didn't like : no towel provided, bed metress was not good (spring mattress which will cause back pain) toilets were not that clean. They won't provide water all chargeable. Outside food not allowed, they will charhe money to get a plate and spoon:(",16 Feb 2023,3
109841,Harish Tyagi,"Hotel location was really good, walking distance to my work location however the facilities were average",01 Feb 2023,3
109841,Nikhil Dwivedi,"Room was below average. Room was not how it looked in the picture. It was much worse. Water was not coming in bathroom, rooms wall was in very bad condition",11 Jan 2023,3
109841,Narenpendem,Hotel was good but not maintained well,11 Jan 2023,3
109841,SiddhantSingh,The towel provided was torn. The bed sheets and pillows had stains on them. The wi-fi was very slow could not work out of the hotel room when needed. There no channels available on the television everything was blocked because they only had the free channels,13 Dec 2022,3
109841,Jeevan,The bed sheet and pillow covers are look like not changed for so many days it’s smelling and tv is deactivated waste of money,12 Dec 2022,3
109841,Priyanka,none,29 Nov 2022,3
109841,mo Abbas gori,Good,29 Nov 2022,3
109841,Bharath Kumar,For me room no 102 looks like average and bad smell is coming from washroom the pillows were not nice full of hair...and better choose other options and they charged extra money when I check in one hour early but according to Oyo rules it is complimentary but they charged 200 for one hour early check in ....stupids,26 Nov 2022,3
109841,pradyumna mahapatra,Bathroom door was stuck. I have been here for 2 times and both the times bathroom door jammed.,07 Nov 2022,3
109841,Jagadeesh Kumar,"Room is ok and spacious but not cleaned properly including washroom
Blankets are old and used .okay for 1 night stay",06 Nov 2022,3
109841,Madhu,Decent place to stay food is not good and called hotel service people 5 times to get the local channels available people are bit lazy,18 Oct 2022,3
109841,Santosh Gareri,I found location wise it's good but the Hotel AC was not working regularly. Apart from it bathroom shower was not good along with bathroom as whole was not okay. I found there were no glass to drink water or any beverage. The electric Kettle should be there for hot water. I have been no. Of hotels in banglore there i usually have seen this.,13 Oct 2022,3
109841,Vishal,"Bathroom was not clean, no glass and plates provided",29 Sep 2022,3
109841,Sai,"No towel , no clean pillow covers and bed sheets, nothing provided",25 Sep 2022,3
109841,Arun Sheelvant,Room was good & clean as well,17 Sep 2022,3
109841,sumera,No clean pillow covers,15 Sep 2022,3
109841,adem sandeep,Room was good.No breakfast. Shampoo and dental kit not available. Bedsheets could be cleaner.,12 Sep 2022,3
109841,Kumar Abhinav,"The receptionist told me that no rooms available although i have confirmed booking 10 days ago, then after discussion they agree to give me room and then hygiene is not maintained, there were hairs on pillow and sheets are little dirty",11 Sep 2022,3
109841,Rohit Singh,was good but pantry was not better,10 Sep 2022,3
109841,Arun CR,Good,10 Sep 2022,3
109841,HARSHA HARYANI,"Breakfast though mentioned in amenities, is not complementary. Wifi is really bad. Staff is low.",08 Sep 2022,3
109841,Rahul,Towels were provided after 10hrs of check-in. Asked water bottle at 10:30pm but not provided.,04 Sep 2022,3
109841,Sajith,Bathroom doors were not in good condition,03 Sep 2022,3
109841,AsishBehera,"Room and ambience was good, but there were 2 single mattress in a large bed, and that was annoying",03 Sep 2022,3
109841,Kshitij MallVishen,They did not provide complementary breakfast.It was included in the bill but they did not provide it.,02 Sep 2022,3
109841,Vishwjeet Redekar,There were lot if cockroaches in my room even after repetitive complaints no solution.,28 Aug 2022,3
109841,Chandrashekhar Lokhande,Service is very bad... Dirty room & washroom..,26 Aug 2022,3
109841,Vidyasagar,Maintenance is not good and food service is not available,23 Aug 2022,3
109841,S J,Not a great place to stay,20 Aug 2022,3
109841,Atishay Gupta,I didn't like the service,16 Aug 2022,3
109841,koustubh tengshe,Location.Hygiene nBed bugsnCleanlines,29 Jul 2022,3
109841,Ram Paul,Except uncleaned towels and mattresses everything was okRoom was excellent. Towels and mattresses were totally uclean. Only soap for handwashing and a bottle of water were provided. Nothing else.Mentioned above,26 Jul 2022,3
109841,Tabrez,Good but very crowded place,25 Jul 2022,3
109841,Arun Jothi,no water in the morning,17 Jul 2022,3
109841,Abinash Sahu,"Not value for money.No breakfast.Need a refund for breakfast..Nothing as per expectation.There is no breakfast given for all 5 days.No bedsheet change, no hot water facility, internet is slow",16 Jul 2022,3
109841,Nikhil,No hot water...,10 Jul 2022,3
109841,Piyush Gaikwad,"For 1 or 2 days the stay will be fine. If you wanna stay for long duration then this might not be suitable for you. Rooms are very big and clean, pillow covers and bedsheet also ok. Staffs are very supportive. Location of hotel is perfect. You can access all important things like restaurants, supermarket, street foods , local shopping, medical, nearest city bus stop by walking distance. Parking facility is there.👍🏻 now comming to cons, wifi is so pathetic even sometimes whatsapp msgs couldn’t delivered. Hotel restaurant is very unhygienic. For TV only few channels are working, initially it was innactive for first 2 days. After multiple request they fixed it. Bathrooms smells like gutter sometimes. Buckets and mug is also durty. If you dont have any choice go with this hotel.",19 Jun 2022,3
109841,Parthiban K,While switch on AC lot’s of dust came out. There’s no toilet kits. wifi signal is low,12 Jun 2022,3
109841,Sridharan P,"Ac didn't work well, bathroom lights didn't work, tv didn't work, room walls are like damaged",16 Apr 2023,2
109841,Bhaskar Patange,"shower has leakage problem. 
cleaning can be improved. 
Insects were present in the room. 
bedsheets was dirty and tored.",10 Apr 2023,2
109841,Sujith S,Room and bathroom weren’t neat and clean and bed sheet was torn.,26 Mar 2023,2
109841,Dhyey Savalia,"Rooms were messy, no proper cleaning and hall way we're always full with waste plate and dishes",14 Mar 2023,2
109841,Antony PRaphael,"No proper maintenance..rooms were dusty with cigarette smell, bed sheets were unclean, lifts were not working, bathroom shaver was not working..",08 Mar 2023,2
109841,Kiran kumar,The hotel taps are not working. The rooms are not properly maintained,06 Mar 2023,2
109841,Mariam,"No ACC , dirty bed and smelly room with loads of dust on windows dirty blankets. Worst expi ever",01 Feb 2023,2
109841,EASHAN BHATTACHARYYA,"Bedsheets were not clean, very old and cockroaches were seen",03 Jan 2023,2
109841,Manonit Agarwal,"The hotel location is very good. The reception staff was extremely rude to start off. The rooms were decent size but with bad infrastructure. Bets were not very good. Rooms were extremely dim with bad lighting. Just 1 dim yellow light was working in my room. Bathroom smelled. Though, there was hot water all the time. Would not stay here again.",18 Dec 2022,2
109841,Abhishek kumar,TV was not working and also bathroom was not cleaned properly.,13 Dec 2022,2
109841,SIDHARTH Sidhu,"1) In room A/C is there but remote not there 
2) tv is there but no recharge
3) we went as couple but got single towel",07 Dec 2022,2
109841,Ujjwal Kumar,"Hotel staff not so friendly gesture, AC not working at all,",10 Nov 2022,2
109841,Muthuvel B,Very average experienceGood location.The staff were not Welcoming and courteous. The room was not cleaned until I had to remind after 3 days.nnExtremely poor Wifi and cleanliness is very bad. Even the basic requirements such as WATER had to be asked for repeatedly and they weren&#39;t provisioning it nor arranging it at common place for the guests to use.,03 Nov 2022,2
109841,Sumit Kumar,He provide room after 30 min waiting . I reached there at 2 pm .,07 Sep 2022,2
109841,Pasupathy Narayanan,Location is good. Rooms are good.  Toilet was clean.  All accessories were working well. Hotel is cheaper than many others near by.  Value for money.These guys should be teachers before joining here.  Asked lot of questions.  He kept asking me for the booking number even after handing him over the hard copy of booking.  nnBlankets had some holes and stains,08 Aug 2022,2
109841,john,price was more than it shows in oyo app,11 Jul 2022,2
109841,Venkat,Ac is not working room was bad smell . Staff behavior  is good,05 Jul 2022,2
109841,Shaik Khaja,Only location.Cleanliness,28 Jun 2022,2
109841,Soni Samir,"Not clean , staff not good and supporting.Cleanliness and staff behavior",28 Jun 2022,2
109841,Arun MA,none,27 Jun 2022,2
109841,Pushkar Deshmukh,"Found Bedbugs in the mattress
Bathroom shower and taps were not dispensing water properly",06 Jun 2022,2
109841,Satish,"Demanded so much money for early check in I paid.
No room cleaning for 3 days.",25 Apr 2023,1
109841,Bhaskar Patange,"Insects were there.
bedsheets was torn and old.
shower has leackage problem.
Dark room with minimal light.
i won't recommend for family",11 Apr 2023,1
109841,Shrikant Reddy,"Tv not working, leaking bucket in bathroom, no towel provided , chair is very dirty",01 Apr 2023,1
109841,Hema Harish,"Stayed for 5 days no room cleaning or service 
Bed sheets not changed",20 Mar 2023,1
109841,Srinivas Mangalagiri,"Very worst hotel I ever see. in the bed full of bedbugs and ac is not working, Room smell like horrible",24 Jan 2023,1
109841,Sanjana Ghosh,Only the location.Everything other than the location. No Wi-Fi. Not helpful staffs. Restaurant staff last are rude. No drinking water glasses provided even after requesting them.,09 Jan 2023,1
109841,Hari Vardhan,"Location only nothing else positive.Was forced to pay extra since there was a difference between their tarrif and booking. Com tarrife while checkin, nDidn&#39;t provide basic Ammenties like towel&#47;soap unitill we ask.. Even the buckets in bathroom was broken",08 Jan 2023,1
109841,pradyumna mahapatra,They charged extra and told owner has told us room rent is at least 1500. I already paid through app by using all offers still they charged extra. And told if don't want to stay then leave and the amount i paid is nun refundable. And they hadn't informed us earlier about the hike.,08 Jan 2023,1
109841,Natesh G,"Expensive. Bedsheets were dirty, no proper maintanance",30 Dec 2022,1
109841,Kaustubh Patil,"The bathroom was not clean. It lacked basic amenities and the stuff inside was not clean like bucket, mug, seat. The hotel staff was adamant, charged me rs 500 extra fot 2 hours early chekin without providing bill.",20 Dec 2022,1
109841,soumya chatterjee,Door does close .. pathetic staff behaviour.  AC does not work.. tv remote does not work,02 Dec 2022,1
109841,Lino Paul,Nothing.During check in they are asking more moneynWhy booking.com is associated with such a hotels ??nOnly advantage - locationnDisadvantages - everythingnDon&#39;t prefer this hotel ( based on my experience),14 Nov 2022,1
109841,Antony David,"Very bad bed sheet....uncleaned room...bad bathroom, reception staff is very bad...",13 Nov 2022,1
109841,vivek vivek,They said they don't have towel and soap,16 Oct 2022,1
109841,Jisha,"I had a very bad experience with the hotel.The rooms were not clean..there were beer bottles in my room.
No good service...noone to guide.... and i had asked for early checkin,each person was telling different rates...overall it was a bad experience...i will not recommend this hotel as there are various other good hotels in same price",08 Oct 2022,1
109841,Vishnu divakarN,Room was not clean.. bed sheets were dirty.. toilets were not clean.. don't stay at this place,19 Sep 2022,1
109841,Amal Jose,Poor hygiene. Poor service,18 Sep 2022,1
109841,Vatsal Shah,Bed bugs in the room. The room was allotted to me even after the hotel staff knew there was a problem of bed bugs and cockroaches. Breakfast not provided even after free/complimentary breakfast was mentioned in my booking receipt.,10 Sep 2022,1
109841,Imran,Cleaning boys talks rudly and also not given the towel worst service they give,09 Sep 2022,1
109841,Sudheer,"When I checked in , Rooms are not clean . And too smelly . Washroom not cleaned properly and asked for room service again .",09 Sep 2022,1
109841,pradyumna mahapatra,"They are charging money for water. No towel, soap, any hand wash or nothing in room. For dish and spoon they are charging also. But water also chargeable in hotel. Ridiculous. Worst experience ever.",04 Sep 2022,1
109841,Ayush,Complimentary breakfast was not given,01 Sep 2022,1
109841,Manish,"Hotel room was okay only, tore-up bath towel was provided. Food was not good. Bedsheets were not clean.",01 Sep 2022,1
109841,Nandu,"Very worst maintenance by management. Unhygienic rooms every where cockroaches and insects & spiders in bedroom & bathroom. AC not working, TV not working , when we asked to change the room reckless and careless unprofessional answers by front desk. It will be a nightmare for families.",17 Aug 2022,1
109841,Gopi,worst service in this time... really I felt very bad,01 Aug 2022,1
109841,amit ghaste,Location was good.The bed was not clean. There were bed bugs,27 Jul 2022,1
109841,AMIT Kumar,it's the worst hotel i have ever stayed.,21 Jul 2022,1
109841,Ananthapadmanaban,I booked oyo online and when I reached there they said they have no tie up with oyo  didn’t get my refund I want my money or I’m going to consumer court for justice,18 Jul 2022,1
109841,gokul,"I had stayed there for 8 nights, there were no room service for days. The washroom and room were unpleasant compared to the rate they were charged for nights. Also they were no tv services on. Overall, I felt dissatisfied because I came to this OYO according to the rating and reviews they shared on the site.I wouldn’t recommend this place whoever staying for more than 2 nights.",18 Jul 2022,1
109841,Ankita Singh,"if roooms are not available then  why you showing in available , just wasting of time",16 Jul 2022,1
109841,L Nithin,damage in room water leakage,07 Jul 2022,1
109841,Amarnath Mathaiyan,Rooms were not properly repaired and breakfast is not there,05 Jul 2022,1
109841,Sandeep,Poor room quality...bad bags is there in room,03 Jul 2022,1
109841,Ambali Archana,Had the booking confirmed through this site but the front desk person sitting at hotel just refused to give the room and asked for more money. He kept saying that the room can&#39;t be provided at the rate given in this site and to pay extra money. He was thoroughly unprofessional and asked me to leave the room and cancel booking even though I was a solo woman traveller.nThe other staff were alright but this one person was extremely arrogant and he was demanding more than double of what is given in this site. Not sure of this guy&#39;s name but a very lean and rather small looking guy. My worst experience ever at any hotel.,01 Jul 2022,1
109841,Madhumitaa Srinivasan,We had requested for 30 mins of additional time for checkout but they didn&#39;t agree and kept our luggages out before we reached hotel.,16 Jun 2022,1
109841,Shilpashree Halder,"horrible checkin experience, no soap given for handwash, only one litre drinking water given for 2 people and no Aquaguard also to get a refill. staffs are horrible... we were told if you don't come at 12pm dot, you booking might get cancelled even it's fully paid. AC was not working, even staff couldnot fix it.. 1512 paid for a very cheap room. horrible... not recommended at all.",15 Jun 2022,1
109841,Krishan,none,09 Jun 2022,1
109841,Sagar Rawal,I faced soo much problem seriously in this hotel. The room they provided me that room is seriously very dirty and every where having very bad smell in that room.,02 Jun 2022,1
109841,Obula Reddy,management is not good,01 Jun 2022,1
