hotel_id,user_name,review_text,date,title
110292,Chaithanyasai,Good,19 Apr 2023,5
110292,Azeem,Room was awesome and hotel is good staff members were good treated us in good way. We have good food facility options as well. Iverall good exp,21 Mar 2023,5
110292,Hema Chandra,Nice room but shower is not working,13 Feb 2023,5
110292,Manjunatha M,Very good,15 Jan 2023,5
110292,pankaj pankaj,The room was good and cleaned,02 Jan 2023,5
110292,Vishal Mhatre,Very good hotel with food,28 Dec 2022,5
110292,Ayush Shrivastava,Nice room,18 Dec 2022,5
110292,Kunal,Hotel room is very good and location is also good only problem is that he is charging extra money to stay in hotel,15 Dec 2022,5
110292,Dhanaraj,Hotel Guys charged me extra 700.,03 Dec 2022,5
110292,Anirudh Kumar,"Staff was good room were nice neat and clean they had provided good services at all

Thanks team for your support",02 Dec 2022,5
110292,Akshuth Reddy,Nice view in balcony,01 Dec 2022,5
110292,Sachin S,Room was good and the staf behaviour was impressive. Hotel food is good as expected and i will recommend others to stay in this hotel. Overall very good experience,28 Nov 2022,5
110292,Venki,"The rooms were clean, very comfortable, and the staff was amazing. The rooms were clean, very comfortable, and the staff was amazing. They went over and beyond to help make our stay enjoyable. I highly recommend this hotel",21 Nov 2022,5
110292,Pranshu Sharma,Amazing,16 Nov 2022,5
110292,Venki,"Great location, really pleasant and clean rooms, but the thing that makes this such a good place to stay are the staff.",13 Nov 2022,5
110292,Ashutosh Agrawal,"Smooth check-in experience, clean room",12 Nov 2022,5
110292,Avijeet Das,Everything was good,09 Nov 2022,5
110292,Vamsi,"Excellent service, good communication, cleanliness room",05 Nov 2022,5
110292,Rajeshkumar reddy,"Nice rooms, good service",17 Oct 2022,5
110292,Ashwin Kugan,AC not working properly,17 Sep 2022,5
110292,Vasudha,This was good,16 Sep 2022,5
110292,Sai Kishore,It's good place to stay,14 Sep 2022,5
110292,Deepak,"Rooms is very nice,food is good environment is also good and services is nice",10 Sep 2022,5
110292,vasu naik,Room was neat and clean,05 Aug 2022,5
110292,SUGANTHAN,Good location and eateries ate very easily accessible.,03 Aug 2022,5
110292,Soumik Mukherjee,Initially they were not provide the room in complementary price after Customer Care support they provide complementary price they provide room .Food is awesome,27 Jul 2022,5
110292,Bhupendra,Good hotel friendly staff neat ad cleam,26 Jul 2022,5
110292,Satish Kumar,Great Facility provided by Hotel,20 Jul 2022,5
110292,Sonu Kumar,Enjoy,14 Jun 2022,5
110292,Hemanth,Nice not bad,27 Apr 2023,4
110292,Nikhil Pavithran,"Room and service was ok but , i am absolutely disappointed with oyo service. Will never ever book from oyo. Worst customer service...",12 Apr 2023,4
110292,ShahnawazShahid,"It was a very good experience staying in this hotel. The staffs were well behaved and all the amenities were provided during the stay, room was clean and hygiene was maintained. Also, the location of this hotel was very good and easily accessible from market.",09 Apr 2023,4
110292,KG SUBRAMANIAN,Over all good place to stay..Location is very good.Need room service person(s)..,25 Feb 2023,4
110292,Nikita Panda,Every thing is so good location room behaviour but they will charge extra room for 1500 we booked from 1000 we have to pay extra 500 so it's better book offline Oyo app no use nowadays,15 Feb 2023,4
110292,Sohail khan,Nice,16 Jan 2023,4
110292,Madhusudhan BM,Rooms were neat and clean... It has got nice hotel attached... Food was really good.. Oyo team need to listen to hotel concerns...,16 Jan 2023,4
110292,Binshad Ashraf,"The location is fine.
Easy to reach ITPL.
Get all type of goods.
Hotel denied me with the payment done via Oyo.
An additional 1200 had to be paid.",13 Jan 2023,4
110292,Js Bharath,Charging extra amt than online price,27 Dec 2022,4
110292,Binish,Good,21 Nov 2022,4
110292,Padmarao,"It was good , room was very clean and neat , reception person answerd my question very clearly , nice",18 Nov 2022,4
110292,Amruth,Good place to stay and food was good.,18 Nov 2022,4
110292,Neha,The room was clean,07 Nov 2022,4
110292,Irshad,"It's nice to stay here. Plenty of food options available around this hotel. 
One thing I understand that OYO app is useless as it gives discount to user but will not pay that money to hotel. After reaching the hotel, they deny to check in with the price you booked. Either you pay the remaining amount or check for another hotel.",11 Oct 2022,4
110292,Prasad,Average  rooms are not good they provide small room and that too rooms are not cleaned.  if we ask to change the room means  they're asking for extra money..,14 Sep 2022,4
110292,Irshad,Overall nice stay. Things were good not as per latest reviews. Evening time hot water was not available to me but receptionist said that need wait for long time to clear the existing cold water in the pipeline.,14 Sep 2022,4
110292,Hareesh raj,Near to the main road.. Good service,21 Aug 2022,4
110292,Sudarshan K,"Good for the money you pay for a dayQuick check-in, services offered &amp; the quality of rooms.Location of the property was worst, no proper parking.",15 Aug 2022,4
110292,lasya,The hotel was good but the owner asked for extra 400/- for early check in,14 Aug 2022,4
110292,Sanjay,"Room is good but tv not connected.
Housekeeping was not good because  bedsheet not available for change during four day.
Please start breakfast facilities in room",03 Aug 2022,4
110292,Ikramhussain,Good room but there was no amenities,29 Jul 2022,4
110292,Suresh More,Very nice property,25 Jul 2022,4
110292,Vinay Kumar,good experience 🙂,16 Jul 2022,4
110292,Samir Gadaily,Location.Location,22 Jun 2022,4
110292,Sai Teja,Good,03 Jan 2023,3
110292,MK AND,"I booked hotel after confirmation for extra time Oyo call agent confirm for 0 to 30% extra charges, for extended time , but hotel manager told me to pay 100 rupees for each n every hour.which was really disappointing. So i didn't extended my booking",22 Dec 2022,3
110292,Rishi Makde,"Hostal rooms were average no room service and no fan but AC was there, no telephone for any kind of room service, you have to go to the reception by your self to resolve any issues",18 Oct 2022,3
110292,Abdul,Room is good and poor service.,11 Oct 2022,3
110292,Chandan,Room not good. Very congested,04 Sep 2022,3
110292,Shravan,No dental kit provided,29 Aug 2022,3
110292,Raveesh Kumar,Costly,22 Aug 2022,3
110292,Rohan Chinchkar,"Room and washroom infrastructure were good but dustbins were not provided. Also, room-service is not available. Otherwise stay at this place was quite good",15 Jul 2022,3
110292,Chandra,no room service,01 Jun 2022,3
110292,AmalRaj,They changed extra 800 per Day,25 Apr 2023,2
110292,Sai Reddy,They have collected extra money to stay after online payment and there is no refund for cancellation,06 Apr 2023,2
110292,Amit Reshmi,No TV at room and water problem no not water in bath room,06 Mar 2023,2
110292,Kiran,Collected extra amount while check in,18 Feb 2023,2
110292,Venki,"Worst experience ,I booked on the Oyo app When I went to check in, they asked for extra money He said that otherwise we will not allow, ac also is not working bad wifi not working",09 Feb 2023,2
110292,Rajesh,The hotel are asking extra money for check in and also saying that if u want rooms u should not book from Oyo u should come directly to hotel and book rooms this type of issue my family face regarding this hotel becoz of u my family waited for 3hrs and discussed with customer support,05 Dec 2022,2
110292,Afreen,Not good not stay,27 Oct 2022,2
110292,Katyayni Banerjee,Average place with average service. The worst part is they ask for extra money for check in. Extremely greedy people.,01 Oct 2022,2
110292,Ayush Kaushik,"They are charging extra, worst hotel I've ever seen.",29 Aug 2022,2
110292,Venkatesh Bhat,Not well infrastructure,27 Aug 2022,2
110292,Dilesh,Denied the price in the oyo app and asked for extra money,01 Aug 2022,2
110292,Ajay,"Great place, nice and clean rooms but were forced to pay extra, higher than the pre discount price on the app too.
And was asked to call the customer care too raise the dispute but we didn't because we were in no state to fight and travel to another place.
Such disgusting behaviour.",25 Jul 2022,2
110292,Aniket Prajapati,telephone line not working to contact reception,27 Jun 2022,2
110292,Mayank Singh,none,16 May 2023,1
110292,Sourabha Vishveshwaraiah,"Very very badNothing.Bedsheets were not clean. Looks like it was not washed at all. Very dirty, didnt feel like sitting on the bed also.",26 Apr 2023,1
110292,919398929338 Reddy,Worst rooms not well maintained TV is not working Ac water is leaking inside & we have booked the room in Oyo for 900 change they are saying that we have changed the price from 900 to 1500. They are not giving food response. I prefer not to go that hotel,25 Apr 2023,1
110292,Shashank Pandey,Room were so dirty and even bedsheer were burn and dirty,25 Apr 2023,1
110292,karthik,"They denied the OYO booking and charged me INR 1200 ,and they didn't gave me time also to reach out to customer care .they deliberately did this fraud 🤥",24 Apr 2023,1
110292,THOTA SUBRAMANYAM,They have charged double the amount shown in app while booking. Very rude staff,21 Apr 2023,1
110292,Antony.pj,none,16 Apr 2023,1
110292,Pavan B,"Hotel owner and manager Demanded and Charged extra money while checking in, threatened to deny room if not paid. Also room was not cleaned while checking in and denied to clean even after complaining multiple times. Oyo is helpless in resolving issues in the hotels. None of the hotels registered with Oyo provide rooms without charging extra money while checking inspite of very poor quality and service.",15 Apr 2023,1
110292,Abishek Kumar,Service id not good. We stayed at this hotel for three days. Not even single person com to our room for cleaning. They not given us a water. Important matter they asked for extra charges to us.,12 Apr 2023,1
110292,Chethan Karkera,"No bath towel , TV doesn't work , no fan . Unclean room . Poor wifi connection 😢",09 Apr 2023,1
110292,Rupesh,"AC and TV not working.
Fan not fixed.
Charged extra 800rs.
Already informed and escalated officially and waiting for refund.",19 Mar 2023,1
110292,A Biswas,Not worth and charged a lot. Not a hassle-free check-in as they claim,18 Mar 2023,1
110292,Gollapalli Pratyusha,"The washroom lock is not proper
door lock is not proper
they haven't provided the room at the cost i had booked. Room is not neat",14 Mar 2023,1
110292,Sam,"Worst experience ever. Very Disappointed. Please never ever stay in this hotel. 

1. Bathroom door broken and door knob comes off.
2. Bedsheets are unclean and dirty.
3. Water not coming in Tap.
4. Wifi not working.
5. Unclean room.
6. No room service.
7. Toilet flush not working properly.",05 Mar 2023,1
110292,BASIL JOSEPH,"Not as per the photos in Oyo, very poor approach, non standard rooms, not hygienic, not recommended to anybody",28 Feb 2023,1
110292,Dilip Kumar,They asked to pay extra amount for room,24 Feb 2023,1
110292,Aditya Aditya,"The property manager didn’t give room and demands extra money
And also oyo customer care is not helped us we had terrible experience",15 Feb 2023,1
110292,Anirudh Kumar,They asked 734 extra to pay and I had a word with customer care they told you pay the extra amount and take a bill from them we’ll refund it and I did the same but till now I didn’t get any refund as per customer care promised.,05 Feb 2023,1
110292,ramkumar,In oyo the amount showed as 569 but the hotel said 1300 that too after 12:00pm only. They said oyo raised the rate. So this was old rate. Now rate is 1300 only.then he gave the same amount for 2 hrs stay only.  Dont think oyo is this much worst in service. This was the first time i used oyo. Luckily I won't use oyo again. Soon they will vanish if they provide worst service.,01 Feb 2023,1
110292,Nikhil M,Check - in denied,29 Jan 2023,1
110292,Abhishek Kumar,They had not allocated me room because there is less charge in OYO they told me you have to pay 1500 otherwise we don't have room.,21 Jan 2023,1
110292,Avinaz Prasad,"Not good 
Demanded extra money
Very bad facilities",19 Jan 2023,1
110292,chetan Patil,"When we went into hotel the manager asked more money since
Oyo had changed the amount they were not accepting and Oyo customer care didn't respond worst service oyo",19 Jan 2023,1
110292,Amal Debnath,Extra charge dimand,19 Jan 2023,1
110292,Ambrish Ambi,AC not working.TV not available.electrical cables in open condition.proper parking not available.,09 Jan 2023,1
110292,Sachin,They took extra amount,06 Jan 2023,1
110292,Velavan,Charged extra 1800 per day but in oyo app it's showing 1000..they are telling they are not part of oyo,04 Jan 2023,1
110292,Mayur,"Very bad hotel , literally rats are scrolling on the floor ,couples dont visit please , the experience was worst till date , even they charged more as than oyo",03 Jan 2023,1
110292,Nischinth,In the hotel they charge you extra during the checkin and even room was not same like in the picture and no geyser.,24 Dec 2022,1
110292,Muskan Jha,Very badd service always ask for tips for the service provide by them ..  ther eis no fan in the room.. bathroom always smells... They font provide you  utensils even though if u ask for them..  and by chance if your bed sheet get small stain then u r aked to pay 500 fine,18 Dec 2022,1
110292,Deljo Francis,"Worst opinion about this hotel..
I never prefer this to anyone ....
Staff behaviour 5 star if negative 5 available",13 Dec 2022,1
110292,Teja,They charged extra 1000,12 Dec 2022,1
110292,Amit,"Hotel asked to pay extra, no service, poor staff behaviour",10 Dec 2022,1
110292,Ravi HH,Worst hotel ..I never seen before..don't Stay here...charging extra money after booking .. before,08 Dec 2022,1
110292,Srujana Vadavelli,Very unhygienic and misleading with size of the room not as per photos. Ac not working room is full of mosquitoes,04 Dec 2022,1
110292,Rahul,Room was not so clean like bedsheet was dirty. Room doesn't match with the picture present in Oyo.,29 Nov 2022,1
110292,Shivansh,"Hotel is not so good, receptionist is very rude,they didn't even send the water bottle or any jug for water,I called to oyo manager and after that he conference with the receptionist after that they even did not deliver water,service is bad,in bathroom there is no lock",16 Nov 2022,1
110292,Vineeth G,Never book room hereHotel staff asked additional money and never ever book a room here. You will be in big trouble. AC was not working bed was very small. TV was not working  and overall poor service.Everything,20 Oct 2022,1
110292,Nagaraj chikkmath,"Nothing it&#39;s messy stay no facilities inspeite they charge extra some 600rs + after we had booked through online also they will not consider that price. It&#39;s not at all good for stay.Cleanliness, tv not available inspite paid 1600+ rs per day , poor network connections wifi",19 Oct 2022,1
110292,k hanuman,In app shown 900 to 1000 but hotel management takes 1600 ruppes. I think so much frund going on oyo hotels,16 Oct 2022,1
110292,Ajith,They charged extra money,16 Oct 2022,1
110292,Srikanth,Worrest food n maintainence staff behaviour no proper response,14 Oct 2022,1
110292,Jaya Prakash,"My suggestion is not to go here ..We like only the name UDUPI, that&#39;s all. It doesn&#39;t meet any standards of the original UDUPI. One of the worstest hotel in the city, because of the staff. Only convenient is the restaurant  located in ground floor which is always heavy rush, we have to fight to get our plate.The administration is hopeless. The staff &amp; maintenance team is worst. Lift is not working. There is no cleaning staff in this hotel . Eventhough we followed up number of times in our week long stay, no one ready to come and clean.We have to clean ourself. There is no parking area, simply we have to park roadside. No security. Located in very conjusted area.",11 Oct 2022,1
110292,Santosh,He charge extra of amount,10 Oct 2022,1
110292,Harshad,They are asking extra money,02 Oct 2022,1
110292,Sarath Asokan,Please don't choose this hotel at any situation,29 Sep 2022,1
110292,Mahendravarman,AC not working properly even 16 degree it is not getting chill. Many bugs are around the bed. Parking not available,21 Sep 2022,1
110292,Robin Mathew,"I booked this room for 2500 and i payed the full amount before check in. But when i reached the property they charged me extra 700 for the stay. I payed the amount because i don't have any option at that moment. And also they don't give my any bill for the stay, the property manager told me ""we don't give bill to the customers who book via oyo"".",13 Sep 2022,1
110292,Arun Kumar,"Hotel is good but OYO REFLECTING price and the price they collect both are of different.

If Oyo show's it has 1100 rs it will be 1800 there 

If we try getting help from costumer care number they will just keep us on hold and do nothing.

There is no proper service from Oyo end.

This is the second time iam facing this issue.

Worst experience while checking in every time.",13 Sep 2022,1
110292,Mujahid Husain,"No TV No Room Service No Aminaty Location Not Good
Total Money Best.",12 Sep 2022,1
110292,Jabez Moses,There was no electricity for almost 3-4 hours and no Power back at the place.,10 Sep 2022,1
110292,Leela VenkatSai,The area was nice and accessible to everything.but coming to rooms and service they are very poor and they dont have neat and clean rooms.not even clean there is no fan atleast.so if ur planning to stay in this consider it as the least option,08 Sep 2022,1
110292,SAI KIRAN,"Totally unworthy for the price we pay. Better ignore this stay..It is mentioned that breakfast is included while booking online, but the staff rejected to provide breakfast.nRoom is very untidy, did not even change lenin before checkin.nNo hot water was provided, said geyser had problem.",05 Sep 2022,1
110292,Debalina Dutta,The owner charged more money than it was shown on the site.,30 Aug 2022,1
110292,Disha Nashier,I had to pay extra charges after booking.,29 Aug 2022,1
110292,Gopi,Hotal management oyo don't give room if booked.,27 Aug 2022,1
110292,Sunanda,No power backup. Whole night there was powercut and room was not clean. Very bad experience,19 Aug 2022,1
110292,Venkat Ande,No parking space for carnNo hot water in the morningnClumsy way to the rooms,16 Aug 2022,1
110292,Meher kumar,Worst hotel.,08 Aug 2022,1
110292,Varun Vidyadharan,"No wifi. Asked to adjust with own network.
Zero guest services. Customers are fooled",08 Aug 2022,1
110292,Suneelreddy,One of the worst service actually I book for 3 members I will pay through online again they will charge 1000 charge extra they told OYO is not paying money regularly,07 Aug 2022,1
110292,Pavi sankar,Asked extra money. Worst room,07 Aug 2022,1
110292,Arpit,First they refused to provide at the price on oyo. They charged 500 extra. Room wasn't clean. No kit given.,01 Aug 2022,1
110292,Mohammed Nabil,they charged me extra,31 Jul 2022,1
110292,Mitesh Kechagundi,Pathetic damaged rooms no lights. No hot water. No fans. Also got cheated and paid ₹ 780 apart from what I paid here. Receptionist behaviour was rude.,22 Jul 2022,1
110292,Arpita Mitra,One of the most third class hotel. I have booked for three people they have given the room for two people with a small bed and said if I need extra bed then I have to pay Rs 500 extra. Too much mosquito in the room and facility to control that. Darty things were there in front of room. In oyo they have update room no 201 but given us room no 202... I have all the photographs as well.. Very bad quality and services. Never recommend this hotel,20 Jul 2022,1
110292,ALFRIN SUNNY,I paid more money at hotel,19 Jul 2022,1
110292,Searock Jackson,"Nothing.No parking, always noisy, nothing in room except bed. No fan, no TV. floor is always watery. Broadband speed is too bad. No food available. Room is stinky.",16 Jul 2022,1
110292,Ranjith,Bad maintenance and room also looks bad,06 Jul 2022,1
110292,Vinay Kumar,i did not check in to the hotel. I have not yet received my refund of 12000 rs.,05 Jul 2022,1
110292,Dhamodharan,"Price was increased during check in. Infrastructure is poor. Broken door locks, leaking walls",27 Jun 2022,1
110292,Shubam Bhonsle,"not worth the rack rate. also when asked for one extra towel, they refused. they said only one towel for one room irrespective of the no. of guests staying. oyo seriously need to take action against such properties.",25 Jun 2022,1
110292,Muhammed SuhaibM,"Demanded 300 rupees extra when I checked in. if they can't fix their rate through oyo, Why should they depend Oyo..",25 Jun 2022,1
110292,Sabarinathan,The worst hotel ever i visited,22 Jun 2022,1
110292,sneha soman,"1. I wasnt provided the room I booked for - Deluxe Balcony room. The gave me a worst possible room blaming its mistake from Oyo side. 
2. Didnt get a customer support which was very disappointing
3. Toilet seat was broken along with the door knob
4. Horrible experience and no value for customer
5. Cleanliness was sub standard",19 Jun 2022,1
110292,Mohammed Faizan,i need my refund,07 Jun 2022,1
110292,Naveen,denied checkin and moved to a substandard alternative stay,02 Jun 2022,1
110292,Gopinadh,such wast rooms i ever seen before .that reception guy so rude behaviour  and also no bathroom door lock . they don't change room .reception guys speeing near to room my room. no safety . no fan no ac remote.,01 Jun 2022,1
