hotel_id,user_name,review_text,date,title
110277,Huliya,Good rooms,28 Mar 2023,5
110277,Sumon ali,none,18 Feb 2023,5
110277,ashok kumar,Very good 👍,13 Feb 2023,5
110277,RAGHAVENDRA,Good and clean rooms worth the price paid,26 Jan 2023,5
110277,Parveen Sultana,The service provider are good and corporate.,03 Jan 2023,5
110277,919970128529 Thakare,Good,26 Oct 2022,5
110277,Muhammedniyaz,Good experience,24 Oct 2022,5
110277,919970128529 Thakare,It's nice to stay here.. worthy stay,15 Oct 2022,5
110277,Kawshar,Amazing,12 Oct 2022,5
110277,Kawshar,Super,12 Oct 2022,5
110277,Aakash,Good staff,09 Oct 2022,5
110277,Kolthur Badrinath,Room are very good and neat i will give 5 star for this,18 Sep 2022,5
110277,919970128529 Thakare,"Good decent stay .. basically you get what you pay for...rooms and bedsheets are not  that much clean, I have used my own bedsheet....but overall it's good n reasonable hotel for stay..",12 Sep 2022,5
110277,Sanjay Gowda,Good and clean all facilities available..,05 Sep 2022,5
110277,prashant,none,23 Aug 2022,5
110277,Sudharshana R,Good seqr,05 Aug 2022,5
110277,Krishnaprasad MK,Best in class experience,31 Jul 2022,5
110277,Shraboni Singha,"Nice place, management was awesome their behaviour attitude everything room was vry comfortable allover we just love it....",29 Jul 2022,5
110277,Basavaraj,"Room, service,check in experience",27 Jul 2022,5
110277,Sarath,It was a good place. Can be littl more clean.,27 Jul 2022,5
110277,Subham Mishra,"The service was resplendent and exquisite,The staff is benevolent and the spot offered hygiened ambience,Recommended for a pleasant stay",18 Jul 2022,5
110277,prashant,Neat and clean rooms,12 Jul 2022,5
110277,RAGHAVENDRA,neat clean and worth the paid amt,09 Jul 2022,5
110277,Venkatesu,good,09 Jul 2022,5
110277,SAVITA MISHRA,Nice service and staff,08 Jul 2022,5
110277,Prashant,Quiet calming surrounding clean basic rooms,08 Jul 2022,5
110277,prashant,The rooms were with basic ammenities clean and worth for the amount i paid,08 Jul 2022,5
110277,Subham Mishra,"Amazing ambience,Hygiened and friendly staff,The owner is very down to earth an amicable person",08 Jul 2022,5
110277,XXX XXX,Good,06 Jul 2022,5
110277,RAGHAVENDRA,clean and nice,04 Jul 2022,5
110277,SAVITA MISHRA,Nice and clean with basic ammenities,03 Jul 2022,5
110277,Prashant,good stay with basic amenities worth the price i paid for,01 Jul 2022,5
110277,RAGHAVENDRA,it's amazing stay,26 Jun 2022,5
110277,prashant,nice and clean place,24 Jun 2022,5
110277,Sabari Jayagandhan,need to clean the room first,18 Jun 2022,5
110277,prashant,clean room and kind staff,16 Jun 2022,5
110277,Lawrence T,good price,06 Jun 2022,5
110277,Chandan Shenoy,"The location was good and the staff was polite. But as usual which I have experienced elsewhere as well, the staff asked to pay extra money than that showed on the oyo app.",16 Mar 2023,4
110277,Guru Gv,Good,10 Oct 2022,4
110277,Manik,Good clean in room,21 Sep 2022,4
110277,satya satya,Nice rooms,19 Jul 2022,4
110277,Anjula,Good,16 Jul 2022,4
110277,Shlok,The entry of the hotel is very misguiding and doesn't have a board. Bathrooms can get a lot better without all leakage and other tap issues.,18 Apr 2023,3
110277,Hari Krishna,"Location was ok but the infrastructure and hygine part accessories which were provided by the hotel was not happy

And even the cleanliness was not satisfactory",25 Dec 2022,3
110277,harish,Average,03 Nov 2022,3
110277,Pannag Kumaar,"Location was pretty good, the hotels facilities were real bad, bad wifi, no ro water as specified in the description, the toilet didn't flush and was dirty sheets and blanket was dirty",25 Jul 2022,3
110277,kt Sathish,Ok,24 Jul 2022,3
110277,919790818368 M,none,22 Jun 2022,3
110277,Taneeb bharne,Nice,17 Jun 2022,3
110277,Jackson,Not satisfied with the cleanliness.,03 Jun 2022,3
110277,Madhusudhan,"Water problem
Geyser not working 
TV not working 
Door key not provided",25 Oct 2022,2
110277,Amit,Bathroom was dirty. Room was dirty. No one at reception for long. No facilities.,04 Oct 2022,2
110277,Amit Mishra,"No water in bathroom, no lock for rooms.. They should take care of such things.. However, they assured.. But these are the necessary things..",30 Sep 2022,2
110277,Ram MohanMishra,"No key in door lock, used and dirty bedsheets.
2 star for Bathroom as well",17 Aug 2022,2
110277,P Subahan,"No cleanness , dirty rooms",29 Jul 2022,2
110277,SukhbirSingh,"Geyser not working , was not able to flush in western closet. And before that changed room too because of cockroaches, no provision of soap and water bottle.",20 Jul 2022,2
110277,Someshwar Goud,Bed wasn’t flat at all,11 Jun 2022,2
110277,Gujju Thrinadh,"Worse experience, bathrooms area worse. Bed sheets not cleaned and used by many",25 Apr 2023,1
110277,Sushil Deshpande,Not matching what advertise.,19 Apr 2023,1
110277,Gaurav Naukudkar,"Horrible condition of the room, the flush in the washroom was non functional, rude staff. I was forcefully charged INR 250 extra on the booking amount by the property owner. The customer service person from OYO named Vishal Kumar did not help me when I reached out to the customer service for help. He was very rude and kept me on long hold and also purposely disconnected the call without even resolving my issue. Overall I had the worst stay experience ever and would never make any booking via OYO in future.",17 Apr 2023,1
110277,NG Giri,maintenance is very poor,13 Apr 2023,1
110277,Kundan Vyas,"I went there, but no one was there at the reception. After 20 minutes receptionist came and informed me that the fare has been updated and now you have to pay 800 which was not included in the booking fare. And they gave me the key, I went to the room it was clean but the lock wasn't working. I felt unsafe.",12 Apr 2023,1
110277,Chidvilas,This very dirty & some froud is there,09 Apr 2023,1
110277,dnyanesh Nirmale,3rd class service and extra payment charged from me. Also mmt support not good so don't book,04 Apr 2023,1
110277,Muthukumar,"Wrost money waster,tollaty worst",04 Feb 2023,1
110277,Shivaraj,Charged more then the billing amount and no water at all poor cleanliness with sheets and also bathroom,18 Jan 2023,1
110277,Chandra mohan,Very worst property. Room is not clean. Bed sheets are worst. Bathroom is not at all Good. No Common Sense for them how to treat a customer.,06 Jan 2023,1
110277,Chandra mohan,"Worst .
They have treated like worst. Beds are not good. Bathroom are worst than that. Worst............",06 Jan 2023,1
110277,Sonia Leishangthem,The staffs are not cooperative they didn’t even provide one spoon and the hotel was very dirty and the bed is in bad condition . The next room boys always buzz my doorbell and the staff didn’t do anything .Please do not stay in this hotel.,03 Jan 2023,1
110277,Dheeraj Kushwaha,"I booked hotel for 2 day to stay with my family I have faced multiple issue 

I have all the payment but after reaching the hotel they asked me to pay more panding money
they are not responsible for your luggage shifting in the room you have to do on your own
I spoke to the manager and he said we are not responsible for that.
water will not be available at night it will available after 8 AM
fan and ac not working
washroom are very dirty like it has not been cleaned since multiple year
they will provide you already used bedsheet and blanket
there will be no dustbin",03 Jan 2023,1
110277,vishnu guota,"There is no proper fasality for bathroom
In the bathroom there no water only and in the room fan is there but it is not working only the worst hotel",28 Dec 2022,1
110277,Shaikzahidu,"How is it accepted? #OYO
I am saying the worst rooms in mishra suites there is no AC, no hot water,no cleanliness,
was not able to flush in western closet. And before that changed room too because of cockroaches, no provision of soap and water bottle no proper response. No key in door lock, used and dirty bedsheets. 0 star for Bathroom he was giving heater stick for hot water",30 Nov 2022,1
110277,Sachin Shetty,Worst location and not hygienic as well.,28 Nov 2022,1
110277,PrashanthSrinivasaiah,Very bad and unhygienic place. Property manager changed my booking to add additional people and took extra money. But I raised this complaint to OYO and the promised for a refund,08 Nov 2022,1
110277,John Satyajeet,"Ac not working
TV not working
Water not available u may get stuck in washroom",05 Nov 2022,1
110277,Darshan,I pay extra 400 why i dint know,02 Nov 2022,1
110277,Koush,"Without informing increased the money.
No proper cleaning
Toilet is worst not working at all
No towel and soap",30 Oct 2022,1
110277,Lokesh T,"Room not cleaned and amenities also not available...
Check IN delayed and reception not available on time....

Rooms very dirty...",14 Oct 2022,1
110277,Kiki,Worst experience in my life. We had to wait for them to clean up the room for about half an hour. We asked for soap but they said they don't provide. I was shock when I see there was no water in the bathroom. I won't recommend this hotel to anyone.,27 Sep 2022,1
110277,Dayesh Karanthatil,There was no AC in the room though i have booked an AC room. Room was extreme unhygienic and i could not complete my stay there.,17 Aug 2022,1
110277,Abhishek kumar,"Room was not clean. Flush and zed are not working.
Bedsheet pillows and blanket cover are not washed. Looking dirty",16 Aug 2022,1
110277,Vikash Kumar,"The 1st thing I want to highlight that, the room was not ready for check-in at 12 o clock and they asked to wait for an hour.
2nd thing the room was too poor no celling fan no ac and room was looking to dirty or unclean.
3rd thing the door lock was too poor.
4th the bedsheets and towels were used one .
5th one the bathroom was uncleaned etc.",14 Aug 2022,1
110277,KamranAbdul Aziz,No Water & Forcing customer for a good rating at checkout.,23 Jul 2022,1
110277,Himanshu Kumar,"No water in flush, tv remote not working. Room and bathroom not cleaned. Only thing is staff behaviour was good",18 Jul 2022,1
110277,Arun Chandran,"very bad hygiene, no water, no electricity, not clean",17 Jul 2022,1
110277,XXX XXX,They have charged extra for checkin,17 Jul 2022,1
110277,Sneha Kakade,"There were no amenities provided during our check in … check in and check out experience were the worst ever …later when asked for water bottle and hand wash , they denied help",02 Jul 2022,1
110277,Jackson Jacob,poor,20 Jun 2022,1
110277,Daya Danial,Already mentioned in Play Store!,18 Jun 2022,1
