hotel_id,user_name,review_text,date,title
110516,Rahul,none,20 Mar 2023,5
110516,chandan raj,The receptionist was too good !! Nice stay for tourists,19 Dec 2022,5
110516,Santhu,Good Of hotel its amazing hotel room booking,17 Oct 2022,5
110516,yogaraj,Yoyo Online booking not accepted all the lodge y ? Online 650 so collect the 350 extra.timeing is 11 hours ?,12 Mar 2023,4
110516,Yashwanth GR,Booking is good but ...at the time of check in the ask extra money,20 Dec 2022,4
110516,SHARATH S,Good good good good good good good good good good good good good good good good good good good good good,18 Dec 2022,4
110516,Ashok,Worst experience this hotel work speak on rood bad words suddenly entry to room not like this hotel,01 Oct 2022,2
110516,Rudresh Tb,"One of wort experience .he asked extra money for bedsheet washing.
And I paid 1350 amt . He is asking washing charges extra.
Staff speaking verry hardly.
He told cancel the Oyo booking.
Really I don't no what going on business.",03 Sep 2022,2
110516,RASAD M.A,"Please don't book this hotel. They dont accept mm t rates and demand extra money. After completing full day work, we don't have choice but to pay.",20 Dec 2022,1
110516,R UDAYAKUMAR,Very poor rooms staff is good friendly and manegement is very thard  class very poor 👎👎👎 I'm book can before room imege but check in got it room very small I'm book in classic 110 sqf room But i very poor onwers,13 Dec 2022,1
110516,Preethi Sujay,is asking extra money,11 Nov 2022,1
110516,Guru BasavarajBV,"During check In hotel 4 staffs asked more money even then they refused the guest who came late and also the staffs behavior was very bad, no privacy, no security for couples.",01 Oct 2022,1
110516,Ranganatha D,They charged more prices than actual shown in the bookings app.They charged more prices than actual shown in the bookings app And staff response and behavior was worst,21 Aug 2022,1
110516,Satish P,"They are not allowing us to check in. At the time of checking they took extra 700 rupees.The reason they given is ""you booked room in Oyo app ,so we cannot allow you to check in"" , At last they said ""cancel booking in app and pay me directly (599+700) or else you can go back"".So think before you book thank you.",20 Jul 2022,1
110516,Vinay,"I have did payment through online but still you took 600rs from me ,even I am trying to reach customer care but no response. This is the service you provide?",19 Jul 2022,1
110516,Chandrashekhar,They are charging additional amount irrespective of the fact that booking is done by oyo. This one is serious issue. if someone checkin at night and this situation appears then he may not have much options left,17 Jul 2022,1
110516,Satpal Gupta,"Very very bad experienceOn arrival,they refused to provide accommodation . Tried a lot to connect at booking.com but no response. nThey charged extra money for providing room.nThey told to not having any agreement with OYO or any body else.",05 Jul 2022,1
110516,Ajith Ms,They are asking for double payment. They are telling oyo are cheating. then also they are using it as a medium for income. no cleanliness in that hotel. bad behaviour.,18 Jun 2022,1
110516,Ramaswamy,none,16 Jun 2022,1
110516,Manikanth reddy,They asked extra money for booking. Bed's are not at all good. Blankets are not at all washed. Balcony is dirty. This is near to ION digital zone thilagarapalaya that is the only reason for booking this hotel.,15 Jun 2022,1
110516,G EswarReddy,charged extra amount (250RS) to allot the room.,15 Jun 2022,1
110516,Simran,They charged me extra 500,13 Jun 2022,1
