hotel_id,user_name,review_text,date,title
110650,Ashraf,Good staff behavior also good aminitis,16 Apr 2023,5
110650,Praveen,"Very good rooms , clean friendly check in ..,.,,,good bathroom … close to all places eat , shopping",06 Jan 2023,5
110650,Pankaj,It was good and clean,14 Nov 2022,5
110650,Vanga Krishnakar,Facilities is good every thing is good rooms also very well,05 Nov 2022,5
110650,AjayAgarwal,Good service n clean rooms,19 Oct 2022,5
110650,INDRAJITH GOWDA,Very good check in and check out,18 Oct 2022,5
110650,Aditya Sarangi,Fantastic,20 Sep 2022,5
110650,Sridhar,Good,18 Sep 2022,5
110650,K RRanjan,"One of the best.:) 
Service was very good. Room and bathroom was clean But no hot water.
Overall a good stay",09 Sep 2022,5
110650,Raj Katageri,The hotel was very vood.. Rooms were decent... The service quality was good and hospitality was mind blowing,30 Aug 2022,5
110650,Suhel.R,Always good,12 Aug 2022,5
110650,Manoj,Nice,10 Aug 2022,5
110650,Abhishek S,Nice location but room is quite small and hotel charged extra than the actual price.,01 Aug 2022,5
110650,Raj Katageri,"Very nice ambience, cleanliness, service, staff, location, accessibility, price, availability, safety.",20 Jul 2022,5
110650,Vinay M,good,03 Jul 2022,5
110650,chandukumar p,good,01 Jul 2022,5
110650,Sudheesh Mohanan,Good. Price is not same as given,30 Oct 2022,4
110650,Joy,Good,20 Sep 2022,4
110650,Manu kumar,ok nice,25 Jun 2022,4
110650,Sharma,Oyo customer care is very worst. Booked wrong hotel and charged advance payment not refunded.,19 Apr 2023,3
110650,ALMAJ UDAYAN,Jus Fine room.  Good for emergencys. Can be adjustable. Rate was fine but not pretty decent,15 Mar 2023,3
110650,mohammed shibili,"The hotel management is badly trating the custemers who came booked throught the oyo app. The mangager told that the oyo app this not giving the rent to they. They demanted me extra payment for the room, iam not ready to give the extra amount and i asked for a written explanation for sue againt them in consumer court that time they provid room for me, but l sa a family returen from the hotel the same response",22 Oct 2022,3
110650,Sk Das,As the amount shows in oyo side they were charged 700 extra.,02 Oct 2022,3
110650,Shiljith kv,Room service was good just that they should hav given toiletries and intercom,17 Aug 2022,3
110650,Narendra KumarS,after booking in oyo I had to pay extra money to the hotel people so better show the proper price so that things goes smooth..at that night I had to pay extra because it was raining heavily and at that time we couldn't book any other hotel,03 Aug 2022,3
110650,Anand,Staff were not friendly .. they need to improve how to behave,27 Jul 2022,3
110650,Sunil,Nice room,23 Jul 2022,3
110650,Ashwini Ash,It was good but could see the someone's blood on mirror and wall. Little but still made us feel unhygienic,11 Jul 2022,3
110650,praveen,No ac no tv room stinks... Avg room,09 Jul 2022,3
110650,Rajesh,Not given room at first demanded 2000 after long conversation I occupied room,19 Jan 2023,2
110650,NikhilHs,"There is total Disconnect between oyo and property , property manager refused to check in and charged more amount",13 Nov 2022,2
110650,madhu achar,Bad,26 Apr 2023,1
110650,Dhanalaxmi devadiga,"Very slow man who who made us to wait for check in. The hostel looks nothing like the pictures, i don't know how they took those pictures in that place! and after sitting on the bed for a bit itching we realised there were bed bugs all over the beds and room! and also broken door no hygiene at all worst experience",22 Apr 2023,1
110650,Dhuleep r,"Horrible place with cockroach infestation, extra price during check in as well",01 Apr 2023,1
110650,Mohammed Saqib,"I told him that I want to make the payment through the Oyo app but the owner told no it's frud you need to pay 1000 rs over here and i told in Oyo app it's showing 450 some change bt he told you can call customer care number and take the refund so i paid him 1000 buks, so i got bad experience 🙄",18 Feb 2023,1
110650,Abhinav Pratap,This place is not under oyo.,15 Feb 2023,1
110650,Prashanth C,They are frauds booking time it will cost 1 price and when we visit the y outlet they will tell another price who is fraud I don't know,15 Feb 2023,1
110650,Manikanta Kanamarlapudi,please don't book this hotel he was not accepting check in and issue with hotel management they are asking extra amount and they not accept Oyo payments from night we faced the problem in 12.30pm so please don't book this hotel.,09 Feb 2023,1
110650,Balachandran,They will say OYO is fraud. But they take OYO Bookings and demands more money than payment shown in APP.,01 Feb 2023,1
110650,Arun,Taken extra money,31 Jan 2023,1
110650,Monish N.S,I was denied checkin,23 Jan 2023,1
110650,Suresh Jayaraman,They charge me more 900 rs  after paying the money on line  to OYO app. Pls do not oay  on line  book the hotel and they pay to hotels person only,16 Jan 2023,1
110650,shaik,They are charging extra amount while checking in,14 Jan 2023,1
110650,Prathap Y,"Property manager demanded extra money to allocate the room and the room was really bad, worst maintain and lazy and ruthless behaviour of staffs",02 Jan 2023,1
110650,RAJESH BC,"They denied check in, please don't encourage this kind of stays and behaviour.",19 Dec 2022,1
110650,Govind Sulegai,Didn't accept the price which was soon in the app ask us tripple money of that !!!,03 Nov 2022,1
110650,Teja,Oyo room booking is not available,23 Sep 2022,1
110650,Arvind,He Rejected Check in.... I paid extra 1200rs for my check in...Very BadðŸ˜ž,16 Sep 2022,1
110650,Praveen,"Please don't book this property, they are not taking Oyo booking and Oyo also will not refund, they will show as cancellation charges, I lost the amount time everything",16 Sep 2022,1
110650,Natarajan R,We never checked in. The hotel person denied our stay in the premises but has updated that we checked in the hotel,09 Sep 2022,1
110650,Biswajit Bose,"Kindly update the Price with the current price in OYO app its showing 450 but after going there they charg 1,100/- you are fooling the customer bys showing less price in app but when we reach there the price get more then double",25 Aug 2022,1
110650,Chaitra NA,"O
Not good   at all",17 Aug 2022,1
110650,Gourav Baliyarsingh,The worst Oyo experience the customer support didn't help and the hotel charged me for no reason I didn't even check in but was charged 1200 for this Oyo is the worst app ever,15 Aug 2022,1
110650,Nikhil,"The AC didn't work, the TV didn't work, I was charged 1482, while the price on my phone showed 1186. 
When we offered to pay through the app, they refused to give us a room because they insist that OYO doesn't pay them. 
There were no toiletries, we had just one towel, no water (until asked), the service was slow, no complimentary breakfast. 
Possibly the worst experiences with OYO. If I don't get a decent deduction from the price I was charged for all the promised amenities (that weren't there), I'm permanently switching to a different app, and OYO will not have my loyalty anymore!",15 Aug 2022,1
110650,Shree,Just irritate rude behavior receptionists,07 Aug 2022,1
110650,Ajil Ram,Room boy is farud,01 Aug 2022,1
110650,Dinesh,I am not stayed yesterday night because that exotica Oyo hotel reception person telling i am not giving Oyo room in online you pay 1000rs cash i will give room that's why I'm not staying it's very very mood out yesterday please take a action that lodge,01 Aug 2022,1
110650,Chaitanya Phuloria,They checked me out without even before checking in,31 Jul 2022,1
110650,Vikas Chauhan,no check-in in hotel for oyo booking and no any refund time time,04 Jul 2022,1
110650,Harish M,"who is fooling you,oyo or concerned hotel?? why do hotels ask extra money nowadays? you may feel indignant ( anger over unfair treatment) while checking- in. do query before you check in or before time within cancellation charges doesn't apply. do not be fooled by hotel photos, they arent the way they are in app.unhygienic and smoky smell.if you are looking for clean and affordable price hotel,then this isnt for you.",29 Jun 2022,1
110650,VenkatTharun,Charged extra,26 Jun 2022,1
110650,Aditya .,"smelly rooms , washroom  not neat and clean 
poor services",26 Jun 2022,1
110650,Ashi,The washroom was not in good condition and also the rooms.,24 Jun 2022,1
110650,Ravi Tej,there were no rooms available despite of my booking,19 Jun 2022,1
110650,Jayavardhan J,they don't had any room they sent us to a different cheap hotel....which wass 500 less in the oyo app,10 Jun 2022,1
110650,Mohammad Sayeed,receptionist told don't book room in Oyo application directly come to hotel. if i book room in oyo application they won't provide room. actually they are doing scam for peoples,07 Jun 2022,1
110650,Lochan,Very very bad place to stay,02 Jun 2022,1
