hotel_id,user_name,review_text,date,title
110846,Rahul Dedha,It is a great app for booking rooms . It gives excellent service to customers.,27 Sep 2022,5
110846,Ganesh Pawar,Good,21 Sep 2022,5
110846,Harish Saini,It is awesome and good place .I found Oyo is easier to find rooms and it provides good facilities of roomz,21 Sep 2022,5
110846,Sandeep,Nice place to stay,01 Sep 2022,5
110846,gautam,Nice room,25 Aug 2022,5
110846,Mohammad Asif,Nice,17 Aug 2022,5
110846,varun,Great hotel with great stay,15 Aug 2022,5
110846,Nishal Sha,Nice room and nice ambience for couples,15 Aug 2022,5
110846,Harish,Property is not clean,27 Aug 2022,4
110846,Aditya Mirajkar,There are bad reviews but I assure the cleanliness is good. Overall it was good,16 Aug 2022,4
110846,aman gazmer,Not so good not so bad..,21 Aug 2022,3
110846,Akash Bond,"Room was dirty and the staff was rude.
For early check they told no need pay extra money but the guy who was in the receptionist took 300 more extra for the early check-in.",29 Jan 2023,1
110846,Amal Benny,"Room condition is very dirty,bath room very pathetic,bedsheets dirty muddy color everywhere..very bad service ..🥵🥵",23 Jan 2023,1
110846,Shivam Agrawal,"Absolutely not recommended to book this place, the rooms are not even close to what's shown in the photos, an absolute scam, no proper administration a place run by goons!",23 Dec 2022,1
110846,Jorfin P,"actually I am booked for two days and reached midnight middle of my bookings but they said that they can't allow to check-in still morning 11 am . and also I need to pay 200 extra for stay because they are not doing on-line bookings... then why should Oyo need them ..? can't understand it's 2022 or 2013.. if it's 2013 i am agreeing,them and Oyo need some help in this situation . but it's 2022 after 10 years of Oyo...still happening this?",15 Oct 2022,1
110846,Shijas,"Bad service, not provide to ac remote and tv",22 Sep 2022,1
110846,Mritunjay Sahana,Very poor response from hotel and hotel stay,24 Aug 2022,1
110846,sarvashri mohangekar,"I was not halted in t hotel on Saturday.
How to you showed checkout on my booking.",22 Aug 2022,1
110846,LIBIN MATHEW,"Bad atmosphere, not clean",22 Aug 2022,1
110846,mohit,Charged extra money even i paid online whole amount,20 Aug 2022,1
110846,Jerom,I called the hotel they told me room full and cut,16 Aug 2022,1
110846,Mahammad Haneef,"very very worst lodge, no water supply till 9pm,, no lift,, no hot water,, no drinking water,, after repeated requests they provide only one bath towel.. entrance is just like a cow shed.. totally its a online looting ☹️☹️",03 Jul 2022,1
110846,MANJAY KUMAR,"Horrible experienceNothing.Basic infrastructure was horrible. Cleanliness not upto mark, walls were dirty.Walls were not painted .",06 Jun 2022,1
