hotel_id,user_name,review_text,date,title
110971,Sai Gaesh,👌,13 Mar 2023,5
110971,Lingaraju,God customer support and nice atmosphere,12 Mar 2023,5
110971,Ajay Roy,Nearby Exhibition Centre all facilities okay,16 Feb 2023,5
110971,Vishnu,Good,08 Jan 2023,5
110971,Mahesh Kp,Good customer service support and cleanliness,06 Jan 2023,5
110971,jakhaulla,Excellent and provide all facility,03 Nov 2022,5
110971,karun kumar,Good,06 Oct 2022,5
110971,shashwat kumar,Good one,06 Aug 2022,5
110971,hithrsh,Not bad,05 Aug 2022,5
110971,Gunjan Gunjan,not properly clean ..,06 Jun 2022,3
110971,Karthikeyan,Room is not clean and they are charging extra amount than your booking amount,09 Nov 2022,2
110971,Sambhav Prakash,never book oyo because these people are worst they never allow anyone if booked online and they always ask to pay extra on cash counter on line booking they always refuse,10 Apr 2023,1
110971,Ananya,"It was the worst place i ever stayed in... We were traveling so we checked in late.... Still they were demanding for extra money for no reason..... The room was not at all good... I washroom was stinging...
Even bed.. Mattress and the room was smelling very badly and washroom was not at  all clean and was uncomfortable using .... The receptionist and the service provider was extremely drunk and was very rude to us... It was very uncomfortable to stay there......bocz of emergency we had no other option then staying there it was a really bad experience",04 Apr 2023,1
110971,Tarun Teja,Staff is not friendly,19 Feb 2023,1
110971,Himanshu Tomar,"Manager is Ask for Extra Pay ,Not give A Room At the price of Oyo",05 Feb 2023,1
110971,Venugopal,Not hygiene... Staffs are behaves like rowdies and asking extra money,05 Jan 2023,1
110971,Vithish Kumar,Poor service don't go here so far from city and they will charge more money what shows in Oyo it will different will you going,05 Jan 2023,1
110971,Charan Kumar,The Asset owners / employees have demanded me for more more that too in the night when I just check-in. Absolutely unprofessional it is.,30 Oct 2022,1
110971,Somnath Kedar,They charged extra than what was shown by Booking .com did not accepted Booking.com bookingNothing.,26 Sep 2022,1
110971,Ramesh S,I booked by paying 450rs to OYO. They didn't accept that price of payment in the hotel. So i paid extra 600Rs to hotel. Worst OYO and worst hotel. Don't book this hotel.,04 Sep 2022,1
110971,Mudaliar Snigdha,"Nothing.Everything was very bad, cleanliness was not there, no toiletries and towels were provided",19 Aug 2022,1
110971,Kumaraswamy,"unhygienic surrounding
urine smelling reception area
debris all around
hooligan management

Even though i didn't check in, falsely OYO and hotel Hooligans cheated me my booking money

beware users",15 Jul 2022,1
