hotel_id,user_name,review_text,date,title
111041,Shreya Rathore,Phenomenal service throughout the hotel.,28 Feb 2023,5
111041,Niharika Jain,"This hotel is simply amazing, there is nothing superfluous. You can eat and drink and have a good time without even leaving it.",28 Feb 2023,5
111041,Kunal Jain,"For the price and location of this hotel, you can&#39;t beat it! I was in Bangalore for a couple of days on a long layover. This hotel was a perfect spot.",28 Feb 2023,4
111041,Chandan,Asking for more money there is 707rs payment on Oyo but they took 1000rs for a booking,10 Mar 2023,2
111041,Sharad Sahu,Was charged more than price showed at the time of booking,07 Apr 2023,1
111041,Rathosth,I was denied access to the hotel,06 Apr 2023,1
111041,917022511485,They didn’t allow us we were late they even confirmed the booking after that when we were about to check in i have called them they denied for the check in and they are telling that they didn’t get the booking,31 Mar 2023,1
111041,Pavan Kumar,Waste hotel and i have paid extra payment of 800rs other than initial payment of 400 rsHotel management didn&#39;t accept the booking hence I have paid 800 RS as extra payment to stay not happy with booking.com and oyo,04 Mar 2023,1
111041,ಕನ್ನಡಿಗ R,It's terrible i got trouble during checking in they asked extra charge i refused soo they said cancel the room but I had to stay bcz it's non refundable they behaved rudely room are too small locks are broken not cleaned bed sheets totally it's terrible.one thing i should say is this hotel doesn't meet Oyo standards please remove that hotel or else more people will  get cheated,16 Jul 2022,1
