hotel_id,user_name,review_text,date,title
111237,Raje P,Super,01 May 2023,5
111237,Thomas Abraham,Staff behaviour was very good. Everything was very fast &amp; prompt. Room was comfortable.Very clean room. Fantastic stay. Good location,22 Apr 2023,5
111237,Raje P,Super,18 Apr 2023,5
111237,Ru,The host is very friendly and professional,02 Dec 2022,5
111237,Surendra Reddy,Everything is good but they are not accepting online bookings,17 Dec 2022,4
111237,Parbesalam,The room was nice but my first Booking with at another hotel the maneger denied for checking,08 Dec 2022,4
111237,Sulfi HAMZA,none,09 Apr 2023,1
111237,Poreddy Somasekhar,"One of the worst stay in Bangalore, the staff is very rude and they don't know how to maintain hotel and how to speak with customers and their rooms are not clean and even they just reversing the used blankets and pillow covers for the new customers and not even changing the rooms if you ask them and rooms also very smelly and if you ask for another room to shift they simply saying only OYO customers are complaining and if you like you stay or we shift the property.",06 Mar 2023,1
