hotel_id,user_name,review_text,date,title
111484,Rohnit,Rooms as per pictures,23 Apr 2023,5
111484,Sandeep,Nice stay,21 Apr 2023,5
111484,NoelSingh,Room was clean,20 Apr 2023,5
111484,Sandeep,Thank nice stay,17 Apr 2023,5
111484,Rushabh Shah,It was great and good service,09 Apr 2023,5
111484,Sandeep,"Nice stay thank you for the service.... 
But should take care about cleaning",08 Apr 2023,5
111484,Gururaj,It was a really nice and cozy hotel..I would like to thank the executive of oyowho helped me get it..she was very kind and helpful,06 Apr 2023,5
111484,Umang Borkar,"No disturbance, silent environment, coordinating and calm staff",05 Apr 2023,5
111484,Sandeep,Nice stay thank you treated very well good staff service manger hosted very well,03 Apr 2023,5
111484,Sandeep,Nice staff service,31 Mar 2023,5
111484,Sandeep,Nice stay,18 Mar 2023,5
111484,guest,Pleasant stay,17 Mar 2023,5
111484,guest,Nice fine stay,16 Mar 2023,5
111484,Uday BR,Good 👍 value for money,16 Mar 2023,5
111484,Sandeep,Wonderful stay,06 Mar 2023,5
111484,Vijay PratapSingh,Well Cleaned rooms and hotel.,25 Feb 2023,5
111484,Vinay babu,Best one for couples and had no issues with staff,20 Feb 2023,5
111484,Rithesh,Good ambience pleasant stay,18 Feb 2023,5
111484,guest,Nice stay thank u,17 Feb 2023,5
111484,guest,Nice stay,14 Feb 2023,5
111484,Rithesh,Nice and good stay,12 Feb 2023,5
111484,Rithesh,Pleasant stay,11 Feb 2023,5
111484,Rithesh,Nice stay,11 Feb 2023,5
111484,Rithesh,Nice stay,07 Feb 2023,5
111484,Shayan prakash,Very excellent place to stay with family. The place is very neat and clean. Easily reachable from electronic city,04 Feb 2023,5
111484,Rithesh,Treated very well........good and friendly behaviour staff nice guy,03 Feb 2023,5
111484,Rithesh,Nucw staff service,02 Feb 2023,5
111484,Hariharasudhan M,Thank u hotel together... Treated very well nice sense of humor,31 Jan 2023,5
111484,Hariharasudhan M,Nice stay,21 Jan 2023,5
111484,XXX XXX,Good stay,20 Jan 2023,5
111484,XXX XXX,Peaceful stay,19 Jan 2023,5
111484,XXX XXX,Nice stay thank you,13 Jan 2023,5
111484,XXX XXX,Nice stay,11 Jan 2023,5
111484,XXX XXX,Good ambient place...nice staff service,04 Jan 2023,5
111484,KM Thomas,Receptionist cared very well good stay nice amenties,23 Dec 2022,5
111484,sourav,Nice hotel with all facilities at affordable rate.,22 Dec 2022,5
111484,murthy,Nice staff service....quick response providing on a single call treated nice,19 Dec 2022,5
111484,murthy,Nice staff good service nice ambience wounderful stay,16 Dec 2022,5
111484,Nagaraju VeeraBrahmaiah,"Good, cleanly and natural feel. Rooms are so good and broad.  Washrooms are good.  Totally friendly staff.",10 Dec 2022,5
111484,Suhas Kumar,Nice stay,08 Dec 2022,5
111484,KM Thomas,Nice stay staff was nice,07 Dec 2022,5
111484,Rajesh Eswarappa,Good,06 Dec 2022,5
111484,Suhas Kumar,Happy stay,05 Dec 2022,5
111484,Pavan,"Location is very good, rooms are clean, good service on time, food is available and has good taste. Overall happy",04 Dec 2022,5
111484,KM Thomas,"Nice staff........ Good staff 
Treated very well really nice",04 Dec 2022,5
111484,KM Thomas,Nice staff good behavioural.....,04 Dec 2022,5
111484,KM Thomas,Nice stay... Receptionist madesh treated very well at the property,03 Dec 2022,5
111484,Suhas Kumar,Recieved well and good ambience with humble kind staff madesh thank a lots had a great time,03 Dec 2022,5
111484,Suhas Kumar,Awesome stay.....thank for treating good and friendly,02 Dec 2022,5
111484,Suhas Kumar,Nice service by staff.....friendly nature thank u madesh for the service definetly will come back again,01 Dec 2022,5
111484,Mohit Kumar,Nice stay,28 Nov 2022,5
111484,Suhas Kumar,Nice room excellent staff service ......ready to help madesh named reciptionist at any time,22 Nov 2022,5
111484,Suhas Kumar,Nice stay really excellent staff nice treating friendly nature totally loved it,20 Nov 2022,5
111484,KAPA THRINATH,Thank u mummy steady,19 Nov 2022,5
111484,XXX XXX,Friendly stay.... It was good place and excellent amenities staff receptionist madesh treated very well,17 Nov 2022,5
111484,Raj,Super,16 Nov 2022,5
111484,Renith,Nice stay,15 Nov 2022,5
111484,Niravkumar Bipinbhai,Thank you mujhe stay nice laga,15 Nov 2022,5
111484,Raj,It’s good,14 Nov 2022,5
111484,aahmed,nice stay thanks,14 Nov 2022,5
111484,XXX XXX,"I don't know why the people give less ratings to this hotel, it's really awesome hotel and Reciptionst madesh treated very well and help a lot in exploring nice humor person. I gave ratings only bcoz for his words",14 Nov 2022,5
111484,XXX XXX,Nice ambience with great caring receptionist..... Love to stay in these hotel keep it up,11 Nov 2022,5
111484,Vamsi Krishna,Good,10 Nov 2022,5
111484,Malik,Nice stay,10 Nov 2022,5
111484,Sudeep,Nice start,09 Nov 2022,5
111484,Kirankumar,Spent really a good comfortable time with together hotel....recieptionist madesh helped us a lot by finding lot of place in banglore good humour staff.. will visit again when we come to banglore,09 Nov 2022,5
111484,dhanush,"Staff was good 
Good stay",08 Nov 2022,5
111484,Kirankumar,Nice hotel....and Responsibilities is too good with these they care so much ...loved it and 79958 together in electronic City,08 Nov 2022,5
111484,Vamsi Krishna,Good,08 Nov 2022,5
111484,Tollywood JukeBox,Good staff,07 Nov 2022,5
111484,Tollywood JukeBox,Nice stay,07 Nov 2022,5
111484,prabh,Nice stay,06 Nov 2022,5
111484,Indrasish Sinha,I loved it,06 Nov 2022,5
111484,Seshasai Sesha,"Too good to stay, looking forward to visit again",06 Nov 2022,5
111484,GauravBiswas,Nice staff service,06 Nov 2022,5
111484,XXX XXX,Nice stay good staff,05 Nov 2022,5
111484,Pooja L,nice stay,05 Nov 2022,5
111484,Dev Dev,"That room was amazing, felt love.",04 Nov 2022,5
111484,Sudeep,Excellent rooms,04 Nov 2022,5
111484,Viswateja,Liked the ambience,04 Nov 2022,5
111484,Indrasish Sinha,Nice stay,04 Nov 2022,5
111484,dhanush,Nice staff service,27 Oct 2022,5
111484,Chinmaya,Nice staff service,22 Oct 2022,5
111484,prabh,Genuine staff service,20 Oct 2022,5
111484,kaparti hrudayanand,"Room is neat and clean,staff behaviour is good...eco friendly.....",20 Oct 2022,5
111484,Naresh Kumar,Nice staff good handling skill,19 Oct 2022,5
111484,Vamsi Krishna,Nice staff,18 Oct 2022,5
111484,KAPA THRINATH,Good staff service,17 Oct 2022,5
111484,ADITYA,Nice staff thank you,17 Oct 2022,5
111484,Devendra Thombre,Friendly staff nice humour,16 Oct 2022,5
111484,Ankit Sahoo,It was a good experience.,12 Oct 2022,5
111484,Victor Gangopadhyay,Great features,09 Oct 2022,5
111484,dhanush,Nice stay...rooms are clean..nice stay,04 Oct 2022,5
111484,A ParushuramKrishna,Good,04 Oct 2022,5
111484,KAPA THRINATH,It was Good to stay,29 Sep 2022,5
111484,Vinay Vishwakarma,Good experience,21 Sep 2022,5
111484,Shiv Danthuri,It's too good for the price,18 Sep 2022,5
111484,Santhosh Kumar,Amazing,18 Sep 2022,5
111484,Aslam Ismail,Very Cooperative  Satf,16 Sep 2022,5
111484,Aslam Ismail,Friendly staff,16 Sep 2022,5
111484,jogendranath gupta,"Good staff 
Treating good",23 Aug 2022,5
111484,Deepak Singh,Very nice,16 Aug 2022,5
111484,Channabasappa Ooramundin,Hotel stay was good,15 Aug 2022,5
111484,918368727937 Utkarsh,Rooms were good,15 Aug 2022,5
111484,Vedhanayaka Chakravarthy,Good hospitality.,15 Aug 2022,5
111484,Priya,"We love it, it’s so customer friendly! The staff is 10/10 they even changed our room since AC wasn’t Working. And Cool rooms too! Worth the money!",14 Aug 2022,5
111484,Sam Naidu,Nice stay,11 Aug 2022,5
111484,Madhu,Peaceful environment,11 Aug 2022,5
111484,Yash Vaze,Nice room,23 Jul 2022,5
111484,Arun,nice,10 Jul 2022,5
111484,Priyadarshan Singh,"Room is good facility is good and it is upto the mark , but cleaning is not up to the mark, facility",21 Apr 2023,4
111484,Abhishek,Good maintained and well clean and neat with air conditioning and view of the places surrounding to it,11 Apr 2023,4
111484,Rishita Naidu,yeah... the ambiance of the hotel is good but thr maintenance is not up to the mark.. view point the view has a garbage dumped there.. coming to the people in the hotel they are good�,24 Mar 2023,4
111484,Aryav Sarraff,"The best part is location and wifi, I'll reduce one star for the bed sheets and one receptionist who sounded a little rude.",16 Feb 2023,4
111484,Partho Ghosh,"Okkiesh

Bed sheets are poor, rooms are clean and good. Mineral water bottle, clean bathrooms",23 Jan 2023,4
111484,Suresh Venkitakrishnan,Decent stay.. fairly clean rooms. Good supportive staff who are available for any help during the stay.,15 Jan 2023,4
111484,Vignesh,Good Room and pleasant Environment,20 Dec 2022,4
111484,badvel Subbareddy,Good,08 Dec 2022,4
111484,Tejas,It's good for the money,30 Nov 2022,4
111484,Suresh Venkitakrishnan,Decent place for staying .. with all necessary amenities provided. Was easy to find as well and well connected.,29 Nov 2022,4
111484,Dhoom,good staff and good maintenance,20 Nov 2022,4
111484,dhanush,"Clean and hygiene 
Good gesture by staff",20 Nov 2022,4
111484,Inayath Inayath,"Hotel hospitality was good,",12 Nov 2022,4
111484,Akshay,Good service,23 Oct 2022,4
111484,Bawender Yandra,Place was nice and the rooms were good with all amenities. There were some AC issues and water arrangement issues but other than that everything was good,20 Oct 2022,4
111484,Bawender Yandra,"Rooms were good and the place was also nice, there were some issues with AC and arranging water. Other than that everything was good",20 Oct 2022,4
111484,Bawender Yandra,"Good rooms, but the ac was not working and faced some issue with water apart from that it was a pleasant stay",20 Oct 2022,4
111484,Aravindsnarayan,"This is one of the worst experience with OYO. Or it might the be problems of Bengaluru OYO's. Recently i booked an oyo with the prices which was shown in ath application and i was denied my access to room with our paying the extra charges to the hotel .The hotel is SPLENOR INN In electronic city. The rooms were so nasty and some window panels covered with clothes.  

I did contacted oyo customer care and they helped me shifting to an another oyo which was good and i greatly appreciate the effort.It was  OYO TOGETHER .But the initial impression was lost and i won't recommend people to use OYO . And If this applications are there to make life smoother, i doubt in case for OYO.

Pls rectify the faults from your side .

Thank you",19 Oct 2022,4
111484,ADITYA,Nice staff with fulfilling service,17 Oct 2022,4
111484,G Jeevankumar,Good,03 Oct 2022,4
111484,dhanush,"Best stay..rooms are good
Friendly staff..just loved it nice stay",16 Sep 2022,4
111484,Suresh,"Room Good, service all So Nice",31 Aug 2022,4
111484,Rahul Sah,"The room is good, hospitality is good too",31 Aug 2022,4
111484,Praveen,Room is nice,24 Aug 2022,4
111484,Ravichandran P,"Nice, comfortableComfortable stay.The approach road from Chinmayee restaurant .",13 Aug 2022,4
111484,Aditya Sahu,Its quit good,29 Jul 2022,4
111484,Mahitosh Sinha,Hotel was good.,19 Jul 2022,4
111484,Govind,I like location,11 Jul 2022,4
111484,PRATYUSH SAHOO,Overall good experience. But they can work on cleanliness a bit.,05 Feb 2023,3
111484,Partho Ghosh,"Except bedsheets , everything else was okk",23 Jan 2023,3
111484,Ravi Trivedi,Clean but checkout time is not flexible,16 Jan 2023,3
111484,Gopi,I totally disappointed becoz I expected one thing but reality different tat place room services not there ...... I'm not satisfied stay tat hotel,02 Jan 2023,3
111484,Inayath Pasha,Good,16 Dec 2022,3
111484,Gangireddy,No proper room service and beds are worst.,06 Dec 2022,3
111484,Afridi NG,Not bad,25 Sep 2022,3
111484,Vinay Vishwakarma,Okay good,18 Sep 2022,3
111484,Madan,Room is very bad...,02 Apr 2023,2
111484,Monica Danewa,"The room was dirty and unhygienic, and the very unpleasant stay not recommended.",23 Mar 2023,2
111484,Parth Khandelwal,"very bad bathroom, and not at all helpful staff. They even didn't provide any essential kit and bedsheet and cupboard are also not clean. not at all worth it coming here",09 Jan 2023,2
111484,Raju Raju,AC was not working and rooms were not hygiene. I think they have not changed the bedsheet because I have seen white scales on the bedsheet. Windows are not properly fixed for bathroom. Reflection was appearing out side the mirror wall.,08 Nov 2022,2
111484,SoumyaDevi,"I was happy when I get confirmation after reading all these positive reviews about this accomodation.when we reached the place the Oyo rooms not look same as the given pictures .The person in reception got a different price Rs1400 than my phone Rs 185 .I wish to pay online in my phone .The internet is very slow in their reception and after 10 minutes of trying i have paid in cash .I have given Rs 1200 and they don't want to pay balance :D .After payment the person in reception not seems interested to explain anying about the room . Even he tried to cancel

espcially their doors are build to open in a different manner for example we have turn the door for closing then only it will open .After endless try I have requested to come upstairs.He was not happy to come and help us.
 The slide doors were not closed and I didn't find a key or key hole in the door me and mother was alone but he was not very interested to make us safe .There is many things to say but  not able because word limit .",13 Oct 2022,2
111484,Ammar MEbrahim,The hotel location is good but the service is really bad.. Bathroom is untidy and bedsheets are not cleaned... Requested for cleaning the room multiple times but they just ignored it and wifi was there but no internet.. No soap or hand wash or anything provided as such.. Blankets are provided just dusty and untidy,21 Sep 2022,2
111484,prashant gaurav,"No room service,no staff and no cleaning,tv and ac was not working.",27 Aug 2022,2
111484,Avinash Singh,Rooms were not neat and clean... cockroaches were here and there .. unusual and suspicious devices were there ..never  a safe place for couples,22 Apr 2023,1
111484,Ninad Vanmali,"Room was ok however it lacked even basic things like hand towel, toilet paper roll, garbage bin, handwash. The TV was not working and the AC barely cooling the room. Moreover the location was very far from the main road and was not easily accessible. 900 rs for such a shady accommodation was way excessive.",13 Apr 2023,1
111484,amarnath,No bed sheets also in room and no dust in also,06 Apr 2023,1
111484,abdul jalal,"there is no bath towel, no soap, no waste bin, balcony is there, I saw nobody in the reception since night until i leavethere is nothing to Like.there is no bath towel, no soap, no waste bin, balcony is there, I saw nobody in the reception since night until i leave",21 Mar 2023,1
111484,Jagwani Pinky,"There was no cleanliness, staff was not available at all.",19 Mar 2023,1
111484,Kishore,Charging extra for just 30 mins also,19 Mar 2023,1
111484,Atharva Dubey,"Very bad hotel, please avoid this one..There is nothing much to like about this place. The pictures are completely different from the real place. There is no cleanliness and the rooms are disgusting.The staff is very rude and not helpful at all. They won&#39;t even carry your bags to your room. No room service or anything.",10 Mar 2023,1
111484,Aryav Sarraff,"1. Manager of the hotel is very rude(reason for giving 1 star)
2.bedsheet was not good, so we asked for white bedsheet for which they asked to deposit 500, isn't it a basic thing a hotel should have atleast?
3.Jet spray/seat was broken and bathroom was not upto the mark.
4. Only good thing is the wifi which was stable",04 Mar 2023,1
111484,jince joseph,It's very poor hotel. No neatness and entire difference between provided pics and actual. It's not good for families.,19 Feb 2023,1
111484,Sayantan Chowdhury,"Bad behavior, dirty rooms, bad service. Horrible hotel",11 Feb 2023,1
111484,Parth Khandelwal,"the bathroom is very very small, no one can bath in it, staff in not at all polite, very poor service. not even they carry your luggage",10 Jan 2023,1
111484,Soaham Ganguly,Paid for king size bed but got two queen sized beds. Which were not comfortable at all. There bugs in the bed which has caused rashes all over my body.,31 Dec 2022,1
111484,Arpit Dubey,"No hygiene, in toilet there was used protection.",23 Dec 2022,1
111484,Shashank Kattekola,After reaching hotel no staff r there literally I have waited for 30mns in reception and no service boys available,10 Dec 2022,1
111484,Prachi Bari,"It is nothing as shown in the photos. It&#39;s lacking cleanliness , the staff try their best to help but are not hospitable. The entrance to the building is in a very sad condition and reeks of garbage. There is a stale, damp smell once you enter to the lobby of sorts.",27 Nov 2022,1
111484,Arun,"Such a bad experience. Not at all worth for cost. Unsatisfied service, rooms were not at all clensy, they offer different cost in apps but when we visit to place they asked to pay extra it's not at all acceptable. I never ever suggest people to visit here.",23 Oct 2022,1
111484,Subrat Kumar,The AC was not working and when asked to change the room the manager denied to acknowledge my request. I had to leave the property because I was denied any service.,15 Oct 2022,1
111484,Juga,"The Hotel Charged for extra money!! 
Even after showing my Confirmed booking ID they charged me 450Rs Extra. When I said that in my booking it is only mentioned 747/- they denied and asked me to moved out. I had to pay them because it was midnight and I couldn't find any other hotel nearby",12 Oct 2022,1
111484,Praneeth,"There are so many I didn't like here,there's no one in reception, we were given room which has no lock,hospitality is not good,bed,cot are bad.",01 Oct 2022,1
111484,Achudhan Govindaraji,"Water issue in the rest room even for nothing waiting for 10 mins to fill the water bucket. Rest room not cleaned, smell is entirely the room.nnMain issue is AC on condition but remote control not working, informed to hotel person, he said it&#39;s fix temperature for AC, how he or hotels can decide the temperature for the AC, guest only can put the temperature what range have that right?nnTV also not working fine.nnOverall response very bad.",27 Sep 2022,1
111484,Trupti,Poor service. Rude receptionist. Doesn't talk with respect.,23 Sep 2022,1
111484,Mayank Gome,Worst oyo ever booked. Cockroaches craw in the room at night. Poor hygiene. Bedsheet & towel had holes in them. Not good enough for the current rating it has.,07 Sep 2022,1
111484,Raghu,"Washroom is not clean, no proper attending, no soap and shampoo provided. Poor service. The room is not hygiene.",05 Sep 2022,1
111484,Ramcharan SR,"I really liked nothing.Beds were not good , i couldn&#39;t charge my phone from any of those sockets in that room , no light in bathroomnWorst experience",03 Sep 2022,1
111484,Tarun Tyagi,Very bad hotel,30 Jul 2022,1
111484,Joseph Martin,Really bad experience,26 Jul 2022,1
111484,sandeep,looo quality bed,02 Jul 2022,1
