hotel_id,user_name,review_text,date,title
112008,Dilip,Nice hotel,21 Apr 2023,5
112008,Varun,"It was nice to stay there because the place awsome and peace no irritation there 
And the Recipciniest are good",07 Apr 2023,5
112008,Srinivas B,Good and safe staying,05 Apr 2023,5
112008,Shakti Singh,Best place ever to relax,15 Mar 2023,5
112008,GowrishankarN,The room is worst works place worst stay no TV no Ac no parking it's not room at all its not a place to stay,09 Mar 2023,5
112008,Shahnawaz,It's good place to stay,25 Feb 2023,5
112008,Ayan Pal,none,19 Feb 2023,5
112008,Shahnawaz,Awesome,17 Feb 2023,5
112008,Ranjith,Good,27 Jan 2023,5
112008,Ayan Pal,It's a very good to stay...Really good...But the rooms are very small. Staffs are co operative. Lift facility also available...,19 Dec 2022,5
112008,Bhupal ReddyBommu,Good,19 Dec 2022,5
112008,Bhupal ReddyBommu,Nice room,12 Dec 2022,5
112008,Bhupal ReddyBommu,Nice room,07 Dec 2022,5
112008,akshay rathi,"Very nice clean and high-quality Very good staff  friendly staff safety , safe place all things is a wonderful place",03 Nov 2022,5
112008,Raviteja,Good,25 Oct 2022,5
112008,Hajju Hashim,Good,24 Oct 2022,5
112008,Jogen Muchahary,Good maintenence,05 Oct 2022,5
112008,Hari,Nice rooms and service,05 Sep 2022,5
112008,Charan,Nice budget hotel,21 Aug 2022,5
112008,Lucky,Good room and peaceful location  with Clean and good maintenance along with security .but need security,13 Aug 2022,5
112008,Kiran,It was clean and neat. Good place to stay in a low budget. Enjoyed!,13 Aug 2022,5
112008,Sai Krishna,Good fast booking,12 Aug 2022,5
112008,Parameshwara Rao,Nice.Nice,08 Aug 2022,5
112008,Ganapathy Mathiyalagan,OKYes.Wooden table chair cubboard,28 Jul 2022,5
112008,Santhosh D,need to change new pillow n blanket,16 Jul 2022,5
112008,Chanu Dhanu,good,14 Jun 2022,5
112008,Roger Ahongshangbam,none,01 May 2023,4
112008,Sanghamitra Barua,The hotel is in little interior place but its good because no disturbance. The staffs are nice and friendly. Cleanliness & hygiene is maintained. The staffs make sure that they clean the rooms in frequent intervals which is good. The overall experience was good.,06 Apr 2023,4
112008,Shalvin dhaju,Good room with clean surroundungs and quiet part of the city,15 Mar 2023,4
112008,Ramesh Kumar,Good,06 Mar 2023,4
112008,Ayan Pal,none,23 Feb 2023,4
112008,Rahul,"Good clean room, hot water & good check in experience. Stayed for 2 nights. Also got help on couple of things when asked",16 Feb 2023,4
112008,Ayan Pal,The oyo 80376 Saint maria is good because they are not asking any extra charges...Really good to stay,11 Feb 2023,4
112008,Sagar,Nyc,25 Jan 2023,4
112008,Bharath,"The room was small and the tv did not have many channels
 Had to go to ground floor if we have to get drinking water. The people are fine, the room was neat, a dust bin in the room would have been fulfilling.",03 Jan 2023,4
112008,Raneet Biswas,"This oyo is nice for staying, staffs are also good, behavior is good, rooms are good condition, bathrtis also good neet and clean, This owner is also good guy",01 Jan 2023,4
112008,Ajith,"Place is well maintained but they initially refused to give room, and informed rooms are full & only few rooms are available for offline booking costumers, and asked higher price",31 Oct 2022,4
112008,Vikram,The hotel was very clean and the staff was extremely friendly and helpful. The location was great 👍,30 Oct 2022,4
112008,januki thapa,Room is clean and front desk guy was helpful,13 Oct 2022,4
112008,Vikram,Room was clean but geyser was not avw,06 Oct 2022,4
112008,sumit das purkayatha,Room,23 Aug 2022,4
112008,Venkatesh Manthina,Its a nice place room are clean and neat,30 Jul 2022,4
112008,Raneet Biswas,"Location is good for manipal hospital, nd rooms are ok, couple allow, staffs are ok, good, In my experience, all is good, if I have any work in hospital then I go this oyo,",22 Jul 2022,4
112008,Akash A,An average hotel,04 Apr 2023,3
112008,Rupak Bhattarai,The room was very dirty with broken glass on the floor... Empty plastic bottles on the floor. N the towel was not even wash properly... Very bad experience,18 Feb 2023,3
112008,Seemakurthi Venugopal,They are not providing facilities which they have mentioned in the website,04 Feb 2023,3
112008,Mehran Javid,none,29 Jan 2023,3
112008,Paramesh,Good experience,24 Jan 2023,3
112008,Tushar Joshi,Hotel was nice but no wifi at 5th floor. They should improve im cleaning and provide all facilities mentioned in OYO app.,26 Dec 2022,3
112008,Subrat Samant,none,27 Nov 2022,3
112008,shiju rv,"Rooms not too good , surrounding in deep",08 Nov 2022,3
112008,Vishal,It could be better,04 Oct 2022,3
112008,Mouli,We don't get what we book online,15 Aug 2022,3
112008,gulshan kumar,actually this hotel didn't accented the booking In i didn't atol received refund also so bad of me,09 Jul 2022,3
112008,Dileep,"Staff not very supportive, the rooms are okay and the locality is great!",08 Jul 2022,3
112008,Kishan Hari,"Nothing.Not as per oyo, when we book through oyo they are showing non a&#47;c room without tv and other facilities, Saying that through oyo price this room only they can give..when i asked for ac room which was mentioned during online booking, they rudely reply that ask oyo only.",26 Jun 2022,3
112008,RohithBaburaj,For OYO costomer they give a very different room and came to know that only people get better option if they come directly. Very bad experience as what shown in the photo is nothing close to what room what we got.,05 Apr 2023,2
112008,Jamunaveni,We had to pay extra for AC room which was already there in the package. Worst experience. Not going to this place again. Never. Very poor service. Ni fresh towel. No toiletries were provided except medimix soap which is sufficient to only one person. No water was supplied. We had to get our own water bottle. And no television also. We watched movie with own wifi connected to the TV. Overall had a bery bad experiences staying there.,03 Apr 2023,2
112008,Hari krishnan,"Most of the amenities offered in Oyo were not available. Mainly it was not an AC room which according to my booking it had to be one. No mini fridge as offered. No room service, telephone was not available to call lobby. Some good things were they didn't asked any extra amount unlike some  other hotels do. Check in and check out was hassle free. Geyser was there but didn't worked in the morning. Cleanliness is average. But room was spacious",02 Mar 2023,2
112008,XXX XXX,Unhygienic,12 Feb 2023,2
112008,Shahnawaz,They don't have a swipping machine,30 Jan 2023,2
112008,Ibrahim Ali,I booked for 3 guest and in OYO it should that extra mattress will be provided. When i reached hostal they don’t have extra bed. No car parking too,07 Jan 2023,2
112008,Arup Debnath,Room is not good and no food dividend bay,05 Jan 2023,2
112008,Nirupam Rakshit,"Though the staff was good but the rooms were not properly cleaned. The bedsheet & towel provided by hotel was stinking of cigarettes badly. No proper arrangement of water, even the bottle / glass kept in the room were dirty & stinky.",19 Dec 2022,2
112008,Kamrul,Not good,18 Dec 2022,2
112008,Febin Koshy,"Room was not clean, no AC.",23 Nov 2022,2
112008,917250573059 Shankar,"Very bad management, the owner was kind of rude. Lots of stains were on the bedsheet. From OYO app I booked the hotel from from 612 but after I went to the hotel they charged me 900.",24 Jul 2022,2
112008,Lochan,"Room was okay. Cot was as if it would break. Washroom was neat.
But check out should be done by 11am under any circumstances.
Got a call at 10.30 to remind 11 o clock is checkout. Again at 11 got another call.. never experienced such kind in any hotel till date.",21 Jul 2022,2
112008,Arun Banakar,"Non-AC room was provided even though it was a classic room booking, no OYO standard was maintained in the property, no tv, no proper  room service, they were rude on the Non-AC part of the room.",10 Jul 2022,2
112008,Induja M,Very worst experience,25 Apr 2023,1
112008,Trawin,"The hotel staff comes and calls to checkout at 10.50am only in the morning even though it's. 12hour stay ,he creates such a uncomfortable stay to the costumer and he never ever address costumers as sir ,",23 Apr 2023,1
112008,vereesh,Notso clean,18 Apr 2023,1
112008,Karan Kumar,"Room was un hygiene. I booked in Oyo app for AC room, but after reaching to the Oyo room it was non ac. Cheating the customer showing one thing in app and when we go real different view we see.",08 Apr 2023,1
112008,jk Ram,Very poor room with broken beds,05 Apr 2023,1
112008,Jayesh S,"Very bad option.
I am not sure how they got above 4 ratings in app. I booked ac room but there i was given non ac rooms and charged 750 rs extra when i asked for ac room.
There is no breakfast.

No utensils to use  when we order food from outside except for few plates which are not even clean. Even after telling that thr plate is not clean they say it the colour which is like that. I had to wash the plates after going to room. No dustbin in the room.
Poor lighting inside room.",17 Mar 2023,1
112008,M. PRADEEP,Some electrical shock 😲 from bed besides iron roses....I complained but they didn&#39;t take care of that....vry bad experience.....Ntg is there only fear about electricity 😲shock,28 Feb 2023,1
112008,Mahesh,"Worst experience with the hotel, hotel management is very rude",17 Feb 2023,1
112008,Bharani Kumar,Worst service,13 Feb 2023,1
112008,Joshwin,"The rooms weren't clean and it wasn't to my expectations as welll. To be very honest, this was one of my worst Experience in OYO",21 Jan 2023,1
112008,Sreenivasa Reddy,"Full of cockroaches in the room.
Room is smelly.
Flush tank is not working.
Disaster.
Hot water is not coming always.
Pathetic experience.",11 Jan 2023,1
112008,Mithun,If u are ok to pay extra for ur prebooked room for which u have already made a payment then this is the place for u with worst class service.donno when will Oyo stop scamming people by taking bookings and deny providing rooms,10 Jan 2023,1
112008,Umang kumar,Service issue,29 Dec 2022,1
112008,Dhirendra Rai,The staff refused to give the room at the price shown during booking and asked for more. It&#39;s a scam,24 Dec 2022,1
112008,Vijay Kumar,"Charged extra 300 for the room, or asked to book booms in other hotel, and refused to give room.",10 Dec 2022,1
112008,Neeraj Pandey,No rooms available yet not got refund,06 Dec 2022,1
112008,Naveen,The bed had tiny cockroaches and the washroom had broken stuff,15 Nov 2022,1
112008,Vicky,Need to on all aspects...,12 Nov 2022,1
112008,SIRAJ,About hotel is good but the way of charging money is bad. In a call for registration you took 244 from me and told me to pay 585 in a hotel but in a hotel they took 733 from me it's disgusting.,09 Nov 2022,1
112008,Rishi Raj,"The stay was pathetic. There were cockroraches all around the room. On bed on pillow, in washroom.  Everywhere.  Plus they were not allowing me to pay from the app. Where I could have got little extra discount.  No water provided.",07 Nov 2022,1
112008,Pravin,They diny me for room,27 Oct 2022,1
112008,divesh,"They asked me to pay more than what it was shown I Oyo.
It's a fraud place.",25 Oct 2022,1
112008,Xavi,"No tv, No A.C, no amendments. Even for water bottle we used to buy from outside, no hotel facility. 
Couple friends hotel not for family stays",25 Oct 2022,1
112008,Abdul Jalil,Very bad confusion  for room,23 Oct 2022,1
112008,Tanvi Jetha,Was asked extra money after reaching there it was raining I don’t have any choice worst experience ever OYO should blacklist this place I could see same thing happening to other people,21 Oct 2022,1
112008,Shraddha Acharya,"Very bad, please dont stay hereJust the location, it&#39;s close to jeevan bhima nagar main road.Everything! Starting from the rude owner lady to awful tiny non ac rooms ( I had booked an ac room) everything was just awful",15 Oct 2022,1
112008,Vrushabh Mudda,I was denied service even after i paid and oyo isn't paying me back my money. Do something about it,11 Oct 2022,1
112008,nagraj Kumar,I can't get room after going there receptionist directly told me that all room is booked and u can talk to Oyo to get ur refund oru will get different place,11 Oct 2022,1
112008,jai,Why it's showing we checked out as we haven't checked in also ...,08 Oct 2022,1
112008,Akashdeep Bhagat,"Bad Experience, they asked me to vacate because by booking online money doesn&#39;t go to ownerThe location was nice, room was okay.They asked me to vacate because if we book online, the money doesn&#39;t go to owner",05 Oct 2022,1
112008,Debajyoti Chatterjee,it was very bad... no good service,04 Oct 2022,1
112008,Balakrishnan.R,I am room booking 10pm but hand over 11.50pm,06 Sep 2022,1
112008,Pradhan Kanhaiya,I was denied checkin when I reached the property after i did a booking with oyo with full amount paid. The owner of the property was rude and has denied the checkin saying the rooms are full and not available.,06 Sep 2022,1
112008,Kumar Sambhav,"Really pathetic .... The owner was very much rude she didn't even know the way to talk with customers.. I booked the room from 21st August to 28th August with amenities like ac and tv. On reaching the hotel I was told to pay rest amount Rs2482/-. After payment I was shown a room with dirty bedsheet broken mirror,without tv,without ac and a slow moving fan. On complaining at hotel reception I was told this is only what they will provide and was told to ask Oyo for ac and tv.Then due to pathetic room I paid Rs 1200 per day instead 600 and booked the room for 4 days and checked out on 25th August. Never move for this hotel.",28 Aug 2022,1
112008,Aakash Dey,Old bedsheet and pillow cover,27 Aug 2022,1
112008,Dr Kumar,"very disappointed to see such property is listed as oyo rooms. worst experience ever. worst than any cheap hotel in every aspects. I checked out early still it was not reflected in app by hotel. Such property must not be listed in oyo. Such experience will lead towards loosing the trust of oyo. 
Don't include such cheap and worst property in oyo rooms. we will loose our trust from oyo. utterly bad experience.",20 Aug 2022,1
112008,Gaurav Manihar,AC was not present in the room even though I booked AC room. They charged for AC room and provided non AC room.,15 Aug 2022,1
112008,shakil hussain,Very bad hotel,25 Jul 2022,1
112008,KISHAN GAONKAR,worst,12 Jun 2022,1
112008,Naveenkumar,"there is no TV & AC  they give non AC room,with out tv",02 Jun 2022,1
