hotel_id,user_name,review_text,date,title
112101,T P,"The stay service of blooms in was very nice and the facility was also very comfortable including all the furnitures. Myself and my girl friend was enjoyed and also we had wonderful experience of staying in blooms inn thank you. Nothing else, done. Thank you",12 Mar 2023,5
112101,Sunil AR,Nice and full displin,07 Jan 2023,5
112101,Ravi Kovind,none,22 Nov 2022,5
112101,Biplab Sen,none,04 Nov 2022,5
112101,Santhosh,Ok,04 Nov 2022,5
112101,Sayadsameer,"Clean and smooth check in, good condition with sanitization, Couples can checkin with smooth register",21 Oct 2022,5
112101,Gokul,Excellent maintenance room's 💗... Excellent staff's 💗💗thanks Bloom's in...,28 Aug 2022,5
112101,Rishikesh,"Room is really good.
Nice and clean room",22 Aug 2022,5
112101,Raj Raj,Rooms and staf.Good rooms,10 Aug 2022,5
112101,RAVIKUMAR S,The rooms were clean and hospitality was good,04 Aug 2022,5
112101,Ranganayakamma TV,ExcellentGood.Nil,28 Jul 2022,5
112101,Balaji,The room was good.,12 Jul 2022,5
112101,Devaraj,good,12 Jul 2022,5
112101,Sagar DJ,room is very nice staff services over all osm 👌👌👌👌,02 Jul 2022,5
112101,Kumar s,Good StayBest Hotel and Good New property with best amenitiesnGood Location pleasant Stay.,13 Jun 2022,5
112101,Gunasekhar Reddy,Very good service and room was good,12 Dec 2022,4
112101,RESHMA RAMANAN,Stay was good. But had to give extra 300 rupees in addition to the payment done in Oyo app,04 Dec 2022,4
112101,Manoj HM,The hotel is very neat and clean. Good room service,24 Oct 2022,4
112101,Manu,Good,23 Oct 2022,4
112101,Mohamed Ali,"Location good, but they didn't allow one person extra even if we were ready to pay.",27 Sep 2022,4
112101,Srikanta Kumar,Breakfast must be complimentary.,04 Sep 2022,4
112101,Dinesh Kumar,Ambience and hospitality.Location,24 Jul 2022,4
112101,Vinay,good,01 Jun 2022,4
112101,Nambi,The room was average but small. Could have been a little better,03 Mar 2023,3
112101,Saikat Panda,"Room was nice, however, I faced difficulties in check-in.",02 Sep 2022,3
112101,Amoolya Prasad,There was no geyser available,21 Jun 2022,3
112101,Biju VK,"It&#39;s like a apartment.Rate was mentioned 692 including gst for 1 day but I was shocked when the receptionist told me to pay 2700 overall since the oyo based app showed that price, receptionist informed to call oyo to enquire. when called oyo, another shocking news stating that they would refund the advance paid but can&#39;t give a accommodation stating that the property owner had modified the rate and was arrogant that they will not give another accommodation.  When spoke to the property owner, he informed that you can settle the issue with oyo or pay 1000 for the room and proceed. Since I was with family and kid, I was indirectly in a situation to agree. Its a scandal. I request booking.com to look into this. Please make sure your customers are not cheated by allowing 3rd party bookings to happen through booking.com",29 Oct 2022,2
112101,Manpreet Singh,Budget room..cheap.very small room and everything is broken.ncupboard broken.nno toilet sheet on commode.nunclean bed sheets.,03 Sep 2022,2
112101,KANCHANAPALLI SANDEEPKUMAR,"Don't book Any rooms via OYO app,even if you book on the Oyo app and pay the money as shown on the app also the counter staff at the OYO building will ask for extra cash.If you unable to pay the cash asked by the counter staff then they won't give the room even if you paid the full amount on the Oyo app.If you call to the customer care on this issue they can't do anything they will tell that refund can be given but you won't get the refund.This was the horrible experience I have faced via Oyo app.please uninstall Oyo and never book on OYO app.",10 Oct 2022,1
112101,Balakrishnan Gautam,"Not worthy, charged extra, uncleanNot any specific.Unclean rooms and restroom was stingy",28 Sep 2022,1
112101,Venkatesh Iyer,"A horrible experience - right from booking to check outSufficient storage space.1. The booking experience - when I did my online booking, I first got a mail that I don&#39;t have to pay anything till I check in. Then soon thereafter I got another mail that I have to pay a partial or full amount.n2. Once I made an online 50% payment, I did not get any mail to confirm receipt till I called up.n3. The Oyo person I spoke with confirmed receipt of the 50% payment but was unwilling to send an acknowledgement mail, he said Booking.com was supposed i send that!n4. The room was extremely small.n5. The bedsheets were dirty and I had to ask for these to be changed which they good very hesitantlyn6. Though my special request for late check in and check out was approved, the staff at the reception asked me to check-out at the normal fine - I had to show the mails to establish that my speciali request was indeed approved, the guts at Oyo rooms had apparently not recived any intimation think I died the mails.nnIn summary, overall it was a horrible experience.",18 Jun 2022,1
