hotel_id,user_name,review_text,date,title
112547,Pavan Pavi,More cockroach is there,13 Apr 2023,5
112547,Shiva Shiva,Hotel Supervisor is gentle man and what ever the booking charge was only he had taken without charging any extra amount,03 Apr 2023,5
112547,RAHUL KUMAR,Awesome,10 Mar 2023,5
112547,Arvind Reddy,Beautiful atmosphere,23 Feb 2023,5
112547,RAHUL KUMAR,Awesome,18 Jan 2023,5
112547,RAHUL KUMAR,Good,18 Jan 2023,5
112547,Vishwanath MO,Hotel was hygienic and receptionist was generous location is not so hard to find bathroom was clean,25 Dec 2022,5
112547,XXX XXX,Excellent,11 Dec 2022,5
112547,k noorulla,Nice service and good response,05 Dec 2022,5
112547,rohitm,Noy.bad,30 Nov 2022,5
112547,Degala Nagasai,Excellent room and services,29 Nov 2022,5
112547,Prakash,Nice place and good,19 Nov 2022,5
112547,Sabir Ahmed,Awesome,15 Nov 2022,5
112547,Sabir Ahmed,Good,15 Nov 2022,5
112547,Sabir Ahmed,Good,14 Nov 2022,5
112547,kasyap cobra,Nice place and rooms  also so big comfortable cleanliness is also very good,08 Nov 2022,5
112547,kasyap cobra,A well designed room which has all the basic amenities waa given to me after a smooth check-in process. Staff was friendly and helpful. …,08 Nov 2022,5
112547,Sabir Ahmed,Good,08 Nov 2022,5
112547,Suresh,Nice stafe,03 Nov 2022,5
112547,Thomas Joseph,Hotel staff are friendly and the place is neet and clean,21 Oct 2022,5
112547,Rakesh,Good,16 Oct 2022,5
112547,Kiran Kumar,Good,15 Oct 2022,5
112547,syed musaveer,for  couples there is  no tention..happy  to say that  couples can enjoy with oyo..thanks to oyo,12 Oct 2022,5
112547,Ritu Singh,Nice staff and they have good room service 😊,11 Oct 2022,5
112547,Kiran Kumar,Rooms provided were good and clean . thanku for your service,09 Oct 2022,5
112547,Praveen,Gud and nice to stay,07 Oct 2022,5
112547,Santosh Kumar,Very good,02 Oct 2022,5
112547,Shristi Rai,It was good,25 Sep 2022,5
112547,Shreedhar badiger,Excellent services,01 Sep 2022,5
112547,Sabir Ahmed,Very nice neat and clean hotel and location is awesome.staff are very cooperative.... highly recommend 🥰 . safety,01 Sep 2022,5
112547,Surendra,none,16 Aug 2022,5
112547,R B,Good,15 Aug 2022,5
112547,Muhammed Abdullah,Nice,08 Aug 2022,5
112547,Lucky Pavan,Good,06 Aug 2022,5
112547,Neha N,Nice clean room,04 Aug 2022,5
112547,Shreedhar,Awesome service was good,19 Jul 2022,5
112547,Govind Kalyan,everything is good,16 Jul 2022,5
112547,Anju,good,17 Jun 2022,5
112547,Kiran Kumar,good,09 Jun 2022,5
112547,manjeet singh,Good,02 Jun 2022,5
112547,anwar,Nice hotel,25 Apr 2023,4
112547,Pranav Jha,Good place,07 Apr 2023,4
112547,Mayank Singh,👌👌👌👌,05 Apr 2023,4
112547,Kiran R,Good,27 Feb 2023,4
112547,Lopamudra sahoo,Location wise very good,17 Oct 2022,4
112547,Allen Sonar,Nice and pleasant stay 😊,13 Oct 2022,4
112547,Sanchit Aggarwal,Average room,09 Oct 2022,4
112547,Aakansha,It was great. But a little bit of disturbance was there. It was clean and had a good experience.,27 Sep 2022,4
112547,Daksham,gd,18 Sep 2022,4
112547,Supriya Dubey,Very good,16 Sep 2022,4
112547,Thomas Joseph,It was good experience staff are friendly,16 Sep 2022,4
112547,Subramani B,none,05 Jun 2022,4
112547,Preetham,"Hotel is average, room space is less, location is correct as shown in Google map. It is an average place.",22 Apr 2023,3
112547,Shiva Shiva,Charged additional amounts,10 Apr 2023,3
112547,Azeem,Room was good,13 Mar 2023,3
112547,Sumitkumar,Average in every manner,12 Mar 2023,3
112547,Harsh,"Very small room for the price, no amenities provided, little unhygienic and no proper parking available for two wheeler.",25 Jan 2023,3
112547,Al BurhanShajahan,I booked this room from offer price section @ 1566 for 2 nights. And when I visit oyo they asked 500 more to pay.,26 Dec 2022,3
112547,Edwin Prashanth,They charged me extra of 299 at the hotel when the agent over the phone informed that I have already paid everything.,05 Dec 2022,3
112547,Pritish,"Everything was  dirty there. Soap , towel etc nothing was provided by the hotel , also the location was horrible",13 Nov 2022,3
112547,Basrinath,Bathroom is cln it's nce,24 Oct 2022,3
112547,Viswajeet Kumar,It was good without cupboard,25 Sep 2022,3
112547,Aakansha,Umm it was good but could be better. The tv wasn't working,15 Sep 2022,3
112547,Vasumathi,Room service cleaned the room but cigrette smell was not going. Stay was not bad. Bed sheets and curtains were not washed. People who were maintaining was good. Got all items needed during stay. Room was with AC. GOOD for the price,09 Aug 2022,3
112547,Rubini Dhameswaran,Room is an average.Tgere were frequent powercuts due to rain and also they didn't provide with the toiletries on arrival.,03 Aug 2022,3
112547,Anoop,They charged an extra 400₹ from me for the room.,10 Jul 2022,3
112547,Ziyahul,linens are not cleaned ...,26 Jun 2022,3
112547,Sibi Aji,none,02 May 2023,2
112547,Umesh,"Water bottle not available, no proper maintenance, bed is not clean",02 Apr 2023,2
112547,XXX XXX,Room is small. When i enter it was smoking smell. No wordrobe to keep personal things. Receptionist doesn't sit at reception. We should call him during check-in and check-out. Delayed and negligent response for service. I don't recommend this.,01 Apr 2023,2
112547,Mayank Singh,Too much cockroaches in the room no cupboard in the room Ac is pathetic.,28 Mar 2023,2
112547,Mano,The place is not good it's not kep cleanly there is no wardrobe,14 Dec 2022,2
112547,Shreenivas CR,"Niocupboard.
Room service worst.",29 Oct 2022,2
112547,Naveen Kumar,Not cleaning not mainte not good maintenance,17 Sep 2022,2
112547,Umapathy,"At last moment  my booking was shifted to another location, I am almost reached the hotel then I hotel manager called and informed,",07 Aug 2022,2
112547,Kumar Kishore,not good very bad rooms and power supply is not good,18 Jun 2022,2
112547,Lalith,The hotel bathroom is completely not clean and if I open the bathroom the annoying smell and the bed is not clean,08 Apr 2023,1
112547,vamsi,"Mainly bathroom is so smelly . If u open u will get vomits, no hygiene, At night u can say hello to cockroaches. Bed is okea. AC available. Overall experience is very pethatic.",03 Apr 2023,1
112547,Madhu,"not hygiene, worst maintenance",27 Mar 2023,1
112547,PraveenKumar K,I didn't stay over there since they are not allowed my visitors.,15 Mar 2023,1
112547,Karthick G,Worst place.. no response to customer....,07 Mar 2023,1
112547,Pradeep,"Not good for family, no lift facility and provide room in 4th floor.",07 Mar 2023,1
112547,Gowrish Reddy,"worst room. ksrtc bus stand better then this hotel  worst experience my life , i never see this type of hotels , at all over india .",16 Feb 2023,1
112547,Sushil Kumar,Room full of cocroches it was like we have occupied some room inside sewer…. Waste of money worst stay ever,06 Feb 2023,1
112547,Thamizhselvan,"Room was okay. Bathroom door has hole, cockroaches are in bed, washbasin is leaking when using, tab knobs are broken. Requested for another room, they said no availability. I can hear other customers also requesting the same. Plus 4 to 5 people who works in hotel stays in a single room always smoking. Worst experience ever.",05 Feb 2023,1
112547,Sai,Hotel charged me more demanded extraa 500 rs at the time of stay .,05 Jan 2023,1
112547,bhavanal,"Worst stay ever....
First off, the hotel team hasn't updated right price on the app, and when i booked and reached at the hotel, staff has denied my check-in saying i have to pay extra, since the price shown on OYO is  incorrect.
Surprisingly, when I raised complaint with OYO team, they've asked me pay extra or choose another hotel near by. And the refund process of OYO is horrible.",30 Dec 2022,1
112547,PRADIP KUMAR,"TV was not functioning.
 Lift was not  functioning",28 Dec 2022,1
112547,Aditya BijuJanardh,Really pathetic. Worst Customer support,22 Dec 2022,1
112547,Sreenath,"Cleanliness is very poor ,not suitable for family .
Bedsheet are used one .we had left in minutes and in reception no one was there and asked us to keep the key there itself .",17 Dec 2022,1
112547,Parv,before average hotel. Receptionist not helpful at all. Just trying to squeeze extra money from customer. Also rejecting many booking plus asking for more money to retain the booking. Plus the room was not neat.,04 Dec 2022,1
112547,Jaykrushna chandra,The service is very poor and room is also uncleaned and insects are present in side the room everywhere ..Don't go here..,04 Dec 2022,1
112547,jyothiyadav,"Such a worst washrooms and staff was not that good with us 
Rooms are not cleaned dirty smell",03 Dec 2022,1
112547,MUHAMMED NADEER,Worst service worst hotel worst staff,27 Nov 2022,1
112547,Sowmya Mahesh,They didnot give the room only,03 Nov 2022,1
112547,Vijay Kumar,Worst service,16 Oct 2022,1
112547,Amit,"Cockroaches all over the room, no floor cleaning. Bed was not cleaned after last usage.",02 Sep 2022,1
112547,Jagadish s,"There is no proper check in facilities, very bad experience felt TV not working , AC no chillness and more over no proper response.

Frist Wash room should be cleaned properly and blankets should be changed . Very much disappointed😔.Thx",28 Aug 2022,1
112547,Asif L,Rates were incorrectly charged,13 Aug 2022,1
112547,Afnad,It's below average fac for 1100,09 Aug 2022,1
112547,Shashi,In hotel they are asking for extra money otherwise they wont give room and They dont give bill,09 Jul 2022,1
112547,Abhinav Anand,"beds, pillow, walls were so bad. Bathroom was too he worst.
check in experience poor.
Had to pay extra 200 because of some Oyo policies. Customer care also didn't help.",03 Jul 2022,1
112547,Rishabh,"Very poor hospitality, no wifi, no tv, drinking water provided was not sealed, the linens were very dirty and they refused to change! On arriving they refused checkin and demanded additional money even though i had prebooked hotel one week before! The room was full of cockroaches, in my period of 5days not a single day the house keeping guys came to clean the room(despite asking them). Very horrible experience I’ll prefer not to book this hotel again and be wary of oyo in future",01 Jul 2022,1
112547,Sunil,"very bad experience...worst room i have ever stayed. Reception is very rude and rejected to refund the extra
 booking amount. I strongly recommend not to stay or choose this stay. reception guy charged 1500 insted of my booking amount 650. Worst experience inhave ever had.",30 Jun 2022,1
112547,Soumik Sen,very bad :- seriously:- +919035804587(my number) If there's any questions,20 Jun 2022,1
112547,Bharath,"one of the worst oyo room I have visited. 
they are demanding more money even if u had paid online. I paid 250 extra money. 
nothing was proper.
no sanitization no AC , no TV connection, no infrastructure,  parking guy telling not to park the vehicle, no safety.  
please don't believe the photos in this room.",19 Jun 2022,1
112547,Ravi,property manager charging extra money than bill amount,16 Jun 2022,1
112547,Raghavendra SS,Very Poor Service. worst & dirty room they have given to me. First they have dined to check in because no room available telling. after all arguments they aggred to give room. that to some one was staying they vacated them & given that room that to dirty room,16 Jun 2022,1
112547,Sethu Narayanan,"The property owner wanted more money eventhough i payed the amount while booking in OYO.but it was resolved through customer call service,the toilet flush and bathroom seats were in broken condition and the bedsheet were dirty.",16 Jun 2022,1
112547,Naresh kumar,rood and worst staff ... no TV. ....  no ac ... even they charged extra money after I paid oyo website..,12 Jun 2022,1
112547,vignesh R,extra charge amount,08 Jun 2022,1
112547,G Naveen,asking extra amount,08 Jun 2022,1
112547,Vinay Kumar,but warst app first time i have book the room booking but we have going to reached location not give the room that's why I have complete,07 Jun 2022,1
112547,Kiran Jain,"asked more money than Oyo 
took more money 2000 per day",07 Jun 2022,1
112547,Teja Naidu,"staff response is very poor 
No one will be available at reception in  early mornings  for any help or assistance 
I called to the staff for one hour they didn't pickup call",06 Jun 2022,1
112547,Asghar Valli,everything,04 Jun 2022,1
