hotel_id,user_name,review_text,date,title
112689,Karthick,Polite and helpful staffs. Clean room. Peaceful location.,18 Apr 2023,5
112689,Vinay Kumar,Great,17 Apr 2023,5
112689,Naveen KumarM,"This hotel is my regular chilling spot, maintenance is well and the staff is so good. Clean maintained rooms.",12 Apr 2023,5
112689,santhoshraj,Good,07 Apr 2023,5
112689,K.Parameswarareddy,Good,04 Apr 2023,5
112689,Diksha Singh,It was clean and pleasant,23 Mar 2023,5
112689,Jorfin P,got a room on the 4 the floor actually it's very easy to checking calm to to stay and good staffs also . but need to upgrade some cleaning and fecilities . it's not a bad r view only a suggetion . if the cleaning is done it will be the best stay in madiwala,06 Mar 2023,5
112689,Mustak,Nice,27 Feb 2023,5
112689,Ashmita Basu,My experience was good. Staffs were polite and location was safe and calm.,20 Feb 2023,5
112689,Nagaraj Devadiga,All is well,11 Feb 2023,5
112689,KRISHNA REDDY,Very good place to stay,13 Jan 2023,5
112689,Badusha,Good 👍,31 Dec 2022,5
112689,Bharath,Good,25 Dec 2022,5
112689,P Anil,Good,18 Dec 2022,5
112689,Vikas Rawat,Good service,05 Dec 2022,5
112689,suraj raju,It’s a good place . Clean too,03 Dec 2022,5
112689,Ashraf,It was good …. …………………………………………………………………………………. It was good …. …………………… It was good …. …………………… yupp,30 Oct 2022,5
112689,RISHI,Well maintained room.....room services are good,10 Oct 2022,5
112689,KISHOR SAMMALWAR,Nive hotel .they prepare cleaning very properly. Staff also very cooperative.,26 Sep 2022,5
112689,Rohith,Good stay,24 Sep 2022,5
112689,Kamal,It was nice stay. People are professional. Only problem is there is water leak in Bathroom. Bed Quality is bad,08 Sep 2022,5
112689,Ashok Kumar,Very good except some minor issues,06 Sep 2022,5
112689,Swalih,Good customer dealing..,17 Aug 2022,5
112689,Gowtham K,Room cleaning,06 Aug 2022,5
112689,Anand Raju,Hotel room was good and I liked it so much.,19 Jul 2022,5
112689,Rajesh,"We were greeted with a warm welcome and check-in was done very faster then we expected, the room was really amazing neat and clean definitely will visit again.",13 Jul 2022,5
112689,Nikhil,Good stay,11 Jul 2022,5
112689,Sued Zubair,good,01 Jul 2022,5
112689,Jimal,nice place,24 Jun 2022,5
112689,Hariharan,It’s good,20 Jun 2022,5
112689,Raju,nice,20 Jun 2022,5
112689,Harikrishnan V,very good. location is good and silent. location easily accessible. rooms are big. washroom is neat. overall very good experience.,13 Jun 2022,5
112689,Revanth Kumar,nice place,06 Jun 2022,5
112689,Rakshika Palani,"The stay was quite comfortable. The only complaint was we dint have any toiletries like soap,  mug being provided to us which was a hassle. But apart from that it was a peaceful stay.",22 Apr 2023,4
112689,DHARANI KUMAR,"Good location with neat and decent rooms
Excellent hospitality and manager at reception is quite friendly and explain things well",19 Apr 2023,4
112689,Chethan,Everything is good and we'll maintained,18 Mar 2023,4
112689,Venu Gopal,The room was good and the amenities was good ..the location it's in the centre of the city so it's an added advantage,10 Mar 2023,4
112689,918142093600 kesireddy,"Nice interiors, good staff",21 Feb 2023,4
112689,Bharath Chandaluri,Rooms were ok. No problem at the check-in. But no hot. So keep that in mind,09 Jan 2023,4
112689,Vishnu Mohan,"Was good , nice behaviour from members",05 Jan 2023,4
112689,Ankur Agarwal,Room condition was not upto the mark bt service was good and economy.,01 Jan 2023,4
112689,Raghavendra Myathri,Good,30 Dec 2022,4
112689,Appu Kumarsingh,"The room was good, they should use fragrance before sending someone to the roo.",09 Dec 2022,4
112689,Anthony,Services are good and rooms are neat,19 Nov 2022,4
112689,Janakiram,"Nice rooms but ac not working just ok for one day and well behavior staff
Easy to go and outside food not allowed",14 Nov 2022,4
112689,Sagar,Good clean best service good staf,11 Nov 2022,4
112689,renjithnelson,"Looking my side overall hotel is very good, nise to stay with couples. Good work ac, good clean bathroom, nice bedroom, good customers service. 👍👍👍👊",28 Oct 2022,4
112689,SrinivasMarti,Good,10 Oct 2022,4
112689,RaviTeja,"One thing which is not good about this place is .Oyo gives a discount amount of 200 if we pay our bill online .Once you reach the place They kept a notice saying we don't accept booking below 1250 so you gotta pay that again . Please Resolve this .

Cleanliness is not up to the mark",09 Oct 2022,4
112689,Rejoy Cherian,"It was a good experience, however they charged an extra 287 even tho we booked online using oyo. Hence it is only good nd not excellent, the receptionist was very friendly and nice",05 Oct 2022,4
112689,CHIRAAG Hv,It was a good stay maintenance was good service was great I recommend uh guys for this loadge,26 Sep 2022,4
112689,Jayashankar,Good hotel..but lift service required,24 Sep 2022,4
112689,Akash,"Smooth checkin process, rooms were neat and tidy, well maintained washroom, customer Service was pretty good.",14 Sep 2022,4
112689,Mofiz Ahmed,Good,02 Sep 2022,4
112689,Abhishek Yadav,"Room are ok, no breakfast which is always included in townhouse and bathroom shelves were dirty",28 Aug 2022,4
112689,Shekar,Bad sheet is not removeing but not cleaning,25 Aug 2022,4
112689,Sathvika,Everything was good,22 Aug 2022,4
112689,Raghu Raavi,It was good check in process,20 Aug 2022,4
112689,Akshay rout,Good,27 Jul 2022,4
112689,Vignesh Jagannath,Hotel is at prime location and can be maintained cleaner. So much of cockroaches inside the room and restrooms. They charged additional ₹930/- at the hotel and only then gave the key. And also said that OYO is aware of all of these and there is an agreement between the hotel and OYO as such. Going forward i will double think and then plan to make my bookings via OYO.,19 Apr 2023,3
112689,Pavan Kumar,"TV is not working, fan is not working, AC is not up to the mark. Water bottle also not provided. Charged 30 rupees for it. We went for check in at 11 am and they charged 300 rupees stating it is early check in. However as per Oyo if any checkin is in between 10 to 12 is free",17 Apr 2023,3
112689,Sasanka Sarkar,"Place was good, they charged extra 200, tv doesn't work.",04 Apr 2023,3
112689,Manasi,They asked for extra money 800rs. I alredy paid full amount online still they asked more. Also room service also slow and as you seen pictures of property it's not at all like that as well they have changed name of hotel.Not recommended.,08 Mar 2023,3
112689,Lord NishchalChan,The rooms are not as displayed and the washrooms are too tooooooo small you won't like it. The tv doesn't work. Totally different from the pictures. Expect 30% of it.,07 Mar 2023,3
112689,Tulasi ram,Bed is not good and service is not at mark,31 Jan 2023,3
112689,Vishnu,"Bed was very bad condition, room and bed sheet is not clean properly. Bathroom is untidy.Room have less space. fan makes noice.",11 Jan 2023,3
112689,Mukesh Abhinav Reddy,Rooms are ok but the washrooms are small and overall the rooms are good.And no complimentary breakfast given.,04 Jan 2023,3
112689,mubarak,Poor beds . Washroom are not clean . Service is okay . It would have better . They just say breakfast complementary but it’s not . They just give you a dosa and that’s it . For that also you have make multiple follow ups ..,02 Jan 2023,3
112689,Sandhiya jaishankar,Average stay,01 Jan 2023,3
112689,Silverius Fernandes,Room had bedbugs and also the bedsheets wasn't clean over all good for that price,25 Dec 2022,3
112689,kalpeshoyo,The hotel isat good location. Hotel ambience is good but they are not maintaining it properly....there were used betsheets lying on floor almost for 5-6 hrs....corridor was not clean...hotel shuld have more staff to maintain it,26 Nov 2022,3
112689,Kavya K,"Everything was good, but hotel people asked extra money after arriving there ....he didn't even tell why he is asking extra money",29 Oct 2022,3
112689,Karthick,They charged extra amount apart the usual amount,09 Oct 2022,3
112689,919675686978 Chaudhary,Manager not good,26 Sep 2022,3
112689,Vipin,They didnt give me room there. They told me that all room are filled after i booked .,02 Sep 2022,3
112689,Abhishek Yadav,"Rooms are ok, no breakfast and bathrooms are not clean. Tv not active despite reminders",27 Aug 2022,3
112689,Suruchi Topal,It is average budget friendly room.,08 Aug 2022,3
112689,Vandana Das,"The place is okay to stay if you are planning for 1-2 days. The rooms are not exactly posh as shown in the pics. Washroom is very congested and had the next room's washroom ventilation outlet inside our washroom - such a bad logic. Other than that, the AC was not working, there's no kettle provided as shown in all the pics, no hair dryer. Asked if they could provide an iron box, the receptionist said ""iron box office closed"" - not sure what he meant by that. The bed mattress will give you the worst back pain after just one night's sleep. The springs are all busted up. Had to sleep on the comforter to reduce discomfort. Worst of all, the ceiling fan made such crazy noises..had a hard time falling asleep. Wifi was very slow or never worked during night time. On the  good side - the area is not noisy or crowded like other Oyo locations.  You can order food from outside though written otherwise at the hotel.

P.S - The hotel's name is SRK Golden Inn and not ""White Inn"".",25 Jun 2022,3
112689,Ankit Thakur,not proper,16 Jun 2022,3
112689,Dileep,The property is not at all comply with the guest policy mentioned in the app. Charged me more than 50% extra for early check in (between 8am to 10 am ) and asking for 80%  amount to be paid if we need late checkout (until 5:00Pm).,16 Apr 2023,2
112689,Amal SS,"The receptionist made me pay extra 200 rupees even after paying online while booking. It said there was inhouse restaurant facility but there wasn't.
Had to go out at the middle of the night to have food. Only the room was clean. Bathroom door lock was damaged. Very bad experience.
Please settle the extra amount I had to pay.",13 Apr 2023,2
112689,Bharat Sunil,"The toilet Flush was not working and the Bidet shower was leaking, the washroom as a whole was not clean, the room was snelling funny.
Took the room with a lot of expectations, but left unhappy.",05 Mar 2023,2
112689,Adrish Roy,After we reached the property the manager ask 300 rupees extra,20 Feb 2023,2
112689,Sunil Sanjeeva,Booking amount less than 1300 will not get a room unless we pay difference amount. Rooms were not spacious and doesn’t look like in the photos,12 Feb 2023,2
112689,Ashish Kumar,"Room was smelling too much,AC not working, Fan also not working properly, walls are dirty two side, and bedsheet also dirty blood marks there not a single place so many places,, people there smoking in the rooms , wifi also not working range was too poor.",30 Jan 2023,2
112689,Subiksha Manogaran,"Please don't waste your money here, room is very dirty and there is cockroach everywhere. They didn't clean the restroom.",19 Jan 2023,2
112689,Shivam Garai,"Rooms not clean, bed sheet dirty, mosquito every where, cockroach everywhere",23 Dec 2022,2
112689,silambarasan,Attitude behaviour,09 Dec 2022,2
112689,Komal,"The only good thing about this hotel is the location, the hotel charged us 580 rupees more even though we had already paid the amount of discount. On asking why, they said call Oyo services, find different property. Very rude and unwelcoming. Bathrooms are really bad, mirror was so bad I could see my own face,over all an okay stay.",18 Sep 2022,2
112689,Sakthi VadivelS,"Photo and reality no match at all. Room is not very clean, all wallpaper started peeling. looks like no maontenance for a long. Weird smell was there. asked for room refreshing while leaving in the morning. When I returned back to room after hectic work room was in same condition with stale smell. Again contacted reception and get things done. Don't forgot bring bathing needs tooth paste brush soap shampoo etc. always reception answer will got over. TV just for name sake, it will not be recharged. Only advantage I could see not a noisy area.",06 Sep 2022,2
112689,Vidya Sri,"The room did not have a functional TV and WiFi as in description. Despite making several complaints, the issue was unresolved for two days of the stay. The faucets were leaking always. And, the bathroom falss ceiling allows us to listen conversations happening in other rooms. This is completely unacceptable and undesirable. Even if we have an offer to pay in Oyo, they want us to make direct payment at the counter.",05 Sep 2022,2
112689,Taufique Ahmad,"Beds are uncomfortable, springs coming out of bed.
Changed so many rooms same problem in all rooms",31 Aug 2022,2
112689,Apsana Kasim,"I wont prefer this hotel again, from outside and in application its look good but room looks nice but bed are really bad, dirty bed sheets nd used blankets. Please keep clean room. Sanitization is very important these days.",01 Aug 2022,2
112689,Praveen,Hotel 🛏️ bed room are bad and reception are not responding properly,28 Jul 2022,2
112689,Punit,Customer service is poor,13 Jul 2022,2
112689,Sharad Yadav,none,21 May 2023,1
112689,Vishnu K,none,17 May 2023,1
112689,Shangmai Wangpan,none,06 May 2023,1
112689,Adwaith Harish,none,02 May 2023,1
112689,Shiv,"No cleaning done for days, staff was bad and asked for extra money",28 Apr 2023,1
112689,Abhishek Niranjan,"Ac not working , cockroach on the bed , charged extra 200 rs than the actual rate .",23 Apr 2023,1
112689,Abhiram Anand,"Absolutely disgusting. Dirty rooms, dirty toilet. Room full of dust. AC not working.",22 Apr 2023,1
112689,Naresh,They are charging extra after reaching the property. Nor recommended place,22 Apr 2023,1
112689,Sanjiv,"OYO became a thief..we had paid for the room ..once we reach that said it’s already booked.. even many complaints were there .. 
please leave the oyo",21 Apr 2023,1
112689,Sreekanth Reddy,"Quality of rooms and furniture like bed is too worst. 
In app showing some money and after went there again they are charging.",20 Apr 2023,1
112689,Ankit Kanoi,Worst service and they charged extra 200+ bucks,17 Apr 2023,1
112689,Lawrence,Room rent extra charges 285,15 Apr 2023,1
112689,Shajas,they asked for extra money for check in. and I should be refunded for that,13 Apr 2023,1
112689,Ankit,They have asked extra 400 amount,12 Apr 2023,1
112689,Ravindu Ranjan,"No proper service, try to avoid this place also feels very unsafe. I checkout before my booking was ending as I felt uncomfortable during my stay at this hotel.",10 Apr 2023,1
112689,Santhosh PS,I never seen a such worst staff like this hotel they didn't accept a Oyo booking they actually told to pay 1300 rs as a room stay for a night and nothing is good in this hotel no door lock for washroom,10 Apr 2023,1
112689,fouziya dinesh kumar,It's very bad experience. Rooms are not at all clean and it's written that no smoking and no alcohol. In all the rooms it's full of cigarette smell . Totally disappointing very very very bad experience.,09 Apr 2023,1
112689,Fredil,none,08 Apr 2023,1
112689,Pavan Kothavade,Took more money from us than shown on Oyo app .₹400 extra. Service was very third class . Rooms lock not working .Management was very rude to us .TV not working.Not recommended at all.,08 Apr 2023,1
112689,Muzammil Khan,The always charge extra when you ask for the bill the ask 1000 extra.... Useless place no AC room was bad,08 Apr 2023,1
112689,Sonam Tamang,Those guys are charging more I lost hotel key they charge me 1500 more n they doesn't hv master key to open a door.at night 2 am they force me to take another room again they charge me 1000 .I don't know the exact  name of that manger he is Muslim guy he doesn't hv manner to talk with guest I think that guy is shouting.if some indents gone in room if they doesn't hv master how they will open.iam regular customer  of oyo so please  kindly take some urgent  step for those kind of staff n manger,08 Apr 2023,1
112689,Nikky Amresh,"Asked to pay extra amount and Bed was broken No-TV 
Rude staffs . Worst stay ever never ever stay here",07 Apr 2023,1
112689,Siddhartha Sarker,Worst experience with Oyo. We did not stay because the room condition was not same as portrayed in the OYO app. The hotel charged extra for one person during check-in. Immediately after going to the room we checked out. But OYO did not refund us the amount even after noting we did not stay there for even a minute.,07 Apr 2023,1
112689,Mahima Dey,Horrible experience. I want to give 0 stars. Never ever make the mistake of booking a room here. It's a lesson well learnt. Rooms are not clean.Rude and horrible approach from staff and manager. i have booked through OYO and paid the whole amount but after reaching receptionist demand us to pay 1300 otherwise cancel the booking just because I was with my family and they where unable to travel anymore I had to do the check in..Linen was not cleaned.Don’t fall for OYO reviews it’s all fake.It's a daylight robbery,05 Apr 2023,1
112689,DEVARK CHAUHAN,"Extremely pathetic place. The owner asked fir 300rs extra. There is a poster inside saying minimum amount to pay is 1500 even if it shows lesser on the application.  If you pay less they will say we don't have rooms. Very very very bad experience.  The room didn't have TV, towels and hand wash. Please don't go",04 Apr 2023,1
112689,Narasimha Murthy,There is no drinking water,02 Apr 2023,1
112689,Tomy Aloor,"During check in staff asked for additional amount. When we contacted OYO customer care they gave us the key of the worst room available. Cleanliness is far away and they denied basic facilities like a bottle of drinking water or soap or any other toiletries. TV was not working as the cable was broken. As we understood they are taking revenge for calling OYO customer care, we didn’t argue but have proper digital support for each of the issues I mentioned above. Strongly recommend OYO to remove this hotel from your list for your own goodwill. For other customers, please never trust the photos they have exhibited on OYO app, will have to regret if you thing it’s worth for money.",30 Mar 2023,1
112689,Adithya Sagar,"The receptionist was harsh, Ac was not working. Didn't provide water for us. The bathroom didn't have a lockm",29 Mar 2023,1
112689,Suraj,"Hello, after going to hotel they demanded more money than that of booking and no water ,tv, proper washroom water supply and no towels no breakfast no soaps",22 Mar 2023,1
112689,Sanjay Jain,"First, I was asked to pay extra amount(380/-) as any OYO booking below 1299/- may not be honoured by them. Room condition was not up to the mark.",12 Mar 2023,1
112689,Yogesh,"Not a good experience, no tv no fan they didn’t even provide drinking water. Even the receptionist were not even professional.",12 Mar 2023,1
112689,Nihal Rai,He denied my stay because I booked through Oyo...he asked me to may 400 extra so that he will allow me to stay...it's a room and AC was not working...tv was not working...now table fan was der,11 Mar 2023,1
112689,Shawaf A,"We need to pay extra money to the property, paid extra 250 to the property saying oyo hasn't updated the price",09 Mar 2023,1
112689,Vino,none,26 Feb 2023,1
112689,Vino,none,26 Feb 2023,1
112689,ROY ANGELO,"one of the worst hotels, booked on offer and hotel is asking for the remaining amount before checkin, looks like public toilet. never ever book here.",24 Feb 2023,1
112689,isavi yepthomi,"Not even homeless people will stay there after they spend a night there, according to the rooms details as though mmt the hotel provide everything",22 Feb 2023,1
112689,Suhas,Price taken high while the time of check in Oyo amount was 1000. I paid 1300 room was given with no WiFi no tv and no AC and also bed was not good . finally answer given the owner was we have one room left when i asked any other room he told check for other hotel and also amount is not refundable worst experience,11 Feb 2023,1
112689,VIJAYARAGHAVA,Worst bed worst staff worst room,03 Feb 2023,1
112689,cj,Waste of money dnt go fr this srsly its nt their wch u see in pictures so i recommend u too dnt go tht oyo,01 Feb 2023,1
112689,Shivam Bharadwaj,"First room that got allocated was infested with cockroaches. 
Asked for a room change, no cockroach problem in this one, but the bed was infested with bedbugs or fleas like bugs which kept biting all night. Couldn't get any sleep. Checked out early at 7:30am.
Hygiene in the room was very poor.",21 Jan 2023,1
112689,Niraj Patel,Waste of money room was was very unclear and was full of cockroaches bed was fully messed up srings were coming out from bed.,20 Jan 2023,1
112689,Sakshi Sakshi,"This is the 1st time I'm giving a review on oyo... 
I was so unhappy with the room the bed sheets were so dirty.... 
Their was no soap provide .
In my package their should be a complimentary this the hotel staffs didn't provide...  I paid 1400 but it seems it's not the worth 
And the hotel name is Golden Inn & on oyo application townhouse 
Very disrespectful... Please don't book rooms here ❌❌❌❌",17 Jan 2023,1
112689,Subhash Reddy,The property is okay for 1000rupess not more than that there is no hot water provision and here outside food alcohol and smoking are prohibited kindly check about these once with property before you check in,02 Jan 2023,1
112689,Riya,The mattress and linen has bedbugs . No hot water and i was charged 3000+ for my stay,01 Jan 2023,1
112689,Jhalak Shrestha,They provide us wrong password or there was no wifi but staff using and enjoying internet. They are not interested in solving our WiFi issue.,22 Dec 2022,1
112689,Karthik,"Very dusty rooms, poorly maintained washroom and beds are having stains.",07 Dec 2022,1
112689,Saikat Paul,Location is quite good. Rooms are full of cockroaches please book this Oyo if you want to sleep with cockroachesm,07 Dec 2022,1
112689,Afthab,The room is not clean and the prize is fix which 1300 if iit showing less as well,30 Nov 2022,1
112689,Nishchitha K,Bad hotel,29 Nov 2022,1
112689,Vineet Singh,The bed was bad .. immediate back pain started ... And the cleaning staff just all of a sudden barged in and started looking for something ... I left the place after few hours ... TV had no channels .. and the price on the app showed 1325 i was charged 1457 ... Not right but no other choice ... They also have a notice that the minimum for room is 1289 and if any body has paid less than that then we have to pay the balance amount... Bad service,21 Nov 2022,1
112689,Bharath,The reception was rude,13 Nov 2022,1
112689,Sujith,no soap  and shampoo tv room service is also notvther,09 Nov 2022,1
112689,Ashfaq,Cockroaches and  bad cleaning,09 Nov 2022,1
112689,Avinash,Nothin was good,24 Oct 2022,1
112689,Amogh Ballolli,Charged extra money,19 Oct 2022,1
112689,Sadhasivam R,Pls don't stay this hotel. They are cheated and charge extra money. Not hygiene. Not worth for money.,10 Oct 2022,1
112689,Ayush Gupta,Charged extra at the time of check. There were cockroaches in the room. No power backup. Hotel registered under different name.,04 Oct 2022,1
112689,Hari Krishna,Wost experience...not safer for couples....they asking extra money we pay Oyo also... manager are so rude....,03 Oct 2022,1
112689,Sukesh Raj,Lot of cockroaches and he charged extra 300 cash,03 Oct 2022,1
112689,Paul Alex,I booked via OYO but they said the rooms are full. There were empty rooms but weren't willing to give me one because it was below 1000 Rupees. WTF!,03 Oct 2022,1
112689,Suraj tripathi,They chargeed me more even after booking it online,03 Oct 2022,1
112689,Mahesh,Poor room no clean in hotel no water bottle,20 Sep 2022,1
112689,Chengappa Bachetira N,I had already paid and booked the hotel..but on reaching the hotel they said all the rooms are full..i had to call the customer care number twice and still haven't gotten my money back,18 Sep 2022,1
112689,PG,"I got a message from OyO to make a payment for Rs 1255. I had booked 'Book now and pay at hotel' option. The person there was rude (without even a smile on his face) said I don't know what it shows there, you must pay Rs 1476. Pathetic !!!!",17 Sep 2022,1
112689,Durgaprasad,Good,17 Sep 2022,1
112689,kavita,"Hotel stuff IMRAN asks extra money for room and 
bathroom  cleaning purpose . Very rude behavior",15 Sep 2022,1
112689,kavita,none,15 Sep 2022,1
112689,Shafeeq,Receptionist was very bad. He doesnâ€™t know the hospitality. For room key I waited for 15 mins and he doesnâ€™t know where is the key. Very very very bad,09 Sep 2022,1
112689,Rahil Khan,Worst hotel ever stayed. Management is very rude and their services are pathetic. Management is only there to deceive the customers,05 Sep 2022,1
112689,RANVEER SINGH,"Worse check-in experience ever. Even for a single bottle of water we need to come back to reception. Worse experience, won't be there again. As well as won't recommend anyone to visit there. There are many other OYO's nearby, you can check-in there. Poor.",28 Aug 2022,1
112689,Akshay Ullal,"Actually it was booked for 2 guests ... App default set was for 1 guest...  
When I went out there they charged me extra 700 rs which is not right... 
1100 was already paid and extra 700 i had to pay...overall it was 1800
When i checked in app it was 1300 for 2 people ... But the reception was rude .... 
It was bad experience",22 Aug 2022,1
112689,Lohith reddy,Rooms were not clean and the management is also not cooperating properly.,21 Aug 2022,1
112689,ravindra singh,"No light, dirty toliets, staimed bed sheets",15 Aug 2022,1
112689,Sanatan Kumar,Worst place to stay,07 Aug 2022,1
112689,Manjula,Room was clean at all. They have not cleaned the washroom or room before giving room. There was so many cockroach on bed and everywhere. They have not even cleaned the room on daily basis. We stayed there for 4 days and atleast one day they have not cleaned the room though we asked many times. Staff is sooo rude and not responsive. They talk with too much attitude. 0 hygiene. There was only bed and washroom nothing was there. OYO should remove this hotel from list. In pictures it shown different and in person it's different. I don't know how OYO encouraging this kind of hotel. Lost so much respect on OYO. Will ever not prefer this hotel again in my life. Worst hotel i have stayed so far,06 Aug 2022,1
112689,Artish Chirania,No room service . TV not working ..worst experience ever..Oyo should not keep such hotel in there profile.,24 Jul 2022,1
112689,Mutahhir,"the reception lobby looks like some cheap bar. ..the rooms are too small..the images are a lie.. even the bedsheets and pillow covers weren't changed..they took 4 calls and 2 hours before they changed it .. the room was dusty and there were masks hanging on the window grill.. we 
requested for an extra blanket which we were denied..overall the experience was terrible",16 Jul 2022,1
112689,Adhyay Chakraborty,none,16 Jul 2022,1
112689,vishesh jain,I was denied checkin and asked to cancel the booking by the hotel manager. Also I did not receive any refund for cancellation. This is a pathetic and unacceptable service provided by OYO and due to this worst experience I would never prefer to make any booking through a company that is just trying to loot its customers,11 Jul 2022,1
112689,Josteen,ac was not working properly and staff behaviour was too bad specially they made us to wait for 15 min for check in just because they wanted to count the  money,08 Jul 2022,1
112689,Sandeep Kumar,none,07 Jul 2022,1
112689,shashi desai,Loafer behaviour from the staff. They collected extra double amount from the customer. I want refund,07 Jul 2022,1
112689,Yogesh G,tv not working,06 Jul 2022,1
112689,Jacob George,none,03 Jul 2022,1
112689,Sanjay,took extra amount while checking in than booking amount,02 Jul 2022,1
112689,Rohit Ghorpade,They simply denied the room.,30 Jun 2022,1
112689,Neha,"They didn’t allow us to check in, even after booking and paying before checking in the hotel. After fighting they gave us a room. One of the worst experience. Can’t trust OYO app as well.",30 Jun 2022,1
112689,RAIHANOOR EHSAN,I checked in at 10.30 pm. Room not alloted. They said no rooms available. At such late hours we could go anywhere and chose to pay any amount to give me a room Charges full rate of Rs. 1400/- by hotel. Oyo amount was reflected as 550 or soemthing but i paid 1400.,26 Jun 2022,1
112689,Bavan,worst behaviour by manager and staff. charged me extra money to check-in,26 Jun 2022,1
112689,ATIF KHAN,room and bed is not good.   service is not good,25 Jun 2022,1
112689,Harika,They have charged 1300 extra even though it is pre booked.Worst Attitude,25 Jun 2022,1
112689,Jaishree,charged me 700 extra at the spot even after paying whole amount,22 Jun 2022,1
112689,Mustafa,they are giving our check in information if some one ask not privacy at all,20 Jun 2022,1
112689,Shrungin,really worst no TV nd night suddenly power went it was worst of worst .i gave one star because of bed and clean thing other like TV nd power going rediculus yar .,12 Jun 2022,1
112689,Sam,no cleanliness and some bugs on bed,10 Jun 2022,1
112689,Afroz,charging extra over your check-in amount,08 Jun 2022,1
112689,Christy Baby,there was no room free though we had taken an online booking in Oyo app,06 Jun 2022,1
112689,Ajay Varghese,Ridiculous customer service.. untidy rooms .. stinking towels,02 Jun 2022,1
112689,Dinakaran Stanley,none,01 Jun 2022,1
