hotel_id,user_name,review_text,date,title
113130,ayush sharma,none,05 May 2023,5
113130,Gangadhara UR,Nice,25 Apr 2023,5
113130,ANANDRAJ PANNEERSELVAM,"Good location, well mannered staffs, spacious rooms, bathrooms clean and overall excellent place to stay as single and couple",23 Mar 2023,5
113130,Aniket,Clean and nice maintained rooms,27 Feb 2023,5
113130,shankar,"Good room , staffs , comfortable stay , well maintained  rooms  , location perfect , room service also good",19 Feb 2023,5
113130,Mahmoud T,"Nice hotel, nice stuff room respct tht",18 Feb 2023,5
113130,Prithivan,It was forsho decent.,05 Jan 2023,5
113130,Vamsi,"Nice hotel to stay,Good ambience,friendly staff,Good location 👌  very good at every aspect and wonderful 😀",03 Jan 2023,5
113130,Zeeshan Haque,Very good staff very help full and rooms are very Neat and clean,26 Dec 2022,5
113130,Boss M,Good stay.Best rooms and service,25 Dec 2022,5
113130,Manoj,"Clean condition, very friendly staff,",21 Dec 2022,5
113130,Chethan VS,"Good Stay with the Good Location. Spacious Rooms, Helpful Staffs. Restaurants are nearby ti the stay and Room Service is also good.",21 Dec 2022,5
113130,Manoj,Good hotel and clean and hygiene rooms with good staff & management,12 Dec 2022,5
113130,Anjali Sah,The location of the hotel is commute friendly.The staff of the hotel where will behaved and the hotel was hygienic and well maintained.,09 Dec 2022,5
113130,Sanndip Dey,"Spacious room, location, balcony. Most importantly the ever smiling staff who got us drinking water every night.The AC dripped",06 Dec 2022,5
113130,Deepak,Boom residency hotel awsom great hospitality,02 Dec 2022,5
113130,Harish John,Nice,02 Dec 2022,5
113130,Aarif,Good hospitality,02 Dec 2022,5
113130,Neer Singhaniya,"Hotel was clean and it was is cheap budget, i have spent three days , i did not have any problem , staff was supportive",03 Nov 2022,5
113130,Anindra Mondal,"Rooms were very good, neat and clean as per the pics. Excellent room service. Didn't charge any extra money. Location wise it's also good.",27 Oct 2022,5
113130,Manish Mishra,Good,10 Oct 2022,5
113130,Deepak GeorgeVarghese,Good,05 Oct 2022,5
113130,Paras Munot,"Location is very Good and Easily accessible.
Staff is very Supportive and understanding.
Rooms are neat and Clean",29 Sep 2022,5
113130,Yashwanth Manchala,Nice Stay,21 Sep 2022,5
113130,sawre ankit,Rooms and location is very good..staf is very sportive..all over is good..ac is also warning so all are exlent,21 Sep 2022,5
113130,Basanagoud patil,This is really located at good and safe places.staff is very supportive and friendly.rooms are spacious and claen.,19 Sep 2022,5
113130,Dipro,Lovely stay,16 Sep 2022,5
113130,Hiralal Mohanty,Good.,14 Sep 2022,5
113130,DiLshaD aLi,"Location, amenities are good.",09 Sep 2022,5
113130,Rahul Yadav,Clean and well maintained,01 Sep 2022,5
113130,B BharathBhargav,"Worth for money. 
The stay was excellent.",30 Aug 2022,5
113130,Manikumar,Hotel is decent and staff are good,24 Aug 2022,5
113130,Fiza khan,"House keeping was very good, lift available, TV and AC was available, they also have good dry clean service at nominal price, and this hotel is at very decent and safe location ,",12 Aug 2022,5
113130,Abigail,Very clean and good staff,10 Aug 2022,5
113130,king 7,Good stay 😍,10 Aug 2022,5
113130,king 7,Exalent,10 Aug 2022,5
113130,Balraj X,Good,09 Aug 2022,5
113130,K satyanarayana,Exalent,08 Aug 2022,5
113130,prashanth bujji,Good,05 Aug 2022,5
113130,Harish,Good,04 Aug 2022,5
113130,Divya,"Clean rooms, supporting staff, good locality, safe rooms with balconies",04 Aug 2022,5
113130,king 7,Good service and good manegement...... Exalent stay,03 Aug 2022,5
113130,king 7,Good experience and good stay,03 Aug 2022,5
113130,Abhinav raj,Good,01 Aug 2022,5
113130,Shailendra,Good room and service,31 Jul 2022,5
113130,king 7,Good room and service,30 Jul 2022,5
113130,king 7,Exalent stay,30 Jul 2022,5
113130,king 7,Good stay,26 Jul 2022,5
113130,king 7,Good hotel rooms... 👌💯✌,26 Jul 2022,5
113130,king 7,Good,24 Jul 2022,5
113130,Arun Kumar,Everything in the room that ambiance in the room was very good and everything is clean and good,16 Jul 2022,5
113130,janavi,good staf,16 Jul 2022,5
113130,king 7,good hotel rooms,16 Jul 2022,5
113130,Raju S,Good hotel 🏨🏨.Best place to Stay,12 Jul 2022,5
113130,Suneet Kumar,Recommend.,06 Jul 2022,5
113130,Dixi,Good location good staf,05 Jul 2022,5
113130,Rocky 1998,Good hotel.Good location,04 Jul 2022,5
113130,Suryansh Singh,"Nice room and stay, supportive staff.",03 Jul 2022,5
113130,Adith K,"good behavior and good service tq for all ..,🤍💜",02 Jul 2022,5
113130,king 7,good stay... good respect give to caustemer and room is cleaning and all are good good management all staf behavior is good.... 👌❤️,01 Jul 2022,5
113130,Dixi,all are good ..,01 Jul 2022,5
113130,Shubhankar,good,30 Jun 2022,5
113130,Rocky 1998,I like rooms. service and good place value for money.Good property management,30 Jun 2022,5
113130,Periasamy,alll are good service is good,27 Jun 2022,5
113130,Manu Mallikarjuna,GoodGood staf and hotel room is clean and all staf is good.I like location and sound less place,12 Jun 2022,5
113130,Prasad,all are good and exalent stay,11 Jun 2022,5
113130,Prasad,good experience and good staf ❤️,11 Jun 2022,5
113130,Biswadarshi Das,"Nice people, nice locality",22 Apr 2023,4
113130,SRIKAR SRIKAR,Nice and pleasant stay overall................................................................👍👍👍👍,04 Apr 2023,4
113130,Naresh,"Good actually good staff and near of hotel all available for eat, staff helpful if we  call they come and solve the  problems.",03 Apr 2023,4
113130,suresh,Very good ventilation and spacious ...supportive staff ..Nice to stay,18 Mar 2023,4
113130,Pooja Singh,"Guy at Reception was super helpful, good stay as per the amount i paid.",05 Mar 2023,4
113130,Ramakanth,"Rooms àre good washroom is decent but facilities such as toothpaste, water bottle are also not available with them.",13 Feb 2023,4
113130,D Chandramouli,"Clean, and nice",13 Feb 2023,4
113130,Vaibhav Tripathi,Good to go,21 Jan 2023,4
113130,sai krishna,Good ambience,11 Dec 2022,4
113130,Joseph Kanakaraj,"Nothing Fancy,but good for a quick stayThe Place was centrally located near KR Puram, and easy to get an UBER or OLA to different parts of the city, it is pretty much in a residential area and was fairly quiet. Quite a few restaurants nearby so food was okay. ITs great for a day or 2 stay. The rooms were clean and well maintained.The Television channels are only FTA, the front desk was not too helpful in linking up new channels (Sports and Movies) although they said they will. The Hot water heater has limited capacity so don&#39;t expect a continuous flow, better to have a bucket bath than shower because of this. The place is not handicap friendly, would not suggest for a family stay, good for bachelors or singles.",09 Dec 2022,4
113130,Sangamithra,Good location & nice stay. Staffs very cooperative. There are lot of good restaurants/hotels near the oyo.,24 Nov 2022,4
113130,Vaibhav J,"good location, lot of restaurants nearby, room was of average size, staff were helpful and accommodating. budget hotel and value for money.the fan speed regulator was not working and it used to run at full speed even at lower speeds. I requested them to change my room and they agreed to it. rest all things were in working condition.",20 Nov 2022,4
113130,Jose,Good staff,18 Nov 2022,4
113130,Manojkumar,Good facilities,14 Nov 2022,4
113130,chiranjeevi suraparaju,"Location was good, internet ,rest room and room is good.  The only problem i see is bed and blankets are not cleaned properly.",03 Nov 2022,4
113130,Rahul,Good 👍,28 Oct 2022,4
113130,Kamesh. V,The rooms were clean and the bathroom was also clean. There were just a few marks on bedsheet but wasnt major. Stay is good and the staff were professional.,11 Oct 2022,4
113130,Ajay A,Location and room facility is too good,10 Oct 2022,4
113130,kushal kush,Good environment nice stay. Value for money,06 Oct 2022,4
113130,Naga tarun,none,04 Oct 2022,4
113130,Vinit Nandan,Room was clean and spacious. Excellent ventilation . Hassle-free check-in.staffs were friendly.overall good experience.,25 Sep 2022,4
113130,Kailash,"The stay was decent and good.
Major advantage was there were many good food points to eat. And locality was good. 
The staff were kind too.
Overall the stay was very good .. so thumbs up.",14 Sep 2022,4
113130,Naga Suresh,Good stay..,03 Sep 2022,4
113130,Anubhav Sanda,Nice location nice place,22 Aug 2022,4
113130,Saurabh Gupta,"The place was good, the hotel initially denied check-in and asked for extra money. However, when checking the the Oyo help, the issue was resolved and we did not pay any extra amount to the hotel. Good and hygienic place. Also, comfortable for couples",21 Aug 2022,4
113130,Nithin Stark,Room and service are good overall a peaceful stay,10 Aug 2022,4
113130,K RReddy,Prime Location and room ambiance is good,09 Aug 2022,4
113130,Sudarshana BS,Good experience,31 Jul 2022,4
113130,Teja KumarKotta,They area where this hotel is very pleasant and calm. Full of trees and no traffic. Hotel is very neat and hygiene.,25 Jul 2022,4
113130,Pragash Ravichandran,"Near to bus stop, shops and eateries near by, good location.Mosquitoes and insects, no hanger in room, water bottle not provided, TV did not work which is fine",25 Jul 2022,4
113130,Girinath,"Eventhough the rooms are small, they are well maintained and clean.",11 Jul 2022,4
113130,Ayan Das,Location Good,01 Apr 2023,3
113130,Vinod kumar,"The room is spacious, but the bed is not comfortable, the pillos and bedsheets are unhygienic and smelly.",22 Feb 2023,3
113130,Bhanu,Cleaning should have better,24 Dec 2022,3
113130,Mr Inayak,Price difference at hotel. No towels in rooms.,26 Nov 2022,3
113130,Rahul,"Room was average. Bed sheets, towel, room floor etc could have been cleaner",14 Nov 2022,3
113130,Sayan Mitra,The stay is average. The location is great but the hotel is not so good. But there is no problem in checkin or check out. Cleanliness is a bit of a concern for this stay.,28 Oct 2022,3
113130,Uday Bhaskar,Charged extra amount except that everything is good,06 Oct 2022,3
113130,Anson Francis,Jics shown are 10 times better than actual llace,25 Sep 2022,3
113130,Teja M,Not really worth the money they charge,13 Aug 2022,3
113130,Amit Debnath,"Toilet is not cleaned , exaust fan was not working,Tv was not working",31 Jul 2022,3
113130,Sreelakshmi,"The bed, bed sheet, blanket etc was not clean and hygiene",23 Jul 2022,3
113130,Koushik Raj,Plus the property has no parking and was wrongly tagged as an amenity,26 Jun 2022,3
113130,Kishore,Not good service rooms are bad,12 Feb 2023,2
113130,Priyush C,"The rooms are not neat, bathroom is also not well maintained. They don't provide towels and even the rooms are not cleaned daily.",12 Feb 2023,2
113130,Shivendra Kushwaha,The blanket was soiled and dirty a lots of white mark and bedsheet was also dirty. Manager told all bedsheet went for laundry nothing is there to change. There was no towel inside room when asked twice thrice then they delivered. So spacious room normal cleanness was good but hygiene was issue.,05 Dec 2022,2
113130,Kavan Kishore,"Smell , bad bed",11 Sep 2022,2
113130,Baibhab Guru,"Pros : Hotel location is good, Room price is ok, 24x7 checkin is ok
Cons : Staff behaviour is bad especially the front desk executive(manager), room quality was cheap initially(got changed after complain/fight)",29 Jul 2022,2
113130,Abhishek,Asked for offfline booking for extra money & not allowed to extend the stay,25 Jun 2022,2
113130,DhikeshM,Oyoo is scam till now I didn't get any response from oyo for my query,08 Apr 2023,1
113130,VENKATESH KOLLU,"They have not served any breakfast.I requested early check in, but the receptionist collected 400&#47;- from me to his personal account. I informed him as i will leave by 9pm, but he did not accept that and collected extra money.",13 Mar 2023,1
113130,Avinash Patel,1.location was good only .1.AC was not working n2. No cleaning on daily basis n3. No towel given on daily basis n4.No bedsheet change on daily basis n5. cockroaches was moving in bathroomn6. Staff was not given proper information about property.n7. They give value  only couple.n8. Very disappointedn9. Gysyer was not heating water,12 Mar 2023,1
113130,Shuvro Chakraborty,"Horrendous Stay for 2 nights..Location.I liked Nothing. The staff was ill mannered.i even had a quarrel with the assistant receptionist for not cleaning the room for 3 days even after telling him.nOverall the receptionist thought, its his hotel and I am not paying for the stay, thats why he thought he can behave badly with me.Its winter and the fan speed is like its in level 5. I caught cold because of its defective regulator.nI definitely want my money back for such a horrendous stay for 2 nights. Even the dutbins are not cleaned. I will never refer anyone to stay here.nKindly arrange for a refund please.",18 Jan 2023,1
113130,Ashik Mp,badbad.bad,28 Dec 2022,1
113130,Lokesh,"Reception person got fired when i said that i paid online, said no rooms available, later i asked that room is already confirmed in app then he convinced and gave room. No proper receiving. Bed cover, blanket and pillow cover were badly used and not changed for new arrivals. When i asked for towel they asked to wait for laundry people to come.  No Car Parking . AC getting bad smell. No Complementory morning breakfast, No water bottles provided in room. Rooms full of smoking smell.",28 Nov 2022,1
113130,vipul jain,The hotel owner unnecessary took INR 167 from me for per day as according to him the rent is INR 1000 even i paid the full charge at OYO app for hotel booking,27 Nov 2022,1
113130,Sanal ThekkeVelothakkal,not for families.,08 Nov 2022,1
113130,Syed Sultan,Hotel management is worst and Oyo service pathetic,10 Oct 2022,1
113130,Surajit,"Hotel staff are not maintaining the property properly. Unhygienic place, lots of hair on the bedsheet. Insects are roaming freely on the floor.",07 Oct 2022,1
113130,mahima shukla,"I wish I can give negative stars.
Room was not clean
Dirty towel
Lizard in room and washroom
Ants roming all around
Dirty bedsheets
Noisy AC
No water provided
Bad smell
Dirty floor, buckets
Unhygienic washroom not cleaned properly
I checked out early the owner didn't marked that I have checked out, I had to call customer care they had to call owner and his owner then I got refud that too I was charged fir 2 days and I was hardly there for a night with lizards ants cockroach. You name it you will find it.

Very bad experience..after so much I was charged for leaving early.",12 Sep 2022,1
113130,Prasanna,"Too much of dirty blanket they provided and also there is smoke smell inside the room, so many cockkroaches",01 Sep 2022,1
113130,Richard,"Worst place, no cleanliness, rude behavior and they don't even change the towel and blanket which others used they just keep the same and just mop the floor and give the keys. Waste of money and time with friends. 

I don't recommend this to anyone",24 Aug 2022,1
113130,Dheeraj,Not so clean,14 Aug 2022,1
113130,Laxman Kalliguddi,PatheticNone.Staff was rude and horrible.,08 Aug 2022,1
113130,Purushottam Kumar,"Disgusting experience, linen wasn't clean switches were broken and reception person behaviour was worst. All amenities were not upto the normal mark.",28 Jul 2022,1
113130,Ramshad,Verybad service..when we asked about something the roomboy give a bloody sigh and startdoing it.. needs some well training worst experience and bed sheet was full of hair and i requested to change 2 times.. thank you for Athithi devo bava,26 Jul 2022,1
113130,Rohan Chalke,Receptionist charged 400rs as we checked in at 9 instead of 12.,29 Jun 2022,1
113130,Allen Tomy,none,14 Jun 2022,1
