hotel_id,user_name,review_text,date,title
113239,Kanchan Kale,none,24 May 2023,5
113239,Karthik S,Nice,09 Apr 2023,5
113239,Mahendra B,"Friendly staff, place is neat and clean",01 Apr 2023,5
113239,Lenin,Nice room facilities are really good with nice service too staffs are very good it was a nice stay as i consider,01 Apr 2023,5
113239,vinod Lamani,Good experience and good staff owsam rooms,18 Mar 2023,5
113239,Varaprasad,"Staff are good, Venky front desk manager is very good in handling customers. He is very responsive & helpful all the time. It is in 24th main most happening place in JP Nagar buzzing with pubs, restaurants,  all other amenities & super markets.",10 Mar 2023,5
113239,Varaprasad,"Hotel is in prime location in middle of busiest street of JP Nagar, 24th main buzzing with pubs, restaurants & shopping malls.  

Staff are friendly.",06 Mar 2023,5
113239,Sheh,Nice stay,19 Feb 2023,5
113239,Hemanth Nikam,It's good but you have to pay ₹999 because of some oyo issues 😪,12 Feb 2023,5
113239,md,It's good condition rooms,13 Jan 2023,5
113239,Aman Jaiswal,Room is so good and perfect and the food is also better..one thing there is no disturbance and safety also,04 Jan 2023,5
113239,Santhosh PS,"Everything is good for comfortable stay, awesome staff and hygienic, everything is nearby with good location, room full clean well maintained",30 Dec 2022,5
113239,Rishabh Kumar,Very good oyo room and facilities,02 Dec 2022,5
113239,Dhanesh S,Nice People,30 Nov 2022,5
113239,Yashwanth Cs,"Good area, nice service and no hectic for food around to catch...",20 Nov 2022,5
113239,Ashwinkumar Gaonkar,Rooms are in good condition and even its clean. and staffs are also good,18 Nov 2022,5
113239,sameer sameer,very good and please,16 Nov 2022,5
113239,ZAHIRUDDIN MUDASIR,Excellent service,08 Nov 2022,5
113239,Kavan,Rooms are dirty and manager was good,26 Oct 2022,5
113239,ThrishaDebbarma,Good,18 Oct 2022,5
113239,Sharnu Patil,Good,07 Oct 2022,5
113239,Amulya Kumar,The stay was very compact and comfortable,02 Oct 2022,5
113239,niyam,Rooms were good,24 Sep 2022,5
113239,P. Suresh,"Nothing any special to tell about hotel.
But ok For only sleep a night.",11 Sep 2022,5
113239,Dhana,"nice room ambience, good conversation with hotel manager ,",06 Aug 2022,5
113239,azra,"Decent staff , cleanliness is good ... No disturbance, students can also come here if they are having an exam in Bangalore.. there is everything accessible near by walking distance, loved to stay here",25 Jul 2022,5
113239,narasimha,It's good,18 Jul 2022,5
113239,Sk Suthar,good,16 Jul 2022,5
113239,Naveen,Peace full stay respectful staf worth of money fine,11 Jul 2022,5
113239,Raj,safety,29 Jun 2022,5
113239,divya,all good,01 Jun 2022,5
113239,Sanjay,Decent.,22 Apr 2023,4
113239,Mohammed Abdul,A better place to stay with all the facilities available around the accomodationBed was good and bathroom was good and hot water was available round the clock.I like the area where this stay is and the bed was comfortable,18 Apr 2023,4
113239,Manjunath,Location and people are good. They welcome with innocence. If we won’t like the room very calmly they will listen and will give the different room,07 Mar 2023,4
113239,Asif Imran,Charged extra than the OYO mentioned price. heater and Tv was not working as well,24 Jan 2023,4
113239,Adarsh Anil,Check in is fast.the room is decent but the toilet was not good.the hotel staffs were friendly.the only problem i faced was the broken toilet seat,28 Nov 2022,4
113239,Ranga Swamy,It was good,24 Nov 2022,4
113239,Pramukha,"Rooms were maintained clean , Everything is good. Family, couples and lovers can visit this place...",23 Nov 2022,4
113239,Sai Kiran,"Good location, good ambience, service staff is good, rooms r good but should take care of bed sheets",20 Oct 2022,4
113239,krishna,Staff is good . Verry friendly,16 Oct 2022,4
113239,Sai Kiran,"Good n humble staff, Neat rooms, Good location, easy access. Overall nice experience. No issues in check in & check out.",06 Oct 2022,4
113239,narasimha,Good,02 Oct 2022,4
113239,Shashi,Good hotel with an attached resturant. Very close to all the amenities and in the center of city....,27 Aug 2022,4
113239,Aditya Raj,It was quiet good experience. Worth of money and staffs are very friendly.,18 Aug 2022,4
113239,krishna chaudhary,Good,04 Aug 2022,4
113239,Ajay Singh,Clean room good staff but room is small,26 Jul 2022,4
113239,Jacki John,"Rodents and Pest...

Other than this AC, Water heater and Wi-fi were working good.. still, I will never recommend this hotel to anyone.",24 Apr 2023,3
113239,Vinod Khanna,AC not working,19 Apr 2023,3
113239,Arpita,There were no cleanliness and there were cockroaches in the room,02 Apr 2023,3
113239,Nithin Abraham,Average room.,13 Mar 2023,3
113239,Ashish Tiwari,Room price in mentioned 488 but i paid 511 exta total 999 that's not good,25 Jan 2023,3
113239,Ahmed,It's good to book the rooms and stay . N the offers is too applicable thanks for the CEO who have thought about this idea and helps to needy people who requires a best n good quality n prices .keep going like this and have a good future,31 Dec 2022,3
113239,Surendra,Maintanence not good,24 Nov 2022,3
113239,Vishnu,Cleanliness and room maintenance is worst,22 Nov 2022,3
113239,Wazzi,The place was okish booked with friends no water available in the sink..,17 Nov 2022,3
113239,Muhammed shabeer k,Not bad,17 Sep 2022,3
113239,Chethan,"Location is good but service is not up to the mark, cleaning was not done properly. Need to do deep cleaning services",04 Sep 2022,3
113239,Priyanshu,"The location is good near to empire restaurant,Rooms are quite small and they don't even provide complimentary water bottles  you can order food from outside.",19 Aug 2022,3
113239,Abhishek Mohite,The service was not so good the bathroom was not clean  AC wasn't working,15 Aug 2022,3
113239,Vijay,Tv not worked,28 Jul 2022,3
113239,ADITYAN S,It's average. Hotel needs to do pest control in the room.The ac and tv were not working.,28 Jul 2022,3
113239,Pramod,"While checking in earlier than 2 hours asked extra charges.......ac,tv, both were not non functional.... towels were not issued...... bedsheets were dirty and unhygienic.",25 Jul 2022,3
113239,rakshita Rakshitha,Good,15 Jul 2022,3
113239,Vishu,Not clean… No Working TV,07 Jul 2022,3
113239,Dixit Gowda,washroom isn't good and not maintained clean,03 Jul 2022,3
113239,Roshan Habbu,ok,07 Jun 2022,3
113239,Nideesh Nair,"Charged extra , no tv , no proper ac , no gyser",24 Apr 2023,2
113239,Trawin,No Oyo doesn't have any responsibility it accepts bookings in app but wen at reception they deny to accept the booking made through Oyo reservation,21 Apr 2023,2
113239,S Kk,AC is not working no service,20 Apr 2023,2
113239,YANUNG KAMDA,They bed sheets and pillows cover was dirty even they provide AC and TV which was not working even the wash room tap was not working so I didn窶冲 expect this 綜晶 poor hospitality,17 Apr 2023,2
113239,Raghu,No proper ac no hygiene,31 Mar 2023,2
113239,Jaspal Singh,Too much rats in room smell like mouse house,13 Mar 2023,2
113239,RM SRIDHAR,"Ambience and ChargesI like the front office person ( receptionist) nHis behaviour is Good !.Smoke ( Ciggerate Smell ) and Air Conditioning is not upto the mark , nBut in the booking.com it&#39;s was 757₹ nBut after reaching the property they have charged me 1000₹ nSo, Reason which they said was Marketing!",12 Feb 2023,2
113239,Aditya Karn,"Staff is good . Promises is not soo good . 
Washroom smells like hell .",08 Jan 2023,2
113239,Ayan Pal,"Room is good, but reception took 500 rs extra...They don't accept online booking...They will take total 1500 rs if you book less than this money they will ask you to pay",01 Jan 2023,2
113239,Nithin Sajjad,Shitty rooms,22 Oct 2022,2
113239,Nithin S,"No car parking available where as it stated as parking available.
Room and bed full of cockroaches
Checkin was 24/7 as shown",17 Oct 2022,2
113239,Asheesh,room can be better,07 Aug 2022,2
113239,Kirthi,charged extra,09 Jul 2022,2
113239,Hurmathulla Khan,Stayed here fr 4days room ws not cleaned. Ac didnt work properly,30 Jun 2022,2
113239,Adarsh Gowda,"we didn't get the room till 3 PM , later I got one room that was not clean and very small room",13 Jun 2022,2
113239,Ashish Gowda,"No lock for bathroom door, sheets were not clean",03 Jun 2022,2
113239,puneeth kumar,none,28 May 2023,1
113239,Jishanth,none,07 May 2023,1
113239,Gaurav,"Room was not clean, bed sheet and pillow were untidy and infested with pest",26 Apr 2023,1
113239,Sravan Ravada,I haven't checked in to the hotel. They are telling all rooms are full. The owner telling like they have more bookings than the existing rooms they have. I don't know why oyo is doing this kind of thing. Had a bad experience with oyo this time.,24 Apr 2023,1
113239,Pasupula Venkataramudu,"They will not accept online booking even if you paid already.

We need to pay extra as per hotel price and check out is not for 24 hrs but 11 o clock morning.

No TV
AC ok
Washroom smalll but ok
Cleaning - zero",19 Apr 2023,1
113239,Praveen,I paid money in OYO app  but after went to the hotel .the receptionist guy said no room vacancies right now .Even  my money also not yet received till now,11 Apr 2023,1
113239,Syed Faiz,Room is not good ac not working no provide tawal and soop and he told he not take online booking after so many conversations he give me room bad condition room,11 Apr 2023,1
113239,Ebrahim Ali,"The hotel manager charged me extra 500 rupees,
I travel a long distance to get in this hotel after booked this room on Oyo app but they say didn't accept Oyo bookings and charged me.",10 Apr 2023,1
113239,vasu,The hotel manager is asking extra money for checkin they hotel room is not clean very pathetic worst hotel,02 Apr 2023,1
113239,Sachin Samuel,"No AC no response from staff , terrible stay",29 Mar 2023,1
113239,pradi,"Very bad small room, no hot water and no AC , they treat booking from Oyo members badly and who go and pay offline they treat nicely so very bad experience",20 Mar 2023,1
113239,sanjay bhargav,Nothing to like there.They are charging extra money even though money is prepaid. They are charging almost double to amount shown at the time of booking.,20 Feb 2023,1
113239,Swapnil Singh,They charge extra and when I tried contacting oyo about this no one picked up from the oyo desk.,10 Feb 2023,1
113239,Hari PRASAHAD,Very unclean dirty rooms,07 Feb 2023,1
113239,Praveen P,"Bathroom is not good,Tv is not working, charging money for water,softcopy of address proof is not accepting here,they demanded more more than what i book in oyo worst experience ever definitely not recommended.....",06 Feb 2023,1
113239,Tabish,"Asked extra payment and room was full even when I booked already. Luckily one person checked out so they cleaned it halfly, and made me checked in after 1",02 Feb 2023,1
113239,Pranav Shah,"Request to all guys, please do not choose this Oyo because Oyo and Hotel having some internal payment clearance issues. However Oyo showing less amount but at time of check-in Hotel owner charges there actual fair. And you cant even refused because you would had been already paid the amount. Then at the time of check-in they asking rest of the amount. And I had been tried to contact to Oye customer care team. Thay are not responding.",30 Jan 2023,1
113239,Raheel,I went there to check in the hotel receptionist told that they don’t accept online booking and clearly told that we need to pay extra money even if we have paid the amount which was mentioned on oyo rooms worst experience,11 Jan 2023,1
113239,Venkatesh,Hotel charged 460 extra from my side. I have logged a complaint about the same but your customer care executive not helping properly.. faced very worst experience. I will never suggest OYO. Such irresponsible Team.,04 Jan 2023,1
113239,Kiran mg,Very worst  hotel owner demanded money they can't accept in oyo payments and very worst rooms no clear very durty parking not available  plz dont go any one very bad behavior waste of money,02 Jan 2023,1
113239,Abishek,"The property manager charged 600 rupees extra, I want a refund of it. I don’t why almost all oyo hotels charge extra. Please look into this",01 Jan 2023,1
113239,sooraj kulal,in oyo what price they show and while entering room it will be different only.. they ask us to pay more. very much disappointed😞,30 Dec 2022,1
113239,Muhammed rafeed,Not clean room. no towel,28 Dec 2022,1
113239,Abhishek,"broken tv,unclean washroom,charged 400₹ extra telling booking amount is showing wrong on the app... unhelpful staff
shame on Oyo.",18 Dec 2022,1
113239,VENKATESHA PRASANNA,"Inspite of location,it is not good enough to stay unless a last resort. Definitely not with familyOnly location.Room is very small. Linens are stained and dirty. No programme on the TV . Toilet is very small, only 20 sft and smelly. No AC remote. No hangers in the cup board. Entire floors sinks of cigerette sample.",18 Dec 2022,1
113239,Yuvaraj,They took extra money from me . You people need sort this price issue . I paid extra 350,09 Dec 2022,1
113239,Devendra,"After paying full money, when I went to check in he is asking for almost same money I paid online. Then wat is the point of showing price at app?",03 Dec 2022,1
113239,Adarsh,Hotel management is very bad. And his told extra amount also this was very bad experience in this hotel.,24 Nov 2022,1
113239,Bharath Kumar,Was charged extra after reaching the place,12 Nov 2022,1
113239,Shrishti ,The hotel is not at all upto mark… the service was terrible.. no bellboy.. no hygiene… the washroom was very dirty… all in all… I could not stay there just by looking at the room so I switched… will not recommend at all!!!,07 Nov 2022,1
113239,Adarsha Gowda,They taken the over booking and at the time I reached they said there is no rooms available. Rooms are too small and not clean. Parking availability mentioned in the app. But they said there is no parking availability. Totally pathetic.,06 Nov 2022,1
113239,Adil,Very bad room and took extra money from me,03 Nov 2022,1
113239,Arunraj R,Staffs behaviour is very very rude..,25 Oct 2022,1
113239,Rahul,Not giving room but asking the extra money 1000 rupees please refund my money rs 461 very bad manager,19 Oct 2022,1
113239,amit kumar,"No Handwash Liquid,No bathing Towel,no TVnNo telephone",18 Oct 2022,1
113239,Vishal,"My stay was denied while i went there. It was late 2:00 Am. Receptionist was innocent , he tried to contact me. I showed him the details , that my booking was confirmed and i done payment through online. Even I receptionist also had these details, but the issues happened was because of OYO team. They didn't check the room availability, instead they made people pay through online. So there was a rush of bookings altogether. Receptionist was advicing me not to do any payment through OYO. Because i was not the only one who faced this issue that day, there were 15 others too. And the poor receptionist have to deal with those stuff. And moreover I still haven't received my refund.",19 Sep 2022,1
113239,Jaganath,"No Towel, No Soap, No TV channels, No Glass Plate, No Drinking water. Bad smell in the room. Fully sound pollution.",05 Sep 2022,1
113239,Kedar Risbud,Place is horrific. Stay away.,30 Aug 2022,1
113239,Anvershad Ps,Very difficult to find the hotel.. there is no boards or lights . Room is too small. And services like style. Bathroom doors no lock. actually we are escaping from the property. Ugly towel’s and bedsheets. people don’t book any property from *OYO* all most all time bad experiences with oyo ..,29 Aug 2022,1
113239,Shahnawaz Badar,Not good at all,26 Aug 2022,1
113239,Mohamad Ibrahim,"the rooms were very untidy and unclean and the photos were different from the reality itu2019s not work forwork for money ,location.the pics of the rooms are totally different from the reality",24 Aug 2022,1
113239,PremkumarTM,Worst service and some bugs was there in the bed .,17 Aug 2022,1
113239,VISHNUPRIYA,"No proper hygiene. Moreover they didnot even provide basic amenities like towel, tooth paste etc. The furniture inside were broken. As i had no other choice at the time of booking, i had to spend the night in this hotel.",14 Aug 2022,1
113239,MAYANK,"Unclean room, worn out bedsheet, no hotel service
It's worse then a local lodge",13 Aug 2022,1
113239,Sumukha DE,Asked for more rate than mentioned in the app . It was 620 but paid 1000 in the middle of the night,13 Aug 2022,1
113239,Vishwa,Not clean don't have a single basic things not clean basic things are not there don't have a service not working TV and AC land line was not there,10 Aug 2022,1
113239,S Shiva,"No, AC, no TV, room full of cockroaches, no proper ventilation in washroom. Staff is not supportive. With poor facilities they charge over 1000 is not fare. Really looking forward for some reimbursements as I had to stay for two days due to no other option",02 Aug 2022,1
113239,Ganesh,"The room was filled with cockroachs 
As i had already paid through oyo and it was late night 
I believd in oyo and this happens",21 Jul 2022,1
113239,Kathiresan,asked extra traffic,18 Jul 2022,1
113239,Altamash,I was charged extra of rupees 557 by the staff,16 Jul 2022,1
113239,Akash,Cleanliness,08 Jul 2022,1
113239,mahesh,not working  all rude behaviour behaviour,01 Jul 2022,1
113239,Nishank,none,28 Jun 2022,1
113239,Govardhan,Rooms are dirty,28 Jun 2022,1
113239,Rahul Patil,It was Horrible stay!,22 Jun 2022,1
113239,Azar,Room was not clean full of dust. Rooms were not available problem with Check in. Tv was not working. Lock was not there for washroom door. Hygiene n clean less is worst.,11 Jun 2022,1
