hotel_id,user_name,review_text,date,title
113699,917259674248,none,09 May 2023,5
113699,Dilip kumar,100% safe hotel and nice cleaning rooms,26 Apr 2023,5
113699,Rajesh A,Nice place,25 Apr 2023,5
113699,Jayanth VR,It was good experience,22 Apr 2023,5
113699,Pranav,It was a really nice place. Ambience was good and the rooms were really clean. Good check in and staff members,15 Apr 2023,5
113699,XXX XXX,"Very economical, near and clean with AC wifi TV hot water.  Staff is very cooperative and friendly. Highly recommended.",09 Apr 2023,5
113699,918618048012,Nice place nice staff,05 Apr 2023,5
113699,Rakesh yash,Good place,04 Apr 2023,5
113699,Satyam Singh,Very nice location staff are so coprative room is very clean,31 Mar 2023,5
113699,Ankit Srivastava,none,24 Mar 2023,5
113699,Samir,It was a good experience rooms were clean an in a good condition good atmosphere for the customers,20 Mar 2023,5
113699,Sakshi,Very niceee ambiance and very beautiful rooms. Washroom was clean but not big enough. We were asked to move out earlier though,16 Mar 2023,5
113699,ambrish,Good,16 Mar 2023,5
113699,Keshava,"Seemless checkout experience,  well mannered staff and the amenities provided was very satisfactory.",16 Mar 2023,5
113699,Y ANANDA,Comfortable stay,14 Mar 2023,5
113699,Harsha VardhanaG,Nice comfortable room good staff clean room and toilet staff behaviour is good.,08 Mar 2023,5
113699,Veena s,"Rooms are too good and rooms booked for business meeting, all over clean and clear",08 Mar 2023,5
113699,Navya,"Good place, pleasant stay",05 Mar 2023,5
113699,Rabi,none,03 Mar 2023,5
113699,Santhosh B,Its excellent,20 Feb 2023,5
113699,Nishant Shekhar,Nice hotel stay,20 Feb 2023,5
113699,YETURI LOKESH,"Good maintenance at reasonable rate.

Clean and neat rooms................

Suitable for couples....",17 Feb 2023,5
113699,Carolyne,"The location is so peaceful and the room was spacious and nice too, the only red flag I had was with the the restaurant always closed.",05 Feb 2023,5
113699,abhinav ranjan,"Nics stay .....but little expensive food , but service is nice aa well........fhjjd.bjsjhd...........",04 Feb 2023,5
113699,Mohan Gowda,"Great location, really pleasant and clean rooms, but the thing that makes this such a good place to stay are the staff. All of the people are incredibly helpful and generous with their time and advice. We travelled with two six year olds and lots of luggage and despite the stairs up to the elevator this was one of the nicest place We so enjoyed our stay there and I hope to return. The location is perfect, our suite (they upgraded us) was lovely and we had a terrace! WOW. The staff is wonderfuly patient and helpful (don't think any of them ever sleep). Wish I could of stayed longer",04 Feb 2023,5
113699,Prem Sandy,Good room and hygiene and good response from the receptionist. And safe to stay. And cabs facility are available,04 Feb 2023,5
113699,ANSON,"Nice room, verry cleaned, budget friendly, good personality of receptionist, verry helping mentality, food not get the hotel, you want any food items you will order to swiggy or zomato, minaral water is available in hotel but additional charges applied, Toilet is verry nice, hot water is available, Tv and A/c are proper working condition but tv channels limited, only available free channels. Family & Couples friendly,,",02 Feb 2023,5
113699,Mridul,Good one,20 Jan 2023,5
113699,Desly Mathew,Easily accessible location. Good hygiene and safety standards.,19 Jan 2023,5
113699,Raghav,Excellent service and room also,17 Jan 2023,5
113699,Kabilan,"The hote was very clean, the car parking was very spacious, silent environment, The beds were comfortable and the bathroom is clean",10 Jan 2023,5
113699,Manish,Hotel was very good and hygiene and located atvvery good location I loved staying there I will suggest my friends to stay there,09 Jan 2023,5
113699,Mayank Jain,"Good rooms, with nice view and staff",06 Jan 2023,5
113699,Manish,The hotel was very good very hygiene and the location is also good,05 Jan 2023,5
113699,Sushmita DebNath,It was a good stay we loved the environment and the people there it is my 4th time staying there or was actually a good experience.,30 Dec 2022,5
113699,Rynel Melwyn,Was a very good stay... And the place was neat and clean.. loved the environment around..... Had a good experience,25 Dec 2022,5
113699,Abhinav Gupta,It’s dam good rooms cleanliness is 100 percent up to mark more than accepted …interior is Soo damn good location is also good just 1.2kms from RMZ mall …staff is also cooperative 👍🏻,22 Dec 2022,5
113699,P J,It was a best experience. Rooms were good with proper rooftop spot. Early morning check in was denied. Yet stay was good and peaceful,21 Dec 2022,5
113699,Shubh Mishra,Best hotel for couples. You can book here without any hesitation!!,12 Dec 2022,5
113699,RAGHAVENDRA BG,Very good place to say I love it..if any body need to stay please book on oyo app... Near jakkur plantation,08 Dec 2022,5
113699,Nikhil,Highly recommended hotel from my side,06 Dec 2022,5
113699,B Dattatreya,Hotel room is good and oyo service beautiful,04 Dec 2022,5
113699,PREM ROY,Good atmosphere,30 Nov 2022,5
113699,Shivam Mishra,It is good accommodation wise but restaurant is not active so for food need to order from zomato or swiggy.,26 Nov 2022,5
113699,Sunil Srivastava,Good place to stay but pls note no kitchen but sanitisation and staff are really good,25 Nov 2022,5
113699,Tagore Nandu,none,10 Nov 2022,5
113699,Manjunatha B,Nice spacious room,08 Nov 2022,5
113699,Glen,"Fast checkin and check out , good parking and food",06 Nov 2022,5
113699,navin kumar,"Good maintenance 
Friendly staff 
Love the atmosphere 
Great oyo for couples 
Just loved the hotel and rooms",04 Nov 2022,5
113699,Subham Sardar,Very nice 🙂,28 Oct 2022,5
113699,Manish,Very professional staff good and cleans rooms as well as bathroom,20 Oct 2022,5
113699,Glen,"Nice clean rooms., Easy checkin and check out",19 Oct 2022,5
113699,Dr Ronak,A very good location to stay near the Jakkur aerodrom Govt.Flying Training School. Good rooms also ...,12 Oct 2022,5
113699,Jayanth VR,Good,10 Oct 2022,5
113699,Mukunda,Hotel atmosphere. Cleaning,08 Oct 2022,5
113699,Harsh Pawar,The hotel was clean hygienic the staff was very good I just loved it,08 Oct 2022,5
113699,dilshith,"Good rooms, good behavior staff, clean bathroom",07 Oct 2022,5
113699,D CUBE,Loved the room..it was beautiful and the paintings brought a different vibe...lightings were crazy as hell,03 Oct 2022,5
113699,Jayanth VR,Good,01 Oct 2022,5
113699,Mahanetran Murali,"Good stay. The rooms were clean and cozy. Cost effective, didn't have any hassle with checking in and out at all",28 Sep 2022,5
113699,919066233736,Good,27 Sep 2022,5
113699,Gyanendra,Good,26 Sep 2022,5
113699,Rakesh G,Is very nice comfort and clean staff also quick response 👍,23 Sep 2022,5
113699,Umang Bawaria,Really great service,22 Sep 2022,5
113699,Harshit,"Staff, hotel and cleaning all is good",21 Sep 2022,5
113699,Manas,"Excellent room, well maintain, staffs are very co operative, value for the money",19 Sep 2022,5
113699,Mufeed,"I just love the Ambience of the hotel , friendly staff , cool atmosphere , cleanly maintained rooms , well parking facility .
 Overall a great stay , I love itðŸ˜",19 Sep 2022,5
113699,Rahuldavid,Good,19 Sep 2022,5
113699,dilshith,Amazing room... AC not working,16 Sep 2022,5
113699,Atharva,"Room was very clean.
Every gadget was in working state",13 Sep 2022,5
113699,Shreeshail,Good place,10 Sep 2022,5
113699,Jayanth VR,Good environment,09 Sep 2022,5
113699,PREM KUMAR,Very nice 👍,08 Sep 2022,5
113699,venkatesh,Good,08 Sep 2022,5
113699,sagar,It was good,04 Sep 2022,5
113699,PUSHP RANJAN,"Great experience, good facilities",01 Sep 2022,5
113699,Jayanth VR,It was an amazing experience the way they kept the room clean everything was good and we feel like going there again so peacefull everything was nice and was good experience,30 Aug 2022,5
113699,George,Rooms were clean and comfortable.,27 Aug 2022,5
113699,Usman,No hot water,25 Aug 2022,5
113699,Harshith,"Clean rooms, courteous staff",25 Aug 2022,5
113699,Nikita,Gud and nice,22 Aug 2022,5
113699,Aditya Raj,"Good experience
Nice service",20 Aug 2022,5
113699,PREM KUMAR,Cleaning water 24 hors tv AC cool place all 👍👍👍👍👍,20 Aug 2022,5
113699,Mallesha D,Good,19 Aug 2022,5
113699,Aravind Raj,I liked the room and a bed in balcony like place very much. Thier service is very good as well,17 Aug 2022,5
113699,Suyash Waghmare,Rooms were nice staff was polite,17 Aug 2022,5
113699,Milan George,"They didn't allow to check inn. Even at night 2am.
They said they can't give room for this price. And to contact customer care. Asked extra 800",15 Aug 2022,5
113699,Sai Kumar,Good,14 Aug 2022,5
113699,Manoj,Clean and neat rooms. Nice ambience. Good stay on affordable price.,13 Aug 2022,5
113699,Gayathri Krishnan,The room was neat and the service was also good.,13 Aug 2022,5
113699,Santosh KumarSingh,Good place,11 Aug 2022,5
113699,Chakshith B,Good hotel,11 Aug 2022,5
113699,Anandhitha Vinod,"Nice and clean rooms. 
Service was really good.",07 Aug 2022,5
113699,Harshith,Good and clean rooms. Polite staffs. No issues whatsoever.,07 Aug 2022,5
113699,Abdul MuktadirBarbhuiya,Had a lovely and comfortable stay very nice location and staff are so helpful and friendly.....,07 Aug 2022,5
113699,Sai Yadav,I liked atmosphere n room as well as staff,05 Aug 2022,5
113699,Venky,Its very friendly environment from the staff.it was a family trip for us and the location is very easy to find out,27 Jul 2022,5
113699,Gourav,Place is nice. Rooms are clean and tidy. Walls are freshly painted. Washrooms are clean. Overall service is good.,23 Jul 2022,5
113699,A Sandeep,It's a great place great locality and good service,19 Jul 2022,5
113699,Karthik T,nice,13 Jul 2022,5
113699,Vijay G,"Room were neat & clean, Peacful and calm location. There were some reviews stating that they charge extra amount but nothing like that. everything went smoothly.",06 Jul 2022,5
113699,Amal John,good,05 Jul 2022,5
113699,Manjunath,awesome hotel,01 Jul 2022,5
113699,Akash,Clean,21 Jun 2022,5
113699,Sudiptodas,Very good hotel,29 Apr 2023,4
113699,Shivakumar,All basic things are available. It can be improved though. They should provide Water bottles for guests atleast. Nice location. Decent staff.,26 Apr 2023,4
113699,Abhijeet,"Check in and check was easy and smooth. Location is really good, private and quiet with a lot of trees around and ample car parking space. The room I got was used by a couple for a few hours who checked out sometime before I checked in. The bed linen was torn, curtain was stained and the towel looked dirty. They do not clean the room thoroughly, in the crevices.",26 Apr 2023,4
113699,Cuz,Good loved it serves are also too clean,20 Apr 2023,4
113699,Sudiptodas,Good room 😃,16 Apr 2023,4
113699,nisar,Every thing is good,15 Apr 2023,4
113699,Jayashree,It was a good stay rooms were clean and tidy,12 Apr 2023,4
113699,Shuahruth,It was good well maintained stay,12 Apr 2023,4
113699,Yathish mn,"Staff is good, room looks good. But bedsheet is not washed it has a lot of stain marks",09 Apr 2023,4
113699,Cuz,Everything was good and clean and hygiene I like it ❤️❤️❤️❤️❤️❤️❤️❤️❤️❤️❤️❤️❤️❤️❤️❤️❤️❤️❤️❤️❤️❤️❤️❤️👍,05 Apr 2023,4
113699,Suresh,Felt happy of cleanliness and it was good place,25 Mar 2023,4
113699,kumar,Great service and friendly staff…………………………………………………………………………………………………………………………………………………………………………….:),24 Mar 2023,4
113699,Sachin Khandelwal,Impolite staff and rude behavior of the house keeping staff.,11 Mar 2023,4
113699,Ajitesh Mohanty,Service was okay. The reception was good. Room was not that clean. Cockroaches were there. No towels for 4 days. No room cleaning done in 4 days. Bed sheets were also not changed.,08 Mar 2023,4
113699,Sriram,"Very good place, very cleaned and sanitised well and satff also very quiet and good response all are good.",05 Feb 2023,4
113699,Harishanth Raveendran,"Essential items like plates, glass even water was only available after request. Tv was not working (channels were not available) checking and checkout was smooth and no hassle. Service was good.",03 Feb 2023,4
113699,Rahul khyade,"Good Place to stay, clean and calm place.",18 Jan 2023,4
113699,Mohan Gowda,Good service at reception staff and well maintained,13 Jan 2023,4
113699,Satish Kumar,"Hotel is nice, away from crowd though very near to all good places.",12 Jan 2023,4
113699,Satish Kumar,Nice,07 Jan 2023,4
113699,Vinayak Kamble,Good place to stay. Peaceful and area also good. Check in and check out also very smooth. There is no problem with the hotel. Hotel is good for stay for couples. Good door security and all and there is one problem with the hot water. We will not get continuous hot water that is the problem and also there are no hotels near to this area all you have to do is order foor online,04 Jan 2023,4
113699,Prem Kanna,Might have kept water bottles and towels,23 Dec 2022,4
113699,Mohan Gowda,"Very nice ambience, family friendly and superb service. Everyone is very nice and makes you feel welcome especially Dawn. I would highly recommend. Very friendly management who went above and beyond to make our stay enjoyable.",22 Dec 2022,4
113699,Ebin Poul,Nice Room Peace nd Calm Place Enough Parking Space,16 Dec 2022,4
113699,Praveen Mirji,"decent room and good location but bathrooms needs to maintain bit more clean otherwise everything is fine.
you can order food from outside as well.
very decent stay overall.",12 Dec 2022,4
113699,kishore,Good,29 Nov 2022,4
113699,PREM ROY,Nice stay.. Clean atmosphere.. Almost getting a feeling that middle of forest,24 Nov 2022,4
113699,Narendra Kumar,"The rooms were clean, very comfortable, nice atmosphere to stay. I recommend this hotel for anyone visiting town.",23 Nov 2022,4
113699,Shravan Kumar,No restaurant in the hotel everything need to be brought from outside even tea,20 Nov 2022,4
113699,Vishak,Good stay you can order food from Swiggy or Zomato curtains and pillows had stains,19 Nov 2022,4
113699,Varun VP,"The room and toilets were well cleaned, they had fresh towels , but sheet were a little dirty. But overall a good experience would recommend definitely",17 Nov 2022,4
113699,Bhaswanth Reddy,Good and pleasant stay.,07 Nov 2022,4
113699,Arpith,Room was very nice and cleanly maintained wifi tv and ac are working reducing 1 star because bath towel is not in the room,06 Nov 2022,4
113699,KAMALESH H,"TV will not work and food shall be ordered through zomato or swiggy, remaining everything is superb",24 Oct 2022,4
113699,Glen,Good stay,24 Oct 2022,4
113699,KAMALESH H,"Very good ambience, privacy everything was good. However, food is not available we have to book through zomato or swigy and room TV also will not work, remaining very peaceful full area really liked",23 Oct 2022,4
113699,Ravi KumarKalletlapally,Hotel maintenance is good and staffing people are very supportive.,16 Oct 2022,4
113699,Pavan Gowda,Rooms are well maintained and were clean,10 Oct 2022,4
113699,mohith,Wi fi is not working rest all ok,03 Oct 2022,4
113699,Suresh Babu,Definitely Peaceful place and good staff,01 Oct 2022,4
113699,Sujan,Good,01 Oct 2022,4
113699,Koushik,Rooms are good but staffs need to handle clean,29 Sep 2022,4
113699,chetan,Good,17 Sep 2022,4
113699,Shubham,Best hotel in bangalore,15 Sep 2022,4
113699,shivani srivastava,The curtains were dirty.,15 Sep 2022,4
113699,jeffri,"Good, clean and has nice view. Worthy for the price. Food is also good. Service is great. Overall had a good stay there",11 Sep 2022,4
113699,Keshava,Easy check in and friendly staff,03 Sep 2022,4
113699,Vineeth,Everything was good .But room was little Untidy,29 Aug 2022,4
113699,Aqib Nawaz,Its good,26 Aug 2022,4
113699,Lalit Singh,overall. ok ok. The only thing is like.took charges for food but the hotel was not providing food.,26 Aug 2022,4
113699,Krutant,"The place was pretty good, but the washroom were a bit dirty",13 Aug 2022,4
113699,sagar,It was a good experience,10 Aug 2022,4
113699,Devabrata Mandal,Hotel was decent and staff was also friendly...,04 Aug 2022,4
113699,Abdul MuktadirBarbhuiya,Stay was good but AC is not working properly,20 Jul 2022,4
113699,Rabees,Good survice,18 Jul 2022,4
113699,Jaipal Singh,ok,17 Jul 2022,4
113699,Aryan,Safety and security,16 Jul 2022,4
113699,sukanya baruah,nice but Oyo property will costs more than what it shows in Oyo.,05 Jun 2022,4
113699,Sashank Prabu,The rooms are pretty big for the price. Rong area Andi pretty modern but the service is abysmal. No towels available.,21 Apr 2023,3
113699,Pranav V,Washroom door was broken and had issue with AC. But stay was good and good service as well. Overall satisified,10 Apr 2023,3
113699,Shekhar,Food not available at hotel others then is all ok,10 Apr 2023,3
113699,Nikhil,Early checkin after 10 is complementary but they charged us 300 extra,08 Apr 2023,3
113699,Nishant Shekhar,Very high price now,20 Mar 2023,3
113699,antony josh,"A/c is not working for both rooms
Exhaust fans also not working",17 Mar 2023,3
113699,Deepak Rathee,"As we reached room water was coming out from air conditioner 
We told to the manager and he denied to change the room.
By saying no room is available another than this 
But when ma wife forced him to change he changed.
Oyo should take action against these incidents,",21 Feb 2023,3
113699,Keith Rebello,Blankets were dirty. Room service was avwrage. No telephone.,21 Jan 2023,3
113699,imamsab shaikh,Location is perfect but improve tv please there is not a smart tv 😅,12 Jan 2023,3
113699,Mohit Bhansali,Charged ₹ 30 for 1 litre of bisleri water bottle and no complimentary water in room. No deserved to be a oyo townhouse.,21 Nov 2022,3
113699,Pradeep Roy,Satisfactory,07 Nov 2022,3
113699,akhil,Washroom was not good,24 Oct 2022,3
113699,vishal,Ambience but cleanliness is not upto the mark,16 Oct 2022,3
113699,Sharaj Hegde,3 Guests - 1 bed provided on Floor,14 Oct 2022,3
113699,Sampath KUMAR,Stay and staff are ok....but their is no clean bedsheet or curtains....,03 Oct 2022,3
113699,MOINUL ISLAM,Bathroom door was broken and soap not available,01 Oct 2022,3
113699,shubham Mhamane,none,30 Sep 2022,3
113699,Prasanna Kumar,Improve to give better to the customers eg. Tawallas and service etc.,19 Sep 2022,3
113699,Parvez Khalid,"Room has cockroach, no kitchen facilities, deep inside the locality, for everything you have to order.",03 Sep 2022,3
113699,Prakash,Room is looking good but so many Cocorach every place toilet is to dirty,01 Sep 2022,3
113699,Mega Muthamma,"The room was alright. However no basic amenities were provided. Like drinking water, no towels, soap dispenser empty, AC was leaking and fan not working. Overall it was only 2.5/5",29 Aug 2022,3
113699,Anthony Praveen,"No towels bcoz of laundry issue, no shop nearby(location), and most unexpected issue is RAT while night can't sleep bcoz of rat, scared about our belongings,, location is good to spend time.",17 Aug 2022,3
113699,sajir,Curtains wants to change wash room no clean,25 Jul 2022,3
113699,Yogesh,"The management is actually not professional
And demands for extra money",19 Jul 2022,3
113699,Mourya,full of cockroach in the room,09 Jul 2022,3
113699,Ayub,Not worth,07 Jun 2022,3
113699,Arjun Rai,Sheets were unclean,07 Jun 2022,3
113699,Yogesh,had to pay extra 600,02 Jun 2022,3
113699,Ragee Sasidharan,"Room was not ready,had to ask for towel ,water bottle, ac had leak ,morning during check out we found all Food waste was spread all over . I guess some stray dog entered the floor ...so no privacy",17 Feb 2023,2
113699,Saket Shrivastava,"The washroom were dirty and looked like haven't been cleaned up. Fungus on the door of bathroom clearly visible.
Room was smelling bad with smoking and no room freshner was provided even after asking.",23 Dec 2022,2
113699,Punit Boriya,"Hotel service is not good, not responsible... When I require to Towle for bath at check in time thay simply said We dont have... Same for the other services..",10 Oct 2022,2
113699,Harsh Tyagi,Manager was misbehaving,18 Sep 2022,2
113699,Israr Khan,"Charged extra money for early check in which was suppossed to be a complimentary between 10-12, and denied check in stating the rooms were already booked where i made booking 4 days prior to.
Had really bad experience",21 Aug 2022,2
113699,ASHOK KUMARK.B,none,16 Jul 2022,2
113699,Uppi,AC was not working low maintenance of rooms,13 Jul 2022,2
113699,Shashi,"they are charges price for early check in ,but I'm the app there is no charges for early check in",17 Jun 2022,2
113699,Sudiptodas,"No, AC room was not changed after request. Broken basin sink.",05 Apr 2023,1
113699,Vimal,Ac was not working and room cleanliness was not thy,31 Mar 2023,1
113699,Rohith B,There were rats in the room... Not required more comments i beleive,14 Feb 2023,1
113699,Rxari,Same price but no water no power,13 Feb 2023,1
113699,Moulik Gupta,"There was no room service whatsoever. Bad bed, worst pillows. There was no hot water in the morning. No wifi on the second floor where my room was.",29 Jan 2023,1
113699,Ganesh murthy,Very poor service and they asked extra 500 rs as additional charges. Room boy not attended us and no complimentary water bottle is given. Overall very poor service.,17 Jan 2023,1
113699,Joshua KS,There was no early check in charges beyond 6 a.m according to Oyo policy. I checked in at 8:20. But i had to pay 500. Horrible experience with OYO. The room was very good. The staff were very cooperative.,26 Dec 2022,1
113699,Sourabh Maharana,"Worst hotel staff. Checked in at night 1AM and was asked for id proof of all the room members. This is the 1st time since last 6 years of oyo usage that I was asked for id of all. 
The hotel staff checked me in without checking the date of booking and in the morning came before checkout asking for pre check-in charges as the booking was done for next day by mistake.
Even the oyo support team didn't agree to the mistake of hotel of not informing me on checkin at night about pre check-in charges. The hotel staff was lying the whole time and was having very arrogant behaviour.",26 Dec 2022,1
113699,Ari,They charged me extra money.,21 Dec 2022,1
113699,Hemanth Kumar,Very unhygienic stay. Curtains were covered in fungus and everything was so dirty. Do not recommend to go here.,10 Dec 2022,1
113699,Arun Kumar,Poor service and rude behavior of all staff including reception. No kitchen no tea coffee.,09 Dec 2022,1
113699,Charan Raj,Not clean,04 Dec 2022,1
113699,Ganesh,Front desk staff was too rude. Not recommend to stay again.,28 Nov 2022,1
113699,Akash V,Room was dirty and no basix amenities where there,23 Oct 2022,1
113699,Manu,"We did find a bed bug that bit my friend in a lot of places, they did offer to change the room but i didn't feel comfortable enough to do that. The oyo is average as any of the others are",07 Oct 2022,1
113699,Abishek,Security,30 Sep 2022,1
113699,Bhuvana,Rooms were full of cockroaches. Dirty washroom and room had a weird smell.,26 Sep 2022,1
113699,Prachi,"No AC , blanket n bedsheet not washed saw insects no proper water .worst palce",26 Sep 2022,1
113699,Nasir Khan,Room furniture is filled with cockroaches and bugs in wardrobe and other furniture no proper ventilation. Sincerely unsatisfied with the hotel. Breakfast was not provided wherein in app while booking the room free breakfast was offered!! When asked they Just said No,22 Sep 2022,1
113699,Milan George,"Manager should know to talk, 
And it's full of crocroches",21 Sep 2022,1
113699,Rakesh Kumar,Room was preoccupied with bad odour pooor service overated,27 Aug 2022,1
113699,RaghuRaman,Nothing was good. Worst Oyo ever. Cockroaches everywhere and the room was stinking and the bathroom was sooo dirty and unhygienic.,23 Aug 2022,1
113699,milan,"How can it be called a townhouse??
For check-in we made a Big effort.. later room was stinking / Ac wasn't working... No water bottles as well! Room not in good condition (cockroaches). Unsatisfied! Waste of money!!",22 Aug 2022,1
113699,GopalSharma,"There is no facilities on hotel even a tea is not provided, basic requirements not available",18 Aug 2022,1
113699,shaswati Devi,Cockroach are found both in room as well as in the bathroom...,30 Jul 2022,1
113699,Allenkingsten,I had to pay twice,17 Jul 2022,1
113699,Fadhil,They didn’t let us check in after taking money from us. Very bad customer dealing and worst oyo i ever visited,04 Jul 2022,1
113699,Amal,"Staffs are very bad  in hospitality and behavior.They asked me more money otherwise there won't be rooms.AC,TV is not working.No Good Restaurants near this hotel.Worst experience....",14 Jun 2022,1
113699,Ather,was asking for extra money,12 Jun 2022,1
113699,Rashuu,"complete scam ,when i checked in hotel charged me at rs 1000 per night no matter how much it is showing on oyo its completely,even the service was not worth rs 1000 per night,i""ll rather recommend you to book different hotel than this hotel",06 Jun 2022,1
113699,Flux Flux,"whole business of this hotel is to scam people,on oyo price will between 700-500,but as soon you visit hotel they will chrge you rs1000 on name of fixed rate,rooms are worthy but atleast mark your genuine pricing",06 Jun 2022,1
113699,Ratnadeep,On the Oyo app the cost was 429 but there the receptionist asked us to pay 754 more.,05 Jun 2022,1
113699,Prashanth,OYO has become very fraud it ll show less price in the app after visiting the hotel some charges and all they ll put and brought the price to more than 80% what they shown in online booking and there's only online bookings before it was not like this but they changed rules and everything and charging high to ppl apart from this pricing  hotel and rooms are very good,04 Jun 2022,1
113699,Gopal,they charge extra,04 Jun 2022,1
113699,Shivkumar,"The hotel overcharged me 50% more than the Published tariff  after having been given a confirmed Paid Booking by OYO, the hotel threatened not to give me a room, until I paid the difference amount. Ended up paying the amount and was allowed only 3 day stay after having paid for 4 nights . Insensitive staff and sway many Customers from our facing same problem of getting overcharged. Oyo customer service  also could not help and asked me to cancel and go for another hotel. The hotel continues to be visible on same old tariff on Oyo site despite property not willing to accommodate booked confirmed customers .",03 Jun 2022,1
113699,ASHISH KUMAR,"they charged us extra...... 
it's was showing in app 853 approx 
they charged us 1200/*",03 Jun 2022,1
113699,Suhas,"They charged me extra 500 on booking
this kind of activities should be regulated by oyo.
and told me if extra amount is not paid my booking would be cancelled....",31 May 2022,1
