hotel_id,user_name,review_text,date,title
114365,Asgar shariff,Very nice place,19 Jan 2023,5
114365,Amith Gowda,Good hotel and good staf  best experience in this hotel,18 Jan 2023,5
114365,chethan,Good hotel Good management room is nice,14 Jan 2023,5
114365,Deepa,"Clean rooms, and staff service was good..
But at check out staff asked extra amount for early check out even at 10.30 am",10 Jan 2023,5
114365,Hari Prasad,Good place and near by railway station,20 Nov 2022,5
114365,Shine P,Oyo rooms very fast booking. Our service good and more hotel rooms availale in cities and rural arias. Am suggested for oyo 😊😊😊,08 Nov 2022,5
114365,Ravisha,Good stuff and clean room good ambiance 5 out of 5,04 Nov 2022,5
114365,Guest,Nice Service,03 Nov 2022,5
114365,Rizwan Pasha,Good condition,08 Feb 2023,4
114365,Muhammad Shafi,Toilet is ok.room was also neet.and the staffs at hotel is good,01 Jan 2023,4
114365,Sawood Ahmed,Last tme I have visited the hotel he has charged extra from me please look after it,27 Nov 2022,4
114365,akash k,He asked extra cash for the stay disappointed with this from oyo,23 Oct 2022,4
114365,Prasanthi Mandala,"Charged extra not even provided water, no ac not spacious",08 Jan 2023,3
114365,Anil Jose,none,22 Oct 2022,3
114365,Danish,They had asked for extra money more than the oyo price hotel charged us so i did not like that please work on this,22 Jan 2023,2
114365,Gokul Krishnan,none,31 Dec 2022,2
114365,Mani,"On checking in, staff asked to pay extra money for room. Really rude staff.  They dont care about oyo booking. They will only allow if you pay them extra money. Rooms are average.",21 Jan 2023,1
114365,Pankaj Kumar,very worst hotel asking for extra money never visit here....very bad experience,17 Jan 2023,1
114365,Mahi,Took 900 rps instead of 530 rps,02 Jan 2023,1
114365,Moin Khan,They asked extra money if we wer not agree to give they will say hotel is fully booked,03 Dec 2022,1
114365,Sivakumar,This is not OYO. They asked us to cancel the booking through Oyo and pay their normal per night charges. Totally uncalled for. Completely unprofessional and caused a lot of inconvenience.,30 Nov 2022,1
114365,Jaseem,"Bad , waste experience",30 Nov 2022,1
114365,Ummer Siddiq,Charged extra for stay not clean guy was not ready to give room on Oyo booking charged 1500 rs total for stay.,28 Nov 2022,1
114365,kalim lashkar,Hotel asked me Extra 500 than giving a room,24 Nov 2022,1
114365,Nayaz,Asking extra money in hotel reception,18 Nov 2022,1
114365,Varsha,There is no water during flesh. Customer care service very bad.,15 Nov 2022,1
114365,Rufaid Ck,i didnt even check in their..because they are asking me extra 1000 rs,25 Oct 2022,1
114365,Ashish Kumar,"They took double charge according to Oyo booking price 

No staff no breakfast even they took charge for water",23 Oct 2022,1
114365,XXX XXX,"No, in oyo they showed 300+ and my 500 rupees from Oyo wallet plus 162 Oyo money. I paid everything and after going there they asked me for more to pay like 700. Very disappointed",22 Oct 2022,1
