hotel_id,user_name,review_text,date,title
114476,Mudassir Ahmed,none,11 Oct 2022,5
114476,naveen,Super experience,14 Sep 2022,5
114476,Gaurav,Nice Hotel And Safe Location,02 Sep 2022,5
114476,Jith,Thanks Oyo for suprb accomodation.,14 Aug 2022,5
114476,Papugani Mahidhar,good but call and confirm your booking before reaching the lodge. especially when you booked from Oyo app,04 Jun 2022,4
114476,Mir raza,The room was good but service could hv been better,07 Sep 2022,3
114476,Mahesh,Taking extra amount this is not good,27 Aug 2022,3
114476,Jeelan,They charged 500 extra starting the price have increased.If so it should either be updated or removed in/from Oyo,16 Aug 2022,3
114476,Sindhu K,"The room bedsheets had holes, no required ventilation. And the bed was also not cleaned properly. Not even a soap was provided.",24 Jul 2022,3
114476,Nirmalya Sarkar,"They charged extra 500 Rupees saying that price shown or paid in oyo is not the actual price , you have to pay extra.",25 Sep 2022,2
114476,Jayanta Sarmah,Price is showing 650  but  when we reach room  they asking more money ...they told  1200.. I online  paid also 650... What's wrong...,22 Sep 2022,2
114476,Bijay Pradhan,"They are could accept Oyo paid money get money approx 1.5k 
But room was good",11 Feb 2023,1
114476,G Lenin,They won't give Oyo booking,04 Feb 2023,1
114476,Raveesh,I didn't like anything about the hotel they asked me to pay extra 650 in app it shows 600 change I have paid in app but once you reach there they ask for extra money I am extremely unhappy with the service and the money they ask extra for stay if they need more money they could have asked earlier itself,25 Oct 2022,1
114476,Manendra Kumar,I are so small. Water problem.Locations is good but,20 Sep 2022,1
114476,Akshay,Not good,16 Sep 2022,1
114476,Huzaif,Asked to pay extra,07 Sep 2022,1
114476,Praveen Dyamappa,They total extra 500 rupees from which adds to 1200 per day and the rooms were not worth it,29 Aug 2022,1
114476,Rahul Das,Also I was charged extra money,28 Aug 2022,1
114476,Prathap Kumar,Hi this is not the good thing which happen with me when i booked paid 677 which was showing in Oyo app but wen i login to room they said i have to pay 623rp and dey made me to pay total 1300rp i really don't understand why i have to use Oyo app to book room this is not first time it happening with i need a refund of 623rp which i paid to that room,24 Aug 2022,1
114476,Joshy Thomas,"Nothing.They didn&#39;t allow to our room, we talked for 35 minute with customer support to get the room. Also AC wasn&#39;t working. We Couldn&#39;t sleep",20 Aug 2022,1
114476,Sudhanshu,They charged higher then shown price.,10 Aug 2022,1
114476,Adarsh,I would not spend a night here,08 Aug 2022,1
114476,Alam,Staff was rude,19 Jul 2022,1
114476,Vamsi Krishna,"I was a little disappointed when I arrived at the hotel. As soon as I checked in, they charged me an extra 1500 rupees. Luckily, the room was good, the AC was working and the bathroom had been cleaned. The staff were also helpful and friendly.",06 Jul 2022,1
114476,Abdul raziq,one of the worst srvice and staff i was booked the hotel for 600rs but they didint accept the oyo booking and the took manually booking for 1500 rs i never got the kind of worst service ever by oyo,30 Jun 2022,1
114476,Pijush Chakraborty,worst experiencenothing.they charge extra after you reach the property,04 Jun 2022,1
114476,Chandan KumarH,He’s completely rude to all customers he doesn’t have sense to behave with customers he’ll keep on asking extra money to pay to the every customers,02 Jun 2022,1
114476,Mohammed Nadeem,Charged extra money then the oyo booking amount. Also bad mannered management they don't know what to speak to whom. Will never recommend this place to anyone nor will go to this place ever.,31 May 2022,1
