hotel_id,user_name,review_text,date,title
12652,Abhi,Good,21 Nov 2022,5
12652,Ramchandar saroj,Good,21 Sep 2022,5
12652,Prasad,v v nice hotel in this location,08 Jul 2022,5
12652,Shanker Rai,good,02 Jul 2022,5
12652,Bibin Thomas,good.,30 Jun 2022,5
12652,dipika plastic,Nice,26 Jun 2022,5
12652,dipika plastic,Good,26 Jun 2022,5
12652,md hussain,good,26 Jun 2022,5
12652,md hussain,good,26 Jun 2022,5
12652,md hussain,good,26 Jun 2022,5
12652,dipika plastic,V v nice stay,25 Jun 2022,5
12652,md hussain,best service,24 Jun 2022,5
12652,md hussain,best hotel for stay,24 Jun 2022,5
12652,dipika plastic,Good stay,24 Jun 2022,5
12652,dipika plastic,Good,24 Jun 2022,5
12652,dipika plastic,Very nice,24 Jun 2022,5
12652,dipika plastic,Good stay,24 Jun 2022,5
12652,md hussain,Best service,24 Jun 2022,5
12652,dipika plastic,good for stay,24 Jun 2022,5
12652,Rigesh Padikeri,good,21 Jun 2022,5
12652,md hussain,hotel located in good palace .& staff behaviour good.,20 Jun 2022,5
12652,md hussain,good,01 Jun 2022,5
12652,md hussain,v v nice hotel,01 Jun 2022,5
12652,Jerrin Joseph,good,13 Jun 2022,4
12652,Ankit,pricing is not proper,30 Jun 2022,2
12652,ArnavVidush,"Poor stay for the price. Didn’t get water or towel until asked for. AC wasn’t working fine. The bathroom was terrible, dirty bucket, mug and the shower was broken. If this is a flagship, never will I wish to go below or in something similar to this.",26 Jun 2022,2
12652,Sandeep Yadav,"I paid online. Hotel said they are not partner with they not allowed me check in. 
 Plus now I'm not getting refund it's been more then a week 
 Worst customer service is worst not even replying

Please #boycuttoyo",07 Oct 2022,1
12652,Joyal Johny,Bed bugs were there..The toilet flush was not working...It was not clean. Very old rooms. Suffocating room. TV was not working. AC wasn't working,18 Sep 2022,1
12652,Monisha,"I made a payment of rupees 555 towards Oyo flagship 7558 Galaxy Inn on 8th September through the Oyo app (phone pe) and recieved confirmation for the same from the app and on WhatsApp. On reaching the Oyo, we were denied accomodation as the owner told that the hotel was not associated with Oyo anymore. please ensure that my amount has been refunded at the earliest possible. No response from customer support or intimation regarding refund.",09 Sep 2022,1
12652,Krithu,The room was good but we where asked to pay extra amount to stay we paid 700 rs extra,12 Jul 2022,1
12652,Vikram,"I booked it and I went to that to and I asked them they told it wasn't booked and my money gone, And I contacted Oyo then they won't pick phone,,,no proper response",11 Jul 2022,1
12652,Ravi Singh,A lot can’t explain in words . It’s pathetic and charged extra amount as well . OYO have no control over hotel management. Hotel not agreed to provide room on booking amount. I have to pay extra which was not refunded as on date. OYO not resolved my ticket id 8555424071 . Not going to use OYO anymore.,11 Jul 2022,1
12652,Bidyut Gogoi,"we get checked out without check in 
they will tell we don't take online payment then they will make you rebook again",09 Jul 2022,1
12652,P Chandan,room prices increased when i reached the hotel. i had to pay lot more than what the app showed during booking. Room had cockroaches as well.,09 Jul 2022,1
12652,Abhishek,After reaching hotel manager demanded extra money pathetic buisness standards,09 Jul 2022,1
12652,Avudaiappan R,"Property is bogusProper is bogus and fake. When I went to the property, they said there is no booking under my name and booking Id even after i showed them the booking Id i recieved in booking.com and even after i paid partial amount. The manager was very rude and did not even listen to us. I have not recieved a refund too for the partial payment i have done. Pathetic and very disappointed",07 Jul 2022,1
12652,Baadsha,"not even entered the booked hotel as you oyo people noy made payments since 6 months
Dont book anyone on oyo.",04 Jul 2022,1
12652,Harish,I didn’t stay there itself and the hotel management said Oyo service in their hotel is not accepted,03 Jul 2022,1
12652,Akash S,Bad,03 Jul 2022,1
12652,Naveen,"worst hotel service, flush not working properly, no shower also not working.  I booked it for 568 through oyo. But soon after booking, it was showing that I had to pay approx 1000 for check in. Oyo is just looting their customers.",30 Jun 2022,1
12652,Madhusmita De,"service was not good wifi ac not working, washroom was not good.",03 Jun 2022,1
