hotel_id,user_name,review_text,date,title
13653,Nikhil Wilfred,staff behaviour nice,22 Apr 2023,5
13653,Santhosh Kumar,Good atmosphere and gud looking,21 Apr 2023,5
13653,suresh kumar,"Room are big near and clean, good place to stay..",19 Apr 2023,5
13653,ravi,Good hotel babu owner nice person,13 Apr 2023,5
13653,mero,Babu nice owner,13 Apr 2023,5
13653,Shashank,Babu is very helpful and a nice guy,08 Apr 2023,5
13653,Aswathy Ks,Very nice,06 Apr 2023,5
13653,Nandhu,"I got a Good experience,had a good stay staff was very helpful in every need , totally good experience,",31 Mar 2023,5
13653,Tenzin Norbu,Great place and good staff. Hoping to visit this place again.,29 Mar 2023,5
13653,saurabh jain,none,22 Mar 2023,5
13653,Rupak Bhattarai,It was very nice n comfortable....,21 Mar 2023,5
13653,Rahul,Ok,17 Mar 2023,5
13653,shafi sha,Good service with good place,15 Mar 2023,5
13653,Tryambikesh Tripathi,Good experience,07 Mar 2023,5
13653,Ana,It was a good stay..,04 Mar 2023,5
13653,mero,Oyo owner babu nice,16 Feb 2023,5
13653,Shahbaz,Excellent and peacefull location. Comfortable stay.,21 Jan 2023,5
13653,shabbir,For Couples Staying is Very Nice And All Fecilitys Are Available in Bangalore,16 Jan 2023,5
13653,Dr. SahithyaK,Good for money!!,07 Jan 2023,5
13653,Vijay,Very gud staffs and very well maintained rooms and toilet..,11 Dec 2022,5
13653,Rathin chandra Baruah,Everything  is excellent,30 Nov 2022,5
13653,AnandMehta,Good place,21 Nov 2022,5
13653,tharun,Excellent,19 Nov 2022,5
13653,Jitendra Kumar,"Nice room nice location.

Good for business peoples. And it's very nice location along with big size room. Cost effective hotel. Some time tareef so high but for me it was good.

I recommend to all business peoples, you can book this hotel for stay in Koramangala Bangalore.

But staff was not polite person, but it's okay over all everything good.",12 Nov 2022,5
13653,Deepak.N,It was nice stay,06 Nov 2022,5
13653,Souradeep Majumdar,best hotel,06 Nov 2022,5
13653,Basavaraj DM,Goood response,15 Oct 2022,5
13653,VenkateshAtchutha,Room is very big... And in bangalore many oyos are not giving rooms if we book from OYO. Here I didn't face this issue,15 Oct 2022,5
13653,Danish,Good,04 Oct 2022,5
13653,Subarna,"Huge room, good manager",25 Sep 2022,5
13653,Seshank Jain,"Good staff, average stay",18 Sep 2022,5
13653,Danish,Good staff,11 Sep 2022,5
13653,Divesh Kumar,Good rooms and staff is friendly,08 Sep 2022,5
13653,Naveen Sai,Good,07 Sep 2022,5
13653,adarsh mb,Is good sarvise,28 Aug 2022,5
13653,Basavaraj DM,Good,23 Aug 2022,5
13653,Afnas Ashraf,"Goo managing, neat and clean room.",19 Aug 2022,5
13653,AMALNATHMV,"Very sad experience 
Not recommended
Slept with cockroaches and wizards 
No cleaned bedsheet pillow cover provide",18 Aug 2022,5
13653,Harsha,Good,17 Aug 2022,5
13653,MdTitulHoque,Babu nice,12 Aug 2022,5
13653,Abrar Ahmed,Nice hotel,11 Aug 2022,5
13653,Vidisha,babu nice owner,10 Aug 2022,5
13653,gouri mitra,Nice hotel babu owner nice person,07 Aug 2022,5
13653,Sri Nandan,Aayush owner babu very nice,05 Aug 2022,5
13653,Vaishali Singh,Nice,04 Aug 2022,5
13653,Satish,Ayush comfort is one of my best hotel to stay. Whenever I come Bangalore I select this Ayush because of location very near to Koramangala and easy to find. Such a huge space in each room. It’s look like master bedroom with all facilities. And very nice and friendly staff. In reception also very friendly staff to check in. Any kind of help regarding hospitality they never say no. Almost this is my 10th visit. I will definitely visit again in future. Thanks to Ayush and staff. I had great day yesterday.,03 Aug 2022,5
13653,GauravSinghParihar,Babu very nice,03 Aug 2022,5
13653,Vishnu Maddineni,Good one,31 Jul 2022,5
13653,K.Deeksha,Good service,26 Jul 2022,5
13653,Prathap E,Customer service,22 Jul 2022,5
13653,Mohammed Tanveer,good services staff was really co operative and has supported well,20 Jul 2022,5
13653,taranjeet singh,"Room services are good, easy stay.",14 Jul 2022,5
13653,SaddamBaig,one of the best place to spend quality time,16 Jun 2022,5
13653,Tenzing Norphel,Babu nice manager,14 Jun 2022,5
13653,Rajesh,over all good service,08 Jun 2022,5
13653,sumanta guh,Average stay,07 Apr 2023,4
13653,Hari Kumar,Good,14 Mar 2023,4
13653,Anand Krishnan,Hotel is liveable ........rooms are spacious but tv doesn't work and surrounding is good.  .....a...,14 Mar 2023,4
13653,Abhishek,"Happy with stay, got a big room. From checking in to checking out, whole process was seamless. Room was clean. Would highly recommend it.",12 Mar 2023,4
13653,MuaZayn,"Liked the room , very spacious",18 Feb 2023,4
13653,Shakthi,Decent hotel,09 Feb 2023,4
13653,Shubham Gupta,"Actually for the travelling I prefer to stay in my personal place. That is why I mostly looking for the personal flat to rent - rather then booking hotel suite etc. Living amoung the the natives gaves me a vibe of a native feeling:).
What I have on the other hand, let's see.
The difference of price for the 1 night stay. You can find a better price - but the same thing can price less on other apps in fact. For instance, I am planning this spring to visit Nice and see my friend in France.
It's not the 1st trip - so I know the safety regions there.
And it's reallly mislead me - when I see the different price.
So I am keep searching. lol:)",29 Jan 2023,4
13653,Royroyroy,"The room was well maintained 
Cleanliness was maintained
But there were more interruptions.. 
Again and again room boy was knocking the doors because of some issue issue in bathroom",10 Dec 2022,4
13653,ashish,Good service. I got hotel at night !!!,16 Oct 2022,4
13653,Danish,Good,28 Sep 2022,4
13653,Akanksha Mahajan,Staff was very cooperative and professional and they also helped with few very important things like transportation and finding north indian food,28 Aug 2022,4
13653,Naveen Prasad,"Stay was pretty good,  couch could have been better. Toiletries and towel was not given anyways. Average",27 Aug 2022,4
13653,Maan Sodha,"Room are ok but they didn’t have basic facilities like toiletries and doormats , when we asked they hm give us used things. We are staying at forth floor but life is not working and when we asked the they said it was not working since long !!",22 Apr 2023,3
13653,Tanishk Nair,Good Staff But too many cockroaches in room,19 Apr 2023,3
13653,saurabh jain,none,21 Mar 2023,3
13653,Punith,Not good experience,02 Mar 2023,3
13653,Karthik,Bed sheets are very dirty,21 Feb 2023,3
13653,Sunny Paul,"No hot water, no towels",25 Dec 2022,3
13653,Romila,There are no bath accessories not even towel. The bedsheet was torn and even though room was charged for three but separate blanket was not given even after requesting,22 Nov 2022,3
13653,Sudhir Ravulapalli,Lights and plug points not working or not convenient. Toilet not so clean. No hot water and lift. Only convenience is location,06 Nov 2022,3
13653,Ananya,"Poor maintainance. Everything broken. Fan making so much noise, AC not stopping. Didn’t like the experience at all.",05 Nov 2022,3
13653,sahil,Ac not working properly washroom was worst and i sind washroom bucket was totally in bad condition and bedsheet was not clean so many things more,16 Sep 2022,3
13653,Vishwas Raj,Room not clean..,31 Aug 2022,3
13653,Jeff Justus,"Fan was not working, sheets were old and fairly neat",04 Aug 2022,3
13653,Yogender Mehta,Room,18 Jul 2022,3
13653,John,The experience was not soo good the room in basement is not as the one in a over floors. Washroom door was not getting locked,18 Jul 2022,3
13653,Aditya,staff was rude,23 Jun 2022,3
13653,PrabhakarReddy,"AC not working , lift not working",06 Jun 2022,3
13653,Snehil Kumari,Owner asked us to pay extra 400 for the room. And I couldn't even cancel my booking. Extremely unhappy with the experience,21 Mar 2023,2
13653,Nitish A,"Literally zero amenities were provided! No towels, no soap, even no pillows! Room literally had only one pillow and when asked for extra pillows they refused to give. Room had cigerette smell and the sheets wasn't clean. I definitely won't recommend this stay.",19 Mar 2023,2
13653,Muzammil Khan,Not clean,02 Feb 2023,2
13653,Hafsar,"Location is very nice ,mentioned amenities not provided.Dont expect what is shown in the picture",15 Jan 2023,2
13653,Z SyedZubairAhmed,The room smelled damp and didn't look like anything in the pictures. There was no natural light and cockroaches were everywhere at night. Overall a bad experience.,25 Dec 2022,2
13653,BABA,"No toilet item or towel, very bad smell came under whole room caberd, No hygiene room or bathroom. Bucket & mug are very dirty. Bathrooms basin also broken. 
  When I asked at reception for toilet items they said this is not a 5*STAR hotel. 
 Location is good ......",17 Oct 2022,2
13653,Shashank Premanand,"The bathroom and toilet wre not cleaned and and room service was not proper it took lot of time and also we need to ask them for each and every thing like do u have soap, shampoo and even we requested for towals.
The room did not have proper ventilation and no hot water option.",20 Sep 2022,2
13653,Priyanka,"Unhygienic rooms filled with cockroaches ,uncleaned bedsheets",27 Aug 2022,2
13653,Sumeet Patil,AC was not working and no cold water available.,15 Jun 2022,2
13653,Prajith ms,none,09 May 2023,1
13653,Chand Basha,"Lots of mosquitoes, no clean bedsheets, blankets, no tovals had been provided, in evey property their is a early check in but this property doesn't have.. So not suitable for the people comes from other cities",24 Apr 2023,1
13653,PRITAM NATHBHOWMIK,They will actually charge you more when you go there and they will blame it on OYO....moreover the beds have hard cushion....,15 Apr 2023,1
13653,sunil,I did not like anything there.. Washroom is not hygiene.. They r in hurry burry to make people checkout.. Overall I can give a minus rating..,15 Apr 2023,1
13653,Niya Mathew,The bathroom was very badly maintained and there were cockroaches in the room .,05 Apr 2023,1
13653,Prabhakara ReddyMunnangi,This is worst stay I ever had in my life. I would never recommend oyo to anyone. There were no facilities. Didn’t even have hot water forget about others like soap towel etc. didn’t change bed sheets for all the days I stayed.,05 Apr 2023,1
13653,Faizal,Stay was very good Staff or very nice. Manager Extra amount he has taken from Me more than 400rs,05 Apr 2023,1
13653,Akshat Mathur,"The stay at this oyo was very poor. Initially when I checked in to hotel they denied my checkin and ask for extra rupees by saying that they only book if you provide them minimum room value then after complaining it to oyo support they agreed to give me the room. So the room that I have booked they denied it by saying AC is not working and downgraded my room preference and gave me another small room.
The room which they have doesn’t have the basic facilities they don’t even provide water bottle , towels and soaps and even they don’t have a telephone in the room so for each of the thing I have to go to reception.
Then they have mosquitoes also in the room for that also I have complained then they have me one fast cards which only lasts for 10min. 
I wouldn’t suggest anyone to go this oyo
Even being a flagship partner they can’t give any facilities, even they don’t provide breakfast .",30 Mar 2023,1
13653,Eddie,The room was infested with cockroaches. Requested cleaning after a day. No toiletries provided. Very bad management. Even after booking refused to allow checkin even after staying there for several days. Elevators turned off during evening hours. Not worth to be listed on Oyo.,11 Mar 2023,1
13653,usman,The room was not good and the manager ask us to pay extra amount after we had already paid to oyo which is horrible,09 Mar 2023,1
13653,Vamsi,worst room I have never seen around 15-20 cockroaches r there and they have taken extra amount 600 for suit room on bed also cockroaches r there pls pls don’t waste ur valuable money for this hotel very very bad experience pls don’t prefer this whole night we didn’t sleep,09 Mar 2023,1
13653,NAGARJUNA K,Worst behavior by host ...no clean and not maintained well.....we will not vist again,28 Feb 2023,1
13653,Sumit,none,26 Feb 2023,1
13653,Kowsalya,none,20 Feb 2023,1
13653,Manjunatha M,No facilities at all. Very poor service,20 Feb 2023,1
13653,Nishanth,Behaviours are not good,13 Feb 2023,1
13653,Santhosh,"I will give 0 stars for cleanliness , not suit for family and this hotel name will attract people and pls dont go with name",11 Feb 2023,1
13653,Kishan,The only worst place I have ever stayed. Staff is so worst. No tv no geyser and not hygiene. Never opt to stay here guys.,11 Feb 2023,1
13653,Sahil Kathal,"I wish I can give negative rating, there was cockroach on my bed. Poor service, there is rust in all taps in the washroom, the bedsheet is dirty and the bed is not comfortable. The staff was rude and asked me to carry my own bag. No accessories are provided not even towels or soap.",07 Feb 2023,1
13653,Abhijeet singh,"Stayed in lots of OYO but this was the worst . No facilities , the whole day I asked for Towel and Soaps and then I have to get it from myself buying from outside . No support stay to help . Only room was big . Bed was a mess..... Hate it. .... Please don't choose this",30 Jan 2023,1
13653,RAZIM,Not clean. So rude behaviour of staff. Not even providing a bathtowel or soap. Providing dirty water for drinking. Washroom taps are so stinky. Not clean washroom and washroom equipments.,29 Jan 2023,1
13653,Nikitha,The room was not clean. There was a cockroach in the room. Too many mosquitoes annoying at night. The service was bad. The faculty was very unfriendly. Overall not worth the pay. It gives you a different price (lower) on oyo and they charge double of it. Dont every book a stay here.,15 Jan 2023,1
13653,Ayush Kumar,After complaints to oyo they provide towel and soap. TV and lights were not working. Door will be closed after 11PM. I reached late at 1st night. They started yelling and closed the door behind me very roughly. Drinking water were not available.,06 Jan 2023,1
13653,Naveen,"I have booked a room for 3 occupancy for 3 days and prepaid, at the time of check-in receptionist asked for additional 800Rs for bigger size room. That too he asked me to send money to his own gpay account.
Also they didn’t not provide an extra bed for the first day of our stay.",03 Jan 2023,1
13653,Mohammed Afsal,"The hotel location was good and rooms are quite big too. But its hardly many months they cleaned the room and the wardrobe when opened had very bad smell, that i was not able to keep my dress inside it. Also the manager asked me for Rs. 300/- extra for one room even though i paid online already at the time of booking. There was no other option rather than giving the extra money as i reached at hotel at night and was travelling with my family. Later i heard that almost all hotels in Bangalore is asking for extra money if we booked through OYO app.",02 Jan 2023,1
13653,JJ.Prasad,The Manager charge extra money and rooms are not cleaned no proper bedsheets no pillow covers washrooms are not cleaned while entering into room suffocating is there no fan at the bed side Ac is not working properly waste of money and he is forcing to pay money or else cancel the booking he is demanding,01 Jan 2023,1
13653,Subhranil Sur,none,29 Dec 2022,1
13653,Tejaswi LeelankDas,"The room was stuffy and unkempt, doors did not lock, AC was non functional,staff was uncouth, have stayed here a few times before only because of the low prices, nothing else .",22 Dec 2022,1
13653,Shefeek Shah,"too badI really had a very bad experience with the stay and staff, the receptionist should have at least basic qualification highly disappointed.not hygienic, local staff and illiterate people and fully local setup",12 Dec 2022,1
13653,Mr. Kundan Kumar Kumar,"Room is very poor not maintained bathroom is not cleaned all the stained on wall every where and also on bed...........
They charged me extra for the room",12 Dec 2022,1
13653,Shubham Pandey,"Provided ground floor room with moisture on the walls and cockroaches in the Almira and under the beds. Main problem is wifi there is no any phone network in the room nor wifi. Room door lock is not working properly. AC is there but not working.

When I asked to the owner /caretaker he is saying this much we can provide in that price. Rooms photo given on oyo app is fake.",12 Dec 2022,1
13653,Uma,I had worst experience... If u r going there please carry ur bedsheets and towel because they r so dirty,09 Dec 2022,1
13653,Naveen,No tv charged me extra 800rs,08 Dec 2022,1
13653,Shiva Charan,"Demanded to pay extra money while check in and amenities are not available 
Lift won’t be working and no proper service",06 Dec 2022,1
13653,Shanu,"The condition of the rooms were very bad. Bed sheets, linens were dirty.
Toilet was horrible. Ambience was very bad.
Could not stay a single night but paid Rs, 1900/ advance whice was not repaid. Overall a horrible experience for two hours.",23 Nov 2022,1
13653,ShastriVaishampayan mohapatra,The room was smelly. The ac was not working properly. I could see a cockroach as well moving there. The bathroom was smelly and not in proper usable condition. They haven't also provided a simple handwash. Forget other amenities.  The attendant boy was too rude. No breakfast system. The table and chair were also dirty. The bed was not at all clean. Can't actually list all the faults here. Such a vast list it is. There was even power cut in between. All in all this hotel is not at all recommended. You Can't even expect basic cleanness and hygiene.,22 Nov 2022,1
13653,Rohit,Stayed here for a night. Room was okay but service and behaviour of staff was extremely pathetic. They behaved as if they were doing a favour by letting us stay.  Never ever gonna stay here again .,20 Nov 2022,1
13653,Rishab Baghmar,worst stay evernothing was good.room was messynperson didnt speak properly,19 Nov 2022,1
13653,Ameer Suhel,Good,16 Nov 2022,1
13653,Tanushree,"Room wasn’t clean, washroom very dusty. Ppl don’t knock rather tried to open door. Police check at 3:30 AM ? This wasn’t mentioned. No toiletries. Creepy",12 Nov 2022,1
13653,Chandan,Did stay at the hotel at all raised an issue with customer care n vacated the stay immediately,07 Nov 2022,1
13653,Rangar,There was clean towel and  no proper assistance,04 Nov 2022,1
13653,Hari,It's an old place with just a Waste of effort,03 Nov 2022,1
13653,Dee,Water seeping through the walls. Damped rooms. Terrible hospitality.,03 Nov 2022,1
13653,Prashant,very poor,31 Oct 2022,1
13653,Vibhu joshi,Horrible experienceNothing.Rooms were stinking. Fan was making noise whole night. They provide single soap for just handwash. No breakfast though that included in booking. Pictures and rooms were totally different. They excused lift is not working. Horrible experience. Please don&#39;t go for it.,29 Oct 2022,1
13653,Souhrud,"The place was nyz but hotel
Service was poor they was not respecting the privacy and we were not satisfied with behavior",29 Oct 2022,1
13653,sunil,Not a single thing to say something gud about the hotel.. Never ever i will go even the nearest place.. That much worst hotel..,19 Oct 2022,1
13653,Prasad mahadik,Pathetic property had cockroaches. And they charge more if you book from app.,14 Oct 2022,1
13653,Aniket Kushwah,Reception per charged 200 extra,06 Oct 2022,1
13653,Vinod Kumar,"Hotel room and no amenities as mentioned ,cleanliness is required awkward",04 Oct 2022,1
13653,Krishnu Pradhan,"Absolutely disgusting hotel room. They probably don’t even clean the room or change bedsheets, cockroaches all over the room. They don’t even have bottled drinking water. They don’t have any mini fridge as listed in the amenities. The room doesn’t look even close to the pictures in OYO app",03 Oct 2022,1
13653,Arpit Sah,"You will be made to pay more than what's shown in app otherwise they will say you can choose to leave, bad condition of rooms, no power backup, no lift, no water not even soap in washroom. No water. The room has damp every where.",01 Oct 2022,1
13653,918667846575,worst room,27 Sep 2022,1
13653,Mohit Kamble,Asking for extra money.alloted very poor room ..bad service,26 Sep 2022,1
13653,Akshay KumarJha,"Bas room,no room service, ac not working, no hygiene",26 Sep 2022,1
13653,Rahuldavid,Room was not good at all and room was smelling,20 Sep 2022,1
13653,Arun,"Worst room ever seen. They filled by putting wrong images in listing. Room is tidy, we cannot even touch the taps and all. Worst support too. Severely cheated. Oyo should have removed these kind of useless hotels.",17 Sep 2022,1
13653,Jai,Not good,07 Sep 2022,1
13653,Pankaj Gurung,"No towel 
No tooth brush
No room service 
AC not working
Room are not cleaning
Kindly back my money",06 Sep 2022,1
13653,Rishabh,"Room was very dirty. Fan was making horrible sound, lights were getting turned on and off. Pillows were smelling, bed was smelling. Had a horrible experience.",05 Sep 2022,1
13653,paras,"Erratic experience. They don't even have a power backup, what more you can expect. Though rooms will look spacious but they are not clean. Switch boards doesnt work, taps are rusted, bathroom is pathetic.",02 Sep 2022,1
13653,Anikait Chakraborty,"Terrible rooms . Nothing like the images. The bedsheets are dirty. The pillows are dirty. This smells like a damp store room. And nothing was clean at all. Could barely manage a night here 

It's a bus stop lodge and not even close to a corporate stay",01 Sep 2022,1
13653,Akshay Das,"there was no electricity and the condition of the room was pathetic
extremely disappointed",31 Aug 2022,1
13653,Jeevan,Not hygiene,29 Aug 2022,1
13653,Khaleel,Hotel is worst. Never go or else you will regret. One of the waste hotel in Bangalore. Never ever go there.,28 Aug 2022,1
13653,Gopi Krishna,Horrible place to stay.The rooms and bathroom are very dirty.The picture shown in OYO is not true.Dont book this place.The staffs are also very indecent.,27 Aug 2022,1
13653,Mashood BA,Very bad experience and the service was very cheap no clean very cheap hotel never had such a bad experience before i hate it please no one book here,27 Aug 2022,1
13653,Hamza C,All comments are fake . Dirty room n misbehaviour. No service. They didn’t give room for booking amount. I have no option so paid 300 again.,25 Aug 2022,1
13653,Joshiba,"Pillow covers, bed spreads, bathroom, curtains, walls, chairs everything is unclean and dirty. The whole place is hopeless!!! Don’t waste your money in this place.",23 Aug 2022,1
13653,Vaibhav,"Worst ever Oyo, Trust me those are fake comments, no proper staff, rooms are not clean too old, no Ac. They wont even keep soap water bottle and towel’s",22 Aug 2022,1
13653,Sasi Gangadhar,"Staff is not attentive, no wifi , no cleanliness, no geyser, no tv , no fridge",18 Aug 2022,1
13653,Rakesh K,Location of hotel.Dirty room. Bedsheet were dirty and they they didn&#39;t change,16 Aug 2022,1
13653,PrateekBansal,My friend came for a visit for an hour. The person on the counter charged me 500 Rs for that extra. I am really disappointed and frustrated and since I didn't have any option I paid,14 Aug 2022,1
13653,Sudheer,Charged extra money though the room is confirmed and amount is paid through OYO. Reason they are unable to provide the room for OYO charged amount.,07 Aug 2022,1
13653,Pournami,Worst experience,04 Aug 2022,1
13653,Swaroop Jain,"Don't ever visit here, they won't give towel , soap, no hot water, not a clean place, very rude, they won't even give you change for payment... 
DONT VISIT HER...",02 Aug 2022,1
13653,Binod Mahana,They not changing bedsheet and pillows daily wise they don’t have one spoon Also I paid 500 extra at hotel for a good room but the room was very bad condition no hand wash liquid no soap no towels no wash smelling very bad I had a very bad experience first time with OYO,02 Aug 2022,1
13653,Shibin,Didn’t give room and after some time asked 300 rupees extra and offered me a room without AC.,31 Jul 2022,1
13653,Sharath Shetty,Very bad experience.. tv was not working. Cockroach in the room no hot water. Unwashed pillow covers and bed sheets. No power backup.very bad staff. No room service. Water bottle also was not provided.,31 Jul 2022,1
13653,Sahil Vashishtha,"Attitude of front office was very bad. Washroom was broken and they refused to refund or change of room, instead said use what you have can't help. Complaint in oyo but no response from them (shamelessly oyo folx called me next day to check what was the issue). After huge hassle they made the washroom in a bit of working condition (not to forget the unhygienic). I clicked pictures which could be shared. Horrible stay and careless people who just want their booking money and don't care about visitor.",31 Jul 2022,1
13653,NARESH SINGH,"Staff behaviour not good, room was good, washroom was worst no hot water, jet spray not in working",28 Jul 2022,1
13653,Akhina Varghese,The room was extremely pathetic that we had to leave that place and find another room to stay.  The customer support couldn’t find another oyo property to even shift us. We lost our money as oyo does not provide a refund for pathetic rooms which they are responsible for.,26 Jul 2022,1
13653,Basheer Appakadan,UnsatisfactoryThey didn&#39;t return balance money so farnnThey took our Google Pay number to pay the same but they didn&#39;t do so far.Not trust worthy,26 Jul 2022,1
13653,Yuvaraj,Room is not clean very unhygiene staff service is very poor no responding walls or old heavy smell bed is also not good waste of money and harmful for health…,20 Jul 2022,1
13653,Sumanini Misra,"Worst experience ever. I booked this through OYO but they charged extra, stating vague reasons. They made me wait for an hour before they could give me a room. Power failure kept on happening for long long hours while all the nearby places had proper electricity. Elevator wasn't working, so I had to carry the luggage on stairs, I had a sprained knee and there was no one to help. And the staff doesn't know how to behave, extremely unprofessional. Service is a joke here.",17 Jul 2022,1
13653,Ahamed Suhail,"Very poorly maintained, rude behaviour staff, very unhygienic, unsafe",15 Jul 2022,1
13653,Nikhil Pg,Asked for extra 900 cash.,09 Jul 2022,1
13653,Aparajita Sengupta,First they denied my check-in if i do not pay them 500 extra for the room else than the Oyo price.secondly the room that they gave had dirty and stained bedsheets no proper amenities in the bathroom taps were tight and mirror was stained moreover there was not even a bottle of water keep in the room for drinking tv was there but very small and no remote was given no towels was there and no window for ventilation total suffocation and the owner/manager Atul Modi was very rude too he has no sense to talk with a customer. Horrible experience.,09 Jul 2022,1
13653,Sidlingreddy,Room had a faulty fan which made loud noise whole night. AC wasn’t even functional. No TV and no Wi-Fi was provided. Even after requesting the staff to arrange an alternate fan they said they don’t have. Had a Sleepless night. They asked extra 1000 INR since as per them what OYO charged doesn’t work out to them but upon checking out refused to pay the bill for extra money I paid. Nightmare experience with this hotel. Avoid this one.,09 Jul 2022,1
13653,Jitendra Patel,bad experience nothing is there Nothing was working well.  Everything was closed. asking me extra money,07 Jul 2022,1
13653,Nisha,staff was asking for more money. and was not letting us check in even after the payment was complete.,01 Jul 2022,1
13653,Abdul Rahim,"Worst experience ever.Pathetic services, Useless staff, Rude Manager, Not recommended at all!",30 Jun 2022,1
13653,Rachit,none,14 Jun 2022,1
13653,Akshay Kumar,"I want to give minus ratings for this hotel , just a worst hotel pleassssssss.............. this is request to everyone plz don't book this hotel .... nothing is there in this hotel. its like 200rs lodge , other then this u people better can sleep in parking , I want this oyo owner need to stay 1 night in this hotel he will surely close oyo company only",11 Jun 2022,1
