hotel_id,user_name,review_text,date,title
15368,joy,none,19 Apr 2023,5
15368,SushantH,"Although the rooms are not the cleanest, the staff and the owners are very friendly and took care of us and our needs. I would surely think about checking in to the same place the next time I will be here",16 Apr 2023,5
15368,Pradeep Raj,Good room with very reasonable prices.,12 Apr 2023,5
15368,Mohammed FaisalN,The staff is amazing and the hospitality is very graceful.the place is very remote and calm.the rooms are very tidy and cozy and there is hot water facility also.overall an amazing experience,07 Apr 2023,5
15368,Yakub nike,Good to stay,01 Apr 2023,5
15368,Akash,Good hotel ! Veery comparative Stage !! They basically helped you in every perspective and also provide food,07 Mar 2023,5
15368,Anish,"Very easy and comfortable stay. Hassle free booking, warm reception and nice location. Overall better!",07 Mar 2023,5
15368,Tej Mariyappa,Friendly staff and smooth check in process. Room is a bit small but quiet and cozy. Would definitely stay again.,28 Feb 2023,5
15368,Akash,"It's always been good to stay here for the buisness trips ! Nice hotels , always  give 5 Stars to this.",19 Feb 2023,5
15368,Akash,"The hotel is So Good , It gives Very Beautiful aroma, The Good part that they don't charge any extra money for this.",17 Feb 2023,5
15368,Akash,Good Hotel,14 Feb 2023,5
15368,Avinash,Nice stay,22 Jan 2023,5
15368,joy,Perfect location and everything is available in near by hotel staff helpfull and understanding 😻😻 rooms are clean..,18 Jan 2023,5
15368,Soumyadyuti chakraborty,Good place.,16 Jan 2023,5
15368,Akash,Best,15 Jan 2023,5
15368,Akash,Good Hotel,11 Jan 2023,5
15368,Biswajit Debbarma,Good,10 Jan 2023,5
15368,Ravi Shanker,It's been extremely good experience. No disturbance. Full fun. Much comfortable. Very very nice behavior. Thanks a lot. Will surely opt again.,04 Jan 2023,5
15368,Rita Singh,"Location, Family downstairs, and the helpers are were very good ....... No disturbance, rooms were also good. Felt like a homely stay.",04 Jan 2023,5
15368,Nazih,"Good Hospitality and, Beautiful stay..Peaceful ambiance, I stayed in 3 days, All days going like safly and comfortable",24 Dec 2022,5
15368,satyajit srivastav,"I stayed at the property for 3 days.
It was delightful and the staff was so humble so customer centric.
I liked the service.",24 Dec 2022,5
15368,Ankur Yadav,none,17 Dec 2022,5
15368,Raj Kumar,Nice,14 Dec 2022,5
15368,Abhishek Kumar,Good room,07 Dec 2022,5
15368,Shahroz Ahmed,"Great place to stay if your office is in Manyata.. All the amenities like grocery store, cafes, etc are available nearby",05 Dec 2022,5
15368,vivek kvinod,Good,25 Oct 2022,5
15368,Vinod,Very good,23 Oct 2022,5
15368,Arun,Nice and pleasant stay....good staff and nice location at a good price....it was a comfortable stay overall,12 Oct 2022,5
15368,Arun,It was a good and comfortable stay overall....friendly staff and good location at a good price....,10 Oct 2022,5
15368,Arun,Nice staff..friendly people.....good rooms.... comfortable and safe location...good price too.......,07 Oct 2022,5
15368,Arun,Nice stay...friendly staff and good location..it was a comfortable stay in total at a good price....,05 Oct 2022,5
15368,Akash,Good Hotel,24 Sep 2022,5
15368,Syed Maaz,Good service,22 Sep 2022,5
15368,Aakash,Clean and neat,20 Sep 2022,5
15368,Sanjay,Nice ans good,15 Sep 2022,5
15368,Shuaib Khan,Good,04 Sep 2022,5
15368,Sanjay,Good,03 Sep 2022,5
15368,Sanjay,The stay was good and Miss. Mary was too kind with check-in and check-out.,30 Aug 2022,5
15368,Suchith Alex,Good stay. Clean rooms and supportive Staff.,18 Aug 2022,5
15368,Koushith cb,Good and friendly staffs . Neat and clean room with amenities and TV . Easy check-in and we'll maintained keep it up,16 Aug 2022,5
15368,Jeeva,Obviously nice clean in the room and hotel.,15 Aug 2022,5
15368,Livin,Good,10 Aug 2022,5
15368,Madhu Kumar,"It was ane excellent stay,the receiptionist mam is very polite and so calm.one word the best Oyo hotel i ever stayed",09 Aug 2022,5
15368,aniket KumarMishra,One of the best staff and hotel around,07 Aug 2022,5
15368,Virat,Room was clean and main thing liked was the managment the receptionist was soo friendly and kind... Overall happy stay higly recomended,27 Jul 2022,5
15368,knightking Asif,excellent,13 Jul 2022,5
15368,Suchith Alex,Good stay,13 Jul 2022,5
15368,AsHiSh AbHiNaV,The price is affordable and the place is really good.,12 Jul 2022,5
15368,Suresh Bhat,"Comfortable stay at affordable price, suitable for family, clean and neat rooms. Highly recommended for peaceful outing here.",11 Jul 2022,5
15368,Suresh Bhat,"Excellent place to stay for family, worth for money and friendly hotel employees will make your stay memorable.",10 Jul 2022,5
15368,Suchith Alex,Good stay,09 Jul 2022,5
15368,Suresh Bhat,I have been staying in this place from past 15 days and my feedback is excellent. Worth every single penny you spend and rest assured of a peaceful stay. Reception does an excellent job and customer friendly. I would highly recommend this place for single or family stay.,09 Jul 2022,5
15368,Varshita Nandagopal,Very nice.,03 Jul 2022,5
15368,Suresh Bhat,Excellent service and affordable stay.,03 Jul 2022,5
15368,Suresh Bhat,Excellent service and affordable prices.,30 Jun 2022,5
15368,Suresh Bhat,Excellent service and best budget hotel to stay.,27 Jun 2022,5
15368,knightking Asif,none,26 Jun 2022,5
15368,Jayanta Biswas,it was great,22 Jun 2022,5
15368,Hareesh Kumar,none,18 Jun 2022,5
15368,Sumeet Kumar,good,15 Jun 2022,5
15368,Sumeet Kumar,good,15 Jun 2022,5
15368,Priyanshu Panwar,Superb hotel,14 Jun 2022,5
15368,Ritisikta Mishra,the mentioned things,07 Jun 2022,5
15368,Gowri Alanchery,Everything was good,07 Jun 2022,5
15368,Gowri Alanchery,Everything,07 Jun 2022,5
15368,Arush,the location was good.,07 Jun 2022,5
15368,Amit,Nice place to stay rooms are very cleane and staff is helpful,07 Apr 2023,4
15368,Akshay Gowda,Good,25 Mar 2023,4
15368,Shabaz,"Good behavior staff clean                 




















































Over all good",20 Mar 2023,4
15368,Er PushpendraSoni,Room Was Ok Ok and housing keeping guy was Awesome but Reseption lady was trying to loot us ..,14 Feb 2023,4
15368,Badhvell Niranjan,Better & best hotel. Nice place clean and good.......😍😘,16 Jan 2023,4
15368,Vineet Seth,It was an good experience and staff where co-oprative,10 Jan 2023,4
15368,Mohammed Alyas,Compact room,07 Jan 2023,4
15368,Mohammed Nazimuddin,Friendly staff good place to stay,31 Dec 2022,4
15368,Mani ShankarPrasad,It was okay,27 Dec 2022,4
15368,Inderjeet Singh,Handwash was not provided,11 Sep 2022,4
15368,Anilkumar D,Nice hotel,26 Aug 2022,4
15368,Rahul,"Worth the mone but basic things like towel , soap or water bottle or glass was not provided",08 Aug 2022,4
15368,Ashbin,Good to stay,21 Jul 2022,4
15368,Achinta,everything is good.. they are give us early check in also.. but the thing is customer support you have to be upgrade... you not ask one question for 3 4 Times...,05 Jul 2022,4
15368,Shaji Joseph,"Hospitality was good.
Room was good.
Location is bit far from the city centre.
Very friendly people.",08 Apr 2023,3
15368,Amaan,"The stay was perfectly comfortable x hence regarding staff is very good, need water facilities to be build good",04 Feb 2023,3
15368,Sourav Kar,The room was decent and airy. The geyser and TV wasn't working though. The bed was dirty (I cleaned it for myself). Overall a decent choice for a night or two.,13 Dec 2022,3
15368,pradeep D.M.,One day stay. Mixed feeling..Affordable. Less price in the locality.nGood staff.Wifi was not working nNo bathsoap or tooth paste given.,14 Oct 2022,3
15368,Lavanya,Room are not good,22 Aug 2022,3
15368,smita,No wifi no hot water😥,15 Aug 2022,3
15368,RAM,Ac was not working,22 Jun 2022,3
15368,Adarsh Padhi,The room was small,16 Mar 2023,2
15368,Dev,Mirror and table were broken. There was not a single dustbin in the room. No toiletries were provided.,11 Jan 2023,2
15368,Raj Kumar,Owner is good but staff behaviour was not good,16 Dec 2022,2
15368,Tousif,Took extra charges for early check-in but checked in at 10,30 Jul 2022,2
15368,gokulsiva,sheets were horrible and very bad. they haven’t changed the sheets for bed for long time.,26 Jul 2022,2
15368,Manjunath M,"AC is there but no remote, towel was not there..",11 Jul 2022,2
15368,Jerin,"Pros: Friendly Receptionist
Cons: Location, rooms were not clean, washroom was hell on earth, bedsheet and towels looked like it carried STDs, wifi was slow
Honestly the only good thing about the hotel was easy checkin and friendly receptionist,",02 Jun 2022,2
15368,Kiran,"No proper maintenance, will not get the hot water, horrible stay",14 Apr 2023,1
15368,Manish Chaudhary,"719 was too much for it.... No, TV No Geyser, Stains on bed, No soap in bathroom, Not even windows on bathroom..... Worst stay in OYO",04 Apr 2023,1
15368,VINURAJ VIJAYAKUMAR,Very poor service no aminities. Tv reacharge but not getting channels. Bathroom not clean bed sheet are derty. Not provide towels and bath soap. Etc.,24 Mar 2023,1
15368,Tabrat,"Very Unhygienic room and mattress , No AC, No drinking water bottle provided,",10 Mar 2023,1
15368,Vineeth Kk,"Tv not working 
Ac not working 
If they can't ensure the facilities ,Why oyo providing welcome offer ??",05 Feb 2023,1
15368,Jegadhesh Chandran,hotel person denied my booking this is not a good property lot of illegal things are happening they are asking extra money for check-in,30 Jan 2023,1
15368,Usha Meher,very roast experience  in this hotel room not clean bed cover  not clean .room Service  not available. Tv not recharge. many tym told them after 1 day they recharge  the tv for 1 day only .many problem  in this hotel.dont go this hotel,23 Jan 2023,1
15368,HemanThimmaiah,Not good,28 Dec 2022,1
15368,Juhi Parida,"Used and stain mark on bedsheet, room odour smell, no gyser, spitting on wall marks, service is very bad",20 Dec 2022,1
15368,suresh Nk,Asking for extra money,10 Dec 2022,1
15368,Yogesh Palve,First thing they didn't respond me over call whenever I tried to reach out and check-in was not allowed,15 Nov 2022,1
15368,Joshua,"Bed sheets , pillow and surrounding room was dirty",09 Nov 2022,1
15368,Atanu Ghosh,"She charged 500 rupee 
Only for 1 hr early check in",09 Nov 2022,1
15368,Gousekhan,When we enter into the Property we get answer as rooms are full we don't have rooms so we cannot do anything even after telling that I have booking and paid full amount they will do drama.. after talking to receptionist or care take they will tell they will adjust a room for u ... Room is not clean bed is ok but bedsheet has some stains on it . Room walls n celing has no  maintenance. Early morning there will be no water for brushing teeth ... No water to freshen up ... I had a toooo bad experience,28 Oct 2022,1
15368,Anup Nair,Worst ever hotel. Unclean and shabby place. They wont even clean the place properly,24 Oct 2022,1
15368,Prasanna,"1.lady at the reception very arrogant ,no cleanliness
2.besheets were dirty ,room smelled
3.buckets in bathroom are broken, bathroom stinks
4.common area is filled with thrown away food, water bottles",22 Oct 2022,1
15368,Andy,"Horrible service no Ac no Tv and moreover no Wi-Fi 
Very bad service will never suggest the place for anyone",18 Oct 2022,1
15368,Gokul LR,they didn’t give me rooom… even i already madevthe full payment,14 Oct 2022,1
15368,Deepu S,Stay away from this hotel!Literally nothing to say..Pathetic rooms with zero cleanliness. Bad odor will make you puke. You also get mosquitoes as a bonus.,12 Oct 2022,1
15368,Suhail,Worst room no hot water no clean ness worst hotel,11 Oct 2022,1
15368,elveera bess,"The booking was not done 
Only money got deducted
The hotel rooms were all sold out but it didn't reflect on the app
Very bad service by oyo
No response by the customer care too
Wastes my money",21 Sep 2022,1
15368,ahmed ijaz,No ac no flush nothing bad experience,09 Sep 2022,1
15368,Syed Sajid,"Wonder staff special Mrs. Sakina she very amezing coustomer service she treats everyone very politely, humble person with sweet smile 😊 A1 - service by her.",08 Sep 2022,1
15368,sneh Sharma,The hotel was not clean and the rooms are way too small,06 Sep 2022,1
15368,Kumar Satyam,"AC not working, TV not working, Room not clean, bedsheet dirty.",01 Sep 2022,1
15368,Sumeet Kumar,Not taking careof the visitors and cleaning of rooms and sheets are not proper,23 Aug 2022,1
15368,jeethlobo,"No tv remote
No channels on tv, not recharged
No telephone in room
No towels provided, gave only one for 2 people 
No air con was on.
No dustbin inside room
No soaps were provided",23 Aug 2022,1
15368,Vicky,"No shower tap , no clean bed , it was soo dirty",22 Aug 2022,1
15368,Satheeshkumar,"Room condition is not good, bathroom is not clean mirrors etc, room full of dust, spider web, pillow cover looks very dirty, even towel also is not in white colours it's look s brown towel & pillow also. in this month this my 2nd very very bad experience. In OYO no one is checking the room condition are correct as per photo in app.PLS VISIT ALL OYO PROPERTIES I INFORMED ALSO BUT NO ONE HAVE CHECK IT NOW I THINK SO. OYO IS GOING TO LOSS UR IMAGE PLS TAKE ACTION.",17 Aug 2022,1
15368,Chetan,AC not working,15 Aug 2022,1
15368,Salman Nazar,"Worst hotel i have seen in my life, staffs r very rude. I went with my friend she felt very very uncomfortable with there behavior. I paid the amount in online through oyo app ,but they told that they didn't got the money. At night 11.30 in between sleep they called me in the phone and asked to come down and made me to pay the full amount again . Worst hospitality even i have seen in my entire life. I will rethink to book rooms from oyo again. After the incident my friend never talked to me to treat her in such a worst way. Please don't book the hotel unless someone coming with you is your enemy.",02 Aug 2022,1
15368,Praveen Gupta,"Unhygienic, dirty rooms, owner not started dg",31 Jul 2022,1
15368,Anamika BPanickar,"There was blood stained on the bed. They refused to change the sheets. There was no ac,tv or wifi",29 Jul 2022,1
15368,praveen ps,Dirtiest Oyo room,27 Jul 2022,1
15368,Nishant Raj,Bathroom is not clear they don't provide AC as well.. location is also not soo good. Along with that their pillow and bedsheet are also not cleaned,19 Jul 2022,1
15368,Akash,Hotel was running out of capacity however we have been given a temporary room no cleanliness maintained we checked out within an hour,14 Jul 2022,1
15368,Celine,Even though there was ac we weren't provided with a remote there was no locks on the door,09 Jul 2022,1
15368,Arbaz,no clean,12 Jun 2022,1
15368,Jabir Ahmed,none,09 Jun 2022,1
15368,Ashish Kumar,"Pathetic rooms, no cleaniness , no water , and even no plates or spoon avilable to eat food. no glass provided. tata sky did not work for 1 minute in thr two day stay.",05 Jun 2022,1
15368,Surya Surya,Worst hotel. Don't ever book here again🙏,03 Jun 2022,1
