hotel_id,user_name,review_text,date,title
15542,RITIVAL XT,none,28 May 2023,5
15542,Muhammed adnan,"Excellent reception manager very fast check in and room also good 
Worth for the price they give",19 Apr 2023,5
15542,Karthik S,Good,06 Apr 2023,5
15542,slp nayak,Nice hotel,03 Apr 2023,5
15542,Kiran Raj,Gud,02 Apr 2023,5
15542,Pallavi Rani,"I had a very positive experience at Mango Bay. The resort is gorgeous with some of the finer luxuries you will not receive elsewhere. It is a very small resort with around 70 rooms which could become slightly boring as every day seems to be the same but it is fantastic for relaxing! I was upgraded to a superior room which was very clean, pleasant and nicely maintained. The TV was not very good, (although it was an LCD) I just don’t think that the hotel gets very good signal on any channel (the brochure says that there are 11 channels but I managed to get 5 or 6 which had no-so-great pictures). I did ask for this to be checked, which it was but I was never updated on the progress even though",16 Mar 2023,5
15542,Rahul,"Good Hotel and Area, location, service, and very good OYO aap. I like aap and good service all the best 👍🏻",06 Mar 2023,5
15542,Kaarthick JR,Good,20 Feb 2023,5
15542,kalyani,Good place to stay,18 Feb 2023,5
15542,Dhanush Jogi,Excellent stay with accommodating staff and clean room. But the best part is the location. I would recommend this for cheap and quality stay near majestic.,17 Feb 2023,5
15542,Nagaraj Bhandari,Good Hotel,15 Feb 2023,5
15542,kousik panda,"It's good ,, the hotel staffs are too good .... My experience was excellent 😊",14 Feb 2023,5
15542,Jeevan Reddy,Very nice,14 Feb 2023,5
15542,Karthik S,Nice,12 Feb 2023,5
15542,Ayan Saha,Stay safe and stay best always with oyo,11 Feb 2023,5
15542,Ramesh Dangi,Good,06 Feb 2023,5
15542,Nishant Das,"Excellent and co-operative staff, good rooms to stay the only problem is of transportation connecting to the hotel.",01 Feb 2023,5
15542,Moinsiddiqi,"Rooms are very good, near and clean. The rooms are same as shown in the pics. They didn't took any extra charges",17 Jan 2023,5
15542,Prasad S,Good room,16 Jan 2023,5
15542,Lal Chand,Good facilities & hospitality,14 Jan 2023,5
15542,ujwal prathap,"It's was an awesome stay there, very friendly staffs and ambience was fentastic, had a wonderful experience . Every staff member I encountered, from the valet to the check- in to the cleaning staff were delightful and eager to help! Thank you! Will recommend to my colleagues! They were extremely accommodating and allowed us to check in early at like 10am. We got to this hotel early and I didn’t wanna wait. So this was a big plus. The sevice was exceptional as well. Would definitely send a friend there.",13 Jan 2023,5
15542,Palash,"It's very good, specially aI stay there for some reason and the staffs behaviour is very good. The check iin process is simple and before check in they offer free tea to me. I will definitely recommend this Oyo hotel because all the transportation are in walking distance.",11 Jan 2023,5
15542,Niranjan Kumar,It was nice,10 Jan 2023,5
15542,Sharky,If booking and all is good its the best stay have no disturbance,06 Jan 2023,5
15542,Sajjad Momin,The room was clean with all the required facilities. Everything was decent and the management was co-operative. Price was really affordable,28 Dec 2022,5
15542,Rohit,"All staff members are politely and good in nature 
A warm welcome by the all staff
Room quality are so good",14 Dec 2022,5
15542,Atul yadav,none,09 Dec 2022,5
15542,Gummadi ShanmukhaSai,Room service Bed washroom was maintained excellent good room service available so peaceful location to stay,08 Dec 2022,5
15542,Manas Kumar Das,Not very bad but room num 203 is bad because AC switch is broken also TV switch is broken and recharge over,04 Dec 2022,5
15542,Jitendra Yadav,Room was nice and staff behavior was also fine...,01 Dec 2022,5
15542,eashu kutty,Good and neat,29 Nov 2022,5
15542,kousik panda,"It's a great experience ... The hotel is very nice and also the hotel 🏨 stuffs are so good , and there behaviour is also so good ....",25 Nov 2022,5
15542,NAMBIRAJAN,Room full clean,20 Nov 2022,5
15542,Thanseer. H,Good services good room,18 Nov 2022,5
15542,Santosh,Nice,14 Nov 2022,5
15542,Srisai Reddy,It was a anice stay,13 Nov 2022,5
15542,Vinay K,Good condition and we'll corresponding valuable,06 Nov 2022,5
15542,Hemanth,Good,04 Nov 2022,5
15542,Hemanth,Good,03 Nov 2022,5
15542,Nishant Bhat,Nice staff and worth for money,27 Oct 2022,5
15542,Praneet Singh,Very good,26 Oct 2022,5
15542,Vishal Dutia,none,10 Oct 2022,5
15542,Sireesha,"Room was clean and had a friendly receiving at hotel
Best hotel to stay near to bustand and railway station",08 Oct 2022,5
15542,saleem,Good atmosphere clean rooms,02 Oct 2022,5
15542,Sharath,Well and good,01 Oct 2022,5
15542,Kuldeep Yadav,Good ro and room staf,24 Sep 2022,5
15542,Kuldeep Yadav,Room is very nice and location is also very good,22 Sep 2022,5
15542,N NAVEEN,Good and neat rooms,21 Sep 2022,5
15542,Sachin M,Bad hotel and room.,16 Sep 2022,5
15542,NP Hegde,superb,14 Sep 2022,5
15542,Adhithya,Very clean and good rooms with attractive price. Room boys were so good and more helpfull..if u looking rooms around or near to this place undoubtedly u can choose.,06 Sep 2022,5
15542,Kishan KumarKarsh,The location of the hotel is at good place around city .Rooms are quite neat and clean.staff of the hotel were good,06 Sep 2022,5
15542,Lanka Teja,none,05 Sep 2022,5
15542,NP Hegde,very good hospitality,05 Sep 2022,5
15542,V Chandrasekhar,Attitude of all guys is good...,04 Sep 2022,5
15542,Charan Sai,Very good hotel receiving also good and interior is excellent nice rooms very clean study chair also available in the room free wifi love this hotel excellent feeling,03 Sep 2022,5
15542,Dharmendra,Stay was very nice.Awesom hotel.recomend for pleasant stay.All staff are very polite and helpful.tnx,28 Aug 2022,5
15542,Saranraj,All are good,28 Aug 2022,5
15542,Sai Revanth,"It's around 1.5km from Majestic it's so deep in colonies with congested roads..walking is good to go...it's very reasonable and neat hotel with enough facilities.
Thankyou oyo",22 Aug 2022,5
15542,Shashikant,Safe & good,15 Aug 2022,5
15542,Madhava,It's nice,14 Aug 2022,5
15542,RAMESHA S,Good,14 Aug 2022,5
15542,Sherlyn Bhosale,The ambience is good ..service is good..rooms were clean,12 Aug 2022,5
15542,Joydip Mandal,best,12 Aug 2022,5
15542,Anaz Rahman,"Nice room,........................,
...........................................................................",11 Aug 2022,5
15542,NP Hegde,superb,05 Aug 2022,5
15542,Ajin GK,Good stay. Nice and cooperative staff.,05 Aug 2022,5
15542,Mahendra Kamble,"Hotel is good property manager was not allowing for checking but customer care person helped me 
It was nice experience",04 Aug 2022,5
15542,SK MOSIM,Very good service by oyo,03 Aug 2022,5
15542,guru prasad,Location in good shopping area but car parking not possible near traffic police station chikpet is near by,01 Aug 2022,5
15542,Satyan,Everything is good except location....nearest to Majestic Railway station ...u save time n money .,31 Jul 2022,5
15542,Vinoth,Hotel is good and affordable.... It is worth of money,31 Jul 2022,5
15542,Ritika Taluldar,Nice service. Room was clean too. Receptionist was a good person,29 Jul 2022,5
15542,Neeraj VED,Good hotel,28 Jul 2022,5
15542,Abijith,Room was good,27 Jul 2022,5
15542,NP Hegde,staff support.cleanness.awesome.stay..,24 Jul 2022,5
15542,NP Hegde,superb,22 Jul 2022,5
15542,Praveen,"Good experience in staying at this hotel. Wi-Fi, hotwate, services are outstanding.",21 Jul 2022,5
15542,N NAVEEN,Good ambience and nice staff,21 Jul 2022,5
15542,mohan raj,Good hotel.but location bit confusing,12 Jul 2022,5
15542,NP Hegde,very good hospitality..good service.coustomer support.. super stay,11 Jul 2022,5
15542,Naveen Pandagre,great,09 Jul 2022,5
15542,Ananthu Vijayan,Ok,06 Jul 2022,5
15542,Sreejesh,good,29 Jun 2022,5
15542,Sanjay,very good hospitality,23 Jun 2022,5
15542,Linto Paulose,Well and good,20 Jun 2022,5
15542,Sreerag C,nice hotel,17 Jun 2022,5
15542,prashanth nadagoudar,good,12 Jun 2022,5
15542,Pritam M,good,09 Jun 2022,5
15542,Bird ANGRYBIRD,It was a very good place to stay .,07 Jun 2022,5
15542,dilip chowdary,I’m very happy for service,06 Jun 2022,5
15542,Shashikant Ken,Staff behavior and sanitization,06 Jun 2022,5
15542,Asif,very good,03 Jun 2022,5
15542,Prakash Chandra,Room was good. Room toilet plash not working also Ac was not working properly,24 Apr 2023,4
15542,Rahul,Check in was not good rooms are good ac works tv doesn't locking system is not good staff is good 👍 👌,20 Mar 2023,4
15542,Moinsiddiqi,First the receptionist refused to give the room at the booked price. But after talking to customer care he agreed. Receptionist is little bit rude. Other than that everything is excellent,21 Feb 2023,4
15542,naval bora,But he is charged 997,10 Feb 2023,4
15542,Naveen Madikonda,"Property was good. But not maintained at the best. 

Check in was hassle free.

Staff were courteous.",08 Feb 2023,4
15542,Sumesh Aneja,Room was good and hotel staff was also good location is near the market all over experience is good,05 Feb 2023,4
15542,shafeeh T,Normal room. Average,05 Feb 2023,4
15542,sajid a khan,Good places...... Very clean n fresh room .... Excellent service 👍👍,03 Feb 2023,4
15542,XXX XXX,A little bit of disturbance besides the hotel.staff is good,02 Feb 2023,4
15542,Moinsiddiqi,none,31 Jan 2023,4
15542,biju wani,Good hotel,12 Jan 2023,4
15542,Ashik S,"Very good hotel# affordable rate # frndly staff.
Quite location# all the facilities are nearby....",11 Dec 2022,4
15542,Vyshak,Rooms were in good condition and also the check-in formalities was also convinend . Bathroom are also neat.,09 Dec 2022,4
15542,Aditya Chavan,Easily accessible location on maps. Very clean rooms and bathroom good ventilation. Very well maintained Hotel. Just the bedsheet were a bit dirty,04 Dec 2022,4
15542,Ravi gumataj,"Hotel is good, 
Pros:
1.AC facility, geysor facility available, rooms are okies
Good place stay if you are planning to stay near chickpete",14 Nov 2022,4
15542,Himanshu Shinde,wifi speed and staff is good,07 Nov 2022,4
15542,Shridhara Dj,"Nice maintenance, very comfortable to stay",06 Nov 2022,4
15542,SRIDHARAN P,The stay was good. The room was clean but the problem was the door was not locking properly. Good place to stay.,06 Nov 2022,4
15542,Mujahid,"Hotel was good , nice , clean, rooms were neat. 
Bathrooms we not that much clean n tidy.. overall good I’ll give 4 out of 5",03 Nov 2022,4
15542,Sijo,Booked this place while I had to temporarily visit office for 2 days. This place is inside a busy market lane. Very decent stay and friendly staff.,20 Oct 2022,4
15542,Noby Joseph,Bathroom and toilet was filthy. There was no soap or towel provided without requesting. TV was not working,18 Oct 2022,4
15542,Balraj,Its gud .. and good staff behaviour nice hotel,16 Oct 2022,4
15542,Ayan,It's good hotel in area .,14 Oct 2022,4
15542,Sanjana Saxena,We liked the bed and bathroom. They were clean. The staff were good. Even the floor was clean. Overall it was good.,09 Oct 2022,4
15542,Nagendra Reddy,Room looks fine. Neat and clean and around 1km from city main railway station. It is inside the market area. hot water facility available. Overall ok and good budget stay.,09 Oct 2022,4
15542,VANGAPALLI VENKATA,Good hotel and boys. Ade well received,05 Oct 2022,4
15542,Yuva Kiran,"In room number 304, bathroom door isn't good other than that everything is fine👍🏼👍🏼",02 Oct 2022,4
15542,Raj,Good staff are very polite rooms are good,27 Sep 2022,4
15542,vitthal pandurangmohite,Nice experience,25 Sep 2022,4
15542,Prakash Renganathan,"I booked this hotel for 2nights to go to my office. The room was good. It had problems with restroom tap & flush initally, but after informing they fixed it soon. Thers is TV with local channels & free channels. AC was there but didn't use it as I felt Bengaluru is already colder. There is small study table with chair which can be used to work with laptop.

There is a cupboard, queen size bed, and a tea table. It has lift for all the 3 floors and hot water was available. Around this place we have all sort of shops. If you are going to check in very early or late night inform the Manager earlier as the gates will be closed.",22 Sep 2022,4
15542,SHAKTI PRASADDAS,Room and Services was good but need better...,11 Sep 2022,4
15542,Shaikimran,Worth it for every penny,23 Aug 2022,4
15542,Vin,Good,17 Aug 2022,4
15542,Pavan Nidoni,Good rooms location little bit different to find,10 Aug 2022,4
15542,ISHWAR,"Everything was perfect, 24 hours hot water, 24 hours battery backup, only thing you have to deal with is  cleanliness. And lastly room was fantastic has A/C, TV.",05 Aug 2022,4
15542,Girish Sharma,"Location is not easy to find but property is well maintained, room is ok 👌 provide me all amenities which were mention while booking. I give 4 🌟 to this property.",02 Aug 2022,4
15542,Divakar K,Everything Good,31 Jul 2022,4
15542,Nisha Yadav,Good enough,30 Jul 2022,4
15542,Utham,"The Staffs are very kind persons ,the rooms are very comfortable for families and couples,I'm sure that the rooms are mostly usefull for travellers and tourists.And the Majestic junction was below than 500 mts only,the NAR comforts was located at the middle of the chickpet Bazaar.it was most useful for purchasing a lot of things in best negotiable prices .....
                     Thank you OYO !",27 Jul 2022,4
15542,Kishor R,Receptionist cooperation was Good,24 Jul 2022,4
15542,Rijo,hotel accessing is very difficult. staff & service is poor,19 Jul 2022,4
15542,Muhammed Saif,Stay was good,19 Jul 2022,4
15542,Karan,"Good services in this hotel 
Cleaning also good",11 Jul 2022,4
15542,Aneil JeevanRajDorakula,Good,07 Jul 2022,4
15542,Sajeeth Khan,Good,03 Jul 2022,4
15542,JISHNU,"service is good enough .
but it's a bit difficult to reach to the appartments",24 Jun 2022,4
15542,Sarath Sidharthan,cleanliness,16 Jun 2022,4
15542,Khushbu,Hotel was clean and Safe. The location is a bit difficult to find but the hotel is good.,13 Jun 2022,4
15542,NITIN,"The stay was fine , but the location is difficult to find",11 Jun 2022,4
15542,Lizayat Alli,Everything is good but tv is not working volume goes down automatically,09 Jun 2022,4
15542,Aparna,none,01 Jun 2022,4
15542,Kevin,none,22 May 2023,3
15542,Gururaj Patil,Service is very very poor.there are no employees to serve any thing basic products even soap & towel also,16 Apr 2023,3
15542,Sankar,"Hotel situated in very narrow street, even autorickshaw cannot reach there. Room is not clean. Even cockroaches is there in the room. Service is good. Outside food is good. No invoice given for room stay.",14 Mar 2023,3
15542,vishnu unnikrishnan,Bath... Is not good,07 Mar 2023,3
15542,Moinsiddiqi,"Rooms are good.

But the hotel manager's behaviour is very arrogant and aggressive.

He first refuses to give the room at booked price. But after talking to customer care he agreed.

And one more surprising thing I noticed that,  I had booked the room for 1265 and paid amount through Google pay. But after reaching the property the price was modified and it was showing to pay 496 more. 

I think they trap the customers by showing low prices and when you reach the property u will not have other option than agreeing to them.

Please note this one. 


Oyo will loose trust if they continue this.

However I managed to get the room on booked price after contacting customer care .

But the manager's behaviour was very very rude.",06 Mar 2023,3
15542,Shubham Kumar,"Hotel is ok , but should work for cleaning every day for someone who is staying more than a day.",03 Mar 2023,3
15542,R.P. SINGH,Not good only average.,13 Feb 2023,3
15542,KA RAGHUNATH,No AC working no tv  not there to drinking water average look like a bad room,12 Feb 2023,3
15542,PRAVEENKK,NOT GIVEN ROOM FIRST THEN SPOKE WITH OYO AND PAID ADDITIONAL AMOUNT THEN GAVE CHRCKIN. NO TOWEL NO WORKING AC NO  TV  NOT GAVE TV REMOTE CELL. NOTHING THEY LL GIVE. IF U GO DIRECTLY WITHOUT BOOKING IT'S 1500 PER 2 MEMBER THEN LL TREAT GOOD.,08 Feb 2023,3
15542,Suhail Ansari,Must be better. Concentrated more on getting money rather than providing good service.,20 Jan 2023,3
15542,Anumula ManaiahGupta,Only one vehicle can be parked in the parking lot & lots of cockroaches are found in the room. The roads leading to this property are very narrow.,18 Jan 2023,3
15542,Sreekanth R,Hotel owner was not happy that I payed for my stay through my credit card rather than cash or Gpay as he asked me to do so at hotel. He started talking in a rude way. Didn’t provided me towel even after asking twice. Room is Neat but service is pretty bad.,17 Jan 2023,3
15542,Jagannatha Rao,Oyo offer's will not work when check in u have to pay extra charges.,17 Jan 2023,3
15542,Jugendra Karmakar,Bed cloths are not clean. No drinking water provided.No any Soaps provided. No hand wash at Washroom. Very bad experience.,11 Jan 2023,3
15542,musiri Batsha,I had your timing,24 Dec 2022,3
15542,vignesh,The place is very noisy as its in middle of market and no water heater  but clean abd affordable 3star,23 Dec 2022,3
15542,Chaman KumarMishra,Good and clean room. In house dinning is not available in this property but out side food is awesome. You can stay here for short trip. Location is good 👍,17 Dec 2022,3
15542,Jagannatha Rao,No parking.very narrow streets to reach lodge,10 Dec 2022,3
15542,Jithu Johny,Ac is not working and wash room is not fine,27 Nov 2022,3
15542,ManishManchanda,Not at all hygine,24 Nov 2022,3
15542,venkatesh bommini,Room clean,24 Oct 2022,3
15542,Somyak Ranjan,Keep it in mind that hotel has its minimum charges i.e Rs 1200. U cant get a room less then that.,11 Oct 2022,3
15542,Rahul Prakash,"Location was not that much good. Also ac not working, flush not working.",10 Oct 2022,3
15542,Mirza Muzahid,Bed sheets was no clean. pillow cover and other also,03 Oct 2022,3
15542,Tirumala RaoDoki,Room is very good but hot water is not available also tv is not working.,05 Sep 2022,3
15542,Kumar Gourav,"Rooms weren't quite up to the mark. Had to have my room changed due to hygiene. Washroom wasn't well as well, flush wasn't working.",27 Aug 2022,3
15542,Dania.m,"The rooms were clean washrooms are good and its nearby metro station, towels not provided. I booked 5 rooms but in some of them AC was not working properly.... Bathroom door was not able to close and we asked for another room which they didnt provide us. When we asked about this they blindly ignored us and staff experience was good. Also asked a huge amount for 3hrs extension. Overall ok ok",09 Aug 2022,3
15542,Amit KumarYadav,none,09 Aug 2022,3
15542,Siraj,Not bad,26 Jul 2022,3
15542,Dr. ShareqKhan,Good enough for the money you pay,25 Jul 2022,3
15542,Vishwanatha Cn,"Very deficult location, otherwise all over gd",24 Jul 2022,3
15542,Lokesh,It was just ok for 1 night stay but in total not that much worth,19 Jul 2022,3
15542,Thimmesh s,"towel not given
tv not on,
but good response from room service",02 Jul 2022,3
15542,Rahul,"not provided towels even after repeated request.

AC/TV isn't working.",07 Jun 2022,3
15542,RAAJESH VERNEKAR,Water was not draining out properly in the bathroom,06 Jun 2022,3
15542,Ravindra,service is very poor.,04 Jun 2022,3
15542,Punit Kumar,Tv was not working there and there is seepage in washroom,02 Jun 2022,3
15542,Raja Raja varma,none,27 May 2023,2
15542,Prince Bk,It wasn't a good experience. I had to switch to many different hotels.,20 Apr 2023,2
15542,venky spancie,Ac . Problems,20 Apr 2023,2
15542,Poojan Mehta,I had changed my room 3 times,20 Apr 2023,2
15542,Dave J,Too many pesticides in the room,24 Mar 2023,2
15542,SRIDHARAN P,none,12 Mar 2023,2
15542,harsh company,"Hotel is in very inside 
Not able to search hotel easily
Bad management
No services for water , and rooms  gate quality is little bad ,but overall for just a night stay it is good.
Cheap , Oyo was supportive .",13 Feb 2023,2
15542,VINEET NAIR,"Bad room , TV and AC remote had only 1 cell, bad bathroom with water leakage
No water on arrival
Poor service",20 Jan 2023,2
15542,VIJAYAKUMAR G,"Transport and cab facilities inside bazar road not available need to wall 1.5km, service facilities are poor, lift & tv are not working",18 Jan 2023,2
15542,Tavishi Agarwal,"The location.Coackroaches , unfriendly staff, visitors not allowed , rude waiter, manager",15 Dec 2022,2
15542,Ravi Choudhari,Room quality is not good,25 Nov 2022,2
15542,Syed Atiur Rahama,Bad behaviour,20 Nov 2022,2
15542,Ahinas,It is not suitable for family,15 Nov 2022,2
15542,Lakshmi Tharun,Room was very dirty and the blankets that they gave to us are torn. All the walls are covered in mold and stinky. AC and TV are not working.,05 Nov 2022,2
15542,ajay jaymon,There are stains in bedsheet also sand came up through pipe after the rain,26 Sep 2022,2
15542,D.Siva Prasad,"Room was not cleaned properly, hot water is not available properly. There is TV only for show, No channels are available. Check - In is being rejected for those who book room through OYO app.",13 Aug 2022,2
15542,Pankaj Vyas,Worst room service,06 Aug 2022,2
15542,Nishikanta Dhamudia,"No bathing accessories like towel, soap.... And also no roam cleaning done in 2 days. This is worst experience in oyo i have seen.",02 Aug 2022,2
15542,Sreehari M,oyo believed to be a better place to stay but these places prove it wrong.,06 Jul 2022,2
15542,Vamsi,They not accepting online Bookings and no early Check in And Oyo is also supporting hotel Manager but not customer. That was my 2 booking on that day even though u and ur app worst.dont make people Fool,18 Apr 2023,1
15542,HbK Walker,"not good rooms 
they are not ready to provide Towel and soap 
and the room is also  very inside of town 
No Ac no drinking water and they are charging  rates",14 Apr 2023,1
15542,rishabh,We paid for ac room but ac was not working TV was not working and also not recharged. The receptionist guys and the workers knew about it we informed them about the same but no action being taken. On the contrary the receptionist/cashier were very rude as if we have done any mistake from our end. We ended up staying there for 5 fays thinking we have given them so much business yet the behaviour was the same of the staff. The manager too was rude and non cooperative. Only one cashier out of the two cashier was kind but he didn't have anything in his hands to help us out.  I do request you'll to refund us atleast 30-40% of the amount as we ended up paying for ac room on all 5 days but ac was in functional. So its like we ended up staying in a non ac room.,13 Apr 2023,1
15542,Srilatha Bitra,"Worst Maintenance, No AC, No TV, Room ambiance is also worst.",09 Apr 2023,1
15542,Nikhil Ram,"Stayed here here for 3days room 303
Day 1
* Ok ok room
*Dnt expect to be too good
* Ac when at 16c, not even got room chilled
* Big thing is water is coming from the AC vent
Complained to hotel, in which the guy came and inserted a bucket under it and told to use like that
Raised a complaint to oyo but no response

Day 2
Asked the same ac issue, they hung up the phone saying the same thing
Still awaiting for response for Oyo, ticket pending response
Asked for soaps, response is not available for today wait until tomorrow

Day 3 

Still no soaps and had two nights with raining AC all over the bucket

Checked out",09 Apr 2023,1
15542,Srilatha Bitra,Not good to stay. Poor ambience. Poor maintenance. No AC. No TV. Room itself is not good.,08 Apr 2023,1
15542,Raman .S,"There is no option for zero stars, absolutely worst experience we ever had in oyo. booked a ac room but ac was not working whole night we couldn't sleep because of heat that too in summer and only one fan was there for a big room of 3 beds and that was also not running at full speed.we went to the reception and spoke to manager such a rude behaviour, he asked us to cancel the room at the middle of the night and complain to oyo if u want to as we have booked the room through oyo.we have raised complaint with oyo also but of no use still now we didn't get any proper reply from the oyo side.",04 Apr 2023,1
15542,Aman,no room clean no wash room clean and ac is not proper working,04 Apr 2023,1
15542,Shreesha VS,"Total horrible experience so that I have vacated the property at night 8:30pm around itself. Sink is damaged, TV is not working correct, toilet jet is broken and they haven't give soap and shampoo even after asking,after requesting they give me a water bottle filled with tap water by saying it's bisleri. Never ever trust this app and hotel.",02 Apr 2023,1
15542,syed ahmed,"Hotel staff is not responding properly,worst experience and rooms are too dirty main thing is police constable are come and asking unnecessary questions.",19 Mar 2023,1
15542,Dheeraj Kumar,pathetic,04 Mar 2023,1
15542,Jigme Dorjee,Normally I  don't write much on comment ..But was force to write in this experience on staying Near comfort... Especially the staff ...The way they deal with customer are extremely below poor i would say...I strongly suggest u shouldn't stay in this room...AC are not working sheets are dirty...,20 Feb 2023,1
15542,Nani Rock,To bad taking to room also small bed also uncomfortable west ...,12 Feb 2023,1
15542,Jepsen Thomas,"no tv
no ac
washroom not good no clean",06 Jan 2023,1
15542,Aditya Ranjan,No towels No soap not even a handwash,31 Dec 2022,1
15542,Arjun,"Very poor accessibility.Car can reach there with much difficulty.Even auto is not going.Very poor room service.Not at all having any cleaniness.All are non cooperative staff. Tv is not working.Car parked in underground is damaged because of rat bite in seat. Hot drinking water service not provided. Oyo related no services provided like toileteries including brush,paste,shampoo etc. Bathroom is so ugly and they refused to clean daily.",28 Dec 2022,1
15542,Rajesh Kumar,Behavior of staff is rude and no proper service is provided,28 Dec 2022,1
15542,Susil Raj,One of the worst Oyo i have ever stayed,19 Dec 2022,1
15542,Amal George,"Very cleanliness room...and blankets were stained
Bathroom is not at all cleaned....
Staff behaviour is poor",02 Dec 2022,1
15542,Syed Atiur Rahama,More money and early check out,28 Nov 2022,1
15542,SRINADH CHOWDARY,"The room is good, nice bed,AC, TV, chair and table to work. Everything is nice until I saw cockroaches in the room.",26 Nov 2022,1
15542,K CVishal,It was my first bad experience with OYO,19 Nov 2022,1
15542,Ganesh,Poor Maintenance...,15 Nov 2022,1
15542,Vishnu,"TV Not working, bad behavior",14 Nov 2022,1
15542,SAHIB MOHAMMAD,No house keeping.Rough behavior of staff.,26 Oct 2022,1
15542,Pranati Behera,Don't stay this hotel. Service is very bad. Staffs are not cooperative. Very dirty room not hygienic. Ac is not working. Washroom is very very dirty.,23 Oct 2022,1
15542,pavan kalyan,Poor service by this management it is also not in a good area coming with family is not good due to area and very rude nature of service providers filthy choice coming to this lodge they didn't treat me as tourist I don't recommend this lodge,23 Oct 2022,1
15542,Naveen Raghavan,Bloody hotel. Such a bad experience. Room was not clean and the bed sheet were dirty. Toilet dor was not clossing. Toilet was not at all clean. Very very very very very very bad hotel.😡,22 Oct 2022,1
15542,Anand,none,15 Oct 2022,1
15542,divin,"Bad hospitality,not cleaned",15 Oct 2022,1
15542,Jaganath shivraj,"Ac not working, tv not working, bathroom bd",11 Oct 2022,1
15542,Upendra Gupta,Ok ok,03 Oct 2022,1
15542,Gufran,none,29 Sep 2022,1
15542,Santosh,Owner refused even after it was confirmed,18 Sep 2022,1
15542,NAMBIRAJAN,Not working tv,11 Sep 2022,1
15542,raj br.simon,No comments.Unclean,07 Sep 2022,1
15542,Rahul,"Washroom was not cleaned and rooms are not cleaned,TV was not working,",04 Sep 2022,1
15542,Reddy Sekhar,"Room were very dirty,",03 Sep 2022,1
15542,Mukesh Raj,Service is not good,26 Aug 2022,1
15542,Mohan,The room was not clean,19 Aug 2022,1
15542,Arun Kumar,Too bad rooms,19 Aug 2022,1
15542,919940853460,No cleaning was done when I stayed for 3 days,17 Aug 2022,1
15542,SUSANTA DAS,Worst hotel I ever visited anywhereI like nothing about the hotel.Very dirty,15 Aug 2022,1
15542,Swayam Khandelwal,"Common toilet not available,phone no not updated,room walls not cleanded",14 Aug 2022,1
15542,Shailesh Latkar,This hotel has lots of issues,11 Aug 2022,1
15542,Prasad Devadiga,Nothing to like.. everything is worst,09 Aug 2022,1
15542,savan patel,Not good,04 Aug 2022,1
15542,Johnny,They said there's no rooms available when we reached to room after booking,30 Jul 2022,1
15542,Keshu Mohanty,"Property located in very bad and dirty location, owner is very rude, rooms are stinky and in very bad condition. Bedding was stinking badly.my worst experience in Oyo ever.",19 Jul 2022,1
15542,HANUMANTH,blanket was dirty,27 Jun 2022,1
15542,Rakesh,Poor checkin !!! Worst experience !! They wont treat u well,23 Jun 2022,1
15542,Akshay Mate,"Service was bad, TV and AC were not working and they didn't even fix that",19 Jun 2022,1
15542,Lizayat Alli,"Never expected this from OYO, The hotel staff didn't respond when I was complaining for dirty water coming from every tap, And ac is not working ac temperature is fixed when I was asked to hotel staff about this they said why you want remote, tv volume also goes down automatically i have also complained about this then hotel staff came to my room and he said you are intelligent try to fix it, OYO service is going down,",15 Jun 2022,1
15542,Akhtar,very bad service,02 Jun 2022,1
