hotel_id,user_name,review_text,date,title
15562,Rohit Tatakula,none,08 May 2023,5
15562,Mohan Sai,Nice,14 Apr 2023,5
15562,Gokul,Very good stay nice accommodation nice room friendly staff.,03 Apr 2023,5
15562,Sudhansu Mohallick,It's all about good,01 Apr 2023,5
15562,ANBALAGAN,"Room was good ,neat and clean  ect",20 Mar 2023,5
15562,Vanaja,The stay was very friendly and recommended for every aged people. The environment is very good and the staff is soo helpful. The location is near to Whitefield station.,20 Feb 2023,5
15562,Ratan,There is very good experience & good stuff all,15 Feb 2023,5
15562,Rohit Kumar,Very nice,05 Feb 2023,5
15562,Anupkumar Mhatre,Neat and Clean Rooms. Easily accessible from the Main Road. Service by the staff is also very nice. Recommended for stay,03 Feb 2023,5
15562,jebin krishnamani,Good,02 Jan 2023,5
15562,Muthkrishnan Ramasamy,Wonder full nice,18 Dec 2022,5
15562,Babu das,Awesome this hotel room is varry varry good ac is there heater is there bed so good food is varry varry good 👍 thanks monu residency.....,30 Nov 2022,5
15562,Giri,Excellent,19 Nov 2022,5
15562,Sidda Ramesh,none,28 Jul 2022,5
15562,Basavchetan,Good,22 Jul 2022,5
15562,Santhu,good,13 Jul 2022,5
15562,ChennamRaju UshaRani,Cleanliness,11 Jul 2022,5
15562,Ramamurthy,Good and super don't disturbanve any one inlike one key posility and pood home dilyvery good I am alright realy so beautyful room,10 Jul 2022,5
15562,Aravind,Nice,06 Jul 2022,5
15562,Tarun Dhameja,It’s good,04 Jul 2022,5
15562,Arvind KUMAR,Good for couple easy check in and check out frndly staff,03 Jul 2022,5
15562,Mounesh Manu,good service,30 Jun 2022,5
15562,Sai Kumar,none,16 Feb 2023,4
15562,Manjunath,"I had booked in online by paying but after reaching their again they took money. Room is quite good and clean . This is my first time exoeriance
And outside food also allowed here.  Washroom had no locker ..",13 Feb 2023,4
15562,Santhosh,Good place to stay,10 Feb 2023,4
15562,Santhosh,Nice and good,07 Feb 2023,4
15562,D ChanduRoyal,It's gud to stay,02 Dec 2022,4
15562,Ashish Kumar,Good but AC NOT WORKING PROPERLY ...REMAINING ALL THING GOOD,26 Jul 2022,4
15562,Wiki,nice bed,06 Jul 2022,4
15562,Sudhakar Ch,none,17 May 2023,3
15562,Mounesh Manu,Don't have any tavel in room,25 Apr 2023,3
15562,Muniraj,Good,04 Apr 2023,3
15562,GOURAB DAS,Rooms are not clean & not well maintained but staff behaviour & support was good,19 Jan 2023,3
15562,Ak,Bed is decent rest is ok.,11 Jan 2023,3
15562,Sunil Kumar,"Hotel rooms was not that good ,water problem ,good parking ,cost friendly overall above average nice",01 Jan 2023,3
15562,Gokul,Stay was average but bed was not clean room was dusty ac was not working if they could atleast provide you a water bottle during check in it would be great. I've stayed many times here but first time facing this issue.,01 Jan 2023,3
15562,Harsha vardhan,"Not maintained well, the walls were so dirty. But the transaction was pretty easy and fast.",27 Dec 2022,3
15562,BALAJI PAIDY,"Gyezer not working. 
Room was very dusty and dirty 
Staff was good",02 Dec 2022,3
15562,Sujith,"Very unhygienic room. Broken stuff, AC doesn't work properly, made me wait a long time for checking in",01 Dec 2022,3
15562,Gokul,Charged extra while check in,19 Jul 2022,3
15562,Vishwajeet kumar,The hotel location is good. Rooms are not so great.,09 Jul 2022,3
15562,Pavan Kumar,Ok,06 Jul 2022,3
15562,Vinu JobPallithanam,Check in was delayed as the complimentary amount was not paid by OYO.,01 Jun 2022,3
15562,sreejith vs,none,26 Apr 2023,2
15562,Sumit Kumar,Room condition is not good,04 Dec 2022,2
15562,Thippeswamy DM,"service is not good
room is not good
no lock to the door
they won't even give water bottle to drink
tv is not working
@OYO price is less and they will ask more",29 Jun 2022,2
15562,Satish,"Ac, and heater are not working. room appearance is not good. Expect a bed, there is nothing to feel good",21 Jun 2022,2
15562,naveen v,Very less bab,30 Apr 2023,1
15562,Christopher.,Room is godown,27 Apr 2023,1
15562,Rajesh,a c is not warking and t v is not ther,19 Apr 2023,1
15562,Akhil Jaiswal,"Pathetic, The room which I got was very bad, Bathrooms were not clean and the whole night my body was itching due to untidy and dirty bed sheet due to which I have to stay awake whole night.Horrible hotel.",17 Apr 2023,1
15562,Mounesh Manu,"Price is very good rs 684. but booking after going to oyo staff is this Price not giving room sir so kindly pay the additional amount then only giving room other was not given rooms then I'm additional pay rs. 214.

Very bad 👎 😕",18 Mar 2023,1
15562,Sri,"No proper maintenance , no water , no cleanings , no proper service . Waste of money .",06 Mar 2023,1
15562,Hemanth S,I have paid money while booking the room but when I reach there they also taken 900 rs and Guys don't go there,02 Mar 2023,1
15562,R Burnwal,"Bad staff, asked for 300 bucks extra. Since we had already paid online we had no choice but to pay the extra amount.",08 Feb 2023,1
15562,Ragimanu Nagabhushan,"Worst hotel. 
Wash room window is damaged. 
Very bad respect from the staff. 
Both towel is not provided. 
Tv is not working. Dustbin is not there.",12 Jan 2023,1
15562,Balachowdaiah Parise,"No Proper response from Staff, Bathroom is not cleaned properly, no hot water for bathing",11 Jan 2023,1
15562,Ramesh Dv,Very much baed services in Oyo,02 Jan 2023,1
15562,Ganesh,They are taking more money for staying,28 Dec 2022,1
15562,Chandrasekhar,Very bed,24 Dec 2022,1
15562,Suman,They took extra money,02 Dec 2022,1
15562,Robin Raj,"No water , Ac remote not working",28 Jul 2022,1
15562,Pratik Goenka,They harass everytime for more money then booked for,20 Jul 2022,1
15562,Pushkar,They ask me extra money,18 Jul 2022,1
15562,Blinsia Pereira,"Disgusting and patheticNothing horrible rooms.Bad air conditioner, bad toilets, broken lifts, broken doors , locks not working. A very horrible experience. Please avoid this place",18 Jul 2022,1
15562,Rajaram Yadav,Took double price. Worst. Should mention while booking only,16 Jul 2022,1
15562,Sumith,they charged 400 rs extra,16 Jul 2022,1
15562,Murari YadavP,wt evr rate show's in app they are going to take extra amount and worst service,16 Jul 2022,1
15562,Bibin Varghese,we booked a room at Manu residence Bangalore by this app.room rent was shown 574 original rent was thousand somthing.after offer 574.but when l reached the hotel they told the rent is 900 .The reason they told Oyo have some technical issues so they can't update the original rent.but l feel like cheating.,15 Jul 2022,1
15562,Vishal,Worst hotel,12 Jul 2022,1
15562,kishore modem,demanded extra money,09 Jul 2022,1
15562,Vaishnav D,"staff asked for ₹248 extra otherwise said can't give the room, since it was already late so had to pay & take the room. 
I want the a resolution on this.",08 Jul 2022,1
15562,Rajendra,not good,06 Jul 2022,1
15562,Gaurav Kumar,"Despite of paying full amount in advance. They asked for twice of the extra amount.It was the worst experience to book hotel via your global platform. However, the behaviour of staff was very good.",06 Jul 2022,1
15562,AmitSrivastava,Hotel declined to check in and had to pay extra amount.,06 Jul 2022,1
15562,Subhajit Mondal,"hotel asked extra money, (251 ) rupees",05 Jul 2022,1
15562,Kiran,"actually the total amount showing in app is 656 rupees,but they took 900 rupees and told we won't follow according to app,900rupees is fixed and mandatory here,then room standards are poor,no tv,no proper sanitation,room and bedsheets are smelly.
since last six years this is the first time I'm writing a bad review on oyoa too poor n worst👎",03 Jul 2022,1
15562,Shrikant Kothawale,Asked For Extra Money While Check In,01 Jul 2022,1
15562,Shrikant Kothawale,Ask Extra Money When Reached To Hotel. Oyo Service Becomes Very Bad Now A Day Out 4 Booking 3 Of Them Has Asked For Extra Money When Reach To Hotel.,01 Jul 2022,1
15562,Abdul Shameem,We paid extra additional payment other than we paid in oyo..sonu please avoid such extra payment in the hotel,28 Jun 2022,1
15562,Dinesh,Zero cleanliness and lot of bugs insects and I couldn’t even sleep quietly! AC smelled bad! Room smelled bad! Lot of security issues and unsafe for women,20 Jun 2022,1
15562,Bhaskar N,very bad rooms,18 Jun 2022,1
15562,Sumith,room full of smoking smell no proper maintenance no keys to the room cuboards are not good for keeping bags,12 Jun 2022,1
15562,Rajesh,they are charging more worst experience they are asking us to pay again and extra they are not following rules of oyo and talking very rudely to customers I paid full amount what showed in oyo app asking me to pay again big scam.i hate this worst experience ever.,03 Jun 2022,1
15562,Anand,Property is poor. I had to sfhit to pmr in prasanth ext layout,03 Jun 2022,1
