hotel_id,user_name,review_text,date,title
156169,Banadesh Hiremath,"It was pleasant stay with Oyo, staff was nice and very professional. I liked the stay most. Thanks oyo",14 Dec 2022,5
156169,M. Ahmed,The rooms where in very bad condition no hygiene maintained no towels provided it was completely waist if money....the property needs thinks to be improved.,06 Mar 2023,2
156169,shilpa,Lost money.i booked in this app but In hotel they didn't allowed me to check in.They just told people will look for discount and booking in Oyo app but here no rooms available.if it is like that remove that hotel from this  . because everyone will get cheated,15 Jan 2023,2
156169,Prasad Tm,"Fraud hotel , after booking they will close the main door . If a person coming from out side late night they won't open door and even they won't pick calls",30 Jan 2023,1
156169,Omar Shafan,Everything was good but the hotel person didn't let us in for the amount that was shown in OYO he asked 1k,22 Jan 2023,1
156169,vasu k,These guys charging extra money when i have already  paid.,20 Jan 2023,1
156169,venkatesh g,"They ask extra amount what we paid in online, please confirm once before you visiting to the hotel, and 1. “The service was very good, and our stay was so relaxing.” This quote says it all: The service was so good that they could sit back, relax and enjoy the experience.
2. “I really liked the amenities.” Never underestimate the value of hot, fresh coffee in the morning, comfortable cotton bathrobes, free wifi, flat-screen TVs, and even high-end soap dispensers.
3. “The price I paid was absolutely worth it!” This is something every manager longs to hear from his or her guests: The stay was worth every penny, no matter what the cost.
“Best buffet ever.” Countless customers base their hotel bookings on one factor and one factor alone: cuisine.
“I can bring my children and small pets.” Providing accommodation and adequate spaces for kids and small animals will help you win over parents and pet owners.
“The staff was really kind and willing to attend any request.” Alongside thoughtful amen",09 Jan 2023,1
156169,Ketan,I was been charged 1000 for my stay.  It was a very worst experience i had till now.,11 Dec 2022,1
156169,Basavanagouda MG,Very very bad experience and nowhere concern,09 Dec 2022,1
