hotel_id,user_name,review_text,date,title
15871,Mazhar Mazhar,Nice rooms,06 Jan 2023,5
15871,Pooja Paul,Nice but some hotel dont accept the payment which oyo shows,03 Jan 2023,5
15871,Hafis,Good,02 Jan 2023,5
15871,Peter Suraj,Good job,26 Dec 2022,5
15871,Saurav,Very nice and clean room ...,16 Dec 2022,5
15871,Samad S,Excellent,01 Dec 2022,5
15871,Abhishek,Good,01 Dec 2022,5
15871,Ishwar Danadamani,Good,30 Nov 2022,5
15871,nadeem,Stay was excellent thank u oyo,30 Nov 2022,5
15871,Black Mine,Excellent,30 Nov 2022,5
15871,vismaya jayaram,Nice service,27 Nov 2022,5
15871,sunny,Excellent,27 Nov 2022,5
15871,Dharani,It's a ver good app to choose hotels. It makes very easy for me to choose. This is the best for family trips because it provides hotels at good price,26 Nov 2022,5
15871,ameen,Excellent service,18 Nov 2022,5
15871,Jeevan InfantSM,Nice responce,12 Nov 2022,5
15871,vedprakash,Goood,12 Nov 2022,5
15871,Sahil,Hotel was maintained.,23 Oct 2022,5
15871,Ashok,Good,23 Sep 2022,5
15871,Precious Pohshna,All good,13 Sep 2022,5
15871,Thaffy salmanHilalbhat,It was a great day spent well. The staff were very generous and helping. Location was serene  like home feels. Food was hygienic and the room were quite exotic and gave an awesome feel old time days. Happy with oyo.,11 Sep 2022,5
15871,919886616441 Ahmed,It's lovely ðŸ˜ðŸ¤© rooms and services,08 Sep 2022,5
15871,Jabir,Better among other hotels nearby,30 Aug 2022,5
15871,Lakshit,Better price and nice room,27 Aug 2022,5
15871,SHOAIB KHAN,Was really good servicing staffs ! And cheap and best for bachelors!,14 Aug 2022,5
15871,Deepak,Nice room and,09 Aug 2022,5
15871,Arshan,Stay was good,09 Aug 2022,5
15871,Ashish Jha,The stay was fine. The room was clean enough. The staff was really polite and cooperative. Respective towards the customer. Easy process to check in and smooth experience...,07 Aug 2022,5
15871,Mohammed Farooq,Excellent app helping lakhs of Indian and Malaysia people awasome app.,03 Aug 2022,5
15871,Nawaz Pasha,Good,01 Aug 2022,5
15871,Peter Suraj,"Thank you so much
Lovely rooms",19 Jul 2022,5
15871,Shehrez,Hotel is awasome,18 Jul 2022,5
15871,Siva Sampath Kumar Potnuru,Nice room...,15 Jul 2022,5
15871,Prajwal Stalin,Nic,10 Jul 2022,5
15871,Bijay Toppo,nice,10 Jul 2022,5
15871,SAJAN,good,04 Jul 2022,5
15871,AtHul,Staff were very friendly,04 Jul 2022,5
15871,Dilshad Shaikh,Very nice Place to stay ...No pollution | no disturbance| a better place and value for money Hotel..,29 Jun 2022,5
15871,Prajwal Stalin,nic,19 Jun 2022,5
15871,Fardeen Akhtar,good,03 Jun 2022,5
15871,Pankaj,Room is good one thing is very bad in this near is s meat market. The staff is very good and helpful that s help me alot.,16 Apr 2023,4
15871,RISHIKANT NAYAK,"The location of the hotel was good, the staff of the hotel were very good, and the hotel was very clean, the condition of the room was also good, the staff used to come and clean the room.",05 Dec 2022,4
15871,kamal,none,30 Nov 2022,4
15871,Supriya nath,Good,10 Oct 2022,4
15871,jassim khan,"Commute is easier.
Budget hotel",25 Sep 2022,4
15871,Rajesh,"My opinion is out of 10 scale i give me 5 no Nutral beacuse poor service, bad room, area is not good, while near by all area is very good",18 Sep 2022,4
15871,Peter Suraj,Good room,13 Sep 2022,4
15871,Ishank  Tyagi,It's a nice place to visit,06 Sep 2022,4
15871,Supriya nath,Nice,05 Sep 2022,4
15871,Kapil Sharma,Staff was really helpful as well the hygiene level was also good,22 Aug 2022,4
15871,pooja meshram,"I stayed here for a day it was very nice experience i had all facilities were there AC,TV, Geyser,lift,And the thing which I liked most is cupboard it was very nice. Receptionist was also very friendly.",15 Aug 2022,4
15871,Harsh rajsingh,"It was good to stay there ...But the locality quite bad because there is no veg food to eat around 
And during monsoon period the locality becomes worst ,it is mud all around.
But for SSB aspirants it is good",13 Aug 2022,4
15871,Muralee Krishna,It's good,07 Aug 2022,4
15871,Sandeep,Very nice,29 Jul 2022,4
15871,Dhiraj,Location is good and very silent place. Rooms are also good and well maintained.,10 Jul 2022,4
15871,Numan,Good place,12 Jun 2022,4
15871,Arun,room is good.,03 Jun 2022,4
15871,Dawood Ahmed,"was value for money..I loved the reception lady MALAR. she went out of her way to help us get all the facilities. she even helped us in finding a renting apartment. Thank you.bed sheets, cleanliness.",02 Jun 2022,4
15871,Abhishek Sisupal,Good service by the staff and very polite. But the room is very small and not clean,23 Nov 2022,3
15871,NiKill Sharma,Nice,31 Oct 2022,3
15871,Adhiraj Singh,Room was good at the budget price. But the surroundings were very unfriendly and unhygienic. Girls should avoid visiting this hotel if single. Staff behavior was also average.,29 Sep 2022,3
15871,Gegerin,"Room was not cleaned, had to take bed sheets from one room to another due to unavailability",23 Sep 2022,3
15871,Arun Kishore,Room was good. But no hot water facility.,26 Aug 2022,3
15871,Sahil Paul,"Rooms are average, suitable for staying alone.",16 Aug 2022,3
15871,Arun Pandian,"Room cleanliness was not okay, bed spread and pillow covers used was also not clean, bathroom door was broken couldn't close properly while using. It's an average rating for one day..",14 Aug 2022,3
15871,Athul Arjun B S,The bedsheets were used. They were not cleaned.,13 Aug 2022,3
15871,Sandesh Jadhav,"Nice hotel in the Shivajinagar area woth easy access to market.
Might find place crowded but Shivajinagar is famous for that only",06 Aug 2022,3
15871,V.Nagarjuna,No room key lock Ac is not working window door not have there,24 Jul 2022,3
15871,Roshan ReddyYedla,Bad smell in the corridor. Lack of hygiene and cleanliness,14 Jul 2022,3
15871,Ayush Shahi,ac/tv/bathroom,29 Jun 2022,3
15871,Sitanshu Sah,delayed handover of room and unclean room,20 Jun 2022,3
15871,Shaik Ashiq,"No AC, no cleanliness, No WiFi nothing",08 Jun 2022,3
15871,Sai,The room is little but ok but the hygiene maintenance is zero there. And the bathrooms were soo worst i can't even use the washroom there. Very bad experience with that hotel.,11 Apr 2023,2
15871,Krishna,Room is not clean lights are not working bedsheets are very dirty and didn't provide towel soap tv is not working,25 Dec 2022,2
15871,Shelly y,"Very worst experience that room is full of cockroaches, bed sheets is fully dirty its look like that they used same bedsheet",22 Dec 2022,2
15871,Prabhakarprabha17,"Water is not available for bath in the morning due to power cut, Also area is not so good",19 Dec 2022,2
15871,Dilkhush,Didn't change the bed sheets. Bathroom door was not locking,22 Nov 2022,2
15871,Rohit Arune,"Very bad experience No hot water in hotel blanket and bedsheet not changed, Oyo shop shampoo not give to me",19 Nov 2022,2
15871,Mudavath Srinu,Not exactly looking like in the picture,18 Nov 2022,2
15871,NidhiWaliya,Room was too bad and unhygienic and the room showed in the picture was not the same and was too unhealthy,11 Sep 2022,2
15871,Nawaz,very bad service not clean room. toilet very bad  money is waste please don't goo this hotel,07 Sep 2022,2
15871,Avinash,Room,27 Aug 2022,2
15871,Priya,Very bad,09 Aug 2022,2
15871,Achinta,No door lock... No window cotton... They are not changing the bed room sheet... Bathroom condition not good... unhygienic room ....,08 Aug 2022,2
15871,sanjana,"Room is not cleaned. Most of the items are broken (TV,floor) blankets are uncleaned. I forced them to change the new one.Oyo usually maintain good standard but this hotel is not look like Oyo's. I won't recommend this hotel. Hygiene 👎",07 Aug 2022,2
15871,GURURAMACHANDRAN NATARAJAN,Very poor cleanliness.No cleanliness,24 Jul 2022,2
15871,Rahul Tiwari,Locality is very bad,10 Jul 2022,2
15871,Visswa,the room was very dirty and filled with cockroaches.The towel and bedhseets were stained,24 Jun 2022,2
15871,919952951007,none,20 May 2023,1
15871,Sylendra Sakala,"Hotel is so cringe and scary to stay there. lot of cockroaches and rooms are not clean , ac not working. Service of the hotel staff is extremely worst . I will never guest Oyo to anyone",08 Apr 2023,1
15871,Vishnu,This place as worst rooms.. bed was so dirty n bedsheets omg stains and marks.. the wood bed which as insects bed bugs.. not worth for the place.. i would giv - ratings.,14 Mar 2023,1
15871,Abdulkhan,Blocking extra money very bad service,17 Jan 2023,1
15871,Teri Ete,"The room was very dirty. Filled with smoking smell. The room was full of cockroaches, even in the bathroom. The blanket was covered in smoke burn and was very dirty. The light fixture in the hallway was broken, got very uncomfortable during the evening and night time. They don’t even have the basic etiquette to serve as a host. They came banging on our door at 1:00 AM to ask we did we checked in. It was the worst stay of my life at a hotel.",09 Jan 2023,1
15871,Ansh,I booked via online with oyo app on a discounted price for 3 person room...but the receptionist giving us room for 2 person and room was also dirty...she said cancel your online booking or change 300 extra if u want to stay in good room...lastly i charged 300 extra...what is this inappropriate behavior,07 Jan 2023,1
15871,ISHAQ PB,"It is not worth of money, used bedsheet contain extremely unhygienic, dirty room and toilet are not clean. Moreover,they ask me extra 300 rupees and foul smell all over the room. Humble request to everyone not to book this room.",06 Jan 2023,1
15871,Jeff Chandy,"WORST EXPERIANCE EVER !The worst experiance I&#39;ve ever had! The hotel staff was rude and not at all polite. They demanded extra cash even though I&#39;ve paid the full amount online, stating that &#39;It was holiday season&#39;. The lady at the front desk was such a B*. rnPlease don&#39;t go to this hotel. There are lots of other cheap and clean places to stay nearby.",02 Jan 2023,1
15871,Gowtham,Hotel denied for check-in so I have not checked in at all but even I dint get refund,01 Jan 2023,1
15871,JafarSharief,No towel no blanket no duvet cover no hot Walter,27 Dec 2022,1
15871,Denzil,"Very very poor condition of the hotel,,not even take single responsibility of the guest request... actually I inform to them for a bedsheet changes but they said they don't have or laundry will not come TDY etc and all... even receipnist also dnt common thing also",27 Dec 2022,1
15871,Tamanna Gupta,When we went to the property. They told us hotel is sold out. We are having the confirmation also still. If hotel is sold out why you confirmed our booking.,21 Dec 2022,1
15871,XXX XXX,"Very very worst hotel. No clean at all. We booked the room in online and paid full payment but once we reached hotel, they asked extra amounts only then gave the room. No room service. Very worst management.",10 Dec 2022,1
15871,Nikhil,"It hotel me extra 200 rupees above the booking fees 
This hotel cleanees very bad 
And hotel staff very bad",08 Dec 2022,1
15871,Shafi Syed,"In respection asking 400rupes extra  when pay online payment no soap no shapooo, tawal no tooth brush  very bad imprection in the room cockroach running every corner and bed sheet also dirty  plz..  dont refer to any customer",08 Dec 2022,1
15871,SHABAREESH,Low maintenance and dirty place,08 Dec 2022,1
15871,Jahangirbasha,There is very much poorly,03 Dec 2022,1
15871,Anand Martin,The worst room i have ever stayed with oyo. Will never ever book this property for the next time,03 Dec 2022,1
15871,saroj saud,bedsheeet is not washed towel is not there,29 Nov 2022,1
15871,Hridya,Bad,28 Nov 2022,1
15871,Nisheeta,I didn't get the full refund money of my booking. I cancelled the booking because the hotel didn't approve of my age. Please try on this part that the customer isn't troubled so much.,24 Nov 2022,1
15871,Alex Jeremiah,Am not suggesting this room.,23 Nov 2022,1
15871,Rohan Gupta,"I didn't even checked in and canceled my booking, but they just didn't cancel my booking and they are not giving my refund back",18 Nov 2022,1
15871,pratheep,"I booked a room for 3 nights stay and paid the full amount. When I reached the hotel for check-in, I was told no room available, since OYO is over booking. What a pathetic service. I had to search for another hotel and it was around 10 PM!",03 Nov 2022,1
15871,Mohammed Jameel,No ac  not clean room  poor service  no light at bathroom no t v working,24 Oct 2022,1
15871,rajum kumar,"worst ever I stayed, smell like hell, not a normal human can adjust at this surroundings, only location is good",16 Oct 2022,1
15871,Gowri,The room is not cleaned. Pillows are very unhygienic. Can't stay there. Dusts are there. No proper room management.,15 Oct 2022,1
15871,Himani Rai,"DisgustingNothing.Everything was bad , I donu2019t suggest this to anyone!",10 Oct 2022,1
15871,Vivek Gupta,"WORST, PATHETIC, DUMP YARD ARE SOME OF THE WORDS I CAN IMAGINE ABOUT THIS PROPERTY.

You cannot stay in this hotel it's dirty and smells like HELLLL.

DONT BOOK THIS HOTEL EVEN BY MISTAKE!!",07 Oct 2022,1
15871,Manoj,Extremely poor facility provided by Oyo as well as Hotel. Highly unsatisfactory stay with Oyo won’t recommend Oyo to anyone.,06 Oct 2022,1
15871,Sonam,none,29 Sep 2022,1
15871,Sudhir,"Horrible experience. Room was denied on reaching the property and customer care of oyo showed inability to solve the issue, finally on my own have to search for hotel at rainy night.",25 Sep 2022,1
15871,Samson Cletus,No water. No electricity. No manners.,24 Sep 2022,1
15871,Solaman Xavier,It was average hotel for stayBathroom was not cleaned. Also leaking water in the flush valve.,21 Sep 2022,1
15871,Deepanshu yadav,"No hygiene facilities 
Rooms are very small 
And rooms are very different from shows",21 Sep 2022,1
15871,Mahfooz Alam,"when i reached to hotel then receptionist said to me there is no vacant room for you.  I said, I have already booked online then he said talked OYO. when i forced then he said wait for 2 hrs if anyone checkout then i will give you.n     I waited for some time then he said, give me 200 Rs. extra amount then he will give the room. I have to pay more 200 to get the room, even in the room which i got there was no door lock &amp; even in the washroom. no cleanness, looks like i was closed for long time.n   overall very bad experience.Nothing was good from A to Z.",16 Sep 2022,1
15871,Azeem,"didn't give hot water, phone not working, in wall blood patches, didn't give blankets, smelling, very bad experience...",14 Sep 2022,1
15871,Aniket Gaikwad,Very bad experience...nAC not WorkingnTV was not there nUntidy room.,09 Sep 2022,1
15871,Fakrudheen,"- No one answers the call
- Initially manager denied room
- No parking
- Not clean
- Used bedsheets
- No faucet for basin. 

It's just a cheap 500 rupees worth lodge, not safe for ladies",07 Sep 2022,1
15871,Kishore.v,not clean bed also not good washroom not cleand don't go wast hotel,06 Sep 2022,1
15871,Vishal,"Dirty room ac not working , no water in washroom , bill not received .",05 Sep 2022,1
15871,shamil vk,Water from toilet was leaking to room and my shoes and socks all were wet,02 Sep 2022,1
15871,Anand Rautela,"Locating in dirty area
Bathroom is not hygienic dirty",02 Sep 2022,1
15871,sami,Not hygienic room wrost off many,31 Aug 2022,1
15871,Laila,"The picture on OYO vs the actual hotel did not match at all. Linen was damp, toilet seat was broken and there was no light in the bathroom also",31 Aug 2022,1
15871,Aslam,No tawal no clean no shop no ac no power back only room not provide any item,27 Aug 2022,1
15871,SYED WAJID,Very very poor service and dirty room,26 Aug 2022,1
15871,Khadar Sheik,"Hotel Room and washroom is unclean, to be precise
NO DOOR LOCK
NO HOT WATER
UNCLEAN WASHROOMS
UNCLEAN BED
OVERPRICED FOR SUCH A HOTEL",22 Aug 2022,1
15871,santhosh Bc,"No service in hotel.   and basic things is not there ,very bad experience,   no hot water",19 Aug 2022,1
15871,Samy Farhan,Did not allowed me to check in,18 Aug 2022,1
15871,Saddam Hussain,While entering to the Oyo the receptionist where asking exact charges and after paying money i hav seen the room was to dirty and it's was not yet clean and the door lock was there is no fan and light,16 Aug 2022,1
15871,Virender Chaudary,"Better then stop at the Railway station and hospice
Very dirty hotal",11 Aug 2022,1
15871,Neha,Not a good place to stay in surrounding very shabby and place not reachable on phone or anything so yes,11 Aug 2022,1
15871,sonu kumar,Very bad bad and roof,06 Aug 2022,1
15871,Padala Naga,worst experience with this hotelNothing.you can see the pictures then you will understand,04 Aug 2022,1
15871,Vijay Murali,Very poor not clean please don't stay in this place no  respect for customers,30 Jul 2022,1
15871,Shehrez,Service is not good,22 Jul 2022,1
15871,GourangaCharanPradhan,Bedsheets were very dirty. Toilet was very unhygienic.,08 Jul 2022,1
15871,Radha Krishnan,"Not satisfied, below average considering the fact it is under OYOWarm &amp; pleasing reception.Pillow cover is very dirty &amp;  not changed inspite  of reminders . T V is not working. Intercom is not working. Room not cleaned properly.  Small size cockroaches roaming around the room. No hot water in bathroom. Lot of dirt on Quilt",08 Jul 2022,1
15871,Basilica Louviza,The place was very dirty,06 Jul 2022,1
15871,Hafeez mohammed,My only mistake was I didnu2019t find a time to view the reviews first before booking this room. I have never got such a terNothing.Everything,06 Jul 2022,1
15871,Shankar,uncleaned washroom and unhygienic romm very disappointed,05 Jul 2022,1
15871,Raju,"not clean room and very bad service
 not wi fi",03 Jul 2022,1
15871,Noor Ahmed,"worst customer support, robbed my money by compelled cancellation",29 Jun 2022,1
15871,Ajil Vijayan,"The hotel was worst in hygiene, the floor and walls were so dirty. lick was not working properly. The location is so bad. not safe at all. washrooms were so dirty. there is no ventilation at all in many rooms. room was stinking. Please choose any other hotel.",29 Jun 2022,1
15871,Suhas M,none,29 Jun 2022,1
15871,Aman Agrawal,our washroom lock wasn't working and it was also dirty. we were told that they will change the room but later on they refused the same and told to complain on Oyo.,27 Jun 2022,1
15871,Vijay,"no hot water,no ac , no tv and wifi , washroom very bad",22 Jun 2022,1
15871,Sangeeta,"bad management,not clean,bad staff service",21 Jun 2022,1
15871,M KMunawar,Toilet seat broken.No bed lamp.,16 Jun 2022,1
15871,Rinsheed Hussain,"never book room from here. the rooms in the photos is not the same as what you get. there is no 'bath'room, only a room with toilet, with no space to bath. bcoz of this i had to cancel the next booking from oyo, as i lost the trust.",11 Jun 2022,1
15871,Shanmugapriyan,"very worst experience ever, what are the images are in oyo and the real room is very worst, on walls are splitting, and bed and bedsheet are already used and not cleaned properly, bathroom is very smal and hot water is a not there in oyo images it's spacious room but in real room its very small bedroom and the receptionist behaviour also not good......  they are only money minded and cheating all oyo users..",08 Jun 2022,1
15871,Edwin Sebastian,none,07 Jun 2022,1
15871,Waseem,"there was no towel and soap, not proper cleaning there. tiles was broken staff not there.",07 Jun 2022,1
15871,Mohd Akram,"Following things were there in the room but not working:
AC
TV
Tubelight
Shower

Room was not that clean, blanket was also dirty.

They said that they will change my room, but they didn't.
Somehow Survive.
OYO stays are getting bad day by day.
Next time I have to look for other alternatives.",05 Jun 2022,1
15871,Akshay,"buliding is too derty
counter is too rued",05 Jun 2022,1
15871,Satyam Yadav,very poor staff.. no cleanliness.. very bad condition.,05 Jun 2022,1
15871,Veerupakshi V.,No room,03 Jun 2022,1
15871,Ram S,"worst experience ever .
Dirty used bedsheet and pillow cover. washroom stinks. No cover on the blanket and the blanket was too dirty. Ac not cooling. No support from the Customer
 support too",02 Jun 2022,1
15871,Baburaj,Room having very dull and dust. No bathroom towels and shampoos are not received. AC not working properly.,01 Jun 2022,1
