hotel_id,user_name,review_text,date,title
160753,vipul D A,"My experience at this hotel was great. The facilities were good and the service was excellent. The location was perfect for me near Near BGS Hospital, Bangalore. The price was affordable and the washroom and bedroom both are neat and cleaned.",05 Jun 2022,5
160753,Naveed Ahmed,Very satisfyingStaff were very polite and helpful.Power cuts,04 Jun 2022,5
160753,Rupesh,They are ready to room because of low prices,16 Jul 2022,1
160753,Chandra Shekar,worst experience,28 Jun 2022,1
160753,Thasleem TS,Check in issue,12 Jun 2022,1
160753,Aditi AgriIncorp,staff was rude in nature.. reception team was very arrogantly behaved. i was doubting mis use of our documents after producing.,03 Jun 2022,1
