hotel_id,user_name,review_text,date,title
16758,Sachin V D,Good,18 Mar 2023,5
16758,Vipin,Good.but not excelent.nice coustomer support.and near main road and bathrooms are clean.and get hot water,09 Mar 2023,5
16758,Ashwin Karanth,Good,28 Jan 2023,5
16758,Kavya,Great indoors,23 Dec 2022,5
16758,Mani Kanta,Good,11 Dec 2022,5
16758,u d,Ok,03 Dec 2022,5
16758,Ajay,Nice,01 Nov 2022,5
16758,JAYAPRAKASH,Nice ambiance and staffs,23 Oct 2022,5
16758,manjunath,Good,16 Oct 2022,5
16758,Sandy,It was great pleasure to stay with oyo premium rooms ambience and rooms are very good but the room was shown according to site,09 Oct 2022,5
16758,Lalit Suri,Very good,04 Oct 2022,5
16758,Ankit kumar,"Very good staff, nice location",23 Sep 2022,5
16758,Doki Sravani,Good room and cleanliness,28 Aug 2022,5
16758,Mohammed ashraf,Nice and clean,09 Aug 2022,5
16758,Divyashree,Good,23 Jul 2022,5
16758,Bipin Varma,Hote room was clean and services are good,20 Mar 2023,4
16758,Shazamaan saud,"The staff was really helpfull, the location was easy to find, the cost was feasible, the room was ok ok, the bed was not that comfortable. Overall it was 4/5 experience.",19 Mar 2023,4
16758,Jijo Antony,In my experience services was very good and some places are very outstanding performances. Very well experience i have. Keep it up team oyo. Thank you.,08 Dec 2022,4
16758,Srijan,none,05 Aug 2022,4
16758,Srisha BR,Nice!,15 Jun 2022,4
16758,sneha js,"They not considered app payment, per day they charge is ₹1200. In app ₹564. OYO team need to take necessary actions on this serious note.",07 Dec 2022,3
16758,Mahendra,Room is good but hot water and ac is not their,23 Sep 2022,3
16758,Raghavendra,overcharging at check in,17 Jun 2022,3
16758,Ismail,Worst service no bed  properly  fan not working no ac bathroom worst no towel no water,13 Oct 2022,2
16758,Sammy,Not good,11 Jul 2022,2
16758,DEVESH VATS,The manager is a fraud.. He charges extra money forcefully,07 Mar 2023,1
16758,ASHA AJAYAKUMAR,Very poor and the hotel is nothing as shown in pics very horrible experience.,01 Mar 2023,1
16758,Dinesh Prajapat,Bad condition room,01 Mar 2023,1
16758,Akshay Jagtap,"Even after booking in app and paying advance fees, When you reach the hotel they will say rooms are full. They will then  ask you to shift to a different hotel which is very bad in condition.  
Please be aware before booking.",13 Feb 2023,1
16758,Rakesh baddam,Really the worst hotel beds and beedsheets and all over really bad and bad smell and extra amount also paid this hotel really worst hotel .. please don't choose this hotel,13 Feb 2023,1
16758,Amol RS,"No Ventilation, No hot water, Room was badly stinking, Not proper light system",08 Feb 2023,1
16758,saeedshaikh,Very bad service & room was really bad,06 Feb 2023,1
16758,PRABHA G,"i was denied check in, they won't provide you the rooms for the price you have paid instead they will ask for extra money, sucha waste of money and time",04 Feb 2023,1
16758,Varun,Worst room,31 Jan 2023,1
16758,p prasad,"I booked before room it's always better, to change the another room not satisfied and comfortable What ever the change the another room, mosquito, no TV facilities and no Hot water and no Drinking water. And extra pay the GST amount 100/-. so please my money refund amount.",19 Jan 2023,1
16758,Yadukrishnan P M,"Absolutely pathetic condition of the rooms. Terrible service and the rooms were disgisting. The bedsheets, pillows, blankets all were stained. The bathroom latch wasn’t working. AC wasn’t working. The cupboard has items belonging to someone else. The room was dusty has an eery smell. I hope nobody ever books this place even by mistake. I would suggest u sleep in a bus stand atleast there would a cold breeze.",15 Jan 2023,1
16758,Pramod,Charged extra money,13 Jan 2023,1
16758,Bharath M,If you got an offer on Oyo then again you have to pay 500 extra for good room otherwise you ended up in dirty room they are doing scam,02 Jan 2023,1
16758,Ayush Mahendra,"OYO's services are so pathetic that it can't be framed in this small box. In short, i can just say that Oyo is very unprofessional, no systematic organization, doesn't care for good customer experience, only cares for the booking & it's amount, no transparency with hotel managers in terms of bookings & it's amount",31 Dec 2022,1
16758,Hafees,The room was dirty like anything. No hygiene at all. The bed was so slim that we feel like we are sitting on a wooden bench.. on top of all that the room was so dark.. they just put a bulb in room no other light.. such a terrible experience I had.. how can these kinds of rooms be there in oyo ? We would get a better room for this price.,24 Dec 2022,1
16758,ayub ali,"Worst experience and worst customer service,  dirt in all places and all blankets and everything is smelling and asks extra payments for changing rooms , alll the rooms are in very bad condition,  please look into this , inspect them",17 Dec 2022,1
16758,Vijay Natarajan,DisappointingLocation.Reception,29 Nov 2022,1
16758,Vijeeshkumar,"Behaviour is not good, worst hotel,no mirror for dressing, I stay second floor intercom phone also not available any requirement I wanted to go to down and ask. Don't Suggest this kind of Hotel any customer. Who is staying the trouble. No towel for bath",23 Nov 2022,1
16758,Javed Hameed,none,13 Nov 2022,1
16758,Sudha Koppad,Very worst rooms evee they collected extra money also,07 Nov 2022,1
16758,bhargav,"Worst support! The rooms is completely dead opposite to what ever is seen in the photos! There is no proper flush in the washroom! The poop over flows when you flush the water! The beds are filled with sperms! 

HORRIBLE STAY!",02 Nov 2022,1
16758,Lakshmikanth,Blady m🤬🤬🤬🤬🤬guys charged me extra 1000rs after booking in oyo and made online payment ..Oyo customer care also dint responded..worst experience from hotel staff and Oyo customer care 🤬🤬🤬🤬🤬🤬🤬,30 Oct 2022,1
16758,Chiranth,"He did not give us the room , took extra money to give us the room that we had paid for",21 Oct 2022,1
16758,Amarjeet Roy,"AC was not working, Wifi password was not provided, staff were very rude, Insect were in the room, didn’t get any basic things at the premises like soap or towel.",21 Oct 2022,1
16758,Praveen,"Not good rooms & very bad smell from room & toilet also.
Water problem, beds not cleaned properly, tv also not working. Very bad experience form this lodge.",19 Oct 2022,1
16758,Imran,The hotel charged 1000 rupees extra on the booked amount. Very unhygienic room.,04 Oct 2022,1
16758,Sumit,Everything is HORRIBLE AND PATHETIC about this place. It STINKS.,03 Oct 2022,1
16758,SUBHAJIT BERA,I have experienced so much bad for staying here. Owner has given me key after a long process. He took so much alcohol and entered in our room at 12am without our permission. I hate this hotel ever..,02 Oct 2022,1
16758,Alex Thomas,I got the worst room,02 Oct 2022,1
16758,ADITYA SAMBHARA,"I DIDNT EVEN STAY IN YET , he asked for extra money worst hotel I’ve ever seen. Even though I have paid extra money he has given worst room which has a big hole in the bathroom so as I have said to change the room he’s again asking for extra money so, I have left it but he checked in without staying.",30 Sep 2022,1
16758,Rahul Singh,charge of extra money after I paid to Oyo too,25 Sep 2022,1
16758,madhavi,Such a worst staff,23 Sep 2022,1
16758,Sagar,Worst place. Don’t book this hotel. Very dirty place. Oyo also doesn’t support you in any means. I paid 400extra even after paying in oyo. Oyo didn’t give me any refund which was to be done as they told,23 Sep 2022,1
16758,Mallikarjuna,I have check out yesterday to rude behavior staff,23 Sep 2022,1
16758,Firdose Khan,Very bad behaviour from the staff and taken extra cost,22 Sep 2022,1
16758,Raghavedra,Very worst hotel,20 Sep 2022,1
16758,chethan,they r taking extra 600rs charge they told i can't given a room fa u r booked that amount I went late night that's what I simply paid room and wash room also dirty and smell no tv no AC wifi hot water also worse experience in my life today onwards I wil never use the Oyo app as well i feel Oyo is not trust worthy,19 Sep 2022,1
16758,Raj S,"Disgusting, never ever book here, particularly online, they scam you with gst and all and even after that they give you with worst rooms, which lack cleanliness and other amenities.........",18 Sep 2022,1
16758,Anshuman Singh,I did not check in at all,17 Sep 2022,1
16758,Sushrath,"After checking room I found room full of food waste and cigarettes buds, so canceled my booking and left that place immediately and near by reception unknown guy behaved with no manners . And from OYO side booking refund amount not credited.",10 Sep 2022,1
16758,Lalita Betgar,"When i went hotel staff told me all rooms are full when many rooms were not occupied. Called customer care they couldn't shift me to another hotel so they gave me another room totally different as shown in the picture on sharing basis.. no cleanliness, no soap, no hot water, bedsheets were smelling...etc..etc. Oyo should discontinue services with this hotel ..as they are frauds",31 Aug 2022,1
16758,ashwitha,The room was extremely dirty and washroom was stinking so bad. We had to literally spray perfume inside before using it. There was no A/c though we had booked a/c room they said it was not available.  When asked oyo customer service they told us they will change our room in two hours.  The hotel staff was not helpful extremely rude. There were no towels provided or any toiletries.  Extremely dirty room and washroom.,08 Aug 2022,1
16758,Krishna,"Hi as you guys know I've pre-confirmed the booking at Oyo 10293 Rajmahal comforts. But when I reach at the hotel they told me no confirmation has been done and when I showed them the message from your site about confirmation, they told me no rooms are available. So i had to book an expensive hotel through another app while standing in the rains of banglore. I hope this will not happen again. Please take necessary actions regarding this incident as well as the hotel. 
Thankyou
Your suppose to be precious customer.
☺️",30 Jul 2022,1
16758,Kalmesh,This is the poor hotel and they have charged extra amount 500 rs even after paying online.,23 Jul 2022,1
16758,chandramohan potdar,"The worst oyo room I have experienced till date, I had to pay extra 300rs to chekin where i had paid in advance to oyo by there charges. Very rude behavior by hotel staff as well.",18 Jul 2022,1
16758,VINAY GUDE,They ask extra amount no good behaviour they won’t provide things as promised,16 Jul 2022,1
16758,praveen,Charging more den display in app,11 Jul 2022,1
16758,Zaid,On the App there is a different cost and once when we visit they charge extra. They say it's for AC but they give non AC and if we ask they say contact OYO app and talk to them. complete scam,02 Jul 2022,1
16758,Pavan Kumar,staff is charging extra price than what they displayed.  i paid extra 800,24 Jun 2022,1
16758,Basanth Singh,"No power backup, rooms are not clean not worth of paying",23 Jun 2022,1
16758,Monisha,"I would never recommend this hotel, please don't visit and don't regret it.",22 Jun 2022,1
16758,Bhanu Mahesh,"charged extra at check-in. No AC, no wifi.",22 Jun 2022,1
16758,Athul Rajesh,"It was a worst experience for me in this hotel. we selected this room because of the facilities they offered in the OYO platform, but we didn't received any of them and even the room was not at all clean and hygienic. It was a great disappointment for us as a first oyo customer.",21 Jun 2022,1
16758,Ramanathan,awaiting for email reply on AR4C1580,21 Jun 2022,1
16758,Ashish Raj,"They didn't allow me to stay, asked to pay extra charges. Check-in happened automatically, I didn't even checked in. I didn't get refund also.",19 Jun 2022,1
16758,Varri ravi,everything is bad,17 Jun 2022,1
16758,Muhammed Mohsin,the manager asked extra amount 😠😠,16 Jun 2022,1
16758,Om SHIV,need improvement & Staff forces to book room without Oyo platform,12 Jun 2022,1
16758,Vinay RNaidu,"Very Horrible Service, Not Clean, Poor Infrastructure, Rude Manager, Asked for more money",08 Jun 2022,1
16758,J.GOPI,cheating hotel loss my money very very worst hotel...Oyo not support in customer,06 Jun 2022,1
16758,Sanjay Sanju,it's very bad experience there even not cleaning,02 Jun 2022,1
16758,Abhi,they did not even allow me inside... I was thrown out and I need a refund,02 Jun 2022,1
