hotel_id,user_name,review_text,date,title
168724,Mani,"Room is too good, and the staff behaviour towards us is appreciate, and Bedd wash room everything'was clean",24 Apr 2023,5
168724,yash,Good Staff And well place Nice Aminities Rooms Were well maintained and Hygiene Clear Bathroom Nice Loction,11 Apr 2023,5
168724,yash,Nice Room Good Aminities As well as good staff peace location,10 Apr 2023,5
168724,jaswanth,Maintaince is good except food....,08 Apr 2023,5
168724,Anas K,Very good experience.... beautiful room and atmosphere is good,03 Apr 2023,5
168724,sowjanya km,"Pleasant experience and stay . Management and staff are very helpful and friendly 
Good rooms and comfortable",15 Mar 2023,5
168724,sowjanya km,Friendly staff and helpful .clean rooms and good time to spend perfect location for travelers and budget stays,13 Mar 2023,5
168724,Nasreen,Very nice,10 Mar 2023,5
168724,Gauravkumar,"Staff service, room ambience location, rooftop everything is fantastic",03 Sep 2022,5
168724,Santhosh,Nice place,02 Sep 2022,5
168724,Maher,"Clean & Neat rooms, no hassle in check in & Check out, hope they would maintain the same service",22 Aug 2022,5
168724,bhuvan singh,Nice,12 Aug 2022,5
168724,Roy Simon,Gud,11 Aug 2022,5
168724,Srikanth,Room was good but food was worst in the hotel and no towels provided and they are not providing water bottle.,10 Aug 2022,5
168724,Sharath Raj,Excellent,10 Aug 2022,5
168724,Sachin nandkishor jaju,Very good service room is neat clean,07 Aug 2022,5
168724,Mohan,Good,07 Aug 2022,5
168724,rahul,The hotel was clean and very oragant look and staff is also nice,06 Aug 2022,5
168724,Marisa,Nice,02 Aug 2022,5
168724,Aardra Anand,Good experience,31 Jul 2022,5
168724,Shubham Kumar,none,23 Jul 2022,5
168724,Mohammed Shoaib,good,08 Jul 2022,5
168724,Hemang Mohan,"Lovely place, Pleasant Staff, Comfy RoomIt was a great property. Everything from check in till check out went very smoothly. The staff were all super friendly and helpful and the reception had a staff active 24&#47;7 so that no matter what time, you are provided with assistance.The cable subscription on the TV in the room had expired, although its not something that I had need for, it might be something that some  travelers might be keen on. Also wifi was sometimes laggy but usually resolved in a few minutes. Hotel might benefit from upgrading to a better plan to support all the rooms together",15 Jun 2022,5
168724,Nisha Evangeline,The bed linen needs more cleaning. Everything else was good.,26 Apr 2023,4
168724,Lavanya CV,Royal splendud is a very hygiene and they maintain all the facilities very nicely,28 Aug 2022,4
168724,Adil Prasad,Good,25 Aug 2022,4
168724,Manu,Worth for the money,15 Aug 2022,4
168724,Imran,I'm happy with staff and room maintenance,14 Aug 2022,4
168724,Raghu,Room is good but food is expensive,13 Aug 2022,4
168724,Syed Azeem,Charged me extra amount,07 Apr 2023,3
168724,Chandru,Good  maintenance  and  well  response  at  hotel need  some  improvement. Hotel. Name. Is  changing,14 Mar 2023,3
168724,Abdul razaq,All was gud but the receptionist wasn't well with addressing new people,04 Mar 2023,3
168724,Raj,No towel was given in hotel room even after requesting multiple times. This incident happened second time to me.,08 Aug 2022,3
168724,Chandralekha,The place was quite average!,02 Aug 2022,3
168724,NAVEEN,Room location all good.... But I booked through app ... But they didn't accepting app booking price and charged extra,08 Jul 2022,3
168724,Sohail Dharani,There no service,05 Jul 2022,3
168724,Kavita Rajput,tv,25 Jun 2022,3
168724,Harsha,I had paid extra,11 Mar 2023,2
168724,Ikk Dinesh,They are charging extra amount,09 Oct 2022,2
168724,Thirumalai,"They asked additional payment for checkin , room are conjested with no ventilation ,no room service , no bucket, anything you ask they will say call other numbers and finally they nerve give service",01 Sep 2022,2
168724,Mohammed Feroz,none,16 Aug 2022,2
168724,pramod,took extra money,16 Aug 2022,2
168724,Sivanandham K,"Worst staff i ever faced my last 8 years of travel... Not accepting card payments, no room service, worst food across Bangalore..

Very pathetic stay..  And Very Dirty rooms not even cleaned..",13 Aug 2022,2
168724,Pavan Kumar,Entry denied as oyo displayed amount very less. OYO please take this as a consideration. People has belief that oyo hotels will be available in offardable price but hotel dnied entry.  It is not fair.  Please display the real value of the hotels Dont post any fake reviews or price,21 Jul 2022,2
168724,Kumar Aditya,Neither the towel nor toiletries were provided,01 Jul 2022,2
168724,Syed Farhan,none,21 May 2023,1
168724,Yejaz Ahmed,Reception lady behaviour and not good,04 Mar 2023,1
168724,Nandu RajP,"I had paid Rs 650 in advance through Oyo. When I reached the place, they asked 650 more. At that time we have no choice. Reaching Oyo customer service is also not straight forward, I couldn't connect to a person, was stuck in their chat bot. I think this is this hotel's trick, to quote a very low price on the app and charge more in person...",10 Oct 2022,1
168724,Prasanna,"Worst receptionist staff… I never experienced this type of response in any hotels… Very very rude behaviour… I never suggest any of them to stay here because of that Receptionist lady… The way of her behaved worst… I booked room by Oyo and i paid through online, while i am check in they ask me to pay double the amount of room… Otherwise we wont allow you to stay, and we can’t to help you in this… Blah Blah Blah… Please try to avoid to stay in this hotel… Worstest worst and rude behaviour… 0.1/5 star",09 Oct 2022,1
168724,Prabal,Room is good but batshit not clin and smale bad,26 Aug 2022,1
168724,Varun,Worst,20 Aug 2022,1
168724,Kumar S,Wast of explanation,13 Aug 2022,1
168724,Shijin,"Very bad behaviour from the hotel staff, vouchers don't allowed to use. Rude behaviour from the front office guy",12 Aug 2022,1
168724,Shivani,"Linens were very dirty 
Even after complaining twice we didn't get clean bedsheets and the staff was not at all cooperative.",11 Aug 2022,1
168724,Kaushik R,Denied access when booked through Oyo . They asked us to pay more than double the Oyo amount. extremely rude receptionist..,23 Jul 2022,1
168724,bhanuprakash Prakash,Worest hotel …if we book room  in oyoo app with low price they will not allow to give room ..they will tell technical issue in oyoo app,14 Jul 2022,1
168724,Sarika,I booked this hotel online and rate was 724 only but when I reached there they said you have to pay 1800 you can contact oyo for help but I didn't get any help and I have to stay there with 1800rs.,12 Jul 2022,1
168724,selvanarendhiren,"Very Worst from hotel owner. He forced me to pay extra money of 907 rupees. I checked in to hotel by 9pm as I was new to Bangalore I was forced to choose this hotel with paying extra amount. too worst behaviour too and didn't provide complementary breakfast also.

Never Ever choose this hotel.",11 Jul 2022,1
168724,Himanshu,the Property asked for extra money. They said we have to pay 1.5k if we have to stay.They said we can call on customer care ..but coustomer care doesn't answer calls only ....This is a scam they always ask for more money.,10 Jul 2022,1
168724,Ayushmaan,Had to pay extra for check in,07 Jul 2022,1
168724,Swapnil,charged extra money for check in.,07 Jul 2022,1
168724,venu,Price has been vary from the application and at the property,04 Jul 2022,1
168724,Jackson Jacob,"Facility and ambience I can rate at 3.5. however There is a huge miscommunication bw Oyo & ownership. Hotel charged me extra 500 Rs. than as per Oyo app. you need to run behind Oyo customer care for almost 1 hr to get back of possible within 14 days reimbursement. I would suggest customers can confirm the hotel after booking at Oyo app, even though I tried reach trying the option Call at hotel was not happened. I tried almost 8-15 times within 14 hours. The ownership is really unprofessional and rude about the service. Literally very slow in everything. Poor. You get better facilities at this price range.",29 Jun 2022,1
168724,Ahamad Javad,We already booked the room through oyo…but when we reached ther they said that our room wasn’t booked…we showed our payment details still they didnt approve us.I think the receptionist who was sitting ther didnt know the basics of customer care.he didn’t even care to listen to us.later it was known that the receptionist exchanged our room with some other people in our name.altogether we had a very bad experience from the receptionist.,28 Jun 2022,1
168724,Arvy,AC DID NOT WORK. WAS VERY HOT AND BED WAS DIRTY,24 Jun 2022,1
168724,Suyash,I had to pay extra 600 rupees,18 Jun 2022,1
168724,Shafeeq,very harsh behaviour from receptionist,16 Jun 2022,1
168724,Unnath Reddy,"SKIPLocation was perfect.Its called a Premium Boutique Hotel, Nothing Premium about it. The sheets were dirty, staff were rude and arrogant - their sleep was more important than serving their customers. nBasic toileteries were not provided and even when requested for I was told to go to the store and buy it.  nThough its reasonable, basic customer service would have been appreciated. Very poor service.",15 Jun 2022,1
