hotel_id,user_name,review_text,date,title
172016,Murali,It's very nice place and safe with lot of enjoyment thank u oyo for giving us such a memorable day also vistbis very kess,19 Apr 2023,5
172016,Anil,Neat rooms good staff hot water available nice and hygenic beds and bathrooms near dtaff,31 Mar 2023,5
172016,Subramani B,Well maintatained Rooms was clean and hygiene and Staff was good and then pleasent please to stay in this hotel,17 Mar 2023,5
172016,Prasanth Kumar,Hotel room was comfort and environment is good but if they could have provide hot water. It will be good. Make sure the management can provide good services as cusmoters what they excepect,14 Mar 2023,5
172016,M AMIR HUSSAIN,Staff is very supportive,06 Feb 2023,5
172016,Devendra Hp,Superb,18 Jan 2023,5
172016,Sujeesh,Good facilities,10 Jan 2023,5
172016,charan poojary,"Rooms are average ,budget wise 7/10 ,but the staff are quite good .location is easy to find and also a calm place . But only staircase available to go upper floors",02 Jan 2023,5
172016,Dinesh Kumar,It was pleasent stay and neat and clean with in budget ...nice come place to stay ..,30 Dec 2022,5
172016,Ashique Jaleel,Good one 👍🏻,28 Dec 2022,5
172016,mirza mehefuj,Best hotel for rooms and good service location is also good for stay best room in banglore Karnataka,27 Dec 2022,5
172016,Prithvu,Its very good,22 Dec 2022,5
172016,Maksood ANSARI,Attendants are good and polite. Budget hotel. They will charge GST amount over the booking that you have done through Oyo or any other platform.,07 Dec 2022,5
172016,Blessing Jemil,Good,30 Nov 2022,5
172016,Jerry,Very good ❤️,25 Oct 2022,5
172016,Dinesh Kumar,"It good and pleasent stay...during my stay and close to Good all near by IT secter, well connected to high way road ...nice service & Nice staff well coperate...thank you Pradeep .",20 Oct 2022,5
172016,Rishi Choubey,"Good hygiene place , impressed with the hospitality",15 Oct 2022,5
172016,Adarsh Sandra,Nice room .good for all .good for couples.staffs are very good .very neet room .any one can go and enjoy.,07 Oct 2022,5
172016,Mustak Chaudhary,Good service,26 Sep 2022,5
172016,Noor,none,14 Sep 2022,5
172016,Praveen jaiswal,Excellent,08 Sep 2022,5
172016,Padmanabaiah Setty,"I had a really good experience at the hotel. It was really clean, the staff was really nice, and I'm happy to recommend it.",04 Sep 2022,5
172016,Lisha,It’s really nice,26 Jul 2022,5
172016,Kuldeep Biswakarma,Hotel staff are very helpful in owner also,26 Jul 2022,5
172016,Ajil Ram,Excellent behaviour quality service,12 Jul 2022,5
172016,Imtiyaz,"I stayed one night in a hotel near the railway station. The room was clean, fresh, and comfortable. The supermarket nearby was within a short walk of the hotel. I would recommend this hotel to anyone who is looking for a place to stay in this area.",11 Jul 2022,5
172016,Ajil Ram,it's good,09 Jul 2022,5
172016,Ankit Dubey,none,01 Jul 2022,5
172016,Anandhu As,good service,26 Jun 2022,5
172016,Ankit Dubey,Polite Hotel Staff and members,26 Jun 2022,5
172016,Ankit Dubey,Good one to stay,26 Jun 2022,5
172016,Dinesh Kumar,Room was good And clean...well supportive staff Mr.Vinod...,22 Jun 2022,5
172016,Akii,nice,21 Jun 2022,5
172016,Manjunatha R,good,17 Jun 2022,5
172016,Rahul,Room was good with good facility,03 Apr 2023,4
172016,jayadev,Good,02 Apr 2023,4
172016,Sharon,Good service and caring,31 Mar 2023,4
172016,Sagar Banase,Nice,07 Mar 2023,4
172016,KRISHNA CHARAN,none,05 Mar 2023,4
172016,Sridhar Reddy,"Very well check in, rooms are nicely maintained but the thing is no geaser or hot water, wifi is there but no internet or very poor speed, apart of the money given very well room.",10 Jan 2023,4
172016,Bhanuji,Good,07 Jan 2023,4
172016,Subramani B,Hotel was nice and plesent stay and staf was good and room was neat and clean and well clean rooms in stay,11 Dec 2022,4
172016,Rishi Choubey,"Good hotel, nice hospitality",15 Oct 2022,4
172016,Devrat Alok,It's very helpful app. It's like having a friend who knows everything about hotels,27 Sep 2022,4
172016,Sanu,Nice room,08 Sep 2022,4
172016,Lateesh Ycp,I had a great stay at this hotel. The staff was very polite and the location was easy to find. All the amenities were working on the order.,21 Jul 2022,4
172016,M. DorendraSingh,Upto standard,16 Jul 2022,4
172016,Akshaya Vedanti,economical hotel with basic facilities,25 Jun 2022,4
172016,Y Lavakumarreddy,I was really disappointed with the service I received at this hotel.,20 Jun 2022,4
172016,Aditya Koka,"I am so happy with my stay at hotel.The staffs were so polite and helpful, the rooms were clean and hygenic, the housekeeping was very efficient. Basically everything about this hotel was perfect! I can't wait to come back again!",13 Jun 2022,4
172016,Dev Datta,"We stayed at the hotel and I was really happy with my stay. The room was clean and the staff was very friendly. The price was also very affordable, which was always a plus.",01 Jun 2022,4
172016,Prerana Sharma,"I had to pay a little extra to what the app showed me, but that was okay, but the room was really tiny and the TV didn't work as well. So those were a little disappointing points.",15 Jan 2023,3
172016,Sonu,Hotel conditions are very old,08 Jan 2023,3
172016,Shakti Rout,"The check in was quite convenient.Apart of that everything else was not.
Rooms were smelly, mosquitos, no door lock in washroom and no normal water.",07 Jan 2023,3
172016,Harish Narayana,"Charged extra amount as gst, room is not as spacious as in the photos, bedsheets, bathroom are also not clean, didnt provide complimentary breakfast, soap.",03 Jan 2023,3
172016,Harish Narayana,"Room is not spacious as on the photos, bed sheets are not so clean, charged extra amount in name of GST, didnt provide complimentary breakfast, soap.",03 Jan 2023,3
172016,Naveen Kumar,none,16 Apr 2023,2
172016,Naveen Kumar,none,12 Apr 2023,2
172016,Falak Khan,While checkin they have charged extra money,11 Apr 2023,2
172016,Kartik,"Room not up to the mark, tap was broken, bedsheets with stains allover, ABOVE ALL they charged me 201 rupees saying it is GST, I don't know how they charge me GST while it should be included in the oyo reservation itself, said I could claim my amount later from OYO.
Terrible experience....",07 Mar 2023,2
172016,Prashant Kumar Singh,"I was farther than location shown, Owner of hotel was rude.He does provide amenities like water, handwash. Room and bedsheet was not clean.",07 Feb 2023,2
172016,Srinath,After paying in app again we have to pay extra there,04 Feb 2023,2
172016,Miqdad,"No AC, No TV, bad service, extra money was asked by the receptionist",21 Dec 2022,2
172016,Mallikarjun,During the checking they were asking extra amount with gst and OYO app shows different amount. Geyser was not working so no hot water. Not recommended,21 Sep 2022,2
172016,Rubel,Asking extra money,04 Sep 2022,2
172016,Yeshwanth,"Collected amount more than showed in Oyo app, not that much amenities,",03 Sep 2022,2
172016,sharath,Asking for extra amount,19 Aug 2022,2
172016,H KKUMAR,"charged more though after paying, no geyser in room",25 Jun 2022,2
172016,ram,"Very old building, toilet totally broken flush was not working, even the toilet door was not good it was not locking and also they will charge extra 200 rs money after reaching there totally waste to stay poor response when u ask for any help. 100 % not recommendable",25 Apr 2023,1
172016,Naresh Nani,"They have charged me extra amount and there is no AC, wifi and hot water also and even power plugs also not working to charge mobile or laptop",23 Apr 2023,1
172016,Santhosha,"I had to pay 116 extra for nothing.
Room was not good. AC was not working. Horrible stay",19 Apr 2023,1
172016,Manish Agarwal,"Hotel staff is rude, no facilities, no one to help carry luggage, ask to pay gst extra even though booking includes gst",17 Apr 2023,1
172016,Naveen Kumar,none,07 Apr 2023,1
172016,Milon Molla,Very bad Very bad service and very bad hotels room,29 Mar 2023,1
172016,Mayank Singh,none,27 Mar 2023,1
172016,kiranvishwakarma,"Worst experience ever he is not giving Wi-Fi password no current no geyser rooms are very old what is showing in picture that is not room it's a one of the worst experience ever 
Staff also not responding properly it's a waste of money",07 Mar 2023,1
172016,digambar sahoo,They charged more 4hundred,22 Feb 2023,1
172016,Mansoor Ma,No hot water and no towels and shampoo room is not clean bad service of oyo,10 Feb 2023,1
172016,918050720550,"Everything inside the house is not working.. TV, AC shower etc.. they are charging extra money while checkin
Cockroach were there
No cleaning was done in last 6 month",06 Feb 2023,1
172016,Suresh,"It's very bad Room, there is not at all maintained, it's not even worth of Rs.100 and mainly there is no minimum facility like Hot water(Gyser), TV.",01 Feb 2023,1
172016,raju chatterjee,"Very bad hotel.toilet sheet broken.rooms are dirty.every time asking for extra payment.
Hotel staff are well behaved but helpless.",16 Jan 2023,1
172016,Sushanth,"They charged me extra saying I had to pay GST on the total amount, was in a urgent situation and ended up paying while ckeck-in. Please refund the amount.",20 Dec 2022,1
172016,Harinathreddy,Not hygiene not meet maintenance and road attitude room ceiling very bad AC not working properly TV channels also not coming,04 Dec 2022,1
172016,Ajit Mandal,I was wrongly charged the amount was different and while check in they took extra payment for check in,15 Nov 2022,1
172016,GowriShankar,Will not recommended to anyone... Not a clean hotel to stay. Lots of cockroach and no hot water connection provided you will struggle to get any basic things in the hotel... Simply waste of money and energy due the stay,29 Oct 2022,1
172016,Aditya Yadav,Please don't go there! They charge you extra money!! They don't care any about oyo's policy...they charge you on their own... Very rude behaviour of staffs,26 Sep 2022,1
172016,Navneet,"1. Hotel staff demanded extra cash, even though I had already paid in oyo app. I had no choice I paid again around 1000₹

3. There is no lift, if you have heavy big luggage with you then good luck

4. No daily cleaning
5. No room service. No water. Bad bathroom looks like public toilet.",24 Sep 2022,1
172016,Naveen V,donu2019t visit there because they wll Farud ppl very easilyI didnu2019t like anything because they made me fraud.,15 Sep 2022,1
172016,Subrata Debnath,"Reception person behaviour not good, they are taken extra money, during booking amount showing inr 792 and they took 1008 rupees, very bad experience, please refund my money",08 Sep 2022,1
172016,Sai Chaitanya,The hotel manager doubled the fare at last minute and denied entry at the last minute. Oyo didn't help with some other option therefore we have to pay extra and stay . Terrible experience,05 Sep 2022,1
172016,Sandip Das,Very bed service and no water in wash room... Taking extra money also... Over all this hotel is very bed.. 1st time i experienced this type of hotel are booked by Oyo...,29 Aug 2022,1
172016,Gopinatha,"Rooms are ver small, also the room price shown on Oyo is very less while checkin you have to pay more",25 Aug 2022,1
172016,Mohammed Usman,The hotel owner asked me to pay 1100rs instead of 750. He said the regular stay charge is 1100 and he won't be able to accept the booking for the prices shown on the Oyo app.,22 Aug 2022,1
172016,Prashanth,Asked for more money,20 Aug 2022,1
172016,anil,Oyo amount and and offers amount not use their and amount also costly for that's rooms,20 Aug 2022,1
172016,surya,That oye hotel asking me extra amount.. I don't like how they asking like that. I already pag the full amount. Again they asked the extra money.,19 Aug 2022,1
172016,Adrian,"1) they charged extra money around 720 rs and asked us to cancel the room if we can't afford.
2) rude behaviour.
3) wifi not working, many cockroaches",15 Aug 2022,1
172016,Sidharth Pandita,"The hotel charged Rs 380 extra, even though I had already made the payment on OYO app.",14 Aug 2022,1
172016,Madhu,"smelling bad and lot of bugs in the room and washroom,i stayed here in 6 nights,every morning no water , every day after i asked they switched on the motor, they don't even have basic responsibility,booked online and paid, charged extra 470 rupees checkin or asked me to cancel",13 Aug 2022,1
172016,Reddy Sainath,No one there Ac tv Wi-Fi room boy,13 Aug 2022,1
172016,Joel Dsouza,Horrible room,06 Aug 2022,1
172016,Bikram Biswas,"Worst Ever hotel I have seen in my Life!
Firstly , They have charged extra money (around 600 rupees) without any reasons.
Unhygienic Rooms , hospital types beds .
There was patch of bloods in the pillow cover.
Room is full of dust.",30 Jul 2022,1
172016,Amit Kumar,Hotel charges extra amount.,20 Jul 2022,1
172016,Joyson,Frontdesk does not allow you to checkin if you don't book directly and pay the money requested.  Worst ever request,18 Jul 2022,1
172016,Rabi Kishorenanda,the asked me for extra money for check in,23 Jun 2022,1
172016,vignesh R,"extra charged and no cleanliness , no proper service",20 Jun 2022,1
172016,Gnanasekar,"1. The hotel charges, extra 370 per day, i booked for rs 1309 for 3 days and they charged me 2400 rs. This is horrible. They don't even consider OYO price. If anybody want to book a book this residency go to there directly. 

2.If we talk about the oyo price, the hotel manager ask us cancel the booking. 

3.The A/C was not working. 

4.They don't even provide water bottle to you as a complement. They charge 30 rs for the 20 rs bisleriwater bottle.",17 Jun 2022,1
172016,HARIPRASATH T,AC IS NOT WORKING. NO WIFI NO HEATER. EXTRA AMOUNT COLLECTED FROM HOTEL APART FROM OYO BOOKING.,17 Jun 2022,1
172016,Hitesh R,over charged for the room.,14 Jun 2022,1
172016,Tarun Agarwal,room was sold out even after making upfront payment.... the hotel had also marked my booking as checked-in,12 Jun 2022,1
172016,A G,they charged more than oya,08 Jun 2022,1
