hotel_id,user_name,review_text,date,title
172385,Gowtham,"place is next level 
Full privet & peace",13 Mar 2023,5
172385,Prajwal,So much good,11 Feb 2023,5
172385,nandhu,room is good but extra money ask fr manager but I am oyo employee this not  god,22 Jun 2022,5
172385,Shiva,Average hotel experience good location and affordable price no extra material like chair provided for Oyo users  other than room.But good in this budget,28 Dec 2022,4
172385,sangamesh,none,26 Mar 2023,3
172385,Dhanush,"No hygenic restroo, No hot water available, there was no water in overhead tank to flush and wash ourselves it was bought into notice of owner but he is like sorry that will not be possible as it's night, I will switch the motor on to oner head tank by morning. Water in restrooms will always be a basic need, Bed sheets were not washed properly, food stains and stinky smell of bed",23 Sep 2022,3
172385,Ananthkumar Anand,Good staffNeat and clean.No roads and parking place  no soaps  tissues,09 Jul 2022,2
172385,sangamesh,"This is not the first time I went. Since it's outskirts of the city and no disturbance is there we all as friends prefer to visit this place. But hygiene is getting worst day by day.
Toilet and bathroom cleanliness were utter bad. Cigar and Tobacco were thrown and which was cleaned in bathroom",12 Apr 2023,1
172385,K kumarGowda,That hotel is bad No maintained Clean,04 Apr 2023,1
172385,Sameer Mishra,"Not hygienic, kind of shady vibe. Hence checked out early.",04 Oct 2022,1
172385,S Sharath,Nature.Room was stinky.... Was not clean at all...  Restroom was leaking and bedshits were dirty,07 Sep 2022,1
172385,Karthik,No security on the spot. They asked 350rs extra money but not worth for it. If ladies changing dress its clearly visible in out side. Curtains also very poor. Hot water facility is not available. Even water is not coming in proper tap. Any ome speaks inside the room its clearly can hear from outside. Oyo shown 449rs. But i paid 800 rs.,26 Aug 2022,1
172385,Reemo Fernandez,They charged extra 400 rupees.,11 Aug 2022,1
172385,HEMANTH KUMAR,extra money will chagred250 rupes  saturday and sunday will extra charge  he was telling 1000 rupe /day,01 Aug 2022,1
172385,Subramani,No safety and security,15 Jun 2022,1
172385,Rajendra T,"booking price was 499 but the owner demanded 800 

really unhappy",13 Jun 2022,1
172385,Wahid Ahmed,"very bad experience I had face in the premises ... the staff is very bad .. even they don't give us proper information about anything.. didn't get towel, even badsheet not change in 4 days, staff is not co-operative.. i have booked AC room but they force to stay in without AC rooms otherwise leave.. at the night I can't go anywhere in a different place .. so overall I had very bad experience with the Hotel white pearl resort.",05 Jun 2022,1
