hotel_id,user_name,review_text,date,title
175685,Pugal,Clean and good rooms. Smooth check in and check out experience. Everything was good and with a smart TV.,11 Apr 2023,5
175685,Mallina Sharath,"The stay seems to be new one, the rooms and sheets were clean n tidy, the host was pretty responsive , overall for this price , it's an amazing deal",10 Apr 2023,5
175685,Shouib,I would like to thanks for the hotel management they were very helpful and friendly good staff...Rooms were clean good and hygiene...overall good experience keep up the same work planning to visit once again..✌🤗,08 Apr 2023,5
175685,Satya Prakash,Clean rooms  staff are coprative,28 Mar 2023,5
175685,Naresh Kumar,All good,21 Mar 2023,5
175685,usman,Very good place the staff was also good at the time of check in there was no issue and the room was pity good,17 Mar 2023,5
175685,syeda,"Everything was perfect as requested staff was also very helpful, thank you, just the extra cot provided should be of foam or something rest all everything was a 5 star. Thanks",12 Mar 2023,5
175685,Akash Singh,Very Clean. Polite staff.,20 Feb 2023,5
175685,Pavankumar,Nice,06 Feb 2023,5
175685,Rafi tours travels,Good hotel,30 Jan 2023,5
175685,Maha JabeenKhan,Again… the staff is really nice and they make sure they maintain neatness and hygine is always maintained … thank you for the amazing experience,30 Jan 2023,5
175685,Maha JabeenKhan,Excellent staff!! People are very helpful anf assist whenever we call them… Iam here for my court work and couldn’t have found a better place than this ! Very comfortable and the hygine is maintained very well!! Thank you for the services you all provide during our stay… means alot !!,29 Jan 2023,5
175685,Gowrisankar,"Neat room 
Good service",17 Jan 2023,5
175685,Anis Bhati,"Wonderful rooms super clean and the staff behaviour is very polite and the receptionist is too good.
High maintenance hotel with less price.
One should definitely visit. Looks like a family hotel.",11 Jan 2023,5
175685,Azim tasmiya,No disturbance nClean rooms.They charge you extra,07 Jan 2023,5
175685,Polasu Prashanth,"Good stay. Clean room, good service, good place and surroundings , clean bathrooms, hot water available 24 hours",26 Dec 2022,5
175685,Premkumar,"Excellent stay, good atmosphere and polite staffs and rooms are neat and clean . To have good stay with out any disturbance this is one of good option",26 Dec 2022,5
175685,Mohamed Khan,"Good ambience, no distraction from the hotel, if they provide a mirror in the room (available in washroom only, then it's awesome. Good ambience, no distraction from the reception side, if they provide a mirror in the room (available in washroom only, then it's awesome. Cost is worth, should not be hiked for common man stay.",22 Dec 2022,5
175685,Bhatt Aaqib,Amazing and comfortable like a home,27 Nov 2022,5
175685,Dixi,"The rooms were clean, very comfortable, and the staff was amazing. They went over and beyond to help make our stay enjoyable. I highly recommend this hotel for anyone visiting RT nagar bangalore.",26 Nov 2022,5
175685,Abdul Rasheed,"Excellent stay, very friendly staff,quick check in ,Value for money. Room was clean and tidy.",20 Nov 2022,5
175685,Satish Jaddu,"Staff are friendly. Although restaurant is not there, staff taken care well and provided outside food delivered to our room",08 Nov 2022,5
175685,Gourav,A new property. Well maintained. Parking is a little problematic because there's a party hall too in the premises,05 Nov 2022,5
175685,Ajay,Best stay,22 Oct 2022,5
175685,Uttam Guchhait,Nice,17 Oct 2022,5
175685,rahul,Rooms are hygiene and overall experience is good,16 Oct 2022,5
175685,KIRMANI MUSAIB,"good rooms,good staff",14 Oct 2022,5
175685,aanchal,Nice stay,08 Oct 2022,5
175685,Mofuj Khan,Room is good,29 Sep 2022,5
175685,Rajkumar,Very good stay,28 Sep 2022,5
175685,Rahil,Clean and good.,24 Sep 2022,5
175685,Rajkumar,Very good to stay and room is very nice,10 Sep 2022,5
175685,Pradyumn Thakur,"It was a pleasure staying at this hotel. The hotel staff was supportive and helpful, the room was always neat and clean, the service was courteous and prompt, and the location was easy to find. What a wonderful experience.",04 Sep 2022,5
175685,Sachin,"I have been staying at this hotel and I am very happy with it. The staff is always friendly and helpful, the rooms are clean and comfortable, and the location is perfect. I would recommend this hotel to anyone looking for a good place to stay in the city.",04 Sep 2022,5
175685,Nithul Nath,"I stayed at the hotel and had a great time. The staff was very friendly and helpful, the rooms were clean, and the location was prime I am the first customer also ... building has an in-house conventional hall and gym. I would recommend this hotel to anyone looking for a good place to stay in London.",04 Sep 2022,5
175685,Kausar Nawaz,"I had an amazing stay at this hotel. The rooms were very clean, the service was excellent and the hotel was a great place to stay and relax. I would recommend it to anyone who is looking for a place to stay in this location.",04 Sep 2022,5
175685,Sonali,"I had a good experience. The rooms were clean, the washroom was fine, and the amenities were satisfactory. The staff was also friendly and helpful. I would recommend this hotel to anyone looking for a nice, cheap place to stay in town.",04 Sep 2022,5
175685,susan,Good ambience,25 Aug 2022,5
175685,Rajkumar,Very good rooms 👌👌👌,22 Aug 2022,5
175685,Ajeethkumar,Nice to stay,18 Aug 2022,5
175685,mohamed hafees,Such  a nice place,09 Aug 2022,5
175685,918368727937 Utkarsh,"Location, room, check-in all good. They don't have food service but you can order. They'll arrange for tea. Room is spacious, mattress also good. TV was not recharged but it didn't matter. Wifi is good and the staff is very polite and helpful.",08 Aug 2022,5
175685,Aishwarya Dahale,I liked the stay. Room was clean and spacious with nice view.,07 Aug 2022,5
175685,Shivam Gupta,Good behaviour from every staff and reception person loved the stay here,07 Aug 2022,5
175685,Muhammed Amjad,Room was clean and well maintained. Good staff behaviour and helpful.,06 Aug 2022,5
175685,Rajkumar,Nice stay,06 Aug 2022,5
175685,Adharsh Palamakula Adharsh ,Excellent maintenance and good services,04 Aug 2022,5
175685,vishnu raj,Great rooms and good service. Superb hospitality.,04 Aug 2022,5
175685,Sagar DJ,roms is very good and prize worth for stay,03 Aug 2022,5
175685,Rajkumar,Nice stay superb,03 Aug 2022,5
175685,Rajkumar,Nice stay very nice,02 Aug 2022,5
175685,suman,Rooms  very good and very clean less,01 Aug 2022,5
175685,Bapi Mia,"Very good and nice 
 ⭐ cleaness 👌👌👌👌",30 Jul 2022,5
175685,SRIRAMA VENKATAPULLARAO,Osm stay rooms is nice,27 Jul 2022,5
175685,Nazrul Islam,very good staff & Service,24 Jul 2022,5
175685,Sagar DJ,osm Happy stay rooms is very nice 👌👌👌👌👌,23 Jul 2022,5
175685,Nikhil,Its my 2nd day..Its fine orelse why would I extend??,21 Jul 2022,5
175685,Nikhil,I loved this stay rooms are soo specious and balcony view was cool..! Washrooms are comfortable and worthy for my money..! Food rates and availability of services are fine..🙂,20 Jul 2022,5
175685,Mohammed Jaseer,"Excellent stay, Affordable and nice place to stay.",20 Jul 2022,5
175685,Bijoy Rajwar,Good condition room and good place,19 Jul 2022,5
175685,Digant,Best,16 Jul 2022,5
175685,Ashu,Rooms are good,10 Jul 2022,5
175685,Nazrul Islam,very good,10 Jul 2022,5
175685,Rajkumar,"The hotel was great. It was spacious, comfortable, and had everything I needed during my stay. The price point was reasonable and I had no issues checking in or out.",08 Jul 2022,5
175685,Dinesh,good,05 Jul 2022,5
175685,Laxmidhar,the world and I can honestly say that this is one of the best experiences I've had. The service is excellent and the room is comfortable. I don't think you'll regret staying there!,03 Jul 2022,5
175685,Chandhu C,Good morning good hotel.Best location,01 Jul 2022,5
175685,Guest,"I have been staying at this hotel for the past few months and I am very happy with it. The staff is always friendly and helpful, the rooms are clean and comfortable, and the location is perfect. I would recommend this hotel to anyone looking for a good place to stay in the city.",30 Jun 2022,5
175685,Akshay,"This hotel was much better than the ones I had been staying in before. The staff was polite and helpful and check-in was a hassle-free process that also allowed me to get a good night's sleep. The price was affordable, especially for this area, and the location was good. Overall, I would stay here again.",29 Jun 2022,5
175685,Shipra,none,29 Jun 2022,5
175685,LingarajSamantaray,I was very satisfied with my stay at the hotel. I liked the cleanliness and nice decoration. The tv was working well and staff were very helpful.,28 Jun 2022,5
175685,JoereshJulius,"I had a great experience at this hotel. The staff was very helpful and accommodating of our every need, the room was clean. The food was also good quality and with affordable price range with all amenities available. I would recommend this hotel to anyone looking for a place to stay in the area.",26 Jun 2022,5
175685,P ABDUL RASHEED,good,26 Jun 2022,5
175685,DILEEP R,Good rooms and staff. well maintained and best in budget.,26 Jun 2022,5
175685,Vinurakesh,none,26 Jun 2022,5
175685,Prarabdh joshi,"I have been to many hotels in my life, but this one is by far the best. The staff is very friendly and helpful, the rooms are spacious and clean, and the location is prime. I would recommend this hotel to anyone looking for a good experience.",26 Jun 2022,5
175685,Advithiya,the arrangements of tge bed and the view for the prize was best,24 Jun 2022,5
175685,Karthik Gowda,"I had a great stay at this hotel. The place was clean, the staff was helpful, and the location is perfect.",24 Jun 2022,5
175685,Vamsi,"my experience was amazing at this hotel. The room was as expected with good amenities, the price was reasonable, no issue during check-in, the location was good, wi-fi was available and the AC was properly working.",23 Jun 2022,5
175685,Pranam Sharma,"I had a great time staying at this hotel. The staff was incredibly helpful and the hotel was in a perfect location. My room was neat and clean, the Wi-Fi, tv, ac, and power backup worked well, and the price was reasonable.",23 Jun 2022,5
175685,Ajay Sharma,"I was pleased with my experience. The customer service was impeccable, the rooms were always clean and stocked with all the amenities you could ever need, and their location was perfect. It was a budget-friendly property. Checking in and out was smooth. I would recommend this hotel to anyone looking for a good price.",23 Jun 2022,5
175685,Mofuj Khan,"I stayed at hotel & The room was nice, the tv had an ac, and the staff were friendly.",22 Jun 2022,5
175685,AdeedNawaz,"The hotel was clean, the room service was good, and the location was comfortable. It is a budget hotel, but it had all the amenities you would expect in a much more expensive place.",21 Jun 2022,5
175685,Suhas,I had a wonderful stay at the hotel. The staff members were very friendly and the room was exceptionally clean. I also love that the hotel provided newspapers and there was a saree available in every room!,19 Jun 2022,5
175685,Mihir,"I had a great experience at the hotel. The staff was very friendly and helpful, the room was clean and comfortable, and the food was delicious. I would recommend this hotel to anyone looking for a place to stay in the area.",17 Jun 2022,5
175685,Javed,"I've been to the hotel a couple of times and it is by far my favorite place to stay in town. The location was ideal and easy to get around, the staff was all very hospitable, and the rooms were clean and well-kept. It has everything I am looking for in a hotel, especially at that price!",09 Jun 2022,5
175685,Bhargav,Best price available in that area,08 Jun 2022,5
175685,Rajkumar,"I was pleasantly surprised by how clean it was. The room was really good, with all the amenities that I needed, from wi-fi to parking. Additionally, I had no issue with check-in or anything during my stay. The price was reasonable.",06 Jun 2022,5
175685,mangesh,The hotel we stayed at was in a great location and had an excellent staff. The rooms were clean and the bed quality was beyond what I expected for such a budget-friendly price. I would recommend this hotel to anyone looking for a place to stay in the area.,04 Jun 2022,5
175685,Prasad,good room and stafs,04 Jun 2022,5
175685,Prasad,"The hotel is in a good location nearby H D Devegowda Main Road, the staff was helpful, check-in was hassle-free and secure, and the room is comfortable.",04 Jun 2022,5
175685,Soham,"hotel is very nice , couple friendly, behaviour is very good , rooms are clean and hygienic, staff is decent but no fooding is available but still it's very nice.",26 Apr 2023,4
175685,Tejas,"Very comfortable stay , spacious room with hygienic conditions, wifi available always , ac also",23 Apr 2023,4
175685,Sri,"Great room, but smelly bathroom. Chose room with balcony, but was given a different room.",23 Apr 2023,4
175685,pankaj thakkar,It was a really wonderful experience living there nice clean rooms friendly staff eco friendly near v care hospitality,12 Apr 2023,4
175685,Narasimha Reddy,Very good clean rooms but water geyser not working,07 Apr 2023,4
175685,Harish Kumar,Good experience,05 Apr 2023,4
175685,Vignesh,Rooms are clean and good,17 Mar 2023,4
175685,Abdul Musaddiq,Clean rooms + Friendly service,21 Feb 2023,4
175685,Shashidhar ks,"Spacious room, cleanliness and hygiene. Staff are very humble. Located in Middletown. Easily accessible",07 Jan 2023,4
175685,Syed Ejaz,Really good and clean place,29 Nov 2022,4
175685,Padmaswaroop,Good staff and hygienic rooms. Inhad selected the balcony view but its noisy even 2am as its close to the road.,24 Nov 2022,4
175685,Nanditha Murali,"The hotel was extremely clean and beautiful, no complains regarding that. I got the room for less than ₹1,000 and then receptionist mentioned that ₹1,000 is their minimum price. So we had to pay the balance amount to check in. OYO should be more aware of such problems and display the right rates to us.",21 Nov 2022,4
175685,Pallu,Good and comfortable rooms,20 Nov 2022,4
175685,Prafull Mandavkar,"Rooms is good,",21 Sep 2022,4
175685,Anjali shaw,i had a great stay at the hotel.room was specious and clean.bed was comfortable.parking place was perfect.wi-fi connection was excellent,04 Sep 2022,4
175685,Mansoor Samu,"I just recently stumbled across this hotel a couple of weeks ago. I booked my stay for 3 days, and so far I have been nothing but impressed. The staff is always helpful and friendly, the rooms are good (even the bed was comfortable), and its location is prime.",04 Sep 2022,4
175685,Supriya Jadhav,Very comfortable stay and clean rooms.,04 Aug 2022,4
175685,Murugesan,good,16 Jul 2022,4
175685,Sheetal kumar,"My experience was great at this hotel. but I would say that my only complaint would be that the price was a little high otherwise, the service was excellent. The parking lot was perfect and the AC TV worked well. The Wi-Fi connection was also excellent.",04 Jul 2022,4
175685,Mahantesh,nice,29 Jun 2022,4
175685,Nikhil Naresh,I had a great stay at hotel. The staff was very friendly and helpful and the room was clean and I definitely would recommend this to people in the area. The price was really good for what I got and the location was super easy to find.,28 Jun 2022,4
175685,Vinurakesh,"The stay was really good and clean and the place is pretty new, recently listed in OYO... every thing you will need is nearby the place.

CONS
1) There is no mirror in the room, we do find the mirror inside the bathroom, but it would be good if we have the mirror in room area also.
2)The is no refrigerator",28 Jun 2022,4
175685,Dalia Moses,My stay at the hotel was excellent. The staff was very polite and helpful. The location was great and all the amenities were good and good service provided.  I would definitely recommend this hotel to anyone staying in this area.,26 Jun 2022,4
175685,Yashwanth Bhat,My visit at the hotel was great. The staff was helpful and the room was good & comfortable. Everything went well there.,22 Jun 2022,4
175685,Ashutosh Sahu,"The hotel room was nice, it was in a good location and the staff was very helpful. The room service was good and the food arrived on time. The AC worked well and there were TVs in every room.",19 Jun 2022,4
175685,RajeshV,I am very happy. The staff is very supportive and the rooms are clean. It's a new property so there are a lot of amenities that you don't find in other hotels. The location is also prime and it's close to all the major attractions in town.,06 Jun 2022,4
175685,Yash Ekbote,good,03 Jun 2022,4
175685,Rachan,"I had a great stay at the hotel and all my needs were there! The staff was friendly and welcoming, the room was clean and well-maintained, and the location was great. I would highly recommend this hotel!",02 Jun 2022,4
175685,Syed,gud,02 Jun 2022,4
175685,Dinesh Shanmugam,Doesn’t match the pictures posted in site. Gym is not included in the Oyo amenities. It’s just available in the building. No mirror available in the room.,09 Feb 2023,3
175685,Dhananjay,They charge extra money at the time of check in.,25 Nov 2022,3
175685,Faizan,Have charged extra 330 which was not Returned in A,25 Oct 2022,3
175685,I am,none,24 Oct 2022,3
175685,Sorabh Thakur,They charge extra money while checking.,04 Oct 2022,3
175685,Kalakesh,"It was quite ok feeling, looking clean and maintenance is good",25 Sep 2022,3
175685,Florence,Hotel was good enough. Only problem was we had to call again and again to receptionist for cleaning. They told bedsheets will be changed in every 2 days... But that also didn't happen... They also said everyday room cleaning will b der.. but we had to call 4-5 times just for cleaning... Hotel is good clean but service need to be improved,20 Sep 2022,3
175685,Kiran Malli,"I had booked for ₹910, property manager said rooms cannot be given for less then ₹1000.",04 Sep 2022,3
175685,Sathish,Location is odd with no kitchen as well,28 Aug 2022,3
175685,dharmendra kumar,"Not Good not badBF is not included , after reaching they were telling that they need some extra money as this hotel is not their price.nThey ask me to pay 700 Extra.Extra  payment is unacceptable, OYO should update price on oyo website.",28 Aug 2022,3
175685,Rashid,A/C and T. V is not working,10 Jul 2022,3
175685,Abdul,water issues. 2 days. police came & checked don't know what is the problem i don't know....,19 Jun 2022,3
175685,Jeevan,Very very worst maintenance and room to waste of money 💰,20 Jul 2022,2
175685,Shanthi,Our room get cancelled automatically and they did not refund our amount also... service is very poor,23 Jan 2023,1
175685,Sandeep Kumar,Extra charge by customer and dirty behavior,05 Jan 2023,1
175685,Ranjith,They have charged extra for the time we did not stay. No refund in advance. And the rooms also are not like they have shown in the pic,23 Dec 2022,1
175685,Parth Singh,"Just like cheeting. They have not allowed in the room, taken more charges 

I don't recommend to anyone to stay there",14 Dec 2022,1
175685,Syed Mahammad,"I have booked room from oyo app and when i visited to check in hotel the property peoples demanding additional charges they were denials oyo booking price I have paid additional Rs.300 for check in, very bad experience",01 Dec 2022,1
175685,Suhaib,Charged 300 extra. Wifi was not working complained multiple times however no action was taken. Checked out in few hours only,30 Nov 2022,1
175685,Satishkumarganala,"They charged me 110 rs extra. They did not give me gst bill, they said collect it from oyo.",06 Oct 2022,1
175685,Saanidhya Sharma,"Nothing.Behavior of staff,Not even water bottle provided.Thiefs running this hotel.",29 Sep 2022,1
175685,Liyaqath Hussain,worst hotel i booked 3 rooms for 6 colleagues. horrible experience shameworst experience.We checked in at 9PM as soon as we submitted our proof first thing receptionist said u need to check out at 11PM sharp no extension,28 Sep 2022,1
175685,Manikandan,"I've already stayed in this hotel, that time the receptionist was good. This time there was another guy who was very rude and demanded more money. Extremely rude and he was searching silly reasons to collect more money from the other users also. Kindly compensate myself otherwise i won't use oyo next time of travel. Thank you",04 Sep 2022,1
175685,Anik,They were extremely rude to book and paid through Oyo. And also extracted 300 saying to pay different amounts. Plz delist them,06 Aug 2022,1
175685,Rahul kumar,Ac was not not working.,06 Aug 2022,1
175685,Srinivas,Curtains needs to be changed as sun light passes through and spoils ur mood and stay,08 Jul 2022,1
175685,vijay,good,05 Jul 2022,1
