hotel_id,user_name,review_text,date,title
18033,Manish Sahani,I have stayed here fir 3 days all rhings aee good but not that much nice they should work on their room makntainance and must provide hot water facility looking at the bengaluru weather it a must needed thing,31 Dec 2022,5
18033,Manish Sahani,Food is good but not in budget hot water is not there tv does not contain hindi channels staff is nice and everythings well,30 Dec 2022,5
18033,Manish Sahani,I have stayed here for about 16 hours the rooms were very clean the staff was also very good. HAS a good room service and no electricity  problem is there. Contains lift to go up and down. The hotel contains a bar also so for the partying also there is lot of space in it.,27 Dec 2022,5
18033,n jayakrishna,"Room is excellent
Service mediam
Check in very speed",19 Dec 2022,5
18033,DHANUSH,Good,14 Dec 2022,5
18033,Surendra Goud,"Good for stay
Couple friendly
Oyo recommend
Good restaurant
Nice place
Hospitality ok
Location is good",13 Dec 2022,5
18033,Farheen Sarkar,Good service in reasonable price,08 Dec 2022,5
18033,Shrijith shankar,Good experience,07 Dec 2022,5
18033,Shrijith shankar,Hi ..food was good large balcony is there ..if family members came family restaurant is there receptionist is very friendly person tq,28 Nov 2022,5
18033,Surendra Goud,Good but no wifi and no hot water,08 Dec 2022,4
18033,Mohit Kumar,"Room was not clean. 
No hot water in bathroom.
Bathroom flush was not working.
No hindi channels in TV",24 Dec 2022,2
18033,Pranjul Khatri,The place doesn’t allow outside food and then the in hotel restaurant charges exorbitant prices with a late delivery in the old 90’s room with poor bathroom,10 Dec 2022,2
18033,Ashwajith Murthy,They charged extra amount on booking,04 Jan 2023,1
18033,Arnav Chauhan,I was denied check-in and had to book a new room with extra money!! Worst hotel to stay in. Zero staff efficiency.,01 Jan 2023,1
18033,XXX XXX,"Nothing is good. The way of treating, the room is not good. And they are not allowing outside food also, they're doing business in their own hotel and too costly. I know OYO how it will work but I am thinking about how OYO associated with these kind of hotels. Very bad experience.",31 Dec 2022,1
