hotel_id,user_name,review_text,date,title
183762,Chetan,none,19 May 2023,5
183762,Anand Kumar,Good Hotel For StayRoom size is Big with well maintain and Neat &amp; clean.nThey have Resturent at Top floor (4th) also provide in Room Service. Food is Very Good &amp; Tasty. Price is Decent Affordable (food)nAC is there if Needed i was using AC room and Satisfy.nBathroom is also Good neat &amp; Clean.Transport prob. actually Auto r very hard to find also if u get they will charge whatever; they will not go with Meter on so it will cost u more. (Tip: Ola works fine u will get auto other app i tried but can&#39;t get auto),18 Apr 2023,5
183762,satish kumar,Excellent room with low cost room was very clean & ambience is very good but the restaurant was not opened..,03 Apr 2023,5
183762,Mahesh,Good ambience and service provided at the place the halls is quite good and big too good place to Stay peaceful,22 Mar 2023,5
183762,Dabbara Nagabhushanam,"nice stay Room is nice 
for family also better to stay",07 Mar 2023,5
183762,MAHESH GUPTA,All good,01 Mar 2023,5
183762,Mrinal Kumar,none,28 Feb 2023,5
183762,Praveen Kumar,Good experience,10 Feb 2023,5
183762,Sourab Roy,The room I got alloted to was very nice and clean. All amenities mentioned were also available except the TV which did not have pack. Room services were also provided prompt response. Overall a good stay.,10 Feb 2023,5
183762,Ali,Good service no disturbance,06 Feb 2023,5
183762,Prasanth C,New building.. all facilities are good,04 Feb 2023,5
183762,Krishna,"The room look good but geyser isn't working. They asked for extra payment because I got this room after applying offers. I talked to Oyo service agent , they helped me to get into room without extra payment.",03 Feb 2023,5
183762,Krishna,Goood,03 Feb 2023,5
183762,Santhosh Gupta,"New hotel, staff good, everything works fine.. location is just outside manyata tech. Couples r welcomed,",01 Feb 2023,5
183762,Ganesh N,Ambiance and furniture is very good and nice staff. Prices are affordable.,28 Jan 2023,5
183762,Arun Deep,"Not like other Oyo hotels who demand more money
Peacefull place and good North Indian staff",16 Jan 2023,5
183762,Vinod,It was good experience to stay here,14 Jan 2023,5
183762,Alex Savi,Nice good clean rooms. little issue faced by the office staffs that they made us stay in non ac rooms. after calling oyo they had given us nice room. good clean best rooms. well maintained.,11 Jan 2023,5
183762,Anup Singh,"Great location, really pleasant and clean rooms, but the thing that makes this such a good place to stay are the staff. All of the people are incredibly helpful and generous with their time and advice, The food served there is very delicious. And also not forgetting to mention about the management, who are very pleasing. As a whole i had a very good time there and would surely like to visit there again.",11 Jan 2023,5
183762,Shibu Mathew,Good,10 Jan 2023,5
183762,Faizan,Good,05 Jan 2023,5
183762,Mrinal Kumar,Everything is awesome regarding check ins n cleanliness n other services,03 Jan 2023,5
183762,Abdullah,"Good place to stay , neat & clean.",23 Dec 2022,5
183762,chandru,Nice behavior for hotel staff thanks to oyo,15 Dec 2022,5
183762,Karthik,Homely and nice ambience,14 Dec 2022,5
183762,Aakash,Very clean and maintenaned,08 Dec 2022,5
183762,Aashish Ghosalkar,Clean rooms,07 Dec 2022,5
183762,917002470023 Mukib,Wonderful experience. Great rooms and staff. Oyo customer service helped me a lot to relocate my previous booking as there was some issues.,03 Dec 2022,5
183762,Mrinal Kumar,"Very clean, smooth check-ins, nice behavior of staff, easy to locate, better environment for the peaceful stay.",23 Nov 2022,5
183762,Prabhakaran R,Maintained well. Security staffs were friendly. Down the hotel there are departmental stores. Hotels as well.,19 Nov 2022,5
183762,AJAY KUMAR,All good,16 Nov 2022,5
183762,Sujay,Very good place and staff are polite. Rooms are clean and spacious...............  .................,12 Nov 2022,5
183762,AJAY KUMAR,All good,10 Nov 2022,5
183762,Aakash,Great ambiance,06 Nov 2022,5
183762,Ramya,neat room  .. good service,29 Oct 2022,5
183762,Tabrez,It's good to stay ND feel relex,29 Oct 2022,5
183762,Manan,Nice hotel,16 Oct 2022,5
183762,Aman Mishra,"Everything was just very good , Best places to stay",15 Oct 2022,5
183762,ravikanth kamath,"I would love to come to this space, clean staffs are. Responsive and good spacious rooms. Keep. Up the good work guys",13 Oct 2022,5
183762,Souvik Sarker,Very hospitable,07 Oct 2022,5
183762,Heena,"Good profesional stay, clean room, good service",07 Oct 2022,5
183762,Rahul Mili,Very good experience.  The washroom was also clean and the room was very nice. Staff are well behaved too,05 Oct 2022,5
183762,Kalyan,Nice rooms bet accomplished,05 Oct 2022,5
183762,Subhajit Maity,Good,04 Oct 2022,5
183762,Tazain Khan,"I really liked the furniture and aslo room service, the person at the reception was bery polite and descent.  Overall everything was good there was hot water also with good bedsheets and else stuff.",03 Oct 2022,5
183762,Dhaneeshlal D R,"Mangers and employees are good behaved and well cleaned and good room, wifi, heater everything available",01 Oct 2022,5
183762,manish mishra,Good,30 Sep 2022,5
183762,Yogesh Dandge,Cleaning quality,30 Sep 2022,5
183762,Sam,"Room was so good in clean. Lift available, good staff at reception. Keep the good service.",29 Sep 2022,5
183762,Shridhar M,Good place to stay,28 Sep 2022,5
183762,Sibu,Good,24 Sep 2022,5
183762,Praveen,Very good,23 Sep 2022,5
183762,VARUN,"Clean rooms and supportive staff. 
Maintain same",22 Sep 2022,5
183762,pramod,Best,20 Sep 2022,5
183762,manish mishra,"Location was good, eateries are there helpfull staff",13 Sep 2022,5
183762,Virat,We liked the rooms a lot and everything was clean and clear.. thankyou,12 Sep 2022,5
183762,Mounca,Good,12 Sep 2022,5
183762,Virat,As usual the stay was awesome with clean and good rooms with good managment.... The receptionist Kiran was soo helpfull and kind,06 Sep 2022,5
183762,Arun,The hotel is new and really good.,04 Sep 2022,5
183762,Virat,The rooms were soo clean and managment was soo calm and helpfull.. worth for money ... Recommended rooms,29 Aug 2022,5
183762,PROZEEE,Hotel was Very good & fine manager was very friendly,27 Aug 2022,5
183762,Pranshanth DSP,Good for family,22 Aug 2022,5
183762,Gowtham,Good,22 Aug 2022,5
183762,Virat,"Affordable, clean room, maintanance was soo good and management was soo good... Newly constructed building soo they are still accomodating many things but compare to other hoteks this one was soo good",20 Aug 2022,5
183762,Ravikumar K,Its awesome i loved it i went with my friends for party its amazing clean good staff,18 Aug 2022,5
183762,919102149141,none,17 Aug 2022,5
183762,Rani Gupta,I like the cleanness of the hotel and when i entered I liked the hospitality,10 Aug 2022,5
183762,Neeru Batra,Very good stay.,09 Aug 2022,5
183762,Hyder,Good ambience,05 Aug 2022,5
183762,Gnanpandithan,Good and comfortable stay,05 Aug 2022,5
183762,Sasi Kumar,"Location, staff was good.even room was good.I booked for a AC room. And facilities had AC and TV. But no AC and no recharge on TV..",30 Jul 2022,5
183762,Vishal,Place us very good but the staff at the reception is very very bad recommend to take him out,29 Jul 2022,5
183762,Subeesh,Nice accomodation with clean rooms.. Building was brand new and the more highlighted thing was the bathroom which was awsome,25 Jul 2022,5
183762,Anusha,I stayed at the hotel for a night. The room was clean and the staff was helpful and kind. The amenities like a fan but ac and tv were not working. The washroom was neat and clean. The element mall nearby location.,12 Jul 2022,5
183762,Noushad,I 💕 love it,12 Jul 2022,5
183762,Harshith,"The hotel is convenient and well-kept and the service is great. The room was clean, staff had good behavior. I would always stay at this hotel again.",04 Jul 2022,5
183762,Anusha,When I reached the hotel they charged an extra amount from merhat was little too much for me to handle as we were already paid.,03 Jul 2022,5
183762,Krishnkumar6712gmail.com,I had a great experience at the hotel. The management was very good and the room service was also very good. The staff was also very helpful and friendly.,29 Jun 2022,5
183762,Daaniyal,"I stayed at the hotel last week and I was very pleased with the staff. They were so polite and helpful! When I checked in, it all ran very smoothly. The security was ok, but they did a good job of making me feel safe and secure. The room was a good size and had everything that I needed - bathroom, tv, desk, etc. The location was easy to find.",26 Jun 2022,5
183762,Jeet,"The hotel was really clean, the staff was really friendly and the hotel had power backup, Wi-Fi, and good tv. The room prices were ok, the location was easy to find and the food was nice.",24 Jun 2022,5
183762,Suhasini,good clean room was awesome 👍🙂,19 Jun 2022,5
183762,As ZhraAhmed,"I recently stayed at the hotel and I was very satisfied with the accommodations. The room was clean and comfortable, wi-fi was available. There were no issues during check-in and the price of the room was reasonable, and the location was ok.",14 Jun 2022,5
183762,Love,"It was a good stay.
Mr.kiran was a decent receptionist.

recommended!",11 Jun 2022,5
183762,Venky,Super cleanlinessy,08 Jun 2022,5
183762,Imran Sheikh,It's a good place nice staff,24 Apr 2023,4
183762,Goutham BS,Good service,08 Apr 2023,4
183762,XXX XXX,Good,08 Mar 2023,4
183762,Neeraj,Its a homely place. Don't expect much but peaceful. Shops are around. Have a happy stay. Good luck tc,03 Mar 2023,4
183762,Neeraj,Less traffic noise. Near to thanisandra. No problems. Near by shops are good. Temples also there to visit.,28 Feb 2023,4
183762,Sasi,"Decent place with ac, geyser, tv. Sheets were not clean but used would have given five if the sheets were clean too.",04 Feb 2023,4
183762,shiva,Value for money.,19 Jan 2023,4
183762,Aravind Kumar,good,04 Jan 2023,4
183762,Sourav Kar,"Room was nice, the hospitality was good too",18 Dec 2022,4
183762,Rohith,"New building, it’s well maintained, friendly staff.  I have extended my booking. Near to Manyata, to access public transport you may need to walk few minutes.",13 Dec 2022,4
183762,Madhav,Good place with good ambiance,22 Nov 2022,4
183762,Haji Ali,Nice stay,16 Nov 2022,4
183762,Abhi,I liked the atmosphere. Rooms where hygiene. Liked over all everything.,14 Nov 2022,4
183762,Aqib Nawaz,Its best,07 Nov 2022,4
183762,Manoj kishore,"room is newl.Location is good.staff behave is average.They are not so responsible.Their is no room service.
Everyday room not clean by staff",01 Nov 2022,4
183762,Siva Rama Lakshmi,Room is good people don't charge you extra when you checkin you will get the geeser tv and wifi but the tv balance is over good stay experience,20 Oct 2022,4
183762,JYOTISH CHANDRA DUTTA,Room good,10 Oct 2022,4
183762,Vetrivel Chelian,"Near to Manyata Tech Park. Supermarket is present exactly at ground floor. Tea shop, Swarma and Panipoori shops are present nearby.

Cleanliness maybe improved it's okay but not too good.

Cigarette smoking smell is persistent, after a few minutes of exhaust fan it's tolerable.",26 Sep 2022,4
183762,Piyali Sarkar,Nice and clean,15 Sep 2022,4
183762,Saurabh Kumar,Nice facilities and good mentality,15 Sep 2022,4
183762,Bharath,Room was good,07 Sep 2022,4
183762,Prinkle,Room was nice.it would be great if they keep the towels.Really the staffs are very polite and friendly,05 Sep 2022,4
183762,Poul Rajesh,Neat and clean,05 Sep 2022,4
183762,Adnan,"I have had the pleasure of staying at this hotel for a conference and it was a wonderful experience. The staff was very polite and helpful, the room came with all the necessary amenities and the wifi worked beautifully. There was also ample parking available which I found to be a relief because that's not always easy to come by in busy cities like this one. I would definitely recommend.",04 Sep 2022,4
183762,Bhavesh Vajpayee,Good staff. Clean,28 Aug 2022,4
183762,Vikhyat,"Rooms are clean(newly built),you have tv with subscription to free channels, there is issue with electricity in this area between mrng 7 to 10.30am. current keeps going every 10-15 seconds (literally I mean seconds). If you are booking from Oyo,they will show u have complimentary breakfast but it's not there actually (Oyo's way of attracting customers).
But all together it's a good stay if u don't have problems with above things i noted.",24 Aug 2022,4
183762,sri varshini,It's a good and decent place,20 Aug 2022,4
183762,PROZEEE,Ur was Evey good 😊,15 Aug 2022,4
183762,Nadeem Ahmed,none,12 Aug 2022,4
183762,Sumeet Sharma,There's no AC on the top floor room.,24 Jul 2022,4
183762,Sugan N,Room was clean and well maintained. Location was a little difficult to identify.,23 Jul 2022,4
183762,Nashita,It was a  peaceful stay with good room arrangement.,12 Jul 2022,4
183762,Ajay Nani,room infrastructure,01 Jul 2022,4
183762,Koushik Dey,"Ac was not available in the room, where I had booked the ac room.",30 Jun 2022,4
183762,Harish,Good experience I would recommend this to everyone who wants to stay,27 Jun 2022,4
183762,Jeet,"Overall, I would say that the hotel was a positive experience. The staff were very friendly and helpful when we needed it. The location was a bit odd as there wasn't much around, but I really appreciated how close they were to public transit and the amenities of the hotel.",27 Jun 2022,4
183762,MSRAGHUNANDAN,"My experience was excellent at this hotel. The room was clean and the washroom was hygenic. The fan tv was properly working, the staff was very helpful, and I had a great stay at this hotel.",24 Jun 2022,4
183762,Mofuj Khan,"I had an absolutely wonderful experience at the hotel. The staff were extremely helpful and warm, the rooms were impeccably clean, and the view was spectacular. The room rates were also very reasonable for such a quality hotel. I will absolutely be going back to this hotel in the future!",19 Jun 2022,4
183762,919986130311,"Tv is just for name sake, they haven’t subscribed to any channel packs. Rest all was okay.",11 Apr 2023,3
183762,Khader basha,Good was good but nt maintained cleaning and gv drinking water and tawalles,11 Mar 2023,3
183762,Dadapeer,"Hotel is good i liked the stay but one of the staff member ask stupid question while checking out about the bed , seriously 😒 doesn't have common sense what to ask what not to , such an idiot , I don't know his name but he is baldheaded idiot.",20 Jan 2023,3
183762,Anrup Rao,Staff behaviour is not good.,19 Jan 2023,3
183762,Nidal,location is in little bit far from NH .,03 Jan 2023,3
183762,Pradyumn KumarTripathi,"We stayed two days but hotel not given drinking water, if hotel not satisfied with Oyo why they register Oyo booking",22 Dec 2022,3
183762,Shravan,"No restaurant, no complimentary breakfast, no restaurant itself within hotel",15 Dec 2022,3
183762,917033123312 Kumar,at first instance they had given non AC room. Staffs are very irresponsible . and at the time of booking Oyo representative said they will provide complimentary breakfast . But they refused,30 Oct 2022,3
183762,Syed,No ac,29 Oct 2022,3
183762,Yatharth Upadhyay,No ac,18 Oct 2022,3
183762,JYOTISH CHANDRA DUTTA,Very poor quality room,16 Oct 2022,3
183762,Abdul,"Food was delicious.. Room was neat and clean..  
There was no hot water..",13 Oct 2022,3
183762,praveen ps,No AC... Also the guy asked to pay at the hotel even when i said I'll pay through Oyo app as i had discount...,01 Oct 2022,3
183762,Abhijeet rane,Location was good... Room was decent.. but tv wasn't working.. no hot water.. electricity fluctuation during 9am-12am time slot,23 Sep 2022,3
183762,Arun,Power was going top often and I was unable to work from the room,13 Aug 2022,3
183762,vinay vinay,Ok to stay,31 Jul 2022,3
183762,Girish,Like the Hotel for its proximity to Manyata however the room didn't had working table very important for corporate stays,20 Jul 2022,3
183762,Mayank Jaguri,"No AC Provided , No Breakfast Provided, But it was included in booking cost.",16 Jul 2022,3
183762,Prajnesh,"Room and washroom is good
Check in and check out feel is good
But no AC 
No complementary breakfast
Power is also not stable
 Bath towel is not clean
Tv don't have any recharge",02 Jan 2023,2
183762,Suhail,Worst hotel,05 Nov 2022,2
183762,AS,"They allowed early checkin, for that they had taken 30% of whole booking amount, instead of 30% of a night's stay. The room was smelling with cigarette smoke. AC water was dripping inside room. And even though they have mentioned complimentary breakfast, they said its not available. Wont suggest this stay.",06 Sep 2022,2
183762,Rahul Modi,"No bathroom amenities placed.
Telephone didn't work.
No water bottle available in room.
Bedsheet is not clean.",11 Jul 2022,2
183762,Syed,"no electricity, no ac, no hot water.",24 Jun 2022,2
183762,Nandish N,"NEVER VISIT THIS PROPERTY, Arrogant staff and AC are not at all working. We asked for a room change but they said the property is full. It was a lie and a lot of rooms were available.  
They provide good rooms only for COUPLES.",20 Apr 2023,1
183762,Chandramohan Reddy,Oyo showed as ac room but they provided non AC room and they asked ac room cost will be more if provided,08 Apr 2023,1
183762,XXX XXX,"Staff behaviour is worst and arrogant ,they are keeping their words in regarding price and providing the bill as how they said",31 Mar 2023,1
183762,Kaushik Varma,Worst behaviour by the staff,22 Mar 2023,1
183762,Daaniyal,"i had booked room for 800 and the person gave me a very tiny non ac room and said itne me itna hi milega aur minimum price 1500 hai, while i was promised a 182ft ac room from oyo pathetic but i’m staying at this property since a long time since i like the location",17 Mar 2023,1
183762,Dwaraganath,"NO DRINKING WATER,HAVE TO BUY BOTTLED WATER...Even road shop providing free water..",07 Mar 2023,1
183762,Kushal,"Hospitality is the worst, ill mannered receptionist, his behaviour is the worst. Towel had holes in it, very badly maintained room",05 Mar 2023,1
183762,Tanveer Mk,I’m more disappointed by customer support.,22 Feb 2023,1
183762,akshay,"Hotel name is different not as shown in app and once we call for location he'll refuse to tell location before that he'll tell room will b provided only if you pay 1200rs unless call oyo cancel the hotel and go. 

After calling oyo and talking to the executive again we  paid 500rs extra for the stay that too 1hour late.. Worst experience 🤬",21 Jan 2023,1
183762,Neeraj Kumar,Location is very fare.they are not professional.They only try to make money from guest.dwe to some reason small spot of food and blood drop in bed they charge me extra 1632 rupes.in which hotel this happen i don't know or either they have to mention this in early.i request to Oyo kindly check this type of hotel.this type of hotel spoiling the name of iyo,15 Jan 2023,1
183762,Jishin A,Very BadNothing.They have asked to modify my already confirmed booking as they wanted more money for the days I have booked. Very bad behaviour staffs as the only thing they gave importance is for money and nothing else. No customer satisfaction consideration given.,31 Dec 2022,1
183762,Srihari Venatile,"pathetic and unhealthythere were blood stains in the bed, pillows and dirty walls. there was no car parking space. there were bed bugs in the room and the room was filled with cigarette smoke. horrible stay and a shame this was suggested to me by booking.com after my previous hotel was cancelled by the property at last minute due to booking.com issue",17 Dec 2022,1
183762,Binoj Karunakaran,"Very bad behaviour by receptionist, really not professional and they not ready to listen any of our concern.i have requested for one hour early check in that they denied and charged 400 extra..even during checkout they are not ready to extend 1 hour even though there are many room are available.. very bad experience by receptionist",16 Dec 2022,1
183762,Mega Muthamma,The hotel charged extra for check-in .,14 Dec 2022,1
183762,Prithiviraj M,Nothing...Staff was rude..no room given,08 Dec 2022,1
183762,Manish Kumar,The service is really bad. No power back up no wifi back up. Checkin experience was also bad.,16 Nov 2022,1
183762,Dinesh,"Rooms are pathetic, bedsheets were not clean, greaser was not working, bad service provided.",04 Nov 2022,1
183762,Nilanjan Panda,"I have paid online but when i went to hotel they told me that they can't give me room in that amount and they take 650 extra for that room 
If i won't give that money that i can't get any refund do i gave them",07 Oct 2022,1
183762,Hrishikesh,Very worst experience...very money minded...asked to pay extra two hundred for nothing. They should really learn basic respect towards customer. Stupid people with stupid place.,02 Oct 2022,1
183762,Ravi B,Charged additional money to lest us in. Poor 3rd class business ppl - no knowledge of local language or English.,02 Oct 2022,1
183762,Sarath Kumar,"The stay was horrible, upon checkin at night.. manger provided non AC room and there was too much delay and drama for room change. staff was very rude and rooms was dirty",01 Oct 2022,1
183762,Maliikarjun,"240 extra taking money 
Bad Service for Resapsinst guy 
TV is not working.. Channel is not working 
Girser is not working. 
Totally bad service",22 Sep 2022,1
183762,Pragya,"Staff was ignorant and least bothered of requirement, also no proper rooms ready, we had to change 3 rooms and wasted 1hr, staff said room is not ready it's under cleaning",20 Sep 2022,1
183762,Mary Veronica,There was no proper service at all,18 Aug 2022,1
183762,Anil YaDav,Firstly they charged extra money and provide a non ac room and the rudely  behavior of staff,06 Aug 2022,1
183762,neelima,no AC at room i booked for AC room,30 Jul 2022,1
183762,Farhan Baig,Ac not available power issue no hot water bad experience,23 Jul 2022,1
183762,Arjunraj,"No power backup, NO Ac, No Car parking, No Hot water, No Cleaning Service, No complementary breakfast.",22 Jul 2022,1
183762,Kuldeep Singh,"Nothing.It was the worst experience. When I reached they denied boarding. I booked hotel with 400&#47;- per day, he forced to pay 1000&#47;- per day. When called booking.com customer care, they were just laughing. with this experience, I never book any hotel from booking.com",22 Jul 2022,1
183762,Sah Shashank,lights were disconneceted in midnightnothing.everything,19 Jul 2022,1
183762,Satya,no AC and complementary breakfast,19 Jun 2022,1
183762,Sapna,There is no AC no Dustbin no towels no light no electricity and to be honest there is nothing in this hotel,19 Jun 2022,1
183762,Amarnath Reddy,Not good,17 Jun 2022,1
