hotel_id,user_name,review_text,date,title
18670,Ankit kumar,none,04 May 2023,5
18670,Ankit kumar,none,03 May 2023,5
18670,Ajeeth.u,Good service nice room,18 Apr 2023,5
18670,SaiLokesh,Good hospitality and maintenance is good,18 Apr 2023,5
18670,Anil,Everything is good 💯,13 Apr 2023,5
18670,Suroje,Nice,12 Apr 2023,5
18670,peetla vishnu,Peaceful stay,11 Apr 2023,5
18670,Mainak Nath,The stay was awesome.reciptionsiat is very friendly,09 Apr 2023,5
18670,Tarun,Good service and maintenance,09 Apr 2023,5
18670,Shitij Rathore,"The was good, good behavior by staff.",07 Apr 2023,5
18670,Saikumar,Very good hospitality nice rooms,06 Apr 2023,5
18670,ruheli yyyyyyy,Wash room water not cm,05 Apr 2023,5
18670,nani krishna,Superb,04 Apr 2023,5
18670,Megna,Nice play to stay ...very hygiene place too,30 Mar 2023,5
18670,Prasanjeet Behera,"Excellent service,and behavior",29 Mar 2023,5
18670,Ishita Dhaddha,The room was good. And the receptionist was also very helpful. The stay was nice overall.,29 Mar 2023,5
18670,Ram,Staff service is excellent,20 Mar 2023,5
18670,mahi,Good,16 Mar 2023,5
18670,Tarun,Good maintenance,14 Mar 2023,5
18670,Hemanth,"Good behaviour at reception , friendly staff",12 Mar 2023,5
18670,Anilkumar,Good,10 Mar 2023,5
18670,Praveen,Good experience and nice hospitality,10 Mar 2023,5
18670,Venky,Good,10 Mar 2023,5
18670,Luhit Mech,"It's very comfort place and need and clean 
Staff and service both we got very good service 
We love to come again thankyou to all team",09 Mar 2023,5
18670,mahi,Excellent,09 Mar 2023,5
18670,Shrikar Kumar,Good,08 Mar 2023,5
18670,Prudhvi,Excellent service,07 Mar 2023,5
18670,Deekshith Rai,Good,06 Mar 2023,5
18670,Jonas,Nice Room,23 Feb 2023,5
18670,PARAMESH,Good,10 Feb 2023,5
18670,hima gowda,Hotel is nice 👍 supper room,05 Feb 2023,5
18670,Nipendra Sibgh,Nice hotel,04 Feb 2023,5
18670,Ranjith,Good,03 Feb 2023,5
18670,mahi,Good,19 Jan 2023,5
18670,sreenivas,Room good,15 Jan 2023,5
18670,shalvi,Nice room,15 Jan 2023,5
18670,mahi,Good,15 Jan 2023,5
18670,Osman Ahmed,Great stay. Rooms were clean. Friendly staff. The only things missing are lif and geyser. But they do provide a portable water heater.,13 Jan 2023,5
18670,Osman Ahmed,Good stay. Friendly staff. Great location. Very well connected to public transport. Rooms were also clean.,13 Jan 2023,5
18670,Jitendra,Location,11 Jan 2023,5
18670,Ashutosh,Good,09 Jan 2023,5
18670,mahi,Very good,08 Jan 2023,5
18670,Ashutosh,Good,03 Jan 2023,5
18670,siddhant palanpure,Good communication good facilities good arrangements,02 Jan 2023,5
18670,Suroje,Nice,01 Jan 2023,5
18670,Saisreenath MK,The rooms were very well maintained and the room service was also very good.,30 Dec 2022,5
18670,Vamsi,Best service well maintaining,30 Dec 2022,5
18670,mahi,Awesome,29 Dec 2022,5
18670,Osman Ahmed,Good rooms. Friendly staff. Well maintained rooms.,28 Dec 2022,5
18670,Osman Ahmed,Good stay. Friendly staff. Well maintained rooms,28 Dec 2022,5
18670,Osman Ahmed,Good rooms. Friendly staff. Well maintained rooms. Good for budget stay. It also has a restaurant that serves nice food.,28 Dec 2022,5
18670,Suroje,Good,28 Dec 2022,5
18670,Pradeep,Good,27 Dec 2022,5
18670,Harinathreddy,Good staff and nys rooms,23 Dec 2022,5
18670,Saddam Hussain,Excellent,20 Dec 2022,5
18670,Yashwanth Reddy,Room was good but no heater inthe wash room,19 Dec 2022,5
18670,Saurabh Shukla,Gud,17 Dec 2022,5
18670,Pradyumna Reddy,Superb staff and manager. Good luck,15 Dec 2022,5
18670,mahi,Good,14 Dec 2022,5
18670,sourav kumar,Very nice and service was very good,13 Dec 2022,5
18670,Rahul Jaiswal,Excellent,13 Dec 2022,5
18670,918722944018 Basskar,Had a pleasant stay and good check in experience too,12 Dec 2022,5
18670,Naidu,"Good staff.
Very obedient.",08 Dec 2022,5
18670,Anudeep Goud,"Excellent facility
It is very cleaned",06 Dec 2022,5
18670,Suroje,It's fine,04 Dec 2022,5
18670,Kullai Reddy,Hotel was good and treated good,04 Dec 2022,5
18670,G Bharanikumar,Very nice and friendly staff. Nice stay.,28 Nov 2022,5
18670,Nirmal Ranjan,"It's, Good",26 Nov 2022,5
18670,Suroje,Superb,25 Nov 2022,5
18670,Suroje,Nice,25 Nov 2022,5
18670,Basavaraju,Nice service and best place to stay,24 Nov 2022,5
18670,Shariq,"Clean rooms, value for the price",23 Nov 2022,5
18670,Suroje,Good,23 Nov 2022,5
18670,Basheerkhan,Good 👍,18 Nov 2022,5
18670,ashish,It’s really good for stay and happy.,17 Nov 2022,5
18670,Suroje,Good,17 Nov 2022,5
18670,Suroje,Good👍,12 Nov 2022,5
18670,Jonas,Location,11 Nov 2022,5
18670,Suroje,Nice,10 Nov 2022,5
18670,Suroje,Good👍,10 Nov 2022,5
18670,Sheraz AliShah,Good room nice location budget price nice service would recommend this hotel others also thanks OYO,07 Nov 2022,5
18670,Suroje,Verry nice,02 Nov 2022,5
18670,Suroje,Good,27 Oct 2022,5
18670,Sandeep Prabhu,very close to bus service and lot of restaurants close by area.,25 Oct 2022,5
18670,Nazrul,"Everything is good, good service",25 Oct 2022,5
18670,Suroje,Good,23 Oct 2022,5
18670,Suroje,Nice,22 Oct 2022,5
18670,Suroje,Good,22 Oct 2022,5
18670,Suroje,NICE,21 Oct 2022,5
18670,Suroje,Nice,15 Oct 2022,5
18670,Suroje,Good,11 Oct 2022,5
18670,Suroje,Excellent,10 Oct 2022,5
18670,Suroje,So good,09 Oct 2022,5
18670,Suroje,Verry nice 👍,08 Oct 2022,5
18670,Suroje,Nice place,08 Oct 2022,5
18670,mrutyunjaya mallick,Verry good,05 Oct 2022,5
18670,Anvitha,Good,05 Oct 2022,5
18670,Suroje,Good,05 Oct 2022,5
18670,Dileep,Room is good and peaceful,05 Oct 2022,5
18670,Rajesh,Nice,04 Oct 2022,5
18670,Subhasmit Roy,"Good service all over, except  a little issue with water supply in the morning.",30 Sep 2022,5
18670,venkatesh,Service,30 Sep 2022,5
18670,Suroje,Verry nice,30 Sep 2022,5
18670,Subhasmit Roy,Good service,29 Sep 2022,5
18670,Tejeswar Patro,Room was clean,27 Sep 2022,5
18670,Basheer Khan,Good 👍,27 Sep 2022,5
18670,lucky Rock,Slightly Good,26 Sep 2022,5
18670,Madhav Samudrala,Good,25 Sep 2022,5
18670,Suroje,Nice,24 Sep 2022,5
18670,Karthik Kambar,Good,23 Sep 2022,5
18670,Devshan Hojaisa,"Good patients, clean room",22 Sep 2022,5
18670,Suroje,Verry nice,22 Sep 2022,5
18670,Basheer Khan,Good 👍,21 Sep 2022,5
18670,Suroje,Nice,21 Sep 2022,5
18670,Suroje,Verry nice,18 Sep 2022,5
18670,sanu vadakkel,Nice area. Good facilities. But geaser not working,16 Sep 2022,5
18670,SISINDRIKL KUMAR,Good maintenance,16 Sep 2022,5
18670,Basheer Khan,Good 👍,16 Sep 2022,5
18670,Suroje,Verry nice,15 Sep 2022,5
18670,Suroje,Good,14 Sep 2022,5
18670,Sai,Excellent,13 Sep 2022,5
18670,Suroje,Nice,04 Sep 2022,5
18670,Suroje,Nice one,03 Sep 2022,5
18670,Suroje,Good👍,03 Sep 2022,5
18670,Rajan Gupta,They provide us good service.,30 Aug 2022,5
18670,Balaji K,good infrastructure,19 Aug 2022,5
18670,Hemendra Singh,Great stay!,18 Aug 2022,5
18670,Suroje,Verry good,18 Aug 2022,5
18670,Vishu,Osm place loved to stay here,16 Aug 2022,5
18670,Rajesh,"Nice place 
Good service",16 Aug 2022,5
18670,Sankar Siva,It's decent for it's budget,15 Aug 2022,5
18670,Srikanth,Room was good and the staff behavior was good and the location also in beautiful place surroundings street food also good,14 Aug 2022,5
18670,Praveen Kumar,Clean hotel. Nice staffs.,13 Aug 2022,5
18670,Kiran,Good place to stay nice staff,13 Aug 2022,5
18670,Suroje,Nice place,08 Aug 2022,5
18670,Varun,nice stay,07 Aug 2022,5
18670,Alekh Mishra,Good service,07 Aug 2022,5
18670,Suroje,Verry nice,07 Aug 2022,5
18670,Lakshmi NarayanaLisetty,Hygiene and Staff Behavior was good,04 Aug 2022,5
18670,Suroje,Verry nice 😊place,25 Jul 2022,5
18670,Suroje,Verry good,20 Jul 2022,5
18670,Suroje,verry nice,17 Jul 2022,5
18670,hima gowda,good,17 Jul 2022,5
18670,Suroje,nice one,16 Jul 2022,5
18670,Suroje,Good staff and nice 😊place,13 Jul 2022,5
18670,Suroje,verry nice,12 Jul 2022,5
18670,hima gowda,Good,12 Jul 2022,5
18670,Suroje,verry nice👍😊,12 Jul 2022,5
18670,Suroje,verry nice,11 Jul 2022,5
18670,hima gowda,Good,10 Jul 2022,5
18670,Suroje,verry nice,10 Jul 2022,5
18670,Suroje,super,09 Jul 2022,5
18670,Suroje,verry nice,08 Jul 2022,5
18670,Suroje,verry nice,07 Jul 2022,5
18670,Suroje,good,07 Jul 2022,5
18670,Suroje,good,04 Jul 2022,5
18670,Suroje,verry good,03 Jul 2022,5
18670,Suroje,verry nice,01 Jul 2022,5
18670,Suroje,verry nice,30 Jun 2022,5
18670,Mohammad,receptionist is very good and friendly,24 Jun 2022,5
18670,Raju,verry nice,21 Jun 2022,5
18670,Basheer Khan,Good 😊,13 Jun 2022,5
18670,hima gowda,good,08 Jun 2022,5
18670,Raju,good,07 Jun 2022,5
18670,Raju,good,06 Jun 2022,5
18670,hima gowda,good,06 Jun 2022,5
18670,hima gowda,verry nice,05 Jun 2022,5
18670,Raju,good,04 Jun 2022,5
18670,hima gowda,good,04 Jun 2022,5
18670,Ashutosh,so nice,02 Jun 2022,5
18670,Himanshu Khurana,Nice Room,21 Apr 2023,4
18670,Priyanjali Roychoudhury,"Good staff - Sujit, Donmay and others. Washroom fittings could have been better. Good room overall.",18 Apr 2023,4
18670,Manjunath,Room is good vi am happy with a maniger,09 Apr 2023,4
18670,Bhoomika V,Room is exactly like what is shown in pic but power was constantly going off .,04 Apr 2023,4
18670,Saif Ali,Good behaviour,05 Mar 2023,4
18670,kattamuri srinivasarao,Hot water problem.,24 Feb 2023,4
18670,Ravichandran Kandasamy,The location.There was no hot water available.,16 Jan 2023,4
18670,Manjunath,"Best room and good worker
But the hotel tv not working and gyser also not work",12 Jan 2023,4
18670,Osman Ahmed,Good stay. Nice clean rooms. The only thing missing are lift and geyser in the room. Staff is friendly and helpful,08 Jan 2023,4
18670,Archita Chatterjee,Yeah it was a good stay there,18 Dec 2022,4
18670,Ujjawal Srivastava,Nice,26 Oct 2022,4
18670,Sathish J,Good,16 Oct 2022,4
18670,User,Nice room,08 Oct 2022,4
18670,Chandra Shekhar,"Staff wa supportive, I checkedin late in the night and they were very supportive. Place was clean and amidst a good market area. Although hotel doesn't have much food choices on its menu but there were many food restaurants on walking distances. The place is very near to Mathahalli, Kundanhalli, ITPL and business areas of Outer ring road. The place is full of energy as it's hub of youngsters living nearby and market place. I could see many couples and singles checking in. Sometimes there were some minor issues like water and electricity but they were quick to fix. Room along with bathroom was big and clean. Overall it was a worthwhile stay and didn't feel like money waste.",21 Sep 2022,4
18670,Shubhangi Kabra,Room was nice and clean,20 Sep 2022,4
18670,Abhishek Singh,Room was very good it's looking great AC is working and all other lights working properly after 11Am water supply was stopped,18 Sep 2022,4
18670,Sai Kasetty,Good,28 Aug 2022,4
18670,ravindra singh,Rooms were clean and worth visiting again for less than 1000 budget hotel,20 Aug 2022,4
18670,Riyaz Basha,Good service,18 Aug 2022,4
18670,Dibya Jyoti,It was good still not upto the mark.. AC was not working,17 Aug 2022,4
18670,Abhinav,It was ok. Good,20 Jul 2022,4
18670,Shahid,none,30 May 2023,3
18670,senthil,"Room is good and spacious, very near to Main road - exactly located along with Namma Madurai hotel... People are good and supportive..

Cons:

1. Booked for 3 days and 2 nights, bed sheets and towels were not changed...

2. AC every 10 mins once automatically cooling is getting reduced..

3. TV is not at all working, when I asked they said TVs are not working.

4. They have normal water cans, but no complimentary water bottles given",23 Apr 2023,3
18670,Harish,Average,09 Apr 2023,3
18670,Harikrishna,"Room is good, there is no hot water facility and land line connection for reception, mainly receptionist serious about online prepaid payments at oyo app they are not accepting it.",12 Mar 2023,3
18670,Osman Ahmed,Located in a happening area. The hotel is kind of okay for the budget. But there's no geyser or lift.,03 Mar 2023,3
18670,Harikrishna,"Room is good but AC is not working, gyser is not working and there is no landline to connect with reception finally plate(having food) is fully dirty.",22 Feb 2023,3
18670,Saravanan Sundaram,Value for moneylocation and chargeability.Permanent Hot water facility to be accommodated instead of rod water heater,25 Dec 2022,3
18670,Mohammed Shahbaaz,"It's a kind of old lodge. Old rooms and bathrooms. No facility of geyser,  they provide heater rod. Old TV with remote which doesn't works properly. If you are staying alone and dont want to stay full day in room then you can take this room.",16 Dec 2022,3
18670,Max Judson,"I asked if I could check in early. They said yes and when they visited the property, they told me I had to wait until 12. But I told them again that I had called these guys and confirmed it once before the visit, they then said I had to pay extra for the room. Finally after talking to them for a while, I got a room with no soap or shampoo or AC",26 Nov 2022,3
18670,Kathir,no heater,03 Oct 2022,3
18670,Swapnil More,It was ok,09 Sep 2022,3
18670,Veeresh,"Tiffen is supper, room infrastructure is nice, ac and geyser not working, no lift.",01 Sep 2022,3
18670,MohanPrabhu T,Average hotel,26 Aug 2022,3
18670,Saif Ali,No hot water available no power backup,21 Aug 2022,3
18670,Somyak Ranjan,"Not that satisfactory, coz bathroom isn't that good,shower and tape aren't working properly.",21 Aug 2022,3
18670,dinesh,"average, no facilities",30 Jul 2022,3
18670,MAHESH GUPTA,"No hot water, no Shower, TV not working",04 Mar 2023,2
18670,Mohammed JuraijTH,Room was average but there was hell lot of bed bugs and we were up at night to kill them,22 Jan 2023,2
18670,Ankit Srivastava,Ac was not working. Geyser was not there.. Having bad smell in the room. Cleaning issue.,20 Dec 2022,2
18670,Lalit Kachhawaha,"No provision for hot water as there are no geyser.

Secondly they will provide iron rod for got water and that too you need to plug in bedroom as electrical sockets doesn't work in bathroom....

Disappointed",14 Dec 2022,2
18670,Sagar,"No geyser, heating rod was provided on request.
Faulty taps",07 Nov 2022,2
18670,Sairam mishra,"No power back up, no parking, behaviour of one employee is so rude. They didn't give towels we only have to go and ask lot of time and we only have to take",09 Sep 2022,2
18670,Ganesh Chandra,Location.AC not working. Frequent electricity cut.,13 Jul 2022,2
18670,Prabhu,Didn’t have good experience with staff,11 Jul 2022,2
18670,Sourav Mitra,Not satisfied..No breakfast was provided.... The location is good.No generator... No change of bedsheet even no cleaning of room till 7 days of stay.,16 Jun 2022,2
18670,Meerasaheb,No power back up. Water leaks when rains. No dental kit and windows are unsafe in bathrooms,05 Jun 2022,2
18670,sharuk khan,none,30 May 2023,1
18670,Hitesh R,none,29 May 2023,1
18670,Vinay Reddy,none,02 May 2023,1
18670,Mutyala Anil,Ac was not provided,24 Apr 2023,1
18670,krishna vakati,"I didn’t like it.Staff is irresponsible and not answering questions. I stayed only for 2 hours and charged 840+500+240, they did not give invoice while check out. They said person is outside. Room is worst, hot water not coming, insects running through the room",19 Mar 2023,1
18670,Keerthana Pakkiriswamy,"Nothing like picture. No ac. Building built in 1990s and never renovated. Ac looks like 10 years old and definitely not working for 10 years. Room isn鈥檛 like anywhere close to pictures. Room stinks, torn table chair. Rusted chair. No hot water. Tv doesn鈥檛 work.",24 Feb 2023,1
18670,Kailash Mallik,Very bad experience. Room is full of bed bugs. No drinking water. Ac not working .,13 Feb 2023,1
18670,Saddam Hussain,"No hot water , No towel, very bad service",10 Jan 2023,1
18670,Siddhi Kadam,"It was the worst hotel I ever stayed. There are lot of bed bugs and no working AC. Staff refused to change the room and asked us to contact OYO. No drinking water, nothing. Please do not visit this place.",05 Jan 2023,1
18670,Rajeev Choudhary,"Hotel staff is doing partiality with the North indian.
Refused to provide tbe room ( which was booked 2 days ago) if I won't make payment to them directly.
They said, rudely if I may add, to not make payment through OYO app by which I booked the hotel.
Condom packed can be found in the washrooms windows.
Refused to offer AC remote, tv remote etc.",07 Dec 2022,1
18670,Ravikumar. M,"No water ,no geaser ,no bathroom current ,fucalty is not at much good in hotel worst person in hotel casher.",25 Nov 2022,1
18670,Basanta Sharma,Neither the Ac nor the fan was working,13 Nov 2022,1
18670,venkata siva,Very bad,04 Nov 2022,1
18670,JRS,"Bed-bugs whole night 
No water
Either TV or AC, not both
No ventilation either
Semi-functional washroom",26 Oct 2022,1
18670,bhargav reddy,"Worst Oyo facility ever seen, Poor power supply and not regulating properly
Asked not to switch On the AC
No Geyser
Worst maintenance.",17 Oct 2022,1
18670,RahulKumar,none,12 Sep 2022,1
18670,Saif Ali,Their are bed bugs on bed no power backup tv not working,11 Sep 2022,1
18670,Naveen,"TV not working
There is no geyser in room
staff was not good..very reckless behaviour and neglected the customer",02 Sep 2022,1
18670,Srinivas,AC was not working and no water was given.,09 Aug 2022,1
18670,Jaikishan Singh,none,02 Aug 2022,1
18670,Sakthibalan,"There is no  hot water and life in the hotel. Not cleaning the rooms and toilet daily.    Water flow is very less in bathroom , we have to wait more to fill the water.",24 Jul 2022,1
18670,Rohitsuresh,The rates which was shown in the app and what I paid was way to different. I was not allowed to check in with the rates which showed in app instead I was asked for extra money in order to check in. Same property same guy twice it happened in 2 weeks,22 Jul 2022,1
18670,Kevin,Charged extra apart from the original price and also extra fr payin online,19 Jul 2022,1
18670,shubhendu mishra,power cut and paid extra while check-in,16 Jul 2022,1
18670,Kiran,Check in issue not accepting app money asked to pay separately 1500. It's a very bad experience. They informed after booking. So overall it's bad place don't try to visit again,13 Jul 2022,1
18670,Shivaprasad Rao,Charged me 1200,10 Jul 2022,1
18670,GANGURAJU REPANA,"worst receptionist, asking for extra money, ambiance is not at all good... don't go there.... bed sheets are not clean, room is not clean, some bad smell.... worst area.. worst hotel... I suggest you to avoid it....",07 Jul 2022,1
18670,Upendra Upadhyay,"Room was having cockroaches lots of it
no gyswer
water to drink as well
thanku will never use Oyo again",04 Jul 2022,1
18670,Nanda Kumar,"No hot water, I was charged extra 1000 Rs which was provided as discount under coupon saying they didn’t receive the money from OYO at the moment of checkin.",30 Jun 2022,1
18670,Anoop KumarPC,Place.Cleanliness,30 Jun 2022,1
18670,Pavan naik,NothingnVery bad experience.Owner asked extra money to StaynNo Hot waternNo AcnNo HygienenCompletely useless,30 Jun 2022,1
18670,Biswadeep Mondal,charged me extra 1300 for checking in,27 Jun 2022,1
18670,Nayeem,"worst experience ever. I Strictly don't prefer to this hotel for all ( couples, family and friends). Worst behaviour of staff, charged extra amount. No AC, no TV, No proper water in restrooms, not hygiene. NO LIFT. Power issues .... there isn't a single point to tell positive about this hotel. Bad, Waste, Worst only these can describe this hotel. DON'T PREFER THIS HOTEL GUYS, THANK ME LATER FOR THIS INFO . No offense",24 Jun 2022,1
18670,Yash gupta,Very pathetic service. Reception guy asks for more money and didn't give the room until given the more money.,24 Jun 2022,1
18670,Venkat Reddy,collecting the extra 500 money,17 Jun 2022,1
18670,Sunilkumar G,very worst cleaning no Fan no A/c and power no🤦 very rudely behaviour and no septy to stay thr wast of Money,14 Jun 2022,1
18670,saurabh magar,"Waste of moneyNothing that guy on the reception was not properly taking care of rooms in terms of cleanliness..there were no towels,soap,hot water.Nothing that guy on the reception was not properly taking care of rooms in terms of cleanliness..there were no towels,soap,hot water.",11 Jun 2022,1
