hotel_id,user_name,review_text,date,title
186872,kathiresan Mk,Veri good Rooms,31 Dec 2022,5
186872,Suresh,Service was good. Clean and hygiene,30 Dec 2022,5
186872,Dr shubham sharma,"Very good discount, facilities available",29 Dec 2022,5
186872,Shiva,Good service,24 Dec 2022,5
186872,Jeremiah,Hotel is super,14 Sep 2022,5
186872,Dipak Chetry,Everything is very good,24 Aug 2022,5
186872,Sarbudeen,good,17 Aug 2022,5
186872,hani,Nice,14 Aug 2022,5
186872,Raavansheakr,Need rooms but nt sufficient  resistanist,15 Jan 2023,4
186872,Anurag Das,"Hotel good staff are good,",11 Sep 2022,4
186872,amarnath reddy,Ambience and room is clean.I had a very good stay.,08 Aug 2022,4
186872,Naveen M,"I had a great time staying at this hotel. They have a very friendly staff, who were helpful when we arrived, and the room was clean. I would recommend this hotel to any guests.",06 Jul 2022,4
186872,Shakeel,"When is booked this stay i paid the cash online, but when I went to hotel for check-in , they told they will not accept payment done through Oyo app online payment, at they were not ready to give me room, later they charged me extra 1000 at the reception and they gave me the room, it's like i paid the double amount, had a worst experience",07 Sep 2022,3
186872,amarnath reddy,"Without my permission they entered into my room with duplicate key,when i was not there.which is very bad.",13 Jul 2022,3
186872,Roshan,none,02 May 2023,1
186872,Anil kumar,"Reached there at 5 pm and awaited for them for 45 mns literally, finally I got the room and it will be very very ugly even not cleaned the rest room, I went for toilet and I afraid to see the bathroom it was very worst. I just came out and called them no one is available in the reception, that’s why I checked out, feeling worst why should you tie up with these kind of hotels rather u will always get a negative impact",05 Jan 2023,1
186872,venkatesan k,It was worst experience ever. Staff Behaviour issue. Asked to pay extra money not even allowed inside. Telling that don't book via OYO and don't make payment before hoisting. Given worst room. Extra money taken from us (robbed). Worst service. No support from OYO there is no emergency contact number nothing better don't book via OYO there is no support and safety.,21 Nov 2022,1
186872,Joel,"I had paid token amount, but the owner gave my room to some other customer.",17 Nov 2022,1
186872,Nanda Kumar,"I booked in Oyo app, i went to that hotel he is asking 2000 extra money. He is fraud. He is giving rooms for Direct visiters charging 2000 he is saying no rooms for who booked in Oyo app please take charge on this hotel. His number 91135 75145. He is the one who is taking extra money.",14 Nov 2022,1
186872,Utkarsh,"I was not given a room. Did not allow me to check in. 
Told me to book another hotel. 
I was stranded on the road at 9:30 pm with nowhere to go. Hopeless.",14 Nov 2022,1
186872,Jai Kumar,Not accepted booking,13 Nov 2022,1
186872,Mohammed Abrar,The hotel person charged me extra 1000 rupess where i had already paid over the appp,16 Oct 2022,1
186872,Aman Aman,Very bad expey they denied checkin,13 Sep 2022,1
186872,Charan,My booking was confirmed and I have paid full money before checking in but still the hotel person denied to allow me inside and he is telling rooms are sold out... if it is sold out why the hell should they take the booking and to report this issue im trying to reach the customer support almost from 10 hours no proper response,11 Sep 2022,1
186872,Tito Thomas,"They didn't even let us checked in and scammed us.
They left us on the middle of the road.
They didn't have us any refund.
I will never again opt oyo for a stay.
Extremely sad about this experience.",11 Sep 2022,1
186872,Rakesh,Never book through oyo. I have been having pathetic experiences lately. They will accept the booking and make you pay and and once you reach the hotel either hotel in not available or the hotel will demand for more money. Pls delete the app and install ibibo or booking.com for a pleasant experience,06 Sep 2022,1
186872,Sapna Sehrawat,"PatheticRooms were spacious. AC worked well.The place was ill-managed. The staff could not speak or understand Hindi or English. nThe room was filled with ants, roaches and mosquitoes. nThe bedsheets were extremely unhygienic and so were the towels. No one cleaned the room during the entire stay. nOne window did not have curtains which opened up to another building.",04 Sep 2022,1
186872,Athul .,"Never choose this property if you are in bangaloreNothing, the staff was rude. Used bad language when I said I booked through online.The room was very bad. There was no cleanliness. The bed was not cleaned. The condition of the toilet was very poor. Rude staff.",02 Sep 2022,1
186872,Pavni Chintada,Even I booked online.. the property incharge took extra by saying I have to book offlineThey charged extra by saying.. we r not getting paid online so that I have to book offline,25 Aug 2022,1
186872,Nabin lama,i already to Book my room paid also but they give to my room other person...when I rach at NR Oyo they don't have room ..so full wasting my time and wast my Money...Don't go all,20 Aug 2022,1
186872,Rashid Hussain,Property owner is so rude. He refused to give us room since we have paid online and asking to pay again offline also. Then after complaining and 2 hrs of debate with customer care he lets us in.,14 Aug 2022,1
186872,ajith wilson,Totally wasteWaste of money.Everything,10 Aug 2022,1
186872,Tuhin Aditya,Said online payments on Oyo isn't accepted and charged me again at the counter,08 Aug 2022,1
186872,Sibi Chakravarthy,Nothing nliterally nothingnhorrible stayndirty to the corenIu2019m never recommending this place.everything,01 Aug 2022,1
186872,Deepak Danny,Poor check in,14 Jul 2022,1
186872,Doniv Vinod,The person didn't even bother to take ID's that itself says how sady the place is. He took extra money instead of what the actual price was on the app.  I asked him to cancelled and he aske to connect the customer service and customer service was horrible. Had no option to cancel and we had leave the money for charity,12 Jul 2022,1
186872,Ari Pradeep,at send when it was too late to reach Bangalore i call to confirm the room they sayed no room after confirmation in oyo,10 Jul 2022,1
186872,Sathish Arul,"The hotel refused to check me in, inspite of having my booking confirmed and complete payment was done in advance. Then they recommended me to N R Deluxe from their same management, but was located few kms away.",09 Jul 2022,1
186872,Sachin,service is pathetic and not clean,06 Jul 2022,1
