hotel_id,user_name,review_text,date,title
18863,Kanhaiya Kumar,none,23 May 2023,5
18863,Sam,none,14 May 2023,5
18863,Georgy Paul,It was a good stay overall. Hygienic and friendly staff. Room was spacious and air conditioning was working fine.,25 Apr 2023,5
18863,Asiya jaffer,It's nice and clean room 😊,23 Apr 2023,5
18863,Venkat Sunil,Gud rooms and facilities and friendly takingness in every thing niceeee❤️,22 Apr 2023,5
18863,Sunil,Nice and quiet place for family and couples,22 Apr 2023,5
18863,Dipak Gagare,Nice,18 Apr 2023,5
18863,Smuti SubhamMohanty,I loved staying at oyo,17 Apr 2023,5
18863,Arun Bikka,The room is very neat and clean and the hotel staff is also good. And the hotel is very near to all thr places. Overall nice stay,16 Apr 2023,5
18863,Saikiran Gouru,Nice,16 Apr 2023,5
18863,Ankit Singh,"best room with ac facilty within 800 range , 
awsm for couples",14 Apr 2023,5
18863,Vamsi,Good,13 Apr 2023,5
18863,KOTU VASUDEV,"Ambitious,tremendous,awesome experience, wonderful
   Staff people are so peaceful & the maintenance is very good",06 Apr 2023,5
18863,KOTU VASUDEV,It's an amazing & fabulous hotel room which i have ever visited ..the maintenance & staff people are very peace,30 Mar 2023,5
18863,ApR,Good,27 Mar 2023,5
18863,Preethy Francis,"Great place and hygiene, good service",23 Mar 2023,5
18863,GauravBiswas,The room was ok... Clean bathroom and ac was working,22 Mar 2023,5
18863,RAJ,Love it ❤️ maintanence is good and food order is worst biriyani i worst ever i have eaten this type of biriyani.,07 Mar 2023,5
18863,VENUGOPAL,Good stay and good management,11 Feb 2023,5
18863,Santosh Bohara,"Everything is good not bad but AC or TV not working
Staff is good helpful 👍",11 Feb 2023,5
18863,918618150764 dav,Good place,09 Feb 2023,5
18863,Gokul Kunjiraman,Nice place,03 Feb 2023,5
18863,Taj Uddin,"Outstanding, 
And cashier behaviour is osm .. 🥰",01 Feb 2023,5
18863,Pavithra Reddy,"Very nice ambience, Superb service . I would highly recommend. The staff was very wonderful. Room service was excellent.. will visit again for sure..",31 Jan 2023,5
18863,Manirathnam,none,18 Jan 2023,5
18863,Jagat Singh,Good rooms,17 Jan 2023,5
18863,suman kumar js,Good,17 Jan 2023,5
18863,Ambika Punj,Room was well cleaned and the staffs were also very kind. The location of this oyo is the best as it covers all the necessary shops near by,15 Jan 2023,5
18863,Shaheen,Nice and good stay i had,13 Jan 2023,5
18863,Thoi Singh,Good,13 Jan 2023,5
18863,S.K.A,Excellent staff. Rooms were clean and the ambience was nice. Highly recommend this oyo. Prices were reasonable,12 Jan 2023,5
18863,suman kumar js,Good,10 Jan 2023,5
18863,Kanhaiya Kumar,As always same experience this time also good stay good this time also🤩🤠,08 Jan 2023,5
18863,bhanu prasad,Good enough to stay,31 Dec 2022,5
18863,charan,Nice and frendly,29 Dec 2022,5
18863,Suresh,Good enough to stay,29 Dec 2022,5
18863,Jagat Singh,Good rooms,27 Dec 2022,5
18863,Rahul Rnair,Nice,27 Dec 2022,5
18863,vishnu sajeev,Awsome room 😊,20 Dec 2022,5
18863,Syed Saqib,none,20 Dec 2022,5
18863,Svk datta,Excellent service not a single issue i m greatfull that i stayed here please visit this place.It was a very pleasant and smooth stay and you can do a addition which is electric kettle and a table,16 Dec 2022,5
18863,Aditya,Awesome hotel polite people,16 Dec 2022,5
18863,Kanhaiya Kumar,"Everything is fine, the service and stop service of this hotel just needs to be cleaned a little better everything else is too bad😊👍🏻",15 Dec 2022,5
18863,Vignesh,Good,04 Dec 2022,5
18863,Nithin,Bad,30 Nov 2022,5
18863,Kanhaiya Kumar,Good experience 😊🤪,28 Nov 2022,5
18863,Kanhaiya Kumar,Excellent Experience 😜,25 Nov 2022,5
18863,muhammed muneerMirsha,Nice experience,21 Nov 2022,5
18863,Syed Mujeer,Great service and maintenance,19 Nov 2022,5
18863,Darshan,"Room was good but tv connection was not there 
Rather than that everthying was good.",14 Nov 2022,5
18863,Nikhil Naganur,Room was good..,13 Nov 2022,5
18863,Guest Kumar,Had a great stay,13 Nov 2022,5
18863,Shanif K,Very good better this place. and the room is cleaned well. AC is safe and but have missed a fan. Please always clean for dress bed and wash the dress should wash them. Thanks,13 Nov 2022,5
18863,Siya,Nice service,11 Nov 2022,5
18863,Santanu,"Room is ok, and Room service is ok",07 Nov 2022,5
18863,Tushar Jain,My stay there was fantastic,07 Nov 2022,5
18863,Guest Kumar,Over all stay was good,06 Nov 2022,5
18863,Shaheen,The stay was decent,06 Nov 2022,5
18863,KumariTrapti,Oyo is worst hotel channel to use,06 Nov 2022,5
18863,Sandeep,Room was good but stuffs were not clean,01 Nov 2022,5
18863,DINESH,Amazing one,01 Nov 2022,5
18863,Shamnad,good an comfortable....,31 Oct 2022,5
18863,Sandeep kumar,It's good and clean place,27 Oct 2022,5
18863,Sachindra Shetty,Good,27 Oct 2022,5
18863,Prashanth SR,"Nic stay,,Good Staff",24 Oct 2022,5
18863,Madhan,Best place i visited,22 Oct 2022,5
18863,Madhan,But there is no proper electric power in room more than that it's good to use this room',19 Oct 2022,5
18863,Nivin Vijayan,Nice Room and Management also,17 Oct 2022,5
18863,krishnendhu,Reasonable good and safe rooms,15 Oct 2022,5
18863,Abhishek Reddy,Good to stay. .,09 Oct 2022,5
18863,Nootana,Good rooms,05 Oct 2022,5
18863,Asvin,Good rooooms,02 Oct 2022,5
18863,Saud,Good service,26 Sep 2022,5
18863,Anshad E,Very bad stay,22 Sep 2022,5
18863,Sheriff,none,21 Sep 2022,5
18863,Chethan S,Good Experience and it is a couple friendly hotel.,20 Sep 2022,5
18863,ABUBAKAR,Good maintenance.cleaning.  Well food.,13 Sep 2022,5
18863,ABUBAKAR,Good maintenance,09 Sep 2022,5
18863,Sohan Yadav,Best of all,07 Sep 2022,5
18863,Shyam,It was a pleasant experience,06 Sep 2022,5
18863,reswatyrr,I like the room,01 Sep 2022,5
18863,JANA,Good maintenance,30 Aug 2022,5
18863,Jogendra Kumar,"Good service, nice atmosphere",28 Aug 2022,5
18863,Arjun,Room was good,26 Aug 2022,5
18863,Avinash Kumar,Good staff facilities,24 Aug 2022,5
18863,Adarsh Lakhotia,"The hotel was very good. The staff there were awesome, specially kuton named manager was there at the reception who was very friendly and corporative",22 Aug 2022,5
18863,Madhukumar S,Staff and infrastructure so good,13 Aug 2022,5
18863,SUBASH S,Good location.. Value fir money,12 Aug 2022,5
18863,Mohamed RabiA,Good location and room was decent.,10 Aug 2022,5
18863,Anu,Couple friendly nice place,10 Aug 2022,5
18863,pradeep Kumar,Good,08 Aug 2022,5
18863,Arjun,It was good but there was some smell in the room apart from that it was all fine,07 Aug 2022,5
18863,Felix,It was good,03 Aug 2022,5
18863,Manish Singh,"Nice & comfortable
Staffs are nice 
Have a good day & time 
Easy to travel across the Bangalore
Night happening place nearby",02 Aug 2022,5
18863,Adithya Krishna,"Satisfactory check in experience, Good rooms, Tv is not working, Good speed wifi, the hotel is in a good location, overall it was a standard stay.",31 Jul 2022,5
18863,Ruchi,A very comfortable place to stay with all basic facilities,27 Jul 2022,5
18863,Salim,Great place,24 Jul 2022,5
18863,Arpita Sahu,Overall very nice,19 Jul 2022,5
18863,Prem Kumar,good,17 Jul 2022,5
18863,saqib,Good,15 Jul 2022,5
18863,Shaheen,Good stay,07 Jul 2022,5
18863,Sm Jio,good,02 Jul 2022,5
18863,Bilal Javid,good,01 Jul 2022,5
18863,Sarbudeen,good,30 Jun 2022,5
18863,Anu,safe,28 Jun 2022,5
18863,Sandeep KumarSunar,best,23 Jun 2022,5
18863,Prince,Overall good staff also supportive,17 Jun 2022,5
18863,Leyo Prince,Not stayed bt its good accommodation i stayed before,16 Jun 2022,5
18863,Sibin V,Great service with hotel staffs especially front desk staff,13 Jun 2022,5
18863,Hariprasath,none,28 May 2023,4
18863,Joseph Kakkassery,"Staff was friendly. Rooms are decent. Don't expect luxury. It's decent, toilets are clean",25 Apr 2023,4
18863,Joseph Kakkassery,The rooms were decently neat. Toilets are not bad. It's okay. Staff is friendly. One of friends room had some bugs. Overall for 400 bucks per person in a 2 queen size bed. Is a good deal,24 Apr 2023,4
18863,Gaurav Yadav,The rooms are clean and the staff is good. Bathroom were also clean and usable. Good place to stay for fee dyaa,17 Apr 2023,4
18863,Supriya,Everything ok but few things is not good small cockroachs are there 2-3. And hot water is not coming after on the gyger also.,17 Apr 2023,4
18863,Goutham Krishna,Good rooms for reasonable rate.,09 Apr 2023,4
18863,Anirban Ta,"Room is ok not so much bad. Bed comfortable, but I have one problem in my room I don't have any fan only ac available, that is not given that much of cool that's why room is little bit hot so not that much of convertible.",09 Apr 2023,4
18863,Rashad,Nice stay,20 Mar 2023,4
18863,Nidhith C,Good and clean room to stay,15 Mar 2023,4
18863,Ranjith Kumar,OkGood.Room size,12 Mar 2023,4
18863,Arvind M,Rooms are good and worth the price. 0 star for cleaning. Bedsheet and pillow cover are never changed. It's full of dust and hair of the previous occupant.,03 Mar 2023,4
18863,Jahnavi G,Good hotel & bit Neatness is missing. Cockroaches are there.,21 Feb 2023,4
18863,Abhishek,The room was small but it's clean and also staff was very polite and the hospitality was good thank you,18 Feb 2023,4
18863,Venkat Sunil,It's gud place,08 Feb 2023,4
18863,NALAMASA SHAILENDRA,"Room was good than I expected, you won't find a better place than this in that area. Well maintained by the staff.",06 Feb 2023,4
18863,Febin,Neat and clean,23 Jan 2023,4
18863,srivathsa sanketh,"It was a cheap place, cleanliness could have been better, good location, good food, no fan, over all it was good.",21 Jan 2023,4
18863,Merin,Good. Nice behaviour,19 Jan 2023,4
18863,praveen thevar,room and bed must be cleaned properly and tv must be recharged 鈥? best place prime location affordable etc .. staffs are good 馃憤 main issue is cleaning pls take care next time.,19 Jan 2023,4
18863,Kamal,It is good to stay but they will not provide watar. If you will ask water then they will charge 20 per bottle,10 Jan 2023,4
18863,Ruby,Good,03 Jan 2023,4
18863,Denis,"Room' size was a bit small but cosy. Clean room, fine staff.
Check in and out was without hassle. Only small insects were a bit nuisance.",30 Dec 2022,4
18863,Abhijith A,Room was good & staff behavior is also good .neat room & washroom . Couple friendly. Only negative is bedsheet was not washed . Remaining all was nice,23 Dec 2022,4
18863,Kanhaiya Kumar,Good experience because this hotel is my favourite one...🤩♥️,19 Dec 2022,4
18863,Sasanka Sarkar,It was good stay,15 Dec 2022,4
18863,suraj raju,The place and staff is all good but the thing is it’s infested with cockroaches,07 Dec 2022,4
18863,imthiyaz,Good rooms,02 Dec 2022,4
18863,Ayush Lakhotia,"Amazing location but a little unhygienic and they could work on that
fast service
Koramangala is v close and one can enjoy the lightlife of Bangalore",02 Dec 2022,4
18863,None Of,Room is good for the price but the bed spread and blankets were not changed. Not provided water bottle and oyo guest kit. Check in and out were good. Good staff.,23 Nov 2022,4
18863,Abhilesh resham,Comfortable bed,22 Nov 2022,4
18863,Sridhar,"Good Hotel in good location, easy public connectivity.",21 Nov 2022,4
18863,Krishna Chaitanya,"It was good. but on the last day, when i wanted to renew the booking for one day, the manager obligated and quoted prices for weekend. Stay for consecutive three days was ignored.",16 Nov 2022,4
18863,Nisha,Gud place to stay.,15 Nov 2022,4
18863,Mrityunjay Tiwari,It was good but rooms are very small in size,29 Oct 2022,4
18863,Dinraj Dp,Well located and everything you need is nearby.,20 Oct 2022,4
18863,Adarsh Nair,The staff and services were good,19 Oct 2022,4
18863,badvel Subbareddy,Good,09 Oct 2022,4
18863,Sandeep,No t v in room... Very conjusted area,09 Oct 2022,4
18863,Hemanth,"Stay is good, located in prime location",29 Sep 2022,4
18863,Manikandan,Yaa Everything good,27 Sep 2022,4
18863,Parvez,none,24 Sep 2022,4
18863,Saif,It's good 🙂❤,24 Sep 2022,4
18863,Ananthu P,"Overall stay was good. Television was not working
 That is only issue I felt. Overall rooms are neat.",23 Sep 2022,4
18863,Adarsh Kumar Sahoo,Hotel is excellent the staff were also good just give 4 stars as it was mentioned as there was complementary breakfast but it wasn't there and curtains where not clean but overall according the price it is worth it,17 Sep 2022,4
18863,sarath joy,Excellent. Nice,13 Sep 2022,4
18863,Kanhaiya Kumar,Average,11 Sep 2022,4
18863,Akshay Sebastian,Its a good hotel nice loacted in nice area thinking to go again at the hotel and oyo gives us good hotel in affordable price....!!,09 Sep 2022,4
18863,Kanhaiya Kumar,"The room is good but there is so much dust in you, it would have been better if you had kept a little clean...",06 Sep 2022,4
18863,chandramouleshwar,Hotel,04 Sep 2022,4
18863,Ravikiran Biradar,Staff is good,03 Sep 2022,4
18863,Baliram,Nice,31 Aug 2022,4
18863,Chetan,Was good but not soo good as it shows in Oyo app,23 Aug 2022,4
18863,Leepika,The place was very nice and people were friendly,19 Aug 2022,4
18863,sahil singh,good place....staff are good....and all needed place are nearby....,16 Aug 2022,4
18863,Jayadev,Good location,16 Aug 2022,4
18863,Ayush Ayush,"Wifi, Hospitality",13 Aug 2022,4
18863,Venkateswarlu Gopireddy,You have to improve the cleanliness,06 Aug 2022,4
18863,Ramkumar,"Everything was good except for 2 important things. Room had TV, individual geyser in bathroom, wardrobe, wifi etc. But there was no fan, neither windows for ventilation. During rainy days, we cannot use AC and in such situations, natural ventilation or fan will be of help. Second thing is about the towel provided was dark in colur and was full of stains. It's better they don't provide such towels which spoils the image of the hotel, which is otherwise good.",04 Aug 2022,4
18863,Vishnu narendran,Room had enough space and was kept clean and neat.,03 Aug 2022,4
18863,Abhishek Reddy,Good,25 Jul 2022,4
18863,Karthik Rana,A good value for money but bathroom and room condition is not so good,23 Jul 2022,4
18863,Balamurugan,Room for the cost was very good,20 Jul 2022,4
18863,Yunus,Location was great and the room service too,18 Jul 2022,4
18863,Parvez,"Whenever you stay, first check the room and confirm with the assistant whom you get accompanied till room and then check everything and then confirm to stay",10 Jul 2022,4
18863,Ranjani R,Smooth checkin experience and staff was polite.,05 Jul 2022,4
18863,Venkatesan,Good,22 Jun 2022,4
18863,Shyam sundar,Good,18 Jun 2022,4
18863,VIJENDAR KAUL,Providing an Electric Kettle for making Tea in the morning.,04 Jun 2022,4
18863,Shreesha Hegde,"Room was not at all good, 
Not so clean",17 Apr 2023,3
18863,Reddy,Room is not good amd washroom is very small. Gyezer is not working inside the washroom. It's okay okay,16 Apr 2023,3
18863,Dhananjay Kumar,No TV. Not maintained,16 Apr 2023,3
18863,Mujeeb Rahman,Good,15 Apr 2023,3
18863,Thippeswamy DM,Quite decent,09 Apr 2023,3
18863,Shiksha Garg,The AC wasn't working and TV was also not servicible washrooms were totally not clean very very dirty room was.,05 Apr 2023,3
18863,Rajiv S,Location convenient. Room size small. Very good hospitality. Very friendly staff,03 Apr 2023,3
18863,Indirakumar,Room is okay no spacious no fan no dustbin tv not working,02 Apr 2023,3
18863,Manoj Bhaskaran,The place seemed clean but there was no remote control or settings to change ac temperature which was fixed at 21 degrees and there was no fan there if i didn't need the ac.,23 Mar 2023,3
18863,Sagar,Not tat much clean.... Staff is good ...but rooms are not a clean ... Good staying experience.......,11 Mar 2023,3
18863,Akshay,AC and tv is not in working condition.,09 Mar 2023,3
18863,Sagar,Staff was good .... Rooms are not that much clean avarage... But place was superb... It's fine to stay ...,08 Mar 2023,3
18863,Vishnuvardhan Reddy,Rooms are okay okay bed and washrooms are not good,05 Mar 2023,3
18863,Saurabh,Linens were dirty. Just a room .no amenities.,19 Feb 2023,3
18863,rangila,Good room,18 Feb 2023,3
18863,vinay,"The room was very small, and the room and toilet was not cleaned and toilet was very very conjusted",15 Feb 2023,3
18863,FebinVijayan,Room is not so neat,14 Feb 2023,3
18863,HARSHAD,not maintained properly. instects at room. tv not working. wifi is down. water coming from ac wends.,08 Feb 2023,3
18863,Siva,Room was not clean and bedsheet is also not good,06 Feb 2023,3
18863,Sidhi Vinayak,"The room was accessible from madiwala bus stop, so it was easy for me to find it, but the room was not clean (washroom and bed) the television was not working and the reception charged me extra for checking in early. If the room was clean with proper ventilation, i would have given it 4/5.",05 Feb 2023,3
18863,Rakesh Chanda,Room was too small even for two people.. n no fans n no light also from windows,04 Feb 2023,3
18863,Ajay Kumar,"Polite staff, but rooms were average, free wifi, but no tv, toilet is clean but cockroaches in room, despite pest control measures. Good restaurants in the surroundings, very near to nexus koramangala",02 Feb 2023,3
18863,NASSAR KM,"Nice environment and area
Cleanliness is not UPTO the standard and it’s ok with the value for money 
Access to Road and all important locations are close
 That’s the main attraction about this OYO
Eateries and all other facilities are nearby 

Overall average experience with this stay",23 Jan 2023,3
18863,Amit Prakash,Washroom is not as per marked and bed is also not good,22 Jan 2023,3
18863,Pinto Paul,Everything ok except cockroaches in room,17 Jan 2023,3
18863,Vigneshwaran B,Cleanliness is not good,16 Jan 2023,3
18863,Manoj Mohan,Cockroaches present in room. Towel not clean. GST bill not provided,14 Jan 2023,3
18863,John Milton,Not good,13 Jan 2023,3
18863,Varadharajan Jayaraman,Receptionist dont know English.he speaks in hindi and rude,09 Jan 2023,3
18863,Santhosh PS,"Average experience, tv is not working,water is coming from ac  and too noicy more over room is too small, rest all is good",29 Dec 2022,3
18863,Shashank,"Lot of mosquitoes, bedsheets were burnt by cigarettes, room stinks, below average tbh but since I got it for cheap, can't complain much.",29 Dec 2022,3
18863,Kishore,"Bed was too old spring mattress uneasy to sleep on it , heater was not working properly and Room was not hygienic",26 Dec 2022,3
18863,Bablu Naik,Good but food services not available,21 Dec 2022,3
18863,None Of,Im staying here for the third time ...Only the first stay was good ...Ac was not working...there is no fan also.. geyser also not working properly.,21 Dec 2022,3
18863,nandini,Room iz too small and no ventilating,19 Dec 2022,3
18863,ALEX JOSE,"Not enough clean. Staff behaviour ok . Not a clean bad sheet, pillow, towel. TV not working.",16 Dec 2022,3
18863,Muneer,Avarage experience,11 Dec 2022,3
18863,Praveenkumar,"Room,bathroom was not cleaning......No room service",10 Dec 2022,3
18863,Sreedevi M S,"Sheets and pillows aren’t clean, There was no bathroom Kit Provided. Tiny bathroom. Windows are stuck",09 Dec 2022,3
18863,Akshay Pathak,I liked the price it’s genuine.,06 Dec 2022,3
18863,RiYaz,Not bad,06 Dec 2022,3
18863,Suresh Naik,"staying everything is good
but i have booked for 2 nights
but i was checkin into the hotel at 2nd day
they charge 2 night amount only
other than this evrrythin is good",05 Dec 2022,3
18863,Jhadithila Babaji Mahesh,Room was not cleaned properly. Hot water was not available. Checking was good.,30 Nov 2022,3
18863,Sergio,Ok,27 Nov 2022,3
18863,Harish,not that clean,12 Nov 2022,3
18863,Raj kumarjha,I went there twice but Tv not working,08 Nov 2022,3
18863,Nandu,Room is good and neat and clean. Some bedsheets aren't good. Washroom isn't clean. Cockroaches are also there,03 Nov 2022,3
18863,Rezin,The bedsheets and the blankets wasn't that great. Other all aspects were fine,02 Nov 2022,3
18863,kaushik roy,average stay...rooms are not so large..ideal for 1 people..location is good[object Object],29 Oct 2022,3
18863,Treasa Lin,Room was okay but the bedsheets was not washed properly. There were lot of cockroaches inside the room,21 Oct 2022,3
18863,Sreeraj,Rooms were not clean.,21 Oct 2022,3
18863,Elisha Noronha,"1. The room and corridor has no ventilation. 
2. Cockroaches everywhere 🪳
3. Very small room and bathroom. 
4. It was mentioned in the OYO app. that there is mini fridge and TV but there was no mini fridge and TV didn't work.
5. No brightness in the room. 
6. There was itchiness in the body after sleeping on bed.",17 Oct 2022,3
18863,ABHISHEK,"Book AC room offered non AC room. 
Found alcohol bottle in cupboard. So proper cleaning is not done before allotting to new guest. 
Don't be surprised to see bed bugs, insects. 
Power backup was maintained.",15 Oct 2022,3
18863,Saran,Location is good available on main bangalore accessible. Silkboard and st John's are near by.,04 Oct 2022,3
18863,Jerin,Good rooms for affordable price except for the cockroaches their🫤,30 Sep 2022,3
18863,subhra kanta,"Location is very good, price is relatively low, gyeser working, behaviour of the staffs were good , No TV, AC was not working effectively.. At first the room they gave was very dirty full of cockroaches, bed sheet was smelly and full of stains and dirt. After I issued a complaint they changed our room ..which was relatively better. They changed the bed sheet to a fresh one on complaining. Furthermore the room service was very poor. We stayed for 5 days.. but they never bothered to clean the room atleast for a single day. You have to tell them repeatedly to get something done like asking for drinking water.",24 Sep 2022,3
18863,Smit Ranjan,Need to work on cleanliness and drinking water facilities,23 Sep 2022,3
18863,Siva.,Room service okay only and not good,18 Sep 2022,3
18863,Manikandan,"TV is not working.
Room is not cleaning even I after told also.
Not satisfied",17 Sep 2022,3
18863,Dileep,AC is not good.,29 Aug 2022,3
18863,Rajaram,Cockroaches in room,25 Aug 2022,3
18863,Dhiraj Bhatt,ok ok average stay,23 Aug 2022,3
18863,Steffi,"Bathroom was clogging and was not cleaned properly. Linens was bit smelly. I booked this for my parents and they were not happy with the stay. 
There is no excess for drinking water everytime they have to go out and buy a bottle.",22 Aug 2022,3
18863,Rahul AS,There were cockroaches in the room and I had to change the room twice to finally get a room without cockroaches,15 Aug 2022,3
18863,Anjan Rawat,Worst room service,06 Aug 2022,3
18863,Anagha Rajan,"The room looked cozy but there were cockroaches everywhere. When I switched on the light the floor, bed and on me there were cockroaches. Also, there was a power outage for 5 hrs, couldn't sleep as they kept knocking to check.",04 Aug 2022,3
18863,Mejo Mathew,Ac and tv not working,02 Aug 2022,3
18863,Vineet Vasudevan,It wasn't as clean as expected.,01 Aug 2022,3
18863,Pradeep,"No parking is available. I had parked my vehicle on the side of road as instructed by receptionist. Later in the evening found my car to be locked by traffic police for wrong parking. When enquired with receptionist, he laughed and asked me to pay the fines.",31 Jul 2022,3
18863,K.Venkatesh,"Banglore Oyo rooms so confirmtable , such a wonderful city.I use falgship Oyo rooms it's very neat and clean",24 Jul 2022,3
18863,Bhawna patnaik,"The washroom was really small and the AC was barely working. I needed the AC because it was weirdly hot in the room, even in Bangalore.",19 Jul 2022,3
18863,Anudeep,"The bathroom was not clean, No room service",13 Jul 2022,3
18863,Sabari,improve cleaning for better satisfy,26 Jun 2022,3
18863,Prakash praki,good,21 Jun 2022,3
18863,Naveen,worst experience,20 Jun 2022,3
18863,Noushad,Decent stay. Frequent power cut in daytime and don't expect the false ceiling lights and TV to work. Nothing is great but not bad.,06 Jun 2022,3
18863,K.Venkatesh,no fan that's it,03 Jun 2022,3
18863,Gowtham KS,"The room smells bad. Stay with bed bugs and cockroaches. Dirty towel. Not providing bottled water, don't have the tv remote",26 Apr 2023,2
18863,Javed Khan,Very bad experience,12 Apr 2023,2
18863,Muni Swamy,Not well maintained.,09 Apr 2023,2
18863,Joseph Many,"Cleanliness not upto mark. Towels, bed sheet, pillow covers are old probably 2-3 years minimum. No proper cleaning of the room and cupboards. Hot water available all the time.",14 Mar 2023,2
18863,Rahul Kumar,Lots of cockroaches in room..they didn't provide uss daily usee kit .. please share this feedback to hotel owner bs call him to take care of.,09 Mar 2023,2
18863,HAREESH BALAKRISHNAN,When i se the photos. Room was too good with lighting. When i entered in the room. Lights are not properly. Strip lights are not working. Ac temperature adjustment not possible. Only i can use 25 degree. Not able to decrease and increase. Tv not working. And bathroom door not possible to close outside. Only can close inside of the bathroom. So when we were in room the bathroom door was opened always. I asked drinking water. They told will give with in 5 minutes. But i got that after half an hour. For that i called them 3 times. For these i am not satisfied that room. Its totally a bad experience for. This is first time i faced these bad service. It was totally a bad experience.,24 Feb 2023,2
18863,KASH MOULIK,"No complimentary breakfast, no TV , room condition very bad.",20 Feb 2023,2
18863,Jerin,No ac working no cleanup,18 Feb 2023,2
18863,Ziaur Rahman,"The hotel doesn't have TV in any room, and it ls quite a small room. They do not provide water or glass or any basic things",07 Jan 2023,2
18863,Netrojit,"Room was not clean ,even bedsheet were dirty",06 Jan 2023,2
18863,Pritish,Room was not clean,14 Dec 2022,2
18863,surjith.k.balan,"Toilet is too small, dirty towels",12 Dec 2022,2
18863,rahul,no tv wash room was smelly..towel was with dirt.,10 Nov 2022,2
18863,Lal,Not good,03 Nov 2022,2
18863,Prasadh Prasadh,Room was not refreshed with spray n was not clean,31 Oct 2022,2
18863,Ashish,Not of my com fort…no working tv no fridge no breeakfast,19 Oct 2022,2
18863,Alan Yeldo,Location was good,17 Oct 2022,2
18863,Dipti RanjanMishra,Room TV was not working from day1. Bedsheet & pillow covers were derty. No Hanger available in copboard. Towel was also not giveen. I don't have a great experience in the hotel.,01 Oct 2022,2
18863,Aman Naik,Cockroach in whole room,16 Sep 2022,2
18863,Mohammed Asif,Booked ac room but not provide,07 Sep 2022,2
18863,Harikrishnan,The room was so dirty and smelling.... No fan no tv nothing... Very bad experience...,28 Aug 2022,2
18863,Bora Bolu,Accept room not clean otherwise everything is good like location staff behaviour comfortablenJust focus on cleaning.Room to dirty and smoking smell total ly unhygien bed sheet was not accelerate cleaning like zero.......😔 And don&#39;t have any ac and TV remote,10 Aug 2022,2
18863,Ruchit DHANUKA,Zero cleanliness and the matress was pathetic,29 Jul 2022,2
18863,savio,"I liked the room but the service was not good, room was not cleaned TV was not working, bed sheet was not good",23 Jul 2022,2
18863,anil,no tv no cleaning,28 Jun 2022,2
18863,Pankaj,Hotel is not well maintained. Too many insects inside room. Unhygienic and poor quality of bedsheets and towel. People are weird and there's no lock from inside the room. Saw someone peeping in from the window.,23 Apr 2023,1
18863,Shruthi M,Room was not maintained properly.. full of bed bugs.. bed cover or pillow was dirty and washroom was unhygienic,22 Apr 2023,1
18863,Pearl Monteiro,Cockroaches in the room and no service provided,16 Apr 2023,1
18863,avinash kumar,Too much Cockroach are there,16 Apr 2023,1
18863,Atanu Kumar,"The staff was not polite, they first gave us a room in where the ac was not working, later they changed it. Also there were no towels, soaps given to us.",15 Apr 2023,1
18863,Lavsz,"They took extra money no tap in washroom, no tv ac is not working properly",14 Apr 2023,1
18863,Cherian Jacob,"Horrible. We booked for 5 days, left half way through the first day and cancelled the rest. Didn't even mind losing the 3500 rs or being homeless. From the stains on the sheets, pillows to the dirty rooms. But the absolute deal breaker was insects, ticks the size of a finger nail. We found 7 in less than 5 minutes and then decided we are not staying. Took pictures, showed the manager, and he immediately changed the room for us. The second room did not have ticks but were dirty and by then we were not comfortable staying there.",14 Apr 2023,1
18863,Satish Yadav,none,22 Mar 2023,1
18863,venkatesh venkatesh,"All amenities are not there . Tv is not working. 
Daily cleaning will be not there. I stayed 6 nights even one day room was not cleaned. 

TV also not working. Wifi also not good just for name sake.",18 Mar 2023,1
18863,Mansi Vijay,"All lights do not work, bedsheets were dirty, bathroom are very small. Toiletries were missing. Do not book this hotel..Worst experience.",13 Mar 2023,1
18863,Neeraj KumarSingh,"Room was in really bad shape, towel, bed sheet, mattress etc. everything was in bad condition. There were cobwebs in the room as well. Need I say more.
OYO executive was also not able to help me in transferring to another OYO hotel.",12 Mar 2023,1
18863,Bhavana,Very bad,07 Mar 2023,1
18863,Elavarasan,"OYO is worst experience booking , didn't get refunded",07 Mar 2023,1
18863,Abhiroop,Very very worst stay,02 Mar 2023,1
18863,Anuj Mehta,walls were not guud water didn't came in wash basinsneither in toilet nor in bathing rap. tap. no water. tv not working. worst experience this time for oyo hotels.,24 Feb 2023,1
18863,Shubham shukla,Hotel on time booking canceled.,21 Feb 2023,1
18863,Vishnu,"If there is an option to give zero star then i would have give that to them. I had a very bad experiance with this hotel. The manager is treating us like refugees. He is very arrogant and Does not qulified to became a hotel manager.GUYS DON'T BOOK THIS HOTEL, I SEE LOTS OF BAD REVIEWS ABOUT THEM, THEN ALSO I BOOKED BECAUSE OF 4.2 STAR RATING BUT THOSE BAD REVIEWS WERE ACTUALLY CORRECT.I'M ADDING PHOTOES FOR YOUR REFERENCE.
Also they don't provide oyo reward stay.",14 Feb 2023,1
18863,Suraj,"The room was so untidy the lights dont work poor maintenance.
 Had cocroches all over the room n bed..
Not worth a single rupee",03 Feb 2023,1
18863,Lalith Reddy,"Most unhygienic place, with cockroaches and water got clogged in bathroom and the bed is totally worst. And the receptionist was so rude when asked to change our room. They dont provide room service also. We stayed there for 5 days and didnt get the room service once during our stay. Totally worst place not worth the money. We prepaid our stay. So didnt had any option but to adjust.",22 Jan 2023,1
18863,Rajasekar,"Room is not clean ,white bed cover, pillow cover are not clean, DTH is not working, Bathroom lock is broken.",12 Jan 2023,1
18863,Adarsh Ajay,The room was very messy and dirty,08 Jan 2023,1
18863,Shubham Anand,The hotel denied me checkin.,07 Jan 2023,1
18863,Shikhar Rai,"Worst OYO ever..there were 15 to 20 cockroaches over the bed.No hygeine, I booked it for 3 days but I checked out within 4 hours, When I asked to clean-or to change the room they asked me to wait for 4 hours and to stay in that room.Will not recommend to anyone.",05 Jan 2023,1
18863,Santhosh Kumar KN,"No clean bedsheet and bed . 

No hot water",31 Dec 2022,1
18863,Rajeesh Ali,"The room was sooo badly maintained. But the worst was the staff. Rude, impolite and arrogant. I would never choose an OYO again.",29 Dec 2022,1
18863,Umesh Kiran,"The rooms where not cleaned, no proper ventilation, not cleaned bathroom",25 Dec 2022,1
18863,Deepak,Nothing good to mention. Room was full of cockroaches and wasn't clean.,23 Dec 2022,1
18863,Shashank,Aminities are just for show case no tv no proper wifi not having ventilation facilities very bad experience over all,20 Dec 2022,1
18863,Pallavi Naik,The room was too small and not at all clean. The towel and bed sheets initially provided was very dirty.,20 Dec 2022,1
18863,avinash kumar,So much mess and buks in the room,17 Dec 2022,1
18863,Hemant Pattnaik,Worst room I ever stayed in. Very dirty sheets and smelly rooms. I asked for a replacement but all the rooms were the same. Literally its the worst.,14 Dec 2022,1
18863,Sudarshan,First of all they didn't clean the room n gave me the keys. And after informing that the room is cleaned also still they time passed till my checkup. Worst oyo ever checked in.,13 Dec 2022,1
18863,Niyas,"Room was not clean 
Very small
Bad smell
Full of bed bugs and bedsheet was not cleaned. Staffs are not friendly",05 Dec 2022,1
18863,Riyas Ali,"Never book this in this lodge. TV not working, full bugs, uncleaned rooms. You may see good pics on Oyo but the reality is quite the opposite. Pls don't get cheated",30 Nov 2022,1
18863,Sreejakumar Nair,Unhygienic room,28 Nov 2022,1
18863,Rahul,Very bad,28 Nov 2022,1
18863,Abdul BasetSadat,"Very bad hotel, very dirty, bugs and insects all over the rooms,got skin problems because of insects",26 Nov 2022,1
18863,hani hani,Wrost room not clean no TV no fan wros experience,25 Nov 2022,1
18863,Muneeb T,Room was not cleaned for a month,23 Nov 2022,1
18863,Alwin M,Staff behaviour and room cleanj,19 Nov 2022,1
18863,XXX XXX,"Not clean,",10 Nov 2022,1
18863,jijo,so many cocroach found inside room and bed. No tv.,06 Nov 2022,1
18863,Pennam Urmila,"Washroom was too small and not clean,doors are not good,room was not clean,room full of mosquitoes and smoking smell.Not satisfied with the service.",04 Nov 2022,1
18863,Ritika Singh,"Room was full of dust, it was to small. Bathroom was not clean , mirror was broken and it was too congested. very bad hotel",03 Nov 2022,1
18863,SATYA,Tons of cockroaches inside the room,03 Nov 2022,1
18863,Abhinav Singh,I haven’t stayed at the property because of the really worst room condition. I have already reported to OYO customer care executive about this and he promised me about the refund and still waiting for the refund,28 Oct 2022,1
18863,Krishna ReddyPasam,"Cockroaches in the room
TV is not working 
Amenities are not provided 
And we complained about cockroaches, they’re not even responded. So, we checked out early",28 Oct 2022,1
18863,Limon Majumder,"Bad service 
Dirty rooms
Insects in beds
No complimentary breakfast 
No mini refrigerator as mentioned",24 Oct 2022,1
18863,Abhijith,"The door was damage, flush was not working properly, bedsheets are stained,",19 Oct 2022,1
18863,Adarsh,"Worst stay ever, requesting Oyo to eliminate this property. Not worth Rs 50 as well",18 Oct 2022,1
18863,Vimal,No parking,15 Oct 2022,1
18863,mastan,The room was full of insects,08 Oct 2022,1
18863,Mallika,"1. Room was very much contested. 
2. Very less space from one room to another, due to which you will get so much disturbances.
3. Not yet all suitable for family stay.
4. Landline service is not available from room to reception. 
5.There is no any mini fridge in the room as described in the app. Etc.",07 Oct 2022,1
18863,Rushikesh,"Hotel room was worst 
And the receptionist was so impolite
Behaviour was so worst 
No cleaning at all",03 Oct 2022,1
18863,Basil Sijo,I asked them is rooms available to chech in around 11 they said yes sir come no problem we came that they said no rooms available pls go and come around 12 they said like that horrible check in experience...,30 Sep 2022,1
18863,Mohan,"hotel manager denied checkin, recently oyo s providing very poor service. all of my recent 4 stays in oyo had issues. pls don't book hotels with oyo",26 Sep 2022,1
18863,Mahesh Bhat,"Worst room ever, unclean, stained sheets and pillows, smells like rotten garbage, poor management and over priced ,would never ever in my life I would book it again!",16 Sep 2022,1
18863,Asit KeshabKumar,They are really wasting your fame,14 Sep 2022,1
18863,rajesh,"Tv not working, ac worst, table chair not available",14 Sep 2022,1
18863,DEEPAK KUMAR,Room is very wrost condition so many bedbugs was there in bed washroom is so dirty bedsheet was dirty,05 Sep 2022,1
18863,Arun,Not even a single thing was good,03 Sep 2022,1
18863,Shashi Kr,very wrost room... I have bokked for 4day but I checkout in one day .. I can't sleep the whole night..The bedsheet was very dirty after sleeping on it i feel itches in body.The Ac outlet water comes on bed.very bad experience till now from oyo,03 Sep 2022,1
18863,piya tiwary,"Very Bad experience, dirty suffocating room, ac and tv was not working at all..",03 Sep 2022,1
18863,Rajeshkumar,Not suitable for those who looks for hygiene and spacious. Worst experience in my like. Dirty and very small room and unclean toilets. Continues water leak from AC. WORST TO THE CORE,02 Sep 2022,1
18863,MurajKumarSamal,"The manager first of all was so unprofessional. Misbehavior towards me and my friend. Impolite. I checked out on the first few hours as the room was so pathetic. The linen and towel could not be used as floor mats even.They were that dirty. Above all OYO rep Manshi asked me to check out so rudely as I denied to stay any further. OYO at its worst stage. And this property needs a reverification audit for its amenities, hygiene and staff behavior.",02 Sep 2022,1
18863,Harshil Kaushik,none,01 Sep 2022,1
18863,Shubham,"Room was filled with cockroaches, room was too smelly.
Bed sheet was also full of stains. Very bad experience.",31 Aug 2022,1
18863,Jaish K,Not hygienic. Because bath towel and bed is stained with blood. I have asked to change the thing they said its like that only. And behavior was so rude to us,29 Aug 2022,1
18863,Vinu Naik,"No fan, room was not clean,tv was not working",27 Aug 2022,1
18863,Akhil U.Nambeesan,none,23 Aug 2022,1
18863,Durga,"TV was not working, wifi was not working no hygiene please avoid here",21 Aug 2022,1
18863,Viswak,Very bad stay,20 Aug 2022,1
18863,Manbodh Kumar,"TV was not working,  very small room , staff behavior was not good,  no intercom , bedroom and washroom was not clean.",13 Aug 2022,1
18863,manoj,Very bad,13 Aug 2022,1
18863,Harshit Singh,none,11 Aug 2022,1
18863,Prithviraj,"Worst room. Never expected Oyo rooms to be so unstandarded. 
They don't clean rooms at all. No clean bed, towels. Room is full of dust.",06 Aug 2022,1
18863,Balakumar,Room interior was good..but zero maintenance..room fully dust and bathroom looks very ugly..and bad smell also..have asked to clean room on reception but they just took waste papers and told it's cleaned..very worst service,01 Aug 2022,1
18863,Sai Prasath.,"Very poor maintaining rooms..bad smells in pillow, and beds.bathroom door not locked",30 Jul 2022,1
18863,Raja Surendra,Rooms ared durty and por,29 Jul 2022,1
18863,deepak singh,"Room was not at all how it showed in the picture,Tv was not working no telephone ,poor wifi no food support ,even manager didn't even try to help us..no power back up also ,power down at midnight....the guy came at 11 to tell us to check out although time was 12:30, such a poor experience from oyo",24 Jul 2022,1
18863,Sidharth SJ,Poor customer service,23 Jul 2022,1
18863,Akshay vinod,"Worst oyo i have stayed in. The rooms are not clean, very small room.",20 Jul 2022,1
18863,Sunil Choudhary,very bad experience of my life time staynothing.very poor quality of rooms as well as washroom,19 Jul 2022,1
18863,Narayansathe,"The stay was not worth as room was dirty, there were Cockroaches, Dirty toilet, TV was not working, bulbs were not working after complaining also issues were not solved. 
Complementary breakfast was showing on app it was not provided. 
Most worst experience in OYO for the first time. 
Hope this feedback is taken in positive way thank you.",03 Jul 2022,1
18863,Abhiraj,didn't get room,02 Jul 2022,1
18863,abhinand s,"bathroom doorlock was broken
window curtains were not covered properly
room was shabby
tv was not working
towel was not clean
matress was worn out, i could feel the spring poking me.
one bottle of water was also not provided.
the plates they provided to have food was old and unclean.",20 Jun 2022,1
18863,Nanjappa,water leaking from AC . TV is not functioning at all.,18 Jun 2022,1
18863,Narasimha,it's worst. worst smell. no clean and cock roaches and bed bugs will live together with us. we can listen other voices and others can listen to us.,17 Jun 2022,1
