hotel_id,user_name,review_text,date,title
188978,Chandan R,app maintaince is good,29 Apr 2023,5
188978,Madhu H,Good,25 Apr 2023,5
188978,Praveen,They charged extra 1000 for the my stay but the room was well maintained.,25 Feb 2023,5
188978,Muhammed Irfan,"The place what neat and sturdy, Adequate space for one. Slept good, Sheets were new, Pretty well maintained building",09 Feb 2023,5
188978,IRFAN,Good,11 Jan 2023,5
188978,Suresh Meka,"Nice staff. Clean rooms. We wanted to stay closer to Mysuru Road for a night. If possible, book directly. If you are booking, you might have to pay extra at the hotel.",24 Dec 2022,5
188978,Ashok,Not like standard one but okay okay average,06 Dec 2022,5
188978,Shivakumar Nagareddy,"Nice rooms, good respond from staff",25 Nov 2022,5
188978,Amit kumar,"Nice hotel.clean........
Good staff.......
Hot water
Cold water
Wifi awailable
Budget friendly hotel",13 Oct 2022,5
188978,Adithya balaga,Nice stay! Owner is very friendly.,04 Sep 2022,5
188978,SANDEEP BANERJEE,Nice,04 Sep 2022,5
188978,Eswaran Senthil,Hygiene and sanitation good and staff also good behaviour with ourself,28 Aug 2022,5
188978,Nikhil,"Clean, hygenic, well maintained.
Nicely ventilated.
Good behaviour by staff",14 Aug 2022,5
188978,shrishail Kamble,"Nice , neat , clean cossy  and descent place",01 Aug 2022,5
188978,Ranganatha,Maintenance is very good,01 Aug 2022,5
188978,Rakesh Nayaka,OYO is good.. But hotel people asked for extra money,04 Nov 2022,4
188978,Narendra,"The reception & service was good,room was maintained neatly. Water problem was there in the morning",16 Sep 2022,4
188978,Pradeep Kumar,Charged 300 extra upon arrival,12 Sep 2022,3
188978,Manoj,"The worst part after reaching hotel at night 10 pm, the person at desk demanded 500 extra. When confronted said there is no 2 double bed room available only 3 bedroom available. 
After arguing the guy started saying that we cannot manage with such a low price from oyo. 
As I was not ready to get into argument at such a late night, have to settle down with 300 and stayed. 
Room is good, Only the demanding money while checkin is worst experience to anyone.",03 Sep 2022,3
188978,Ben Mathews,They buy extra amt,01 Sep 2022,3
188978,Reemo Fernandez,I again paid extra 400,31 Aug 2022,3
188978,Bidyut Gogoi,"First it was showing around 600 rs for one room but they said booking is not available they asked for 1000 for one room
In many Oyo s in south india this scam is going on",11 Sep 2022,2
188978,Rakesh,He was Asking extra money... And room maintenance is also very poor.. he is itself told me don't book rooms in Oyo app...,18 Apr 2023,1
188978,Amit Verma,He charge extra amount not ready to give room on OYO price. and no give any extra services TV Hind language is not available,17 Mar 2023,1
188978,MOHAN lal,I didn&#39;t like anything there,20 Feb 2023,1
188978,Hiren limbasiya,Bad service bad hotelNothing.Bad service nOwner behave badly,18 Feb 2023,1
188978,Gowtham,The property manager has asked 600₹ extra I reached  in the late night there was no other option  for me so i have paid extra 600₹ and the ac was not working  felt very bad i won't book again in oyo,23 Jan 2023,1
188978,Sumon Pal,They need extra 700 money,21 Oct 2022,1
188978,MANOJ,Really after going to lodge they are cancelling and asking money for stay it’s really waste really worst ever,16 Oct 2022,1
188978,Shivanand BalehosuR,Worst experience of my lifeNothing.Threatening at midnight,15 Oct 2022,1
188978,Priyanka Nayak,What a service.... They show you  hotel at low price and when you visit hotel after booking the hotel manager denies and ask for extra amount,05 Oct 2022,1
188978,sarvesh kumar,Hotel staff charged more money than me.,14 Sep 2022,1
188978,VAISHNAV K,"Very worst support.I had an offer in OYO 857₹ need to pay via online.But they are not accepted that they charged total 1471₹ cash from me.

No TV, No towel, No bathroom wash basin, Not working AC remote. so many issues and rude behavior from one for the staff.
Since I had the offer I though to pay the amount via OYO but they told if your paying via online.we won't accept.We won't give you room also you can search other room.

We don't had a option.So only we stayed there.

From OYO side need a proper justification for this

Need the extra paid amount refund also.",31 Aug 2022,1
188978,M Chandra,Sai international in reception asking money 300 extra charge very bad,23 Aug 2022,1
188978,Lakshminarayan G,Worst service,06 Aug 2022,1
