hotel_id,user_name,review_text,date,title
189059,Sambhupatrs,Very neat and comfortable stay,19 Apr 2023,5
189059,Yakub nike,"Great experience at this property .I loved to stay again 
And I suggest all to have great experience in this property . Specially thanks to Mr.Nantu at Front desk he have good patience to handle customer . Thank you Sunshine Team for your lovely welcoming at your Hotel . Need and clean rooms, amazing smart tv , clean Washroom .",05 Apr 2023,5
189059,CHANDU BAKKA,Its good to stay here. And the facilities are good enough to stay.,05 Apr 2023,5
189059,Jayanta Bhagat,Excellent room service,02 Apr 2023,5
189059,Channu,Good and clean,02 Apr 2023,5
189059,syed khurram,Super,31 Mar 2023,5
189059,freddy,Amazing,31 Mar 2023,5
189059,Ravi Kumar,Excellent,29 Mar 2023,5
189059,Prasanthi Mandala,Good,29 Mar 2023,5
189059,Alwyn Pavan Menezes,Very Good rooms also people were polite.,28 Mar 2023,5
189059,Mrunmayi Gadre,It's first time that i am happy with the Oyo room ... The rooms were clean and well maintained . Very happy and would like to recommend others,19 Mar 2023,5
189059,Ranganath B,Its best to stay.,17 Mar 2023,5
189059,Mani,"Which is too nice and hygeine and Cleanness, and staff behaviour also good towards us, the way they received it's good",16 Mar 2023,5
189059,Sankar narayanan,Room was maintained clean and hassle free check in and checkout was provided. Good stay with flagship sunshine inn.,16 Mar 2023,5
189059,Nantu Patra,I very happy,20 Feb 2023,5
189059,Faiyaz Ahmed,The hotel is located in main place thanisandra also the map location is accurate you can find easily and the food is very cheap and best nearby this hotel.,27 Jan 2023,5
189059,Mohammed Yaseen,Excellent,18 Jan 2023,5
189059,Nantu Patra,I'm Happy,08 Jan 2023,5
189059,Nantu Patra,Super,02 Jan 2023,5
189059,Rohith,It's a nice service and good maintenance,24 Dec 2022,5
189059,Nantu Patra,Nice,22 Dec 2022,5
189059,Vismaya MV,Very good service good rooms,12 Dec 2022,5
189059,Nantu Patra,Nice place,12 Dec 2022,5
189059,Z Thalib Khan,"It was so good sourrunded with nice people
The room is clean and neat.
All surrounded with good people",09 Dec 2022,5
189059,Nantu Patra,So good,09 Dec 2022,5
189059,Mohammed Yaseen,Good service and staff,08 Dec 2022,5
189059,G.MOUNISH G.MOUNISH,Everything was good,05 Dec 2022,5
189059,Mohammed Yaseen,Most affordable place in and around Manyata,04 Dec 2022,5
189059,Babu gowda,Superb owner maqbool and yaseen good staff clean room,04 Dec 2022,5
189059,Nantu Patra,Room service very good..,30 Nov 2022,5
189059,Mohammed Yaseen,Best service,30 Nov 2022,5
189059,Trilok Arya,none,30 Nov 2022,5
189059,Nantu Patra,Very nice 😍,29 Nov 2022,5
189059,Mohammed Yaseen,Clean and neat rooms,26 Nov 2022,5
189059,Mohammed Yaseen,Best place for stay near manyata tech park,22 Nov 2022,5
189059,Asiya,Good and clean,20 Nov 2022,5
189059,Mohammed Yaseen,Value for Money,11 Nov 2022,5
189059,Barani,Very Nice,09 Nov 2022,5
189059,Hardik Soni,Excellent,07 Nov 2022,5
189059,Nantu Patra,Very good,07 Nov 2022,5
189059,Mohammed Yaseen,Comfortable Stay as always.,06 Nov 2022,5
189059,Mohammed Yaseen,Near and clean room's,30 Oct 2022,5
189059,akash RANJAN,Everything is good,02 Oct 2022,5
189059,Imran,Good service and clean maintenance,19 Sep 2022,5
189059,Manoj P,I really like the palce and the manager was really nice 🙂 he make sure we had everything thing.an the room was a nice and bathroom was nice ✌️ overall well maintained thankue🎉,16 Sep 2022,5
189059,anisa,"Good service  , Hotel helped me with pick up and drop service inside manyata  tech office.  Thanks",15 Sep 2022,5
189059,Nantu Patra,The location room and staff all are good very friendly like family,15 Sep 2022,5
189059,Ramesh,Good,14 Sep 2022,5
189059,Manoj,"Nice rooms, neat and clean lift is also there overal good experience and bathrooms are also clean ..",12 Sep 2022,5
189059,Mohammed Yaseen,Great stay,10 Sep 2022,5
189059,Ajaz Pasha,"Good stay, management was very nice n polite",08 Sep 2022,5
189059,Siddharth Parashar,It's clean and hygiene,06 Sep 2022,5
189059,shibu,Good service and comfortable stay . Very good location.,03 Sep 2022,5
189059,M Ravi,Neat and clean rooms.. Friendly staff,30 Aug 2022,5
189059,Shabeer Ali,Good place,29 Aug 2022,5
189059,Mohammed Yaseen,"Best places to stay near Manyata tech park , very friendly staff . Just 2min walk from Manyata tech park Gate 5.",28 Aug 2022,5
189059,Mohammed Yaseen,Good service,28 Aug 2022,5
189059,ch saiteja,Good staff,22 Aug 2022,5
189059,Rakesh Kumar,Good rooms,20 Aug 2022,5
189059,Mohammed Yaseen,Very good service and rooms well maintained,19 Aug 2022,5
189059,Mohammed Yaseen,"Very well maintained with life , Wi-Fi and power back up.",15 Aug 2022,5
189059,Mohammed Yaseen,Excellent service and very good  rooms .Enjoyed the stay,13 Aug 2022,5
189059,Batakrushna Mishra,Good service & staff,12 Aug 2022,5
189059,Sameer D,Good service,10 Aug 2022,5
189059,Srikanta S,Service is good,09 Aug 2022,5
189059,RAHUL DEVADASAN,"Very good experience. Rooms were neat and tidy. The amenities were well maintained. Had a good check-in/check-out procedure. Staffs were polite and helpful. They provide comfy beds, smart tv, blankets & pillows, hot towels, geyzer, mineral water etc. Actually its located before reaching Manyata Techpark gate 5. Will stay here again, when i often visit bangalore. Value for money.",08 Aug 2022,5
189059,Saif AliAnsari,Staff were so friendly just likes it alot,07 Aug 2022,5
189059,MOHAMMED MAQBOOL,Comfortable stay with Good service,04 Aug 2022,5
189059,MOHAMMED MAQBOOL,Good rooms nice staff owner v friendly Oyo good service,03 Aug 2022,5
189059,Bibin Babu,Clean 1 bhk room with AC fridge and oven,25 Apr 2023,4
189059,Vasant Naik,none,12 Dec 2022,4
189059,Naveen,"Room I neat and clean , facilities too good",29 Nov 2022,4
189059,Bharath,Now a days Oyo hotels were charging extra money from customers if they feel like we booked for lesser amount in app. They were demanding extra money while checkin by saying some reason,26 Nov 2022,4
189059,Anusha,Nice place,19 Nov 2022,4
189059,Naveen,"Accommodation is nice, facility is also cool",08 Nov 2022,4
189059,MAHESH KUMAR,Clean and neat room. Easy access to City,06 Nov 2022,4
189059,Kiran BS,Nice,15 Sep 2022,4
189059,Shaina Debbarma,Good behaviour,30 Aug 2022,4
189059,Sachin Wadekar,Don&#39;t keep waiting for customers as they are tired during travelFacilities they provided are good and valuable for money.I have to wait for half an hour to check in. Bed is not good.,29 Aug 2022,4
189059,Syed Naseer,This was my extended stay in the property and it was satisfactory.,25 Aug 2022,4
189059,Syed Naseer,"I stayed here with my family, it was satisfactory. Hotel owner is friendly and cooperative.",25 Aug 2022,4
189059,YASIR ARAFATH,Worth the moneyRooms and toilets are clean. well maintained.,15 Aug 2022,4
189059,Leo,No wifi and floors were so sticky,28 Apr 2023,3
189059,Manoj Kumar,They charged 700 extra amount please try to resolve the issue who are prepared this worst app,12 Feb 2023,3
189059,Kishan Bhat,overall good for that price,03 Feb 2023,3
189059,Amaan,Its actually better,30 Jan 2023,3
189059,Bir SinghChandel,Room alloted after charging extra money,18 Dec 2022,3
189059,Prakash,Linens are not clean and hygiene.,04 Dec 2022,3
189059,Khizar Vb,"Best stay in this price very good hospitality,some changes need to done washroom heater was not there room service not available.",08 Nov 2022,3
189059,Amiya KumarSahu,I have checked in early by paying extra money but didn't get proper service.Always hotels are providing dirty bed sheet.Why customer  will ask every times to change bed sheet. Can I know room cleaning time please?,04 Oct 2022,3
189059,Hariharan,Good part is this hotel located near to manyata techpark. But bed sheet and pillow covers are not clean.,01 Sep 2022,3
189059,Sunny,All are good but someone nocking door others very badly and towel is wet apart that all are good,28 Aug 2022,3
189059,Harish S,No clean,10 Mar 2023,2
189059,Amit Kumar,"Non AC room was provided when we reached there,
toilet was broken toilet seat was missing.

Employee behavior was very good",06 Dec 2022,2
189059,Syed,Bad service. In the app different price when we reached location charging extra price.,30 Sep 2022,2
189059,Aravind Prabhakar,Asking extra money,26 Sep 2022,2
189059,Mahaboob Shaik,"No AC room provided 
We booked AC room",01 Sep 2022,2
189059,Badrinath HN,"We have paid extra money for the booking of hotel room , after paying in Oyo 
They charged us extra 300 rupees",21 Apr 2023,1
189059,Omkar Lokhande,Please improve your service do what commitment did in app while booking,20 Apr 2023,1
189059,Neeraj chaudhary,Wasted time and money by travel-ling to this worst hotel. On prior call the hotel confirmed me with booking. After reaching denied checkin. Mm t did nothing except embarrassing themselves by saying we couldn't do anything.,17 Apr 2023,1
189059,Neeraj Chaudhary,"Worst linen, worst noisy bed, third class behaviour. Not safe. Non ac rooms.",16 Apr 2023,1
189059,MUTYALA SHASHI KIRAN,Not a good experience. Paid 700 for Non AC. Worst part is bathroom flush not working.,13 Apr 2023,1
189059,sugandhadurgesh,Oyo customer care had worst conversation hotel room not good geazer not working tv not coming given only half ltr water,02 Apr 2023,1
189059,Vikas Kumar,none,20 Feb 2023,1
189059,Pradeep Kumar R,I booked the hotel through oyo and went to hotel at 10pm but the hotel management didn't permit inside and rudely told if you want reach out to oyo.When reached oyo they told refund will be provided in 7 to 14 days but actually the service I expected from oyo was really very disappointing.,19 Feb 2023,1
189059,Prakash,"Poorly maintained rooms. Broken shower tap, pests in the bathroom. Towels and bed spreads with deep stains. People Smoking in the next room fills the smell in this room. On top of that, rent was charged more than what I paid already on the website. No receipts given. KINDLY AVOID THIS PLACE AT ALL COSTS",18 Feb 2023,1
189059,Chandu,"Poor management ,they charged more after reaching hotel even i paid full amount to Oyo while booking also.worest maintenance and cheaters ..

Don't book this hotel..worest experience.",17 Feb 2023,1
189059,surya,i have booked room through oyo but room is not provided,14 Feb 2023,1
189059,Arun,"Worst ever..hotel authority asking extra amounts during checkin and TV does not work at all. There is no use of booking and making prepayment with Oyo app because hotel guys charge extra all the time during checkin. 

This is happening for the second time with me",13 Feb 2023,1
189059,Karthik Kavin,"Booked through OYO, actually the price was below their pricing standards itseems so the receptionist asked extra money. If OYO lists a low price on this property means what do customer will do, it's their fault and your property fault since your using their service so you need to charge what the actual price the OYO lists in the website. You can't deny it and ask us to pay extra it's completely unfair. If your not using their service mean why your name board shows as OYO Sunshine, remove the board because as you say that we're not interested to get listed in thier app nah.... Coming to the room experience, spacious rooms with clean bathroom but bedsheets are yuck not cleaned or sanitized from the previous customer, as their is blood stains in it and AC and TV is not working. We were not interested to stay in the property as the room was lightly stinking so we left off as soon as we booked with the extra pay without claiming back the amount. Overall disastrous experience.",07 Feb 2023,1
189059,Shivateja Reddy,The hotel is average but when booking it showed 54rs but when I went to hotel they demanded 800rs,30 Jan 2023,1
189059,Shreeshail,They ask extra money while check in,25 Jan 2023,1
189059,PRASAD,Hotel asked for ₹1000 more than what I already paid via oyo app. Now when I am asking for receipt hotel is not even answering my calls,24 Jan 2023,1
189059,Prashanth Prashu,asking more price then booking amount,17 Jan 2023,1
189059,Ajmal,Oyo showed 650 and they took 1000 rupees... If you can't give the room at the price you have provided then why the fcuk you are giving this price.. this is not the first time.. please work on that or else you are gonna screw up,14 Jan 2023,1
189059,Steven,"The hotel guy dint allow me to check in with Oyo rates
He told me to pay as per their business not Oyo fair. 
Aft i traveled for 30km to go the hotel this is the experience i got very bad",13 Jan 2023,1
189059,Joshna,They extra money 500,11 Jan 2023,1
189059,Saajid,"Reached late at night and was denied check in . The staffs are bullies and they knew I was desperate for the stay so they were forcing me to pay more. Extremely unprofessional and rude. Would not recommend to anyone, especially ladies shouldn’t consider this place",07 Jan 2023,1
189059,RAGHAVENDRA Ramamurthy,very poor after booking the property when I reached the location they asked for more money.,07 Jan 2023,1
189059,Fardeen Zia,I got a better deal for this property but while checking in to the property he demanded me for extra 500/- bucks. Since it was late already I didn’t had any other option and I paid for it. Very disappointed,03 Jan 2023,1
189059,Sarat Chandra,The room was poorly maintained.. bed sheets are not washed and room if filled with dust. No hot water and no complementary provided by the hotel.,21 Dec 2022,1
189059,Shaurya Sengupta,"Very bad behavior of the owner, Mr Muhammed Yaseen Lakhani has no sense of talking. Most of the reviews are given by him himself. Nantu is their manager who also gives reviews himself. Yaseen charges extra in hotel and says ""OYO ke baap ka hotel nai h mere baap ka h"". Don't stay in this hotel if you don't your want your day to be ruined.",17 Dec 2022,1
189059,Umesh Pandey,"Untidy, Charged me extra ₹500 for check in. Wifi not working properly. Pathetic service. Ac not working properly. Geyser out of order. Charged money for normal water. Poor amenities. Not recommended at all.",12 Dec 2022,1
189059,Saurabh Singh,"Don't go there because he will charge extra amount account to ur booking,and u have to face many more problems there , destination is good but behaviour not good when u booked throw the Oyo ,so if u want relax than don't choose that other wise u have to face extra amount problem , others wise u should go directly",01 Dec 2022,1
189059,APBGuest,Service members not good and small size and wash room in site,28 Nov 2022,1
189059,Md Nawaz,"Manager refused to check in , stating rooms are not available. I didn't check in / out at this property.kindly proceed with the refund",13 Nov 2022,1
189059,Khwaja moinuddin,In room no hot water,08 Nov 2022,1
189059,Arvind Prasad,What ever they show about this hotel is all fake they have only rooms there is no AC no TV too small rooms,14 Sep 2022,1
189059,Manikanta,"Stay was horrible because address location finding out is  more burden, before reaching even telling on time to allocate the room but they made me foolish by giving room of space is small,no shower,no bathroom bucket,no a/c... totally utterly disappointed again by Oyo...",10 Aug 2022,1
