hotel_id,user_name,review_text,date,title
189726,Patan rizwan,Good rooms I'm so happy,13 Jan 2023,5
189726,Swaroop,"Very good room , staf was very friendly, good location,and it's cost aalso responsible , we enjoyed Allllooootttt thank you soo much oyo 🥰",11 Sep 2022,5
189726,Hariprasath,none,28 May 2023,4
189726,Ashwin,Demanded 400 Extra while check in.,07 Sep 2022,3
189726,janmejai Singh,"Roome was not clean, there was one to attend, and bed sheets and toilet was like hell",08 Feb 2023,2
189726,Yuvaraj,He collected extra 600,11 Jan 2023,2
189726,ADEER,They charge extra for rooms,15 Nov 2022,2
189726,BalajiRavi,none,14 May 2023,1
189726,Sai Saravanan,none,02 May 2023,1
189726,Abhisekh,They didn't allow me in although I paid the full amount via the oyo app... Then they made me pay extra amount on top of the full payment made to oyo in order to stay there,31 Dec 2022,1
189726,Nandu Krishnan,Very bad..,30 Dec 2022,1
189726,Muhammad ramees,They asked extra payment for the entry and the didn’t give back when we vacate the room almost really bad response from oyo this time,28 Dec 2022,1
189726,Subbaraman,"OYO is of no use nowadays as the hotels charge heavy prices above what is mentioned in the website.


Oyo is completely disappointing nowadays
Have already moved to other better platforms",01 Dec 2022,1
189726,Anjana Madhusoodanan,I had a worst experience ever. I Booked 2 rooms through Oyo. But the manager asked me to pay Rs. 700 extra. So I cancelled 1 pre-booked room and took an normal room in that same residency. I contacted Oyo several times. I wasted my my time being describing the same thing repeatedly. The amount has not been refunded yet.,29 Nov 2022,1
189726,Manju Chinagundi,Very worst Room and staff also.,21 Nov 2022,1
189726,Dev Nikhil,The manager asks you to pay extra even though you’ve paid full amount online. I had to pay extra 500.,21 Nov 2022,1
189726,Ronnie,So cheap bahevior that the counter guy ask for extra money he said like u have to give 500 extra and I said why he said no its a policy I don't think its a policy its really bad for me I'll never choose OYO for Me and my family and friends,20 Nov 2022,1
189726,Abhisek Jain,worst place to stay in bangalorelocation.dirty worst bathroom no towels simply pathetic,19 Nov 2022,1
189726,surya crazy,The front desk guy demanded more money than actual he is very rude and rooms are quite disgusting lot of smell with zero maintenance my experience is horrible,19 Nov 2022,1
189726,Kartik,The hotel rate on Oyo website is different and when I visited the property they dined to give me the room. I contacted Oyo customer care they also did not help me. With no choice i had to pay extra 1k and used the room. Oyo don't take any responsibility for the inconveniences caused to customer.,19 Nov 2022,1
189726,Rajdeep Aryan,Location was nice.The property owner was very rude and uncooperative. Asked for much more money than the fare. Didn&#39;t give me any receipt.,14 Nov 2022,1
189726,Sachin,This property does not work with oyo,25 Sep 2022,1
189726,Ahon Roy,They don't keep clean,24 Sep 2022,1
189726,Prathyush,"Fraud,booked a room,while talk to the hotel they said no booking available with my booking id,after sometimes it's showing u are checked in eventhough i got my refund link from oyo",17 Sep 2022,1
189726,Krishna Chaitanya,Asked for extra money. Washroom isn't clean at all. Need to call service multiple times and they seems negligent all over.,17 Sep 2022,1
189726,Vinay,Nothing very worst experience!!! I'll never use Oyo app ever...,15 Sep 2022,1
189726,Abhi,Owner is worst.. don't have any commensence.. worst of worst exp.. he denied to give room for online booking.. only he accepts cash payment itseem s,11 Sep 2022,1
189726,Rohith,I never got the room ... They were like there's no room available and they never received the booking,11 Sep 2022,1
189726,Prathik Reddy,It is fraud u pay money online but when u reach they no room is available it is big fraud never ever book that hotel,11 Sep 2022,1
189726,Prashant Kumar,"I booked room for 1 night i had pay 609 rupees online, when i chek in the hotal, 200 extra charges will pay",06 Sep 2022,1
189726,Ruben Shibu,they didn't gave the room we have to take another room. The hotel people refused to give the paid oyo room. after I contacted oyo customer service they also very irresponsible. I need refund,04 Sep 2022,1
189726,Priyadharsini,They have cancelled the stay without informing us though we have already the payed the amount online.,04 Sep 2022,1
189726,Samiya RanjanDash,"No proper service ,, no towel and no shop and room was untidy",31 Aug 2022,1
