hotel_id,user_name,review_text,date,title
189771,Mallikarjun,Rooms are good.service also good,13 Nov 2022,5
189771,Pankaj,Wonderful room nd re,25 Aug 2022,5
189771,Yash Tambatkar,Rooms,20 Aug 2022,5
189771,Roshan,"To be honest, I didn't like the room at all. No soap was provided in the bathroom, WiFi password was not shared and bathroom was not at all clean and hygienic.",24 Dec 2022,3
189771,Om Prakash,none,26 Apr 2023,1
189771,Siruvella Lokesh,not value to bookings site for cheap management and person stayingnothing great. the booking amount was different and after that they told will not give the room with booking amount. they have taken additional money to allocate the room.nothing great. the booking amount was different and after that they told will not give the room with booking amount. they have taken additional money to allocate the room.,15 Apr 2023,1
189771,Jones Alfred,"OYO clearly mentioned the fare is 717 for a night. Hotel asked me to pay ₹1000. And unfortunately there is anyway I could complain this to OYO through call, email or in the app. The hotel mention they have AC, but they didn’t. The door lock was misaligned, hence I can’t lock from inside. They didn’t have any channels for TV. The fan made noise when was ON. I complained this to the front desk. No response. Worst experience ever.",09 Apr 2023,1
189771,XXX XXX,"I booked the hotel online and paid it also online but After Reaching the Hotel 
I was charged 800 rupees for the stay 
Which is not acceptable
I had to pay because it was non refundable 
Otherwise I would have cancelled",10 Mar 2023,1
189771,Selvakumar,"You can experience the worst stay ever. Floors, bed, restroom all will be super dirty. Oyo doesn't care about our Star rating I think. This place will suits for local drinkers.",21 Dec 2022,1
189771,RaghavaRaoMv,"Such a horrible experience. 
Room is untidy, bathrooms are horrible we cant even enter.

No AC, TV is not working, they were not even bothered to recharge, I did request them 10 times min.

Finally the reception boy was so rude.

Totally such a pathetic experience. Don't ever visit this pace.",12 Dec 2022,1
189771,Vignesh S,Charging extra price,01 Dec 2022,1
189771,Sreekanth bathala,Room was not at clean no water is coming and they haven’t even provided the towels. They charged me 1000 and said online payment is not allowed and they can’t provide room.,17 Oct 2022,1
189771,Rajkumar P,"The worst, they don’t care customers. You will regret if you book here",10 Oct 2022,1
189771,Mayank Singh,we were asked to pay more money when we arrived,09 Oct 2022,1
189771,Subhajit,I have been charged more than the price,28 Sep 2022,1
189771,Sreenivasulu,"Due to business problems with oyo. The lodging people are creating problem with customer.My request is with all people is please don't select this hotel at any cost of time.If you come with oyo definitely u will face  a problem here.

After booking hotel with oyo they will ask to pay more money otherwise they will not alow to stay.

For anu cost of reasons Don't book prepaid it might cause a problem with hotel people.",26 Sep 2022,1
189771,Sarvesh Sarvesh,Oyo customer service,10 Sep 2022,1
189771,Umesh,They are charging extra money. No AC. Outside disturbance. WORST EXPERIENCE EVER,09 Sep 2022,1
189771,Jagadisha Pai,"Even after confirmed booking, stay was denied. So i didn't check in. No refund as well.   No helpline as well....Hotel reception is asking to check with OYO only....no response.....it is very much inconvenient if anyone get no room to stay even after confirmation details....no refund as well. Better not use OYO....at all",04 Sep 2022,1
189771,Sandeep Sandeep,ask for extra money and staff were drunked,27 Aug 2022,1
189771,Vaibhav,"As Simple as that don't come here at all the rooms are filled with insects, no ac available",23 Aug 2022,1
