hotel_id,user_name,review_text,date,title
191053,Jeevan MN,Very good,11 Feb 2023,5
191053,Radha Chaudhary,Good,21 Jan 2023,5
191053,Shazeb,Oyo rooms are very good and clear and hygienic this is best to book rooms directly without any commission,21 Nov 2022,5
191053,Suraj kumardash,Cleanliness,12 Oct 2022,5
191053,Karthik,Really i always special rooms,20 Sep 2022,5
191053,Suresh Kumar,Good,07 Sep 2022,5
191053,Abdul Halim,"Room was good,neat n clean but thy charged extra 200.",01 Sep 2022,4
191053,Mohan sundar,Hi I booked an Ac room but they have provided me with non Ac and amount also I have paid more than which was mentioned in oyo please take any steps to save customers from hotel which charges more,29 Oct 2022,2
191053,Venkatesh,There is no response.. Extra take a money,12 Sep 2022,2
191053,Ravi,They charged me extra amount and i called oyo customer support and they didn't resolved my problem and they didn't refund my extra amount i was paid,18 Feb 2023,1
191053,Vaishnavi U K,Thay are saying to pay extra amount forextending room,27 Nov 2022,1
191053,pallikarana nandagopala,Just near my place of work.Tho i booked for a triple bed room with ac I was given just a cot with no place to even turn. I booked since I did not have choice tho I had a similar experience in the same hotel a month before.,20 Nov 2022,1
191053,muthamilarasu,Very worst room . I booked for 560 and they asked me to pay 1000 and the room was not clean not even wfi and power cut in midnight very noisy surrounding,12 Nov 2022,1
191053,Praveen Mishra,"they took 300 rupees extra for entry.. there was no proper facilities to wash hand soap or bath. even previous booking i had to cancel as they said no room is left and i have been charged around 1200 rs for nothing.. why OYo is supporting such hotel scam ?
and why no actions are being taken.
i was my 1200 back as it was scam",06 Nov 2022,1
191053,Ayan Mandal,Asked for more money.,23 Oct 2022,1
191053,Supritam,Most of your property is denied by the property  owner,17 Oct 2022,1
191053,pallikarana nandagopala,Nothing.Poor accommodation with the hotel management arranging a non AC room tho I have booked an AC room. Later when I asked he gave me another room. Bar is attached to entire floors and not fit for family stay. Very disappointing. No chairs for sitting within the room.,10 Oct 2022,1
191053,Nikhil,"Charged 400 extra for early check-in (8:00 am). 
My check-in and check-out time was 8:00 am to 7:00 pm (same day)
In OYO policy its shows as 0/- extra charges in between 6:00 am to 8:59 am. 
Didn't get proper resolution from customer support also.",11 Sep 2022,1
