hotel_id,user_name,review_text,date,title
192401,Mr babu,Location is good. And silent the staff were courties and good. Over all great stay in a budget,23 Jan 2023,5
192401,Harsh Shrivastav,The room was fantastic with a dining hall and kitchen set up with sofa and then the room in which they provide tissue paper and glass for drinking water as well. Which was very nice.,05 Jan 2023,5
192401,Sukdev Jana,Room is good,18 Dec 2022,5
192401,Karan Sharma,It was an amazing experience the hotel staff was good hygiene was good the rooms were in a great condition too,29 Nov 2022,5
192401,Ravikumar,Rooms were neat and clean.... well maintained. Covered parking.,26 Nov 2022,5
192401,chidhananda,"Great place , the staff were nice and cooperative with everything may visit again this place if i want will recommend",24 Nov 2022,5
192401,Amar Singh,Fabulous looking 1BHK at a affordable price .. will recommend this place for corporate and family   Super clean and Property well maintained,10 Nov 2022,5
192401,Sukdev Jana,Good,07 Nov 2022,5
192401,Sukdev Jana,Nice room,02 Nov 2022,5
192401,Dev Nath,Cleanliness,16 Oct 2022,5
192401,Sukdev Jana,Nice room.,16 Oct 2022,5
192401,Vinit Nandan,It's newly built and the rooms are like serviced apartment. The owner is friendly . facilities are good.It was an excellent stay,16 Oct 2022,5
192401,Sukdev Jana,"Room is very good,",12 Oct 2022,5
192401,Sukdev Jana,"Nice place, good room",03 Oct 2022,5
192401,usha,"Place and amenities were too good.
Staff and service are appreciable. 
Would definitely recommend for anyone's safe stay",28 Apr 2023,4
192401,Ismail,Good place clean rooms hygienic bathroom hot water little slow soap should be provided before only food option should be available remaining all perfect,12 Feb 2023,4
192401,Phil,Nice and clean room.,04 Feb 2023,4
192401,DIKSON,Had to oay additional 300rs because they denied check in otherwise,30 Dec 2022,4
192401,vijay,Good,25 Dec 2022,4
192401,Liya C K,clean room & calm atmosphere.Good customer services.Felt myself rejuvenated.spacious rooms.No noise & disturbances.,06 Nov 2022,4
192401,konya,"Hygienic and spacious. But they gave us toilet with broken glass which was disappointing.
Kindly give good rooms to tourists .",10 Oct 2022,4
192401,vineet,Handwash not provided... breakfast is also not there...,06 Jan 2023,3
192401,Darshan,"No professionalism, no complimentary water, dirty blankets , no dustbins, landlines, nothing.
Regretted going here ..",02 Dec 2022,3
192401,Abhilash,They switched to different hotel.. no towels and other things.. water bottle was not a sealed water bottle.. stay was okay,24 Nov 2022,3
192401,gopal Mohan,Average,24 Oct 2022,3
192401,Adlin dmello,Staff behaviour and also the address is incorrect I had to ask two days to send the address since I already paid for the rooms!,12 Jan 2023,1
192401,Salu,I paid all the amount oyo asked for through online and the manager denied checkin and asked for additional payment of Rs.4500 which was more than what oyo billed me,31 Dec 2022,1
192401,SaifKhattab,I was denied entry at two places on same day. Sort this out please,29 Dec 2022,1
192401,V Srinivas,Worst he claims ₹500 extra. Oyo booking seems fake.,26 Dec 2022,1
192401,vijay,I paid my payment before checking in. But they didn't allow us to stay until we paid 500 extra. They demanded for extra payment,26 Dec 2022,1
192401,Sajeesh K,Very bad experience. They changed my room thrice. I had a longer booking in this property and they ask me to change the room for couples of times. Finally they provided a room that stinks .The room I hate the staff behaviour. Please check room and other amenities before you go for it .,15 Oct 2022,1
