hotel_id,user_name,review_text,date,title
192406,Rajesh S,Good place and good response,31 Mar 2023,5
192406,Elite banquats,Nice,11 Mar 2023,5
192406,kishore,Its an good experience,08 Mar 2023,5
192406,Saif,Awesome service,06 Mar 2023,5
192406,Abraham Tegen,Very nice,22 Jan 2023,5
192406,Model Assim,Clean and good staf very nice,16 Jan 2023,5
192406,abhijit,All is OYO room was good,10 Jan 2023,5
192406,Murali,Good,09 Jan 2023,5
192406,Gopikrishna R,We got an excellent support from Oyo services,03 Jan 2023,5
192406,Keshav Dewangan,Nice,29 Dec 2022,5
192406,S.Mujibulhaq,Hotel is clean and hygienic and service is good very awesome people are so good room was very neat and clean ultimate,21 Nov 2022,5
192406,PrashanthSrinivasaiah,Clean spacious room and service is also great. Prime location and easy access to city and restaurants as well,18 Nov 2022,5
192406,PrashanthSrinivasaiah,Nice clean and spacious room. It might be a little old building but rooms are spacious and they have good management/maintenance folks..,16 Nov 2022,5
192406,Ritu Kumari,none,11 Nov 2022,5
192406,Manish,"Service is good, rooms are also quite acceptable.",06 Nov 2022,5
192406,Tahsin Reja,Nice,02 Nov 2022,5
192406,Dr AbdulRaffieNaik,The hotel was good,28 Oct 2022,5
192406,Elite banquats,Nice,24 Oct 2022,5
192406,kishan,This is comfortable and oyo has best deals check out this new hotel for reasonable price they offer,23 Oct 2022,5
192406,kiran M S,Good people,22 Oct 2022,5
192406,Madhusudhan V,Alimul is the executive and receptionist is very friendly and room was so clean and very hygiene and comfortable.,21 Oct 2022,5
192406,Naveen,Nice ambiance,21 Oct 2022,5
192406,Elite banquats,Nice,20 Oct 2022,5
192406,Ranjeet,Nice,20 Oct 2022,5
192406,Naveen,Nice,19 Oct 2022,5
192406,Neeraj Mishra,Everything was so good for a stranger who don't know about the city so good Oyo,16 Oct 2022,5
192406,Rishabh,Very good experience sttf,15 Oct 2022,5
192406,anand,Hotel management is very good,13 Oct 2022,5
192406,Varun Hegde,Hygiene. Room space.,13 Oct 2022,5
192406,Pawan,Good,12 Oct 2022,5
192406,Elite banquats,Very good,10 Oct 2022,5
192406,Sreejith Cherusherry,Great service,05 Oct 2022,5
192406,Sreejith Cherusherry,Nice service,04 Oct 2022,5
192406,Madhusudhan V,Good experience,03 Oct 2022,5
192406,Nawaz Ahmed,Very good experience stff receptionist,03 Oct 2022,5
192406,Manish,"Excellent management, cooperative and would recommend other people too.",03 Oct 2022,5
192406,Sreejith Cherusherry,Nic,03 Oct 2022,5
192406,Nawaz Ahmed,Nice hotel,03 Oct 2022,5
192406,Dhanush,Nice,02 Oct 2022,5
192406,Shahid ahmed,very gud  hotel....,02 Oct 2022,5
192406,Nagraj Moger,Good experience stff all,29 Sep 2022,5
192406,Khazi Haaris,Nice,29 Sep 2022,5
192406,Rahul,Very good experience,28 Sep 2022,5
192406,Manish,Good,26 Sep 2022,5
192406,Gireesh Royal,Very good experience stff,25 Sep 2022,5
192406,SHASHWAT Mishra,Very good experience,24 Sep 2022,5
192406,Nishant Singh,Nice,23 Sep 2022,5
192406,Aravind,Nice,23 Sep 2022,5
192406,Ananya Nemalapuri,Very good,22 Sep 2022,5
192406,Murali,Very good experience,22 Sep 2022,5
192406,Hari,Nice,20 Sep 2022,5
192406,Satish,Very good,18 Sep 2022,5
192406,Justin,Very good experience alimul bro,16 Sep 2022,5
192406,Swain,"It was alright, Well maintained rooms, except for the beds, overall a pretty decent room. Yup it was good",17 Mar 2023,4
192406,Rahul P Jain,"Hotel was pretty good ,it's very safe for the couples , but the disappointing part was the oyo app showed 870 but they charged 1000rs 

But the room was good",04 Mar 2023,4
192406,sk Kumar,Charged 500 more but it was good,26 Jan 2023,4
192406,Jagadish,Nice,19 Jan 2023,4
192406,Nithin Krishnan,"Rooma and hotels were very neat and clean. But There is no tv, wifi and AC remote battery 🥴. Also they charging extra amount",12 Jan 2023,4
192406,Aryan Kumar,The experience was good. It was a good stay and spacious room. The surrounding was good as the temple is beside it.,11 Jan 2023,4
192406,Anand,Wether and climate is too good and room facilities are good,06 Jan 2023,4
192406,ManiReddy,Room was good but staff was little bit rude,02 Jan 2023,4
192406,Vineeth M,The room is good and clean  👍,30 Dec 2022,4
192406,Shiva,Good,26 Dec 2022,4
192406,Santhana Krishnan,"Value for money at the city like Bangalore..Location is good.In the room there was no dust bin. When we entered the room, very bad smell was emanating from the room. Checking in is from 12.00 afternoon. If we go before that, they are charging half day rent extra.",09 Dec 2022,4
192406,Mayum,Pic and rooms are different. Though it's less money,04 Dec 2022,4
192406,Faisal Khan,"Room was good, but there wasn't a shower in the bathroom",27 Nov 2022,4
192406,PrashanthSrinivasaiah,Clean spacious room,11 Nov 2022,4
192406,Manish,"Staffs were nice. Maintenance was good. They fix the bathroom issue with no time, Check in experience was excel, provided excellent service and staff is very helpful.",09 Nov 2022,4
192406,Manjunath R,Rooms are good.. but TV remote is not working... Satisfied,25 Oct 2022,4
192406,Sudip Dutta,"Neat, Clean n Spacious Budget Friendly Stay",19 Oct 2022,4
192406,zumer,Good,17 Oct 2022,4
192406,Karthikeyan,It's good,16 Oct 2022,4
192406,Nikhil,Yes good one and spacious good service,15 Oct 2022,4
192406,V Ravikumar,good,01 Oct 2022,4
192406,Manjunath,Good hospitality,30 Sep 2022,4
192406,Set saram,Good,25 Sep 2022,4
192406,Mallikarjun,"No complimentary break fast, no TV",09 Apr 2023,3
192406,Ajay Kumar,Hello sir please 🥺,26 Mar 2023,3
192406,jim lip,Not clean,24 Mar 2023,3
192406,Prakash,"Hotel people charged Rs 270 extra, tried Oyo customer care which were absolutely horrible, poor customer care, not helped me.. I paid extra 270 to hotel",07 Dec 2022,3
192406,Vikas Dm,"Property has charged extra amount and room was not good, Tv was not working and AC also not working,bedsheet was not clean and dust bin also not provided.",28 Nov 2022,3
192406,Manthan Bhat,The hotel asked extra money when in time of check in and which was not good as Oyo reserve the price and bookings,26 Nov 2022,3
192406,Raju Das,It's spacious room with two chairs without any table or anything to keep laptop or anything blanket and bed sheet and pillows are not clean they have given the used one.,24 Nov 2022,3
192406,Nani,Okay normal good,14 Nov 2022,3
192406,Sagar NH,Room was spacious.. but it wasn’t as clean as it was supposed to be.,13 Nov 2022,3
192406,Parikshit Sharma,"It was an okay room. AC worked well, but the room could have been more clean.",13 Nov 2022,3
192406,Pankaj Sonawane,Good stay,08 Nov 2022,3
192406,Athar Nayeem,No towel provided.,22 Oct 2022,3
192406,Ranjeet,Good,11 Oct 2022,3
192406,Vikas D,"No telephone connection, no wifi password",10 Oct 2022,3
192406,Jenewfredy,"The place had no AC, the fan regulator was broken and the staffs were so rude..",29 Sep 2022,3
192406,Md Mazhar,Room maintenance are very bad,20 Apr 2023,2
192406,Shivendra Kushwaha,No AC remote and room was clean but tiles were broken bathroom toilet seat cover was broken. No blanket only blanket cover. No phone you have to call the mobile. This morning staff called key is missing where we have returned while checkout. So over all very average and not worth of the cost 1.2k.,13 Apr 2023,2
192406,Prakash Jain,"No service at all.No room service was available, no cleaning.",08 Feb 2023,2
192406,Shahabuddin Shah,none,10 Jan 2023,2
192406,Nabeel,Not room very not good,17 Dec 2022,2
192406,Rakshith Gowda,Bed was very bad  AC not working totally room is very bad,10 Dec 2022,2
192406,Phani,"The hotel charges extra on top of what we pay/shown on oyo. We all know we never get our money back from oyo, so no other option but to pay extra and take room. Note: STRICTLY not for families.",29 Nov 2022,2
192406,Basavaraj,Scam they asked for extra cos I booked from oyo,06 Nov 2022,2
192406,Jasraj,I am sick because of the bed smell,21 Oct 2022,2
192406,Mohammed Suneer,Not at all cleaned,14 Apr 2023,1
192406,ankush kumar,"Room was not clean, dustbin facility was not available for every room and drinking water facility surrounding was very dirty and not available at every floor, in bathroom, there was no hanging bar for clothes. No mosquito repellent in room. 

In short very bad experience",10 Apr 2023,1
192406,Suresh Gola,"One of the worst hotel I ever seen, no amenities as mentioned even no towel no water nothing and rooms are soo unhygienic and even bedsheets were dirty and reception and manger are all unprofessional. I checked out very next day morning and same night informed that I need refund they said will do it to my upi and took details still not refund sent every time goofing up with different story. I need my refund urgently",09 Apr 2023,1
192406,Nithin Krishnan,"Asking for extra money. This is not 1st time whenever i go there they will ask extra money. Also tv, ac , all that types of things were not working",19 Mar 2023,1
192406,Siddarth,The worst room and service we have ever seen. The rooms were not maintained properly and wasn’t cleaned. The people who are working there aren’t responsible and not providing what the guests need(even a cup of coffee). TV doesn’t work. If you’re reading this please don’t book your stay here even after reading this. There are plenty of good restaurants out there… thank you. Very disappointed.,18 Mar 2023,1
192406,Dinesha N,"Such an worst experience. Rooms are not clean, bed and bedsheets looks so dirty. I booked oyo for 673 for 1 night after reaching hotel for check in hotel guy is asking 1000.",14 Mar 2023,1
192406,Knrao,none,13 Mar 2023,1
192406,Prashanth,Charged extra money,08 Mar 2023,1
192406,Vignesh Suresh,Took extra money and h,07 Mar 2023,1
192406,Vars,Not worth be listed in Oyo no towel no soap no facility only,01 Mar 2023,1
192406,Ch. Bharath,none,28 Feb 2023,1
192406,Balu Bora,Totally wst of many to durty room and don't have any table chair and any dustbin also only bad that shiit i don't know why change to much if u change why don't have this kind of facilities ac also not working  toilet seat not there I don't know why charge  too much only one bed and one light that's it light also not working those are not proper close to tell a waste of money don't recommend anyone is this place,16 Feb 2023,1
192406,Rajat Patil,none,11 Feb 2023,1
192406,Avinash G,"Room is not worthy for money, low standard facilities available, not suitable for family stay not recommend for families",10 Feb 2023,1
192406,Bheema,"Unclean room, room was very dirty smell.
Bed and blanket dirty . Early check in extra money pay.Very bad experience",22 Jan 2023,1
192406,Arun mishra,"I recently stayed at this hotel and was extremely disappointed with my experience. The room was dirty and had a musty smell, the bedding was stained and uncomfortable, and the bathroom was not properly cleaned. To make it worse, the bed had bugs crawling all over it, and the fan was so noisy that I couldn't sleep at night. The staff was unhelpful and unresponsive to my complaints, and overall I did not feel safe or comfortable during my stay. I would not recommend this hotel to anyone and will not be returning in the future.",20 Jan 2023,1
192406,kamlesh kantibhai,Room bedroom daty and 200 many extra pay iam not book next time oyo room 🫣,09 Jan 2023,1
192406,Chetan Jain,Room is wrost . No TV no Fan . And price also they charged extra from app,06 Jan 2023,1
192406,mohan padamata,"Worst ka baapBooking.com has paid some money for rhe mistake happend  with rhe booking.Everthing .. No AC,no TV,,No Hot water,No cleaning,No soap,no shampoo, no change of bedsheets,no change of towel. . room is super dusty . I have no words to say ..",06 Jan 2023,1
192406,Santosh Patil,"Nothing I liked here, staff were rude, they asked extra money and I had no option but to pay, no towels, no water, no toiletries.",06 Jan 2023,1
192406,Bharath,It is one of the biggest scam i have ever got.... They took extra five hundred that not even worth..ambiance will make you creepy and scary,04 Jan 2023,1
192406,Dipanjan Sarkar,Room wS big but no room service and very poor behavior.,04 Jan 2023,1
192406,Saroop JohnKoshy,"Stayed 4 nights, horrible place to stay. Staff is absolute worst. No towels, soap or shampoo. After arguing for half a day, they got me a dirty towel. Water heater doesn't work, just lights up but probably the heating coil is ancient and doesn't heat up. Bed and linens were full of bugs and insects, got rashes and itching all over after couple hours. It was unbearable so I called up OYO to compaint and after talking for nearly an hour, they gave a small soap and 2 tiny packets of shampoo. Usually OYO provides good quality toiletries, but these were just substandard products. After all this fiasco on day 1, next day morning they punctured my two wheeler back tyre, and it skidded near JP Nagar signal in peak traffic, really lucky to be alive right now. AC is of far too lower capacity for the size of the room. No other furniture than a bed and a single flimsy plastic chair, so if you want to have a meal it'll be where you sleep. No plates,no water. Bathroom tap leaks.#Neverstayhere",03 Jan 2023,1
192406,Saurabh Shah,"The Oyo listing price and the room price at the stay didn't match. The hotel denied us stay prima facie. It seemed like the hotel was taking advantage of the customers' plight as there were also other customers with the same problem. Since I had to go to work and didn't have time to look for another accommodation, I had to check in.

Not only that, the hotel staff was extremely rude and didn't cooperate at all. The hotel has no services whatsoever. The room wasn't clean. The floor had dirt and wasn't even moped. I had to buy my own water bottle from outside. The staff denied taking our luggage to our rooms and said we will have to do it on our own.",03 Jan 2023,1
192406,Ajmal,"The hotel manager was very arrogant, rooms are not good and clean, not like oyo room",30 Dec 2022,1
192406,Yash,Worst hotel I have stayed. Worst. No hygiene  no proper help,25 Dec 2022,1
192406,Chandni,Nothing good to say.,21 Dec 2022,1
192406,Kiran,"High payments,  collected ......",20 Dec 2022,1
192406,BHARATH S,"They denied me to stay. I booked for my guest mr. Bharath, and paid rent, but they said no rooms available i got bad experience with receptionist person.",20 Dec 2022,1
192406,Venkateswara rao,Very 👎 bad,18 Dec 2022,1
192406,Yamini Vallepalli,They are asking extra money,14 Dec 2022,1
192406,Sangeeta,Maintainance very baf,11 Dec 2022,1
192406,Shashi,Bad sarves,11 Dec 2022,1
192406,Praveen Kumar,They asked more money while checking and not clean at all,06 Dec 2022,1
192406,Abrar T,"Waste of money. Took extra amount..No AC, No TV, bed bugs... worst experience",05 Dec 2022,1
192406,Varun mp,"i was charged extra money stating the room rent is fixed at ₹1000. if the amount already paid is less than ₹1000, i will have to pay the differential amount at the hotel reception.

i was asked to pay ₹469 extra, i.e., over and above what i had already paid. hence i ended up paying a total of ₹1000.

plus the room was not at all like the pictures that was advertised. it was in a very poor condition.

the washroom did not even have the basic toiletries.

this was my last oyo booking.

thank you for your service.",28 Nov 2022,1
192406,Pradeep,Price in OYO app is around 800 but they charged 1k... Washroom is not gud... Sheets are not clean... Room is also not properly maintained,27 Nov 2022,1
192406,Sadiq,Extra money dimand,25 Nov 2022,1
192406,Prashanth,Charged 800rs extra,23 Nov 2022,1
192406,Allan,Had a really worst experience in OYO no hygiene nothing....and the staff is really worst...and useless,13 Nov 2022,1
192406,Nithil ram,"Horrible place. Don't even consider this one ever. Bad rooms, shifty staff, looks like something straight out of an abandoned colony.",13 Nov 2022,1
192406,KIRAN KPHIRANGI,"Smelly beds with dirty floors, no towels either TV without set of box connection. No tables or wardrobe to keep the clothes overall a complete pathetic quality of service.",12 Nov 2022,1
192406,Manjunath,Room was not that great... It's not clean the worst bed and blankets,10 Nov 2022,1
192406,Aravindh,"This property is not as they shown in the image they dnt even provide you water also and no plates or spoons 
Very old building 
Very bad customer service they dnt even respond you",06 Nov 2022,1
192406,Shahuraj,"No amenities were given , 0 cleanliness at the room . Don’t every go to these kind of places. Thank you",29 Oct 2022,1
192406,Ajith Kumarbhandary,No timings  morning 7:30 check out,26 Oct 2022,1
192406,Madhu,I have booked oye room ib 3 or 4 times but i have booked oyo in Bangalore banshakari The name called abhimaani comforts reseptonist asking more money and they are behaviour is soo roud one of the worst oyo attachments in Bangalore abhimaani comforts is worst,22 Oct 2022,1
192406,Akshay,I paid 2k just to kill 30 bedbugs in numerous ways!!! And also I lost few litres of blood. Book at your own risk! You may lose your life if u stay here for more than few hours🤒🤢,17 Oct 2022,1
192406,Kapil mRawal,"Taking Oyo brand for hotels have become vry easy, this is failer of team Oyo because they don't evaluate hotels before bringing them under the brand of Oyo, 
This hotel was vry hopeless they charged me 2200 rupees but nothing was provided, room were stinking like hell, even after completing to the staff, they did not respon to it, water geyser were not working, after paying them 2200 they asked me to to adjust. I visited Bangalore for medical emergency so I had to adjust with such a low standard, by this experience I have learnt that I should stop booking room from Oyo..",16 Oct 2022,1
192406,Shubham Sharma,"Dirty room, dirty linen, not even water provided, unpleasant staff behavior, and whatnot",09 Oct 2022,1
192406,Vinayaka,very worst hotel i have seen in my life,08 Oct 2022,1
192406,Ramdev Gujetti,the worst room . Better you remove it from the least,03 Oct 2022,1
192406,Shivu,Cleaning very bad,02 Oct 2022,1
192406,Balaji,"There was zero maintance of rooms. Floors were sticky, tubelights were hanging from the ceiling.",02 Oct 2022,1
192406,Rajeendran,"tv not working only bed in the room no furniture Cupboard no soap no towel. it's like one plain bedroom . can't communicate reception, if you want godown reception.. like 1980 Lodge like writing in book. . very poor experience no food facility or service",27 Sep 2022,1
192406,Sri Harsha,No proper cleaning worest rooms,25 Sep 2022,1
192406,KunalParikh,Very bad hotel. Very unity room n bathroom. Very sad hot,23 Sep 2022,1
