hotel_id,user_name,review_text,date,title
193050,Rohit kamat,"I booked a single bedroom, it was very clean and compact. Everything worked like charm. But the bathroom doesn't have water heater other than than everything seemed nice.",31 Oct 2022,5
193050,Anisha D,My friends visited in Koramangala and they hd good ambience and friendly staff and place was kept clean,28 Oct 2022,5
193050,Linn Gabriel,Good hotel,24 Oct 2022,5
193050,Sriram,He charged me 1200 but in app it showed around 800,05 Mar 2023,2
193050,prasanna kumar,Oyo customer care is not responding correctly they are misguiding in phone as well as hotel reception person is telling we don't have classic rooms but how that Oyo as taken booking he is telling to call Oyo customer care if we call they are not responding Oyo is cheating the public,30 Nov 2022,2
193050,K Ramana,Cid happened no room available,18 Feb 2023,1
193050,Babureddy,We ended up paying more than double the receptionist demand for 2000 but it showed 522 on the app,10 Feb 2023,1
193050,Subhajeet Singh,I want to the hotel and they said there is no booking i want my money refund 2564 rs,09 Feb 2023,1
193050,Ujjal Neog,"They said oyo price is wrong and they took 1300 against price of 458 , it's horrible",11 Dec 2022,1
193050,Ayan Khan,AYANKWV9EE very bad,26 Nov 2022,1
193050,Pranav Tripathi,"hotel staff demanding extra money , for stay even i booked it from oyo in cheaper and when I visited hotel , hotel staff taken extra money and room is too small according to deluxe rooms.",26 Nov 2022,1
193050,Mohammed,Worst hotel .. not only this all the Oyo rooms are worst and fraud .. i have experienced the same issue in all the Oyo rooms  from past 6 months ...,21 Nov 2022,1
193050,Charan Raj,Not the same price as quoted,21 Nov 2022,1
193050,Nitin Kumar,They charged me extra money,15 Nov 2022,1
193050,Mohammad NazimUlla,"They asked extra on check in and dint gave the bill. Be careful they are fraud, even Oyo won't respond you properly",05 Nov 2022,1
193050,D Rithvish,It's a very bad experience with Oyo after confirming multiple time with customer executive they charge 600 more to me n  till i have not received the refund,02 Nov 2022,1
