hotel_id,user_name,review_text,date,title
193220,Rajesh Kumar,Nice to stay staf or very nice service is very good,13 Apr 2023,5
193220,Naresh Yadav,"Rooms are good receptionist also have good behaviour and there we have good experience for staying .it is good to located at main road, we have to reach easily. And we felt good for check in and check out. There is no issue to entry. Very easily process we have to follow.",18 Mar 2023,5
193220,Muthukumar,Good,25 Jan 2023,5
193220,Naveen Chowdhary,Hotel staff is good and cool & they have an Good helping nature and providing a hygienic room and having good food facilities near the room.,17 Jan 2023,5
193220,Sanskar,Nice room and the nature is very healthy. The view is very very beautiful. I am very happy to visit this room.,01 Jan 2023,5
193220,harish nutenki,It's a very good experience of Oyo platforms giving good room to stain any City in sustainable price for Every commen man .some time it may go behind the stage of material that men's sucha wonderful innovation that we ever seen reality,27 Dec 2022,5
193220,Sampath,It’s good,24 Dec 2022,5
193220,venu,Excellent,06 Dec 2022,5
193220,Chaitanya,Good hotel,25 Nov 2022,5
193220,Samuel Martin,Not for family. Bar attached ground and first floor. Rooms are good,22 Nov 2022,5
193220,Verified guest,Clean and room and good staff &room service excellent,29 Oct 2022,5
193220,Akash Ks,everything is good,08 Oct 2022,5
193220,Dipu rai,Very good,02 Oct 2022,5
193220,Madangowda,"Good , neat tv not coming recharge closed, internet is not available some loose connection reason",24 Jan 2023,4
193220,Madangowda,Room is good only thing they ask extra amount..and tv recharge was not done.. restrooms are very clean..,13 Jan 2023,4
193220,Rithu,Not bad,04 Jan 2023,4
193220,Mihir Mohite,Nice room’s in GN nelli suites nothing to change room was best and cleaned but they ask 400₹ extra from us! Which I don’t like! Reason they told 710 is not enough for the hotel maintenance.,11 Dec 2022,4
193220,Raseem,Good,23 Nov 2022,4
193220,Hanumanth,Recespin boy asking extra money,19 Nov 2022,4
193220,Lucky,But quite longer distance from KR Puram(near Medahalli Bus stand). No lift facility.,14 Oct 2022,4
193220,Hayaz,"Staff was very cool friendly ,location is good, ther is no waiting time to allot a room, pleasent stay",12 Oct 2022,4
193220,Srikanth KG,Receptionist was asking extra ₹400 apart from the price fixed by oyo,11 Dec 2022,3
193220,APBGuest,you will still need to pay the amount even after you paid through app..,29 Nov 2022,3
193220,DUDEKULA Babaiah,Its nice not a great but decent stay for night,15 Nov 2022,3
193220,Prashant Jain,Newly created hotel so room & bathroom are nice and clean,07 Nov 2022,3
193220,KishoreKumar,Staff was not responsible.. they will not provide atleast water.,22 Oct 2022,3
193220,Sunil Swain,While booking that you need to accept the room without AC else room will not be provided. Then they cry for lower room charges as if I fixed it,13 Apr 2023,2
193220,Ishaq,Payed extra for stay.,06 Jan 2023,2
193220,Charan,The smell in the room is awful someone smoked. Charged extra 300rs Infact I pre- booked the hotel with 850rs + 300 extra demanded by the receptionist. The bedsheets were unwashed. No water bottle you should pay for the water and above all the staff I mean thr receptionist is handy and helpful. The Tv doesn't work.....it is still worth staying here because an A/c room,06 Jan 2023,2
193220,Vishnu,Rude behaviour from staff. Oyo allowed a booking for a very discounted amount but the staff had different opinion and did not want to lend the room. The room is above a liquor store and the environment was really unpleasant.,16 Oct 2022,2
193220,Shailendra,"At hotel reception they asked me forcely to pay rs 500 extra when I objected , they warned me to cancel the booking. As i already booked by paying online. So i had no option then I paid rs 500 extra",17 Feb 2023,1
193220,Pawan Vamsi,Service Maintainers Are Too Worst,11 Feb 2023,1
193220,SUBRAMANI V,i booked room but they asked more money,10 Feb 2023,1
193220,venkatarama,none,07 Feb 2023,1
193220,SkBhaskar,Why hotels are changing extra amount at the time of check in??? It happens couple of times... hotel charged 560/- extra that they are not excepting Oyo bookings...then Why Oyo shows the fake prices in the website.... very pethetic experience from Oyo as well as from the hotel...,25 Jan 2023,1
193220,Vishnu Makkena,"There is nothing good, place is surounded drunken people all the times, the oyo operator asking forThere is nothing good, place is surounded drunken people all the times, the oyo operator asking for more money i booked for three days could not stay overnight , move to another hotel by morning very unsafe place.Close the hotel",17 Jan 2023,1
193220,Reddy,Charging extra money,04 Jan 2023,1
193220,Rohith Dnd,They charged me extra money,19 Dec 2022,1
193220,SreejithG,Before I came to check in it was checked out and I lost my Money,17 Dec 2022,1
193220,Surendran Surendran,Management was not good.. The person in the reception was very rude. He is not even giving respect and they don't even know how to treat a guest,17 Dec 2022,1
193220,Md Yaseen,The hotel is not maintenance and the staf is taken with me 1100 in Oyo app it's shows 558 and the hotel is full dirty and it's near bar and in going steps the local people was drinking and full of sound and the staf is asking me that you need girl mins say we will give one night 4500 it's went horrible day with me in this hotel i request you to band the hotel and i request you to Oyo manager visit once without informing you will get to no everything,15 Dec 2022,1
193220,Vinod,"Not good
Looking like a baar",14 Dec 2022,1
193220,girish,Hotel receptionist taken extra 400 rs without any invoice or valid reason.. unless we pay 400 rs he did not allow to take room..,05 Dec 2022,1
193220,ajis,They charged more than show in Oyo. And there was tv also not working. Before 11 they are started on 10 for get ready for checkout. I am very disappoint on there,04 Dec 2022,1
193220,Mohammed Faraz,Very poor behaviour he charged 500 more i dont know why he charged he was very rudely online i have done they 555.payment he forced me.to pay 500 more coz he was tell he couldn't able to give room.@ 555 online payment itseems so very bad behaviour plz don't prefer this hotel it's not safe hotel plz Oyo take care of you Oyo clients very worst experience ever i got from this hotel,01 Dec 2022,1
193220,Aseem,"Given location wrong.... Not pick phone,. M. Tired up at night, 1.00Am",26 Nov 2022,1
193220,Sandeep TK,"Everything was good 
But the guy at reception was asking 300 more for the stay reason saying that the rate on Oyo site was wrong",14 Nov 2022,1
193220,Arun KumarHA,Ofter booking Extra amount asked. So bad,08 Nov 2022,1
193220,Kumar,"Very bad staff and demanding extra money for check in , better to avoid this hotel , and the cleanliness is also very bad...",06 Nov 2022,1
193220,Manikandan E,"Worst service , bath room was not good, bath towel was not given, tv was not working.",04 Nov 2022,1
193220,GaneshPatr,Review could have been better if more oyo money has been awarded,02 Nov 2022,1
193220,Manoj Kumar,"Very unpleasant journey began at reception they denied to check in at first demanded extra money 300₹ for check in and dint even provide the regular water at last ,have to purchase bottle from outside for drinking",27 Oct 2022,1
193220,Bibin,I was forced to pay extra 300 rupees.,22 Oct 2022,1
