hotel_id,user_name,review_text,date,title
194035,Kalyan,Yea it's good for staying All they provided like shop and towel that's good and cleaning aslo good food is not nice reaming all ok,27 Apr 2023,5
194035,Ravishankar s,The check in went smooth and the stay was good. They had restaurants inside and can bring food to your room if you order from your room. There was a broken furniture when I checked in but everything else was great.,18 Apr 2023,5
194035,Rizwan Mohammad,Excellent,12 Mar 2023,5
194035,Thulasi Ram,Good rooms,08 Feb 2023,5
194035,ahmed,"Room is clean, staff is also friendly. Thankfully tv is working this time around. Only problem is hot water isn't there",20 Jan 2023,5
194035,Suman Sourav,It was a pleasent stay there.,11 Jan 2023,5
194035,Aniketh,"I had a visit during my office function and had One of the decent and best stay for 2 days. The management are sweet and good at Hospitality. I wish you guys lot of luck and please go with Quality stay rather than quantity, you guys will do great


Areas to improve :
1. Bathroom cleaning before giving a new room
2. lack of towels and bath mat, i hear laundry problem
3. Clean Bed sheets",11 Jan 2023,5
194035,Durgasai eswar,Rooms are neat. Door delivery food service is available within hotel and it is delicious. Overall staff and service is nice.,08 Jan 2023,5
194035,Majji Sravani,Such a great and beautiful place it is... totally loved it...it's worth the price...rooms are awesome,03 Jan 2023,5
194035,Rizwan khan,satisfied,25 Dec 2022,5
194035,Dhanush,The stay was so nice and it was perfectly clean and the hospitality is perfectly awesome. I will recommend Oyo to my friends,24 Dec 2022,5
194035,Gautam Choudhary,"Hotel room awsm 
Staff behavior aswm
Receptionist behavior aswm
Overall everything was aswm
Fully satisfied ♥",20 Dec 2022,5
194035,Ali,nice stay ..clean rooms ..,14 Dec 2022,5
194035,Kingsuk Majumder,One of the best in the price range,10 Dec 2022,5
194035,Ali,"Good To visit 
Clean and Good Maintain
Staffs are Friendly
Service was Good",04 Dec 2022,5
194035,Rohith S,Nice application loved it amazing was good to hangout with loved ones,28 Nov 2022,5
194035,Kevin,Good,24 Nov 2022,5
194035,Akash,"The faculty members were very gentle and communicated nicely 
Room was very hegenic no any negative remark 
Everything is fine",22 Nov 2022,5
194035,Sudipta Senapati,Room conditions was Very well 👍 cleaning room and service was outstanding. Best hotel for low budget,21 Nov 2022,5
194035,Saimmalik,"room is excellent in this area and all staffs are very polite 
excellent job👍",18 Nov 2022,5
194035,Prasad,"Best rooms and new hotel to stay, please don't expect service",14 Nov 2022,5
194035,Royan,I JUST LIKED THE WAY OF HYGIENE.. IT WAS GOOD EXPERIENCE..  I HAD BEEN OYO A TIMES.. BUT THIS IS ❤️,09 Nov 2022,5
194035,Akshay J,Good stay,08 Nov 2022,5
194035,Lokesh,It’s clean and neat,08 Nov 2022,5
194035,Vikki,The property was good the staff is very polite,07 Nov 2022,5
194035,DR.KRISHNA PARASURAMKISHAN,Excellent infrastructure of this Oyo we will book always during our visit to Bangalore,05 Nov 2022,5
194035,Nikhil,Location is good rooms r fantastic a best place to party good service good fecilities happy to have free wifi,03 Nov 2022,5
194035,Shahfaraz Shaikh,Highly recommended,01 Nov 2022,5
194035,Pratheek Siddharth,Smooth stay,27 Oct 2022,5
194035,Revanth,"Nice stay, clean rooms and service was excellent.",27 Oct 2022,5
194035,shivam arora,It was a great experience,25 Oct 2022,5
194035,Ananthu,Good ambient and good behavior of staffs❤️,25 Oct 2022,5
194035,Mahantesha Gn,Good,25 Oct 2022,5
194035,Baikuntha Nath,"Clean, neat and tidy rooms. AC. Wi-fi working fine. Provide soap after request, Benchmark of OYO, gives what promised.",24 Oct 2022,5
194035,Samhitha Murthy,Cleanliness and rooms are exact like the pictures uploaded here. 5 starts for sure.,22 Oct 2022,5
194035,Ramaneshwarreddyyeddula,Ambient is good,20 Oct 2022,5
194035,Prathap V,"Its a new hotel and it's clean and the check-in and check-out process also nice and i didn't feel any uncomfortable and couples are allowed and finally the location is near to dasarahalli main road.,love to visit again.",18 Oct 2022,5
194035,Abdullah Chadkhan,Was very clean and hygienic at good price loved the experience,17 Oct 2022,5
194035,Rakesh Kumar,The property was a new one. Room was in excellent condition.  Staffs were really nice and polite. Worth the price.,17 Oct 2022,5
194035,Naveenvara,Beautiful room and good,15 Oct 2022,5
194035,AJAY CHAVAN,"The property is Newly built and ambience is excellent and service is very welcoming, one suggestion to property owner to update Google map in Oyo, the location is 2 lane away, will visit again",09 Oct 2022,5
194035,rekharex,Overall experience was awesome...... I would definitely recommend this place,09 Oct 2022,5
194035,Nakul Jaju,"clean and spacious rooms...new property
closer to highway. Desk for working",19 Feb 2023,4
194035,Ramshad,Nice to stay,11 Feb 2023,4
194035,ahmed,Nice stay.room was clean. Staff was also nice and friendly. Toilet was clean too. Hit water should be provided,23 Jan 2023,4
194035,Ali,rooms clean n tidy ...staff response great,08 Jan 2023,4
194035,ahmed,The room was clean. Towels were not provided initially had to ask for them. There was no hot water for shower.,07 Jan 2023,4
194035,Darshan,"Let me be very clear and give you a honest review. The standard price for a room  in this hotel is between 1200 to 1400. So if anyone make a payment of amount less than 1200 the hotel staff will ask the extra money needs to be paid. So if you book a room for 600 on OYO and think that it’s a great deal for a business class AC rooms then you are wrong. After reaching to hotel you will be asked to pay extra 500-600 rupees to make up to standard price at this hotel.

For the price of 1200 per room, I suggest it’s a good hotel. So next time if I plan go to this hotel, instead of booking at OYO I will directly go to hotel and take the room. Staff are good and friendly.",25 Dec 2022,4
194035,Surendra Kumar,Stay is good but hotel people are charging 1000/- .I have stayed one day booked in oyo for Rs 690/- but they demanded extra 310/-.I have went on night so there is no option i paid extra amount.These guys are cheating so please call hotel before reaching.,22 Dec 2022,4
194035,sujith gowda,Hotel was clean and good. Staff was very friendly,22 Dec 2022,4
194035,Chinna,The room was clean and good,18 Dec 2022,4
194035,Ranjith,Overall good,15 Dec 2022,4
194035,Girish,Stay was good. The hotel was very neat and clean. The only challenge was shortcut road to Manyata was not open and required to take long route to office,01 Dec 2022,4
194035,Raghu,Good maintance and goood services too and thank u fr offers toooooooooooooooooiiooooooooooooooooooooi,29 Nov 2022,4
194035,Jyotsna,"Ambiance was Good actually.But was upset with the washrooms didn't look like hygiene and neat.
Staff were good",29 Nov 2022,4
194035,PG SUNILKUMAR,Good service & cleaness    & looking good,28 Nov 2022,4
194035,Vishnu Raj,"Good stay……………………………………………….,,,,,,,,,,,,,,,,,,,,,,,,,,,,,,,,,,,,,,,,,,,,,,,,,,,,,,,,,,,,,,,,,,,,,,,,,",14 Nov 2022,4
194035,Pradeep,Good nice room and stay...bathroom good well staff beds are neat and clean perfect wifi happy sleep...,07 Nov 2022,4
194035,Tahir Hussain,I stayed 2 days there room was very good hotel staffs are also nice  but the only problem I faced is about the hotel rate when I booked from oyo Price was 670 for 1 Day but we reached hotel they asked 800 per Day I had to pay the extra amount otherwise they won't give the room oyo helpline also sucks  they don't helped me at all,31 Oct 2022,4
194035,Manivel,New building. Nice service.. Wifi speed can be improved,26 Oct 2022,4
194035,Sujith,Good,23 Oct 2022,4
194035,Rafee,It was really good hotel and newly built one,22 Oct 2022,4
194035,Upendra Reddy,Cleanliness and  location was good. Parking can be improved,21 Oct 2022,4
194035,Anand,"Hotel actual price and Oyo displayed price is different. Upon talking to hotel representative, he/she said that Oyo say hotel person to collect the extra money from customer and when you call Oyo customer care they simply try to help you but no real gesture of help. And ultimately they say we will accommodate you in different hotel with same price. 
My suggestion to Oyo is when u guys know the actual price if hotel then why don't you change the price tag over your application?",08 Apr 2023,3
194035,Likhith Sonu,"Room was fantastic.,floor was somewhat sticky..cigarette smell in bathroom.when we go there they'll take 200rs extra claiming tht they dont give room below rs",06 Mar 2023,3
194035,Shrey Katyayan,"Hi all, as per the zomato booking. The hotel asked me for an additional amount. Of almost 200 per night. Though the hotel is good, clean. Staff is good and big rooms with access to all multimedia... Disney YouTube hotstar etc.",14 Jan 2023,3
194035,Ananya,"Except for the fact that they charged me an extra amount and told me that I either pay it or straight up leave and the fact that they barely cleaned the room I think it was an okay stay. If your plans are to just crash for the night this is a great place, the washroom is decent and very clean too.",08 Jan 2023,3
194035,Prataap Raj,"The manager was asking more money even after I had paid full in OYO app and had confirmed booking..
However when escalated with OYO, they paid on my behalf and allowed to stay, 
Beware of this fraud like behavior by this hotel, by setting low price on app and asking more money on arrival..",26 Dec 2022,3
194035,Prathap V,Stay was good but the hotel person was asking for extra 300 to check-in and I said that I've already paid and if you want more you should've told us before and we only stay around 12 hours and finally he convinced to check-in and I request for OYO to look into this issue if it's like this I definitely gonna hate OYO.,19 Nov 2022,3
194035,vinay,"When I reached the place, staff members asked me to pay extra.",13 Nov 2022,3
194035,Shraddha Habib,Good and clean,03 Nov 2022,3
194035,saloni,bed was stained,03 Nov 2022,3
194035,Abdullah Chadkhan,Staff asked us to pay extra amount of 450 from the amount showed in app but the room was good and new and they didn’t offer any towels or soap along,26 Oct 2022,3
194035,EBENEZER,They never provide toiletries.,05 Jan 2023,2
194035,AGNIMETI RAHUL,Demanding extra money,27 Dec 2022,2
194035,Akash S,They asked to pay more at the hotel even after i finished booking from the app. The staffs were okay. But facilities were just okay 5/10. There was no hot water available.,14 Dec 2022,2
194035,Yashas E,The room was clean and well maintained. The hotel itself was well kept. The staff requested a higher payment since there was some error while booking,23 Nov 2022,2
194035,mallikarjun,Asked extra money,29 Oct 2022,2
194035,Lakshay Aggarwal,"They demand more money when you get there or they dont give you room, after talking to mmt, that we need boll for y he payment they dont even provide that and manager gets angry when asked. Dont go here",27 Apr 2023,1
194035,suraj,Room  was very nice 👌👌and the hotel staff were also very nice and it amazing experience and clean room also and i like it so❤️❤️,19 Mar 2023,1
194035,919880881163,Unfriendly staffs,04 Mar 2023,1
194035,Jai,none,12 Feb 2023,1
194035,Nishanth A,BadRoom was clean.They took 1000rs for stay in app showing 643,06 Feb 2023,1
194035,Vishwas,They asked 500 extra for check in and Oyo customer care also did not support in any way. We paid extra and stayed there.,01 Feb 2023,1
194035,John,"Y this people are asking extra
I have paid 200 extra amount",26 Jan 2023,1
194035,Pradeep,Charges for food charged 1200 for nit...charfes for water bottle...no neatness on bed...floor full of dust..bathroom smell...bedsheet not clean...not suitable for stay...manager so bad to customer....waste manager...,14 Jan 2023,1
194035,Mohammad Saqlainsaniya,I hate this hotel property owner is fraud he is not perfect to talk customers,29 Dec 2022,1
194035,SANTHOSH,Was charged extra,18 Dec 2022,1
194035,vamsi,The amount shown while booking and the amount asked by the hotel management is completely different. They insisted that they will not provide the accommodation until I pay an extra of 250 rs. Worst experience i had from Oyo.,09 Dec 2022,1
194035,Harsha,Worst experience. They didn't allow my friend anirudh to room. I am angry 😡😡😡,13 Nov 2022,1
194035,Rakshith uday,StaffStaff were rude.Staff,08 Nov 2022,1
194035,Chandru,They charged more 500 extra money,28 Oct 2022,1
194035,MURALI KRISHNA,They demanded extra money and they didnt allow us untill we paid extra.,25 Oct 2022,1
194035,Blair Brando,Asked for extra money,22 Oct 2022,1
194035,919066233736,"Worst hospitality don't prefer this stay at any cost cheap PPL and worst ,",21 Oct 2022,1
194035,Hemanth,After booking confirmation they maid me to wait and pay extra 530 Rs. After that they denied giving bill for the difference amount. They never cared about the guest. Very pathetic,20 Oct 2022,1
