hotel_id,user_name,review_text,date,title
194083,Gavish,"The hotel was good, clean, hygienic, but OYO promised AC Room but the hotel authority not issued AC Room, and OYO promised room for Rd.450 but hotel had took Rs.400 more other then this new neat clean hygin with hot water clean bathroom was good",22 Apr 2023,5
194083,Dharshan,Very good hotel,12 Jan 2023,5
194083,vijendra,Very good nice hotel,12 Jan 2023,5
194083,ASHIKM,Very neat and clean,05 Jan 2023,5
194083,Chethan,Good specialist very good hotel,03 Jan 2023,5
194083,Rakshith,Very good hotel,02 Jan 2023,5
194083,Tenny Johnson,Very good service place was very clean and neat,02 Jan 2023,5
194083,sharan gowda,none,01 Jan 2023,5
194083,Pradheesh,Very good  nice hotel,30 Dec 2022,5
194083,Ravi Muthuramalingam,Excellent room. And workers very good,29 Dec 2022,5
194083,Dishad.P.N,Neet room,21 Dec 2022,5
194083,Sudeep,"Amazing facilities, superb room and good gesture by recipient
Room are very cleaned and washroom amazing cleaning",20 Dec 2022,5
194083,venky,Nice reception,16 Nov 2022,5
194083,ranjith kumar,Good stap good service,16 Nov 2022,5
194083,Yash Sharma,Room is good sever is always good,14 Nov 2022,5
194083,PANTANGI SRINIVASRAO,God rooms,07 Nov 2022,5
194083,Nikhil,Room service is good and customer friendly,13 Oct 2022,5
194083,Prajwal,charged extra during check in,06 Feb 2023,4
194083,Amitesh,"Asked extra money but the stay was fine 
Clean rooms and good behaviour 
Location is great too
Fix the price issu",02 Jan 2023,4
194083,Santhosh Kumar,"I Like that room cleaning.In the application it showed that the room rent was Rs.700, but the amount taken from me at the receptionist  was Rs.1000.",02 Mar 2023,3
194083,shashi,"Room wise it's gud, but when we reached they as me pay extra 200rs",24 Dec 2022,3
194083,Suraj,"The hotel guy asked to pay Rs 800 more, this is ridiculous. When the amount has already been paid why should they ask for money. Also the call centre people did not help. I have spread the word in my friends circle that never book Oyo, these people are Fraud. I will make sure that this is spread on the social media sites.",26 Apr 2023,1
194083,Guru BasavarajBV,Again paid extra money during check-in,23 Apr 2023,1
194083,Deepak U,"Wrong booking date and time by representative. 
Pls refund it",19 Dec 2022,1
