hotel_id,user_name,review_text,date,title
194395,Sugan Raj,My stay at OYO flagship Golden Suites hotel was pleasant and good service provided by hotel staff as well as management. The room was too clean and bathroom also was sanitized very clean to use. I would strongly recommend the hotel to anyone planning to stay in electronic City phase II.,16 Mar 2023,5
194395,Muhammed Thayyib,Good staffs,22 Jan 2023,5
194395,Latheesh,Excellent. Only issue is location otherwise very nice,20 Jan 2023,5
194395,Tushar Jain,I was checked-in on time and staff provided good service. Room was good and it was having a great view outside.,14 Jan 2023,5
194395,Naresh Gope,"The hotel is very clean and the staps there are very good, the bathroom was also very clean, I and my family liked it very much, I will visit here again thank you oyo",26 Dec 2022,5
194395,Anas Draksha,none,25 Dec 2022,5
194395,biswajith,Nice hotel and good staff,05 Dec 2022,5
194395,HariSankar,So good,21 Nov 2022,5
194395,Rishab vjain,The room was so clean,21 Nov 2022,5
194395,Kiran,Overall it was good,10 Nov 2022,5
194395,Abhinandh Sundaresan,Thank you,03 Nov 2022,5
194395,Ayush Varsney,"It was awesome hotel. I felt very good . It was my good experience in all terms (water, washroom, room cleaning, manager and all the things.). Location is also good 👍.",25 Oct 2022,5
194395,Ayush Varsney,Good staff and rooms are very clean and hotel is looking new. I am very happy to stay here.,23 Oct 2022,5
194395,Abdulkhan,Good room and very good staff,21 Oct 2022,5
194395,Durga Prasad,Okay,02 Apr 2023,4
194395,Aishu,Gud,03 Jan 2023,4
194395,Sadiq,I would recommend this hotel for stay…,27 Nov 2022,4
194395,Sadiq,Good,15 Nov 2022,4
194395,Hari,Nice experience and they taken extra 400 rupees,14 Nov 2022,4
194395,madhu mahapatra,Everything is fine,09 Nov 2022,4
194395,Nithish Kumar,"A Very good and decent space to Chill.
Well mannered staffs. 
Televisions and Air conditioner Facilities were Available 
Hygienice and a Good experience.",08 Nov 2022,4
194395,Tharak,Management is good,08 Nov 2022,4
194395,Akshay,"Nice hotel everything is good just Ac is not working because I have seen ac room in oyo app but here workers said you have booked non Ac room
Rest all facilities are nice 
Good hotels 
Oyo is great 
Thank you",28 Oct 2022,4
194395,Bhuvan Kumar,"Nice rooms totally different from out look to inside look, everything was good. Overall the experience was good. well treated employees  .",22 Oct 2022,4
194395,Sreedhar D,Economy hotel and customers oriented services,22 Oct 2022,4
194395,BHOOPATHY,Room was so hot.,23 Apr 2023,3
194395,NANDA KUMAR,I ALREADY PAY ONLINE PAYMENT THEN ASKING EXTRA MONEY IN HOTEL,15 Apr 2023,3
194395,Aaditya Soni,It was quite good the staff was pretty helpful and i liked their nature but the surrounding is not too great,20 Jan 2023,3
194395,vigneswaran R,Bed was to hard and getting bulge after half hour sleep. Very Worst. And lot of noise during the night from the surroundings,10 Jan 2023,3
194395,Punit Boriya,"Actually it's our shifting property... Area is average... Service is average, one thing I don't like about this hotel is that they don't provide normal regular water to room we have to takes empty bottles to resection and then by ourselves we have to fill and manage it by ourselves..",06 Jan 2023,3
194395,Guru,Actually the property charge you extra amount to get a room if booked via OYO. In OYO its mentioned as AC room but no AC. Geyser didn't work.,29 Mar 2023,2
194395,pavan h r,Workers didn't know kannada,03 Mar 2023,2
194395,Bhargav Kudala,"No AC IN room 
Felt very very bad",30 Oct 2022,2
194395,Nihar Jyoti,"The hotel owner didn't allow me to stay at first as he demanded more money even if It was already paid. After paying additional 220 inr, I was allowed to stay. The amenities were not there as discussed, there was no AC, washing basin tap was broken. The hotel owner didn't allow me for late check-out even if he at first agreed for late check-out.",20 Apr 2023,1
194395,Bijin B,"We couldn&#39;t even sleep at night because of the mosquitoes..The location.The room and the staffs. We couldn&#39;t even sleep at night because of the mosquitoes, we literally had to chase and kill them one by one. And, we noticed that these come under the bed. The bed sheet looked already used.",10 Apr 2023,1
194395,Vamsikrishna,1 star also waste for this in app I have paid the amount and again they taken 1000 rupees and no AC in the room with in 1 hour I have vacated the room,05 Apr 2023,1
194395,Ismail,"When I showed my booking id to receptionist,he denied to give the room and asked me to pay extra.",02 Apr 2023,1
194395,Anil kumarDoppalapudi,"For the given room, the bathroom.glush is not working properly. When I ordered dinner they took 1 hour to deliver it. They took extra money than the price showed in Oyo. So overall I don't feel it's worth staying.",30 Mar 2023,1
194395,Uday BR,Not accepting the OYO price. They will deny check-in and demand extra money,13 Mar 2023,1
194395,Arun Kumar,I already paid for the hotel while booking and after on saturday vusut they took exta 1000 rupees and saying oyo dont give that offer,09 Mar 2023,1
194395,Ramakant Chaturvedi,Property owners and attender behavior is very bad.,22 Feb 2023,1
194395,Suresh,They charged me 200 % then what app shows,08 Feb 2023,1
194395,Arun P,The room I booked is very irresponsible peoples and bad behaviour to the customer and I cancelled the room please don't stay on this room,21 Jan 2023,1
194395,Prabhanjan Kumar,There are no AC rooms as mentioned in the app. Hotel management denied having AC rooms in the entire hotel. Cigarette smell in the room due to nearby bar and no proper ventilation even though it is a non AC room.,04 Jan 2023,1
194395,KUSH RAUT,"The hotel denied our booking, we tried convincing him for an hour but he denied. I have to go and book another hotel that late night it was horrible",22 Dec 2022,1
194395,Amit Kumar,"Very poor experience, first I've to pay extra 529 to check-in then also the room service was very poor. Bathroom doesn't have door lock. Comode cover was broken. It was really the bad experience.",12 Dec 2022,1
194395,Ganithi srinath,Demanded extra money for booking,05 Dec 2022,1
194395,Siddharth.gajra,"No AC is in the room
Booked for 3 people but had to pay extra for mattress.
Beds are like rock solid feel like sleeping on floor.
Pathetic.",22 Nov 2022,1
