hotel_id,user_name,review_text,date,title
194618,Bredan Elvis,"Rooms were good, clean, spacious and sanitary. The hotel manager is helpful. Furthermore didn't face any issues with any requests we had.",07 Mar 2023,5
194618,Akshay G,"Very friendly... Best guest service, well maintained, clean, customer friendly, budget friendly... Dam good in this price range.. Timely house keeping, car parking, TV
Hotels nearby,",12 Dec 2022,5
194618,AB Bajpeyee,Nice one,05 Dec 2022,5
194618,Md majeed,Good service! Well maintained rooms,25 Nov 2022,5
194618,Akshay,"Rooms were small but apart from that rooms were clean, receptionist response was very good.
It was a good place to stay.",19 Nov 2022,5
194618,Nandan Gowda,The accommodation very good silent area rooms are very clean . The receptionist are friendly,03 Nov 2022,5
194618,Joshua,Good to stay,26 Oct 2022,4
194618,umeshSingh,Oyo and this hotel bindup is very bad. There are very problems for customer of OYO. Manager very rude behaviour for customer.,02 Dec 2022,3
194618,Shantanu Rajgariah,Hotel asked for extra money,02 Mar 2023,2
194618,Rachit Behera,After reaching the hotel he charges extra 500 otherwise he says to leave. And the staff is rude,28 Feb 2023,1
194618,Vishnu Vardhan,It's useless businesses model online different  charges when we reach property they will demand more price,01 Jan 2023,1
194618,SANTOSHBODA,Very Worst Hotel,04 Dec 2022,1
