hotel_id,user_name,review_text,date,title
194819,Afridi Khan,none,13 May 2023,5
194819,Jitu,The place looks food..wifi is fast enough....hotels nearby..nearby commute...relaxed environment....,19 Apr 2023,5
194819,Rubesh Kumar,"Wonderful stay, best comfortable room, good place to stay",07 Apr 2023,5
194819,Lohith Kumar,Good location and facilities tremendously beautiful extraordinary experience balcony scenery excellent,01 Apr 2023,5
194819,Afridi Khan,Very nice,01 Apr 2023,5
194819,imdadullah,so nice property,01 Apr 2023,5
194819,Bharath,"The rooms were clean, very comfortable, and the staff was amazing. They went over and beyond to help make our stay enjoyable. I highly recommend this hotel for anyone visiting downtownI had a wonderful experience at the (HN). Every staff member I encountered, from the valet to the check- in to the cleaning staff were delightful and eager to help! Thank you! Will recommend to my colleagues!",20 Mar 2023,5
194819,imdadullah,"I like this hotel
This is a great place for couples.
The reception guy behaves very well with the customers.",20 Mar 2023,5
194819,Vyshakh Nandakumar,Nice one. Receptionist guy is very friendly and helpful. Nice ambience and all facilities available nearby,19 Feb 2023,5
194819,Rozzavio,Good romm,17 Feb 2023,5
194819,imdadullah,I like this hotel,14 Feb 2023,5
194819,Alexander,It's a good place. Staffs are good. Feel very comfortable with this place. It's a good place it's a good place it's a good place and it's a good place got nothing else to say apartment from that. Just try it out,09 Feb 2023,5
194819,Madhu KumarL,Good,09 Feb 2023,5
194819,anish kumar,Actually that oyo was so good but if u are booking from Oyo they willl take extra money from that oyo rate,07 Feb 2023,5
194819,sowjanya km,Stay in the snap of fingers with complete and accurate details of the services provided.  NY Emergency stay with oyo and customer support was worthit,06 Feb 2023,5
194819,Alexander,Nice place to stay. Friendly staffs safe and secure,01 Feb 2023,5
194819,Rubesh Kumar,Excellent stay top rated friendly reception people's good place to stay,19 Jan 2023,5
194819,kommuru Yerapa,Room is clean and neat. Hit water available. Staff is very co-ordinating. No parking available. Balcony view was there for the room we took.,11 Jan 2023,5
194819,BADRUL HASANLASKAR,Nice pic 👍,08 Jan 2023,5
194819,BADRUL HASANLASKAR,Nice 👍 you are,08 Jan 2023,5
194819,Mr Roman,"There was very good experience and it was very clean and good maintained thank you Oyo family for giving me a good opportunity thank you soo much
Meet you soon",07 Jan 2023,5
194819,Akash Kumar,Nice hotel,30 Dec 2022,5
194819,Akash Kumar,"So nice property
I like it",25 Dec 2022,5
194819,Akash Kumar,"So nice property
Safety is very good 👍",17 Dec 2022,5
194819,Akash Kumar,"I like this hotel
So nice place",03 Dec 2022,5
194819,Akash Kumar,Nice,01 Dec 2022,5
194819,Akash Kumar,Nice hotel,01 Dec 2022,5
194819,Akash Kumar,Nice hotel,30 Nov 2022,5
194819,Akash Kumar,Very nice hotel good rooms,27 Nov 2022,5
194819,Akash Kumar,"Rome is very good
Reception boy talks very nicely with the customer.
Very nice place.
Whenever I want to stay, I will go there and stay",27 Nov 2022,5
194819,Ibrahim,Very nice,21 Nov 2022,5
194819,Hussain Khan,Friendly staff,17 Nov 2022,5
194819,Sunil KumarPuhan,Good,06 Nov 2022,5
194819,Farhan,Really liked the place and very much recommended for people travelling on a budget ! Super friendly staff and support and would consider booking this place again for sure :),03 Nov 2022,5
194819,imdadullah,I like property,30 Oct 2022,5
194819,akshaya gowda,Excellent 👍😁,28 Oct 2022,5
194819,Vinod S,Rooms,23 Oct 2022,5
194819,akshaya gowda,A room full of all basic amenities in a neat and clean environment with fast room service and welcoming staff members is a treat to stay at. …,23 Oct 2022,5
194819,akshaya gowda,I visited this place with my friends. We were given rooms with comfy furniture. There was no hassle in check-in process. Staff was welcoming and kind towards us. Enjoyed during my stay.💝⭐⭐⭐⭐⭐💝,21 Oct 2022,5
194819,Abdul jabbar,"Very good neat and clean, good customer relationship nice ambiance easy reachable location and near to bus stand",16 Jan 2023,4
194819,Vijay,Nice,28 Oct 2022,4
194819,Jason Dias,No plates to eat,26 Apr 2023,3
194819,Zubair Ahmed,TV ws not working,24 Apr 2023,3
194819,Abdalla Musa,They are not cleaning the room while we are there,07 Apr 2023,3
194819,Marcus Heldt,Bad service,07 Feb 2023,3
194819,Sharath Gutti,It was decent but some renovation work was going which was uncomfortable,23 Jan 2023,3
194819,Lyndalaishram,The receptionist ask to pay extra and take 1000 rupees extra,20 Jan 2023,3
194819,Pramod kalne,Good,30 Dec 2022,3
194819,Althaf,"Facilities are okay, but they had asked extra amount once I reached hotel. This is completely Oyo's fault. Oyo offer for one amount to book the hotel, but hotel's are not accepting and ask extra amount",22 Dec 2022,3
194819,Lingesh,Ther was no tv at room and very smal bed,26 Nov 2022,3
194819,Ashish Singh,No shop in the room... No towel.... Reception man is polite in behaviour.... Z spray is not working on bathroom.....,26 Nov 2022,3
194819,Yernagula Dinesh,"Location is good.I was book room for 2 adult but it was book only 1 adult, agin I was pay extra 300rs for adding 1 more adult. I am totally disappointed on this matter.",25 Apr 2023,2
194819,Guna,I played extra amount,27 Jan 2023,2
194819,Praveen KumarDN,"No TV, No cleaness beds are very bad",13 Jan 2023,2
194819,Chelvaraj.T.,"Poor reception, TV out of order on world cup football day, hand shower for toilet has only hose pipe, No water bottle, No bathing soap supply, no towel, no bf, smallest possible room.
Refused an extension of 1 hour stay on complementary but denied even though no booking made on that day. So Sorry. I would never suggest this to others.",16 Dec 2022,2
194819,Theja,Room is not good,04 Dec 2022,2
194819,Ranjith Rj,none,23 Apr 2023,1
194819,Sijy Hermen,"Really unprofessional staff,no cleanliness at all",17 Apr 2023,1
194819,RAKESH KUMARGUPTA,none,12 Apr 2023,1
194819,XXX XXX,Firstly the the girl called diksha from OYO service centre told me that i will get free early checkin and later when i went to the hotel i was charged 250 rs for it . When I tried calling OYO service centre they told they dont provide such early checkin service which shows there is false promises given to the customers so that they can book rooms on OYO . I would say pathetic service and would never recommend OYO to anyone .,09 Apr 2023,1
194819,Vinish,They have changed my stay to early check out,02 Apr 2023,1
194819,Asheer,Full cheating prices talking no convertible oil website duplicate,28 Mar 2023,1
194819,Suzan,Very bad service.,09 Mar 2023,1
194819,Deepak,The place looks only for the other activities.Untidy room with stained beds.they care less to complaints.,08 Mar 2023,1
194819,suresh gowda,Very bad rooms no TV.  Not good bed . No breakfast,01 Mar 2023,1
194819,Kiran Kumar,"Very bad experience, poor beds poor bedsheets overall a worthless stay. All the towels pillow and bedspreads contain smoke smell",26 Dec 2022,1
194819,BHAIRAW NATH,Had to stay here because I couldn&#39;t go anywhere else at the night. I was asked to pay double the rs..I was asked 1000 as rent when I reached the property. This was clearly a scam.,20 Dec 2022,1
194819,Bikeshsingh,"I made advance payment. While booking it was showing 1 km but its showing 7 km,  I was trying to cancle it but when I call to customer care he told Its already check in.
But I have not visited. This was the worst experience that I Never face.",16 Dec 2022,1
194819,tamil selvan,"One of the worst oyo ever .. no water , no tv , no cleanliness , they just allowed me to stay for 5 to 6 hours, whr i paid for 1whole day.. very poor, doesn't evn deserves 1 star",29 Nov 2022,1
