hotel_id,user_name,review_text,date,title
195153,jakhaulla,Good,04 Nov 2022,5
195153,harshit,Room is very good best and food are also very tasty ossam place I am impres from room👍👍,14 Nov 2022,4
195153,Manjunatha Ardhya,Service is good but Bathroom is very small,05 Dec 2022,3
195153,Hazibul Reza,nice,20 Nov 2022,3
195153,Shivaprasad TS,"Room is very tight and Bathroom also very small, Don’t go by pics.",14 Nov 2022,3
195153,santhosh,When we are booking thia one tha rate should be 475 but hotel staff asking me extra 300 i don't know? No AC,14 Nov 2022,2
195153,Manohara.s,Respesnist is very rude and saying oyo customer is not accepted please cancel the oyo booking and asked extra ammout . online payment 459 and Respesnist recommended 800 total 1259  .. this is worst rooms and very dangerous for couples don't book this rastorent,30 Dec 2022,1
195153,Rakesh.T.S,I didn't stay in the room only Oyo customer care was worst i ever seen in my life they Ford me,08 Dec 2022,1
195153,Sanjay sharma,"They charged me extra amount
Didn't accept as per Oyo booking
Such a bad gesture by hotel",05 Dec 2022,1
195153,vinay,"I booked a hotel from your customer care executive and they booked and i also paid Rs 678 but when i called hotel representative they said to extra 600 rs 


Why should i pay double ?

 

Kindly cancelled my booking and refund my amount of rs 678 immediately.  Otherwise i will tag this issue to your ceo ritesh aggarwal on twitter 

Thanks 

Vinay ",03 Dec 2022,1
195153,XXX XXX,I was denied room . I had to face a lot of difficulties to find an other hotel . Worst experience from oyo,27 Nov 2022,1
195153,Krishna Das,Horrible. Oyo became so fraud. Paying online and when reaching the property they asking for extra money. I really want to talk to higher officials of oyo,13 Nov 2022,1
195153,Unknown Hudgaa,Asked extra money,09 Nov 2022,1
