hotel_id,user_name,review_text,date,title
196084,karan bagdi,Nice room,21 Apr 2023,5
196084,Shahnawaz,It's too awesome experience i had from this app..,13 Jan 2023,5
196084,Rohit Kumar,VERY COZY AND NEAT & CLEAN ROOM. GOOD STAFF AND AMBIENCE.,09 Jan 2023,5
196084,NASEEM,"This is new rooms and good conditions , AC new , all new items, hotel staff is very supportive and service is good",24 Dec 2022,5
196084,Prasad settypalle,Wry nice service,17 Dec 2022,5
196084,Surajit,Superb Hotel with very good location.,15 Dec 2022,5
196084,Yogesh Sharma,The ambience is really great. Room is clean and nice. Facilities and services are also good. Excellent.,11 Dec 2022,5
196084,Pabitra Adhikary,Good,09 Dec 2022,5
196084,Biplab Bhattacharjee,Very good,09 Dec 2022,5
196084,Biplab Bhattacharjee,It was good,08 Dec 2022,5
196084,Tejaswini,Nice,28 Nov 2022,5
196084,Gagan Rai,"Room was good. Bathroom was good too but needed a little cleaning. Floor needed a little cleaning. Rest assured a good place to stay. But since there is a bar down stairs, reconsider if you are hesitant to get your family or spouse here.",21 Mar 2023,4
196084,Ashique AP,Good rooms for the reasonable price,14 Mar 2023,4
196084,Debarun Gupta,"Clean, no frills booking. Great experience.",13 Feb 2023,4
196084,Tony Varghese,Good place to stay...,08 Feb 2023,4
196084,sudhish,Fully satisfied,10 Jan 2023,4
196084,Suraj,nice ☺️☺️,16 Dec 2022,4
196084,Aadil Malik,Good,29 Nov 2022,4
196084,P.Nandakumar,"Location is not at all good.
Room Ok but bed is not comfortable ; Neither wardrobe nor cloth hanging hooks.our clothes we have to keep on chair and bed. Toilet seat is not fixed properly,it moves. 
Hotel boy was having good manners and reception also",20 Mar 2023,3
196084,Chethan N,No service and no neatness dint give the room from Oyo app amount and charged extra amount,09 Feb 2023,3
196084,Sanju,Room was good but the facility was not appreciable and the staff were not co-operative,21 Dec 2022,3
196084,Iashin Aktar,I went there with my family. Before going there I called them. They told low price. But after going there they told high. And their behaviour was not so good. Room was ok ok but they were not. I'll not recommend,10 Dec 2022,3
196084,aryan sinha,Somewhat in outer area. But in close proximity to the metro,12 Mar 2023,2
196084,A Ravi,Extra money.Bad,15 Dec 2022,2
196084,Vikas,"The hotel was on top of a local bar, not good for couple. Room were small but clean, good for emergency situation only",10 Dec 2022,2
196084,Jaseem,"It's not worth the money, basic things are not there",28 Nov 2022,2
196084,Cj,"""Terrible stay at Oyo, dirty room, rude staff, avoid at all costs #disappointing""",18 Mar 2023,1
196084,Sudhanshu Dixit,"First of all, at the time of check-in, hotel staff asked rs 200 more. They excused that we charge extra amount as the amount I paid online is not enough. Then receptionist came with 4 persons and threatened me. I left immediately with my luggage",10 Mar 2023,1
196084,ROSON K,"It was such a bad experience i encountered, the property was locked and i couldn鈥檛 able to check. Tried calling every number provided and no one picks up the call",22 Feb 2023,1
196084,PraveenKumar,"I was not stay in my room , but I paid , that hotel manager fully drink and make problem with me,
He told me like if u not leave now I'll show my colour .
I paid 1000 rs I didn't stay",20 Feb 2023,1
196084,NJ Praveen,don't recommend the lodge to anyone. I have been using goibibo  app last 4 yrs and got good benefits by using app I visited lodges with help of goibibo but I never seen such a worst.lodge in lifetime never before. the lodge atmosphere is bad place. the lodge is combined with  liquor wine shop. the first floor is a lodge and main thing is the lodge management is charge me extra 150 rs .to me it is an injustice and they told me you paid only 850 only to the lodge but refused to room to me and we paid extra 150 rs to management. pls never ever recommend this lodge to anyone.,20 Feb 2023,1
196084,Koteswararao,"The staff very bad in response. Housekeeping is done daily. Charged more amount than oyo rate. Completely unsatisfied. 

I recommend not to stay",31 Jan 2023,1
196084,Rokcy,Got booking for 451.. was not offered room. Made to pay 1000,11 Jan 2023,1
196084,Suresh K,Very very bad experience oyo room is not good in hotel Ehsas extra King more money otherwise cancel the booking very very bad experience in oyo,10 Jan 2023,1
196084,919221717500,No cleaning,06 Jan 2023,1
196084,Roshan Kumar,Not recommended as it is just above a Bar where drunk people were allowed to access the area. Also rooms were very small and with very basic facilities,02 Jan 2023,1
196084,Richard,"The property is mentioned as couple friendly but the property is located right above a local bar and it is difficult for women to walk through the passage to reach the property. Saddening that even though the room was not used and the there is not refund policy for rooms unused after check in.. quick advice is to check the room
Before checkin or making the payment. Do not go by the pictures for these low star rated hotels.",01 Jan 2023,1
196084,lucky,"Demand extra amount, Management  service is not good ,  
I paid the amount rs 916 in online, when I reach the hotel they demand extra Rs 580 , without asking they accepted checked in 
& demand extra amount , Management & service not good",01 Jan 2023,1
196084,Rakesh,Poor service and fire charges not worthy,30 Dec 2022,1
196084,Aditya BijuJanardh,Oyo is dead.,28 Dec 2022,1
196084,Ananth,Not good,26 Dec 2022,1
196084,Awad AJ,"I prepaid and booked & after reaching there, they told you have to pay additional 400rs more then only u can stay. So had to pay additional since it was late night and i didnt want to waste time searching another room. This is the most common dirty tactic which most Oyo use. They know you are accustomed to only 2 option mainly. either cancel and get refund or search somewhere else late night or pay additional and stay late night. So in the end anyone would choose 2nd option. Also they have AC in their pictures but they don’t work & the remote for it wasn't even available in the room. Seems like they want to save electricity bill aswell So beware of these OYO frauds. Never booking anymore from this fraudulent app",21 Dec 2022,1
196084,shradha edavi,Extremely disappointed with the rates and services offered! Rude staff and bad location for business meetings!,09 Dec 2022,1
196084,Alshan,Never recommend anyone..worst experience ever..,15 Nov 2022,1
