hotel_id,user_name,review_text,date,title
196313,Salim H,good place to stay staffs are very friendly and he just asked me y did u pay in oyo app u could have done payment here that's it but the room was not same as pics,20 Mar 2023,5
196313,Keerthi kumarm,Good service,20 Mar 2023,5
196313,kalyan,Nice,08 Mar 2023,5
196313,Uttam Kumar,Ac not working,18 Feb 2023,5
196313,Pradeep p,Good service,17 Jan 2023,5
196313,Anila Kumar U,Nice and superb facilities,07 Jan 2023,5
196313,Gnaneshwara,Nice room good one hour bathroom is not bad low price room food is not good hot water coming is morning 6 o'clock,06 Jan 2023,5
196313,Purushotham,Good,31 Dec 2022,5
196313,Marshall,Good,27 Dec 2022,5
196313,Aman jain,Active and friendly staff. Wifi is also available which made work from hotel super easy. I stayed there for 3 days for the office visit.,25 Dec 2022,5
196313,Pitambar Naik,Good,24 Dec 2022,5
196313,Manaswin Manoj,"The Hotel is amazingly beautiful with a very soothing interior and also a very eco --friendly terrace with a warm hospitality. A beautiful place to relax and makes us feel -at -home. i had a great experience during my stay there. The rooms are very classy with all the facilities to fulfil our needs. The food served there is very delicious. And also not forgetting to mention about the management, who are very pleasing. As a whole i had a very good time there and would surely like to visit there again.",05 Dec 2022,5
196313,Kuruvila Jose,Good,28 Nov 2022,5
196313,Aman Nadaf,Nice room,13 Nov 2022,5
196313,Sunil Kumar,"Good staff cooperative nature, room furnished, clean and clear , location also good ,pick and drop place is good for any cab service",02 Apr 2023,4
196313,Anmol Kumar,Good,12 Mar 2023,4
196313,Irshad,Okayish room but small room space,03 Dec 2022,4
196313,Sribalaji,Only concern is bargaining with hotel operator. Other wise nice experience,29 Nov 2022,4
196313,WV SatyaKumari,Good ambience,20 Nov 2022,4
196313,Gopi,No tv no geyser no table,06 Mar 2023,3
196313,Supriyo Nath,Hotel room was clean and staff was fantastic,20 Jan 2023,3
196313,Suchith BS,There was no proper ventilation in room and no ac rest was good.,13 Jan 2023,3
196313,Ashin,Bathing facility,28 Dec 2022,3
196313,srihari,Not satisfied,26 Dec 2022,3
196313,jithin,"bed sheet is not good ,",10 Dec 2022,3
196313,Muniraj,"The fan was too much of sound and no food service 
I have booked room for some reason I went hotel early so they have charged early access for Rs.500",06 Dec 2022,3
196313,Ragib,Room is good but bad is not clean and AC is not working over all facilities is not good,23 Apr 2023,2
196313,Gopi Dhanasekaran,"No Water provided.  No TV, no proper internet connection, very rude staffs and worst Behaviours.  They didnt gave me the room what i booked",05 Apr 2023,2
196313,Kunal Sinha,"They charged me 200 more for AC room as it was booked by me, but they denied to provide me, then I had to pay it... Even they don't provide brush, toothpaste",28 Mar 2023,2
196313,Balu,No AC and no hot water,17 Mar 2023,2
196313,lakshya,The owner asked extra money and said otherwise we wont allow you to checkin,18 Jan 2023,2
196313,Venkatesh,Worst hotel no ventilation bed also not good,12 Dec 2022,2
196313,Ashwin,First thing which is happening again again in all the OYO hotels is they are charging extra money at the time of check in and if you refuse to lay then they won’t let us chek in and ask to go for other hotels. Even your customer care is not at all supportive. OYO customer care will put you on hold for 10-15 minutes. i have to wait outside the hotel for more than half and hour and even after that no solution. This is ver bad experience with OYO. I will not recommend anyone to stay in OYO,06 Dec 2022,2
196313,XXX XXX,They are not given check in easily and taken extra amount very bad experience many time we faced this issue in oyo hotel,04 Dec 2022,2
196313,reddy vadayar,"A worst experience in this stay, workers not responding properly single fan and single light collected 1300 Rs per day. Bathroom are worst and more over cot bed sheet are dirty. Loosing Oyo reputation while doing business with that person's. Please make sure Andi visit once in a month at least.",24 Apr 2023,1
196313,Subbu,"I did not even stay in the hotel for 1 min as they cancelled my booked at the hotel because there are hundreds od issues with the hotel even by looking by looking and i had no refund from oyo. When i call the support team, ground team doesnt do anyyy investigation and simple doesn’t provide the refund. Neither going to  use this kindof fraud and definitely going to raise consumer complaint if not responded or refund my amount.",16 Apr 2023,1
196313,Sampath,"They asked extra money for check in.Room is also worst.Not even a place to keep a bag, simply bed n washroom that's it.too worst.",12 Apr 2023,1
196313,Ayush Badoni,The property i booked didn't exist. Had to book a new one,12 Apr 2023,1
196313,krishnaraj a,At your own risk !Checking out.Everything else,07 Apr 2023,1
196313,charu Hasan,"This is one of the worst hotel experience I had! Because the room is pretty basic. All you get is one bed that is it! Nothing less and nothing more. But the surprising part is, the reception guys will knock you out. Such a culture less people they are. Better not to stay there at all. Just don't even think about it .",18 Mar 2023,1
196313,Vinod Yadav,Staff was rude.,09 Mar 2023,1
196313,Ankit,"Hotel didn’t provide any complimentary water ,didn’t have AC .And on top of all this I had booked this hotel after being on call with oyo representative who took 135 as token amount to book property and had assured me check-out time of 1 pm .But was asked to vacate at 11 .
This is highly unprofessional from Oyo and their registered hotels",04 Mar 2023,1
196313,Sankalp Jain,"Hey guys, please don't go to this place ever 
A. Owner is super rude 
B. They will ask you for 40 percent more for AC
C. It's the different hotel running with the different name cause their previous ratings got degraded because of the bad customer experience.",15 Feb 2023,1
196313,Kewal,"Dirty rooms with no cupboard, no working tv and no ac and still charge 1.3k",04 Feb 2023,1
196313,Alok,The hotel asked for extra amount from my side,22 Jan 2023,1
196313,AmJath Khan,"they charge me 1136 rupees for that room and in this app it&#39;s 550 something. what is this? are you guys looting us... i took the room without saying anything to that guy in the reception because I&#39;m having stomach upset and not in a mood to make some issue, they are looting people and this app is helping such looters.",22 Jan 2023,1
196313,DILIP SINGH,Very bad staff attitude  and no service and no after visit  extra charge,22 Jan 2023,1
196313,umair,I have booked 500 rupees but mannger give extra 500 rupees,18 Jan 2023,1
196313,Basha,asking extra money after paying from online...finally gave uncleaned room on top floor and corner room....and worst behavior,18 Jan 2023,1
196313,Dinesh,Poorly maintained rooms. Heater not working in both the rooms. Room full of insects. Waste of money. Incharge is angry for doing payment directly to oyo.,18 Jan 2023,1
196313,Mungara Harshitha,not good room feel uncomfortable 🥵,16 Jan 2023,1
196313,Chethan,The staff is very They are asking for extra money,07 Jan 2023,1
196313,My,"Worsted behaviour from the staff they get extra money from me and Oyo company need to take call this agent and room also not good and it's Smell electric also not working properly , furniture also very 😞",04 Jan 2023,1
196313,raj kavadia,The property doesn't exist,01 Jan 2023,1
196313,Pruthvi,Total difference in pictures and original stay and proper cleaning beds and all,01 Jan 2023,1
196313,Ajaz,and I Jave Been Charged extra While Getting entry to Oyo but inthe App Is showing less Amount and They Charged me 1000rs And The Receptions Staff Was very rude And Arguing please Issole My issue As possible,31 Dec 2022,1
196313,Marina L,Have to pay extra money,20 Dec 2022,1
196313,Karthik,"Blankets and pillows were not washed... And full of hair.. And room seiling not finished properly... Lift not working. .. If need to call for service  no phone. .
 Very worst experience...",20 Dec 2022,1
196313,Pramod,Ambiance was not that great,18 Dec 2022,1
196313,Abhishek,"Not friendly staff, not clean washroom, cockroach here and there, open ventilation inside the room with no closures, booked for 3 days, but could stay only for 10 hours, and the hotel didn't help me with a new key, they asked me to check with me if I've the key, else I shouldn't come",10 Dec 2022,1
196313,Jason Gomes,"They charge you extra after checking in claiming that OYO charges too low and there is a minimum amount to be paid. The AC nor the TV work. The restroom drain is open and there is always a foul smell in the room. There is no room service, and the reception staff are not at all helpful.",10 Dec 2022,1
196313,Ajay,Charged extra at lodge,06 Dec 2022,1
196313,Kiran Kaji,Very uncomfortable even bed is not cleaned washroom is not cleaned geser is not working tv also not working and they told Ac rooms and given non ac room very bad experience,05 Dec 2022,1
196313,XXX XXX,"The rooms were disgusting, washrooms were not clean, there was no windows, later a room with windows was provided but the frame was completely broken. I request people not to believe the pictures on the site. It's was a horrible experience.",04 Dec 2022,1
196313,Raushan kumar,"The room was very bad, there was no ventilation. Room was not cleaner. Bed was not in good condition.",02 Dec 2022,1
196313,Nabeel Sukri,Denied checkin. Keeps happening with you guys. Had to pay the full amount and check in. Lift wasn’t working as well. Rooms were more like a cupboard.,02 Dec 2022,1
196313,Anand DN,Receptionist bad behaviour bad quality,28 Nov 2022,1
196313,Kiran,"I don't like the room, bed, washroom worst experience ever",14 Nov 2022,1
