hotel_id,user_name,review_text,date,title
196435,Aryan Kumar,It was an excellent experience. The Staff was really good and the location is peaceful as well. Rooms were quite spacious. Best experience with OYO till now.,27 Nov 2022,5
196435,Hari,Good service,07 Feb 2023,4
196435,RAJKAMAL,The room was spacious but it doesn't have decent furnishings. It has an air conditioner and hot water supply 24/7,17 Apr 2023,3
196435,Prashanth Vempa,"Either fan works or AC. You cant have both. Didnt get towel or toiletries. Rooms were not very tidy. This was a very good hotel earlier, not so any more",19 Feb 2023,2
196435,Yash,"First of all if company is giving any discount ,the manager of that property must know asking of more money after booking is not good for company and also for costumers if more price is the case don't give discounts only",10 Jan 2023,2
196435,sreedhara,Nice,28 Nov 2022,2
196435,Srinath GR,Paid in full and booked a room.. During check in property manager demanding extra money saying he's not responsible for discount offered by OYO.. Such pathetic experience.. Never booking this property again and would suggest others not to as well..,04 Apr 2023,1
196435,johny johny,"Worst service lights are not working and full of 
Cockroach and take extra payment I have booked 800 room 
And again asking 250 charges otherwise they are telling to get out worst service oyo",02 Apr 2023,1
196435,Sachin T,"Worst hotelNothing is good.There was no water supply we had to face lot of problem, couldnt even wash hands also staff was being rude if we asked regarding it",07 Feb 2023,1
196435,Varun,"They are not  provide any towel and soap 
And there is no tv 
No cupboards nothing",04 Feb 2023,1
196435,Minchingstar Maru,the property collects extra amount from us even though we had already booked and paid. very bad experience,17 Jan 2023,1
196435,Rajnandini Kagodu,You better improviseHow can I like it. When I was denied the roomsnThough I had done partial payment.,11 Dec 2022,1
196435,S Ratish,"utter waste..Nothing.There is no water to drink in the entire floor. nin the amenities they have mentioned TV, it is not working.nwhen i asked. they said connect to the wifi coz thats the only facility they had.nwifi range is not even coming inside the room.",11 Dec 2022,1
196435,Sanjay,Beds are with bugs....i got full rashes.. washroom were not clean,11 Dec 2022,1
196435,Subramanya Devadiga,"Worste charging board, no TV facility, no dustbin, lots of cockroaches.waste of money and waste of time",09 Dec 2022,1
