hotel_id,user_name,review_text,date,title
196887,Tarun Sai,The room is good and AC also working very nice.The services in hotel is awesome.The reception people talk to us in a polite manner.good to stay,24 Apr 2023,5
196887,Jeevith Krishna,Over all good experience and good privacy with nice staffs had a good time with me partner and rooms were pretty spacious and washrooms were neat and clean,22 Apr 2023,5
196887,Amal Kr,Nyc room,21 Mar 2023,5
196887,chethan,The stay was good,28 Dec 2022,5
196887,Pankaj Chaudhary,Good rooms and staff behaviour is vry good,18 Dec 2022,5
196887,DISHANTH D,Good hotel for short stays decent staff,15 Dec 2022,5
196887,Mohammed Aamir,"One of the best hotel in electronic City with best price. There's car parking available , staff are very good",12 Mar 2023,4
196887,VISHNU,"Nice place to stay and more comfort for ur privacy, neet and clean, this location is very close to main road easily can find this hotel",09 Mar 2023,4
196887,Bharath,Very nice,04 Jan 2023,4
196887,Ashfaque Attar,Totally is good because it's highly high genic in the hotel.,02 Dec 2022,4
196887,Shubham Bhandare,"Tv was not working ,if we switch on heater current was passing throughout the bathroom service was not well and lift also not working",10 Apr 2023,3
196887,Gowtham,"Cost mentioned in the Oyo app was different. Once we went directly there, they were saying different with double to triple the price. We didn't expect tht much change in price & they are not ready to check in as per Oyo price. Location shows wrong as per Oyo collection number. Mentioned contact number from Oyo, can't able to reach. Accommodation was good. A decent accomdation & parking also good. There are some issues in room, after informed made ready. Show the final price in app & if it is booked through app, the room should be registered for them. It should not be given to other person based on who is giving increase in cost.",26 Dec 2022,3
196887,sourab,After paying online still had to pay extra in reception that's not fare u guys do,18 Dec 2022,3
196887,SIVABALAN,Asked double the money,18 Dec 2022,2
196887,Vishnu,Room was awesome but they did not considered the show value in oyo they charge extra amount then oyo shows.,27 Nov 2022,2
196887,ALVIN Pauldurai,"waste of money, They charged extra money while checkin Rs 570 staffs are rude, room is not clean dirty pillows and blankets bathroom taps are licking , Tv not working totally waste of staying here so please don't book here..",08 Apr 2023,1
196887,Puja Mondal,The rooms are dingy. It certainly does not match with the photos.,09 Mar 2023,1
196887,Ram Kumar,This hotel is not associated with OYO. I had to pay an additional Rs. 1800 at the reception to get the room.,03 Jan 2023,1
196887,Milan Swain,"Hotel location is like construction area and services is poor, room bedsheet very dirty and counter staff taking extra charges, with no facilities in this area . I don't believe that this is the bangalore cheap hotel. Don't go that Hotel waste of time and waste of money",25 Dec 2022,1
196887,Sasankl.com,We paid money online then we called hotel he said that hotel was closed and he did not give our money back also dont book this hotel,06 Dec 2022,1
