hotel_id,user_name,review_text,date,title
198298,Vinayak,none,04 Apr 2023,5
198298,Nihel,Really good,03 Apr 2023,5
198298,Naidu,Nice place,09 Feb 2023,5
198298,rajesh,One of the best hotel booking app and it's easily to find location in app it's helped lot for me thank u,14 Jan 2023,5
198298,SYED NOOR MOHAMMED,Good,04 Jan 2023,5
198298,Aniket Katte,"Rooms are very clean, staffs are very supportive, hygenic.. safe, washrooms and bedsheets are also very clean",19 Dec 2022,5
198298,DADDALA SAIKUMAR,Excellent,18 Dec 2022,5
198298,Kiran L,Good,14 Dec 2022,5
198298,Kiran L,Good service,07 Dec 2022,5
198298,Gayathri Iyengar,The stay was good but the water doesn't work and the beds have stains on them. Overall I would say that it's not bad,19 Apr 2023,3
198298,me,Charged 300rs extra.,05 Apr 2023,2
198298,Puttaswami n,"Oyo app showing amount 500rs
But that hotel guy taken 800rs 
Extra 300rs it's very costly",01 Apr 2023,2
198298,Rakesh B,"Asked to pay extraa amount otherwise not allowed to hotel and No proper toilet amenities, they did not allow to turn on AC or Tv. Worst experience ever with OYO.",15 Apr 2023,1
198298,Madhu,One of the vearst service by oyo did not give the room and did not give me the money also oyos one of the verst thing and a scam,27 Feb 2023,1
198298,Suresh Sr,"It’s just that you are fooling the customer. Thanks, for making us educate.",15 Jan 2023,1
198298,Vishnu Acharya,"Booking was cancelled and they didn&#39;t informed us prior..Bed was cozy.Host didn&#39;t give soap and towel. We had ask for it. It wasn&#39;t clean. After booking also, they told us that it was cancelled and booked for more amount.",05 Jan 2023,1
198298,Raj,2000 rupes taken the Oyo vvvvv bad,12 Dec 2022,1
