hotel_id,user_name,review_text,date,title
198542,Arkapravo Saha,Excellent service.,12 Apr 2023,5
198542,Dipesh Gupta,"Great place , quite and staff is friendly",11 Apr 2023,5
198542,Santhosh Raghuram,Excellent service,09 Apr 2023,5
198542,Paul AjaydivyanJS,"The room was tidy and clean, free wifi,drinking water facility, Air conditioned and smart tv are available. Value for money.
Nothing to complain.",06 Apr 2023,5
198542,XXX XXX,Good,04 Apr 2023,5
198542,Pavan Shetty,Good stay….clean,31 Mar 2023,5
198542,Abhilash P,Good stay happy service,29 Mar 2023,5
198542,alexx rj,"""Nice
We stayed for 3 nights there,great location, the room was spacious, the people working at the reception very kind and helpful,",27 Mar 2023,5
198542,alexx rj,none,26 Mar 2023,5
198542,alexx rj,none,24 Mar 2023,5
198542,alexx rj,Amazing hotel and amazing service staff,24 Mar 2023,5
198542,Darshan Kumar,"It was awesome staying at Prince Venue, looking to visit again",19 Mar 2023,5
198542,Yugandhar,Good stay,18 Mar 2023,5
198542,anitha meglumane,Good,17 Mar 2023,5
198542,Nishanth V,It was good expirecence,17 Mar 2023,5
198542,sahil,It was a nice and clean room nice staff members had a gud tym,17 Mar 2023,5
198542,Tej Mariyappa,Friendly staff and easy going. Good location. Peaceful and quiet place. Rooms are spacious. Highly recommend,15 Mar 2023,5
198542,Aadithya,Well maintained room at good price but please do something about the low costing issue i mean we boom pre pay it later we have to pay agai. At the counter,06 Mar 2023,5
198542,Syed,"Had a great expression will all the facilities including wife Netflix and all other platforms, had hot water over all the experience was good",04 Mar 2023,5
198542,Syed Matheen,Stay was good and staff was good with good ambience rooms need to have black out curtains too much of sunlight in the rooms,28 Feb 2023,5
198542,Rita Singh,"Everything was just excellent !!!!
The rooms , the bathroom , all the amenities 
The reception boys were very good and very helpful. Their behaviour were also good. Anyone who goes here will feel like a home .",21 Feb 2023,5
198542,vishal S,Good staff and exlent rooms,21 Feb 2023,5
198542,Mahesh,Good stay,03 Feb 2023,5
198542,Amit Suman,"Beautiful rooms. Nice staff, lots of facility, only one drawback is room cleaning other than that every thing is good.",03 Feb 2023,5
198542,ajjuzz,Good service,06 Jan 2023,5
198542,Gopal Kuche,It&#39;s beautiful over all..Nice.,29 Dec 2022,5
198542,Abhi,Hotel was good. They treated us very well and near by area also good no pollution no disgusting sounds. Cleaning and hot water near hotels and shops also good.,26 Dec 2022,5
198542,David ManigandanC,Clean room comfortable and peaceful.,18 Dec 2022,5
198542,Rohan L,Good facility and service,17 Dec 2022,5
198542,Akhil kumar,Excellent room didn’t expect that,17 Dec 2022,5
198542,Malik Yash,"The room was good and worth it if I consider it from the price point of view.The bathroom doesn&#39;t have a lock. Like the one, I stayed at least that doesn&#39;t have one. rnOn top of it, the bedroom&#39;s floor wasn&#39;t clean i.e., it was pretty sticky and you&#39;ll feel uncomfortable walking barefoot on it.",16 Apr 2023,4
198542,Kanukuntla HomeshwarRao,"It was good, nice place to stay. Decent room with ac and tv. Clean washroom. It has wifi also. happy to stay here.",14 Apr 2023,4
198542,Sooraj K,Good,01 Apr 2023,4
198542,Abhilasha,Good place to stay,26 Jan 2023,4
198542,Gokula Krishna,"Worth for the price, looks like it's new building had a trouble with hot water but the property manager helped me with the issue after asking 4-5 times.",22 Jan 2023,4
198542,Sudhir Sharma,staff denied check-in and after paying extra amount only they allowed which is not correct for customers paying before coming to hotel but hotel was very nice .,15 Jan 2023,4
198542,Tabrez,It's good to stay at this hotel,28 Dec 2022,4
198542,Shaik TayyabShariff,It's good nd better to stay,24 Dec 2022,4
198542,Aswin,Good room and good facilities,17 Dec 2022,4
198542,anam safura,"Everything was good, only the thing we had to change the room bcz of tv not working n in the another wifi connection was too low, we stayed there for 2 days, we connected the internet from our phones to watch the tv, i understand it's a new hotel, this review isn't a bad point just updated",14 Dec 2022,4
198542,Bharathi,"Room was no clean, sheet were dirty",07 Apr 2023,3
198542,Aswini PJ,They asked extra 500 for the stay.,02 Apr 2023,3
198542,Satheesh KumarThirunavukkarasu,"This is my second visit and this time, the stay is average because the bed was not clean and your supposed to adjust such things",09 Feb 2023,3
198542,918149190915 Shinde,Hygiene level is 70% ! Room Services are not up to the mark ! Ventilation is very much poor. Water pressure are so high in wash room that it hurts your body !,27 Dec 2022,3
198542,Pradyumn KumarTripathi,"Why they register Oyo, if not satisfied given rates, room tv not working, booking for 3 guest but not provide one extra bed",20 Dec 2022,3
198542,MohammedHassan,The first time you were able and I didn’t have a chance I just had a little break and then you said I don’t have a break,21 Feb 2023,2
198542,imam,Service is not good,02 Jan 2023,2
198542,PUNYA DEV,"Very bad service, room and bed is not clean. They will call us afyer vacating and told us their things and missing, fruad activities are done. Try to cheat and take make. we book through oyo and reach hotel they ask for orginal price of the room. We should always argue with them. Very bad experience",23 Apr 2023,1
198542,Gowtham Arya,"price, no proper service",18 Jan 2023,1
198542,917483534407 Ahmed,"Such a Pathetic Service, worst check in of my Life, 
Checked in into dirty room, stinking, broken lights, broken jet spray, No towel, no water bottle, despite requesting serval times. didn't provide me. i had to check out in evening itself.",10 Jan 2023,1
198542,Faisal Patla,sadnot good.not good behaviour,28 Dec 2022,1
