hotel_id,user_name,review_text,date,title
198823,Sampath Kumar,Best service,08 Jan 2023,5
198823,Tarun N,Good,06 Jan 2023,5
198823,Karthik Kumar,It was overall a good hotel,07 Feb 2023,4
198823,suthan suthan,The room was good and the service was ok but they took 1k for room,08 Jan 2023,4
198823,Khalandar,No room,06 Feb 2023,1
198823,Mohith,"While booking on oyo, the price was 600rs!
But after;. Went to the room, the reception guy is asking for extra 600rs... Felt cheated",06 Jan 2023,1
198823,Hariharan,Why oyo is making with this hotels i dont know oyo is showing 1 price they are asking extra amount while checkin there,05 Jan 2023,1
198823,Thansir. C.,They cheated after booking with oyo. I paid throw phone pay first   i paid 440 phone pay.. Then when i went there.. They told there is no such rooms.. They are giving rooms for 1500₹ and i again paid 1000₹.. And took the room. Cause i cant ride more to find another one,27 Dec 2022,1
