hotel_id,user_name,review_text,date,title
199292,Arjun,Good,12 Jan 2023,5
199292,Amal KJames,Good services and all. Thanks for the members of canton hotel,04 Jan 2023,5
199292,Kavya,Good service,01 Jan 2023,5
199292,chalva,Good service,31 Dec 2022,5
199292,Sheetal,Good service.,29 Dec 2022,5
199292,uday,Good staff and clean room,27 Dec 2022,5
199292,Prajwal,Overall cleanliness and the staffs were too friendly and it nice and say to book this hotel,25 Dec 2022,5
199292,Manikanta,Good,24 Dec 2022,5
199292,Shivu,Good,24 Dec 2022,5
199292,nithin,Excellent service,24 Dec 2022,5
199292,Srikanth,Good,18 Dec 2022,5
199292,Prashanth C,Good,17 Dec 2022,5
199292,Shine S,"clean rooms
good location
so many shops nearby
ground floor has pub
room size is v small
road side parking",13 Jan 2023,4
199292,br,"While checking in, even if you pay through oyo app the property owner will ask for extra money and will refuse to give the room. Bad experience 👎",09 Feb 2023,3
199292,Shivanshu,No AC in that room,09 Jan 2023,3
199292,Rathindra,Ok,04 Jan 2023,3
199292,Girish,"Horrible experience,  property owner denied checkin in middle of night. Then we had to beg him and pay him 3 time more money apart from what we paid to oyo through app. And the room provided was horrible, not clean, no ventilation, no Ac, no Tv, even the ceiling fan speed was very low. Oyo also didn't responded to our calls. I will not book through oyo again in future. You guys are worst.",07 Apr 2023,1
199292,Rakshith S,"Very disappointed with the stay. We had booked via Oyo app and the owner asked us to pay extra inspite of the payment already being made. The facilities were too bad. No AC, no water, no towel. Rooms are small and suffocating. Overall bad management and facilities.",14 Feb 2023,1
199292,NarendranB,"The room did not have ac. Did not have mirror and did not have a table and chair too.

The room which is shown in picture while booking room was not what was given to me.

Plus when I reached hotel I was asked extra money despite me make complete payment at the time of booking. I did not pay but it was unwanted conversation with the hotel guy.",09 Feb 2023,1
199292,Ramcharran,The hotel manager threatened us to pay extra and when we said we had paid on Oyo already he said that doesn't count and I don't care. Moreover he was extremely rude and demeaning.  Demanded way extra than what was advertised on the app .,15 Jan 2023,1
199292,Anusha PR,Terrible. Please do not go here. This hotel is a scam,11 Jan 2023,1
199292,Sanketh,"The room was clean but very small and the corridor feels sketchy with blue lighting, what ever you pay through Oyo after the offers will not be accepted you will be asked to pay full 1300 on arrival",08 Jan 2023,1
199292,Sheetal,The guy noticed that I’m not a local guy and he charged me 150 rupees additionally. He refused to give me a room if I won’t pay him. He actually demanded 400-500 more regardless what I paid on OYO app.,24 Dec 2022,1
