hotel_id,user_name,review_text,date,title
199629,sharu ashu,Nice room,13 Apr 2023,5
199629,Appu,Very nice good room,19 Mar 2023,5
199629,Rafideen,Great,12 Mar 2023,5
199629,Raju N,Very nice and good cealing and very nice room,06 Mar 2023,5
199629,Appu,Nice room and service was good,03 Mar 2023,5
199629,Ak Mahato,Room is good,02 Mar 2023,5
199629,Ak Mahato,Room is vary good,28 Feb 2023,5
199629,Nandu,Good,25 Feb 2023,5
199629,Raju N,Very nice room room boy very good,20 Feb 2023,5
199629,Raju N,Good service,12 Feb 2023,5
199629,Anish,"Rooms are good ,located in main area ..there are ample of hotels, restaurants",03 Feb 2023,5
199629,Shreekant Kumar,Good for booking and service is fine and location is good near by fooding and near by auto stand  total good,01 Jan 2023,5
199629,Tuhin Mukherjee,"The staff was well mannered, the room were clean, there was a always available attending staff, food wasn't available but just outside there r many restaurants.",25 Dec 2022,5
199629,afroze,Awesome maintainance from OyO,14 Feb 2023,4
199629,Tushar Saini,"Staff was very polite, room was worth the price. THE locality is also very exciting. Food was easily available.",09 Jan 2023,4
199629,Narasimha,Room,31 Dec 2022,4
199629,Dayanand,room is not clean as shown in pic. bed sheet is clean.,08 Apr 2023,3
199629,Rohit jay,"Gud place but blanket is not sufficient, fan sound is irritating, bed is not so comfortable and pillow is hard",18 Feb 2023,3
199629,prakash Balan,"Early morning 3am power cut, no supply, very poor, 4th floor no left fecility, Amount extra pay for 200/-",28 Dec 2022,3
199629,Stephen Raj,Beds are not comfortable room is not cleaned need to improve more fan is not working no hot water,27 Dec 2022,3
199629,Selva,Room very not cleaning,07 Apr 2023,2
199629,Ajith,Room was dirty .an bed shit was very ugly...rooom condition was ver y poor.rest room was very dirty no water in rest room,02 Apr 2023,2
199629,Amit,No geyser no cleanliness no bed sheets change no TV,21 Jan 2023,2
199629,Yashas,"Suggest not to stay.Hotel room was so bad and bath room js not cleaned and property manager is asking 200 rupees extra also, which we payed and stayed due to lack of time.",08 Jan 2023,2
199629,Dinesh,asking extra money when we check in,01 Jan 2023,2
199629,Sanal saji,Already paid in oyo. But the owner told. Extra 400 paid. Bathroom not good bucket &cup not using bathing very bad servicing,14 Apr 2023,1
199629,Manoj,Property manager Charing extra commission of 600rs and room was complete croacroch and wash bad smiling and Fan is not working with properly it's very bad experience in my life 😡😡😡,12 Apr 2023,1
199629,Deva Reddy,Demanded for extra 200 rupees cash. I paid. Worst room and hospitality. Complete upset with oyo stay,10 Apr 2023,1
199629,Kishore M,"It is not hotel it is kind of lodge something we see opp. to railwaystation or bustand. Not clean, bedbugs OMG cant write everything and for this they charged extra amount than that showed in Oyo",05 Apr 2023,1
199629,Rsreddy,Price increase,04 Apr 2023,1
199629,Kavin Siva,Very ridiculous. Lot of insect in ur bed whole sleeping it will sick ur blood,02 Apr 2023,1
199629,ANIRUDH P,none,23 Mar 2023,1
199629,Rohit jay,"We booked the room for the offer price of 400rs but when we reached the hotel the receiptant asked us 200rs more, This is very bad bussines not up to the standards of oyo rooms.",18 Mar 2023,1
199629,Sanket Tilotkar,Worst OYONothing.Very bad washroom....very bad smell and flush not working properly.nNo hot water.nNo air conditioning.nMosquito all over.nVery dirty bedsheet and pillow.nFan stopped working.nNo mirror.nThe area is very bad...nothing good nearby.nDifferent photos shown... actual room was very different.,17 Mar 2023,1
199629,Yashwanth,I'm booking room but room not give to me,10 Mar 2023,1
199629,Jagannadh,"No greesar, no tv, no ac totally bad.
Oyo check in and check out timings not followed at hotel. 
Weast of money.",05 Mar 2023,1
199629,Sushant Jagade,"After booking the room online he still charged us for Rs 200 extra for check-in. Room was not clean properly, including bathroom and windows were not sliding properly. For heating water he provided us with electric heater instead of geyser.",12 Feb 2023,1
199629,Avinash K N,"We didn't even allowed inside the Rooms the staff looks and behave like rowdy,Don't respect customers,please don't even try to go",10 Feb 2023,1
199629,Sasi,Room is not clean at all. And worst of all are the bedsheets and pillow covers which are not washed since ages. Also the room is infested with cockroaches and they are roaming on the bed as well.,06 Feb 2023,1
199629,T.RAGHURAM,"No lift no ac no geyser rude behaviour of owner, i have booked two rooms he given only one room and a hour long discussion he given another room...

 It was somewhat better the next day i have booked Oyo rooms for two days but after booking confirmation the hoteler denied to check in the Oyo executive suggested me to cancel booking and made a fresh booking as  he can't shift property,after a two hour waiting on the road being a fool as Oyo customer i have act accordingly but same thing repeated and after three hours waiting they cancelled my booking and suggested me make fresh booking...
Please don't believe Oyo app especially when you are traveling with your family.. they don't bother about your inconvenience they give suggestions only and they can tell sorry extremely sorry from morning to evening with out any shame worst app better to close it than troubling the coustomers...",26 Jan 2023,1
199629,Mukesh Singh,It was tooo much bad room,11 Jan 2023,1
199629,Akilesh,Totally room was west,27 Dec 2022,1
199629,Sai,"Worst hotel atleast we can't stay in that  bed is also not good no a/c they said, there is a/c and washroom is also bad",26 Dec 2022,1
