hotel_id,user_name,review_text,date,title
200670,Onkar Ray,Location was fine only. The room was really good. I enjoyed the stay.,28 Apr 2023,5
200670,Shashank Jain,The hotel staff is so good and customer satisfaction is also there.,27 Apr 2023,5
200670,dazy,Wow amazing bed room,24 Apr 2023,5
200670,Vasanth R,Good services...,23 Apr 2023,5
200670,Pritam Shetty,Excellent staff.,22 Apr 2023,5
200670,Khemnar Kiran,Nice facility,22 Apr 2023,5
200670,Michael George,none,21 Apr 2023,5
200670,Shubhraj Bedge,Good hygiene over all..good staff,20 Apr 2023,5
200670,Taha Ahmed,The accommodation was exactly as it seems. The service too was excellent and had no issues during my stay. In Richmond town I will always recommend this place.,18 Apr 2023,5
200670,NitinMishra,"Good location, good staff",18 Apr 2023,5
200670,Lohit,Excellent,16 Apr 2023,5
200670,Akhilesh,Nice rooms cozy,16 Apr 2023,5
200670,zivah kyra,"Good service , cleanliness . Receptionist was very politely speaking. I liked their way of gesture …",15 Apr 2023,5
200670,Yadhu Krishnan,Clean and good service.,14 Apr 2023,5
200670,XXX XXX,"Nice stay at the hotel. Hotel staff are very hospital.. they will provide you what ever you want, price is marginal",11 Apr 2023,5
200670,zivah kyra,"Clean room , good service, everything was at the door step . Receptionist was very polite . Had better experience .",08 Apr 2023,5
200670,Bijender Singh,Very good,08 Apr 2023,5
200670,Mrutunjay Bhaya,"Room was excellent, near KH road Santi Nagar Bus stand, and near market place and one bar also there and near Sri Vishnu park pure veg restaurant is there.. it's like Udupi restaurant and food was testy and near lagbhag garden.",08 Apr 2023,5
200670,Harsh Bamra,Very nice,07 Apr 2023,5
200670,Pothula KrishnaDurga,The rooms are value for money.And the facilities are good and it is very reasonable,07 Apr 2023,5
200670,dazy,I love but only no ac and bed is hard otherwise  I love it and towel I don't  get,04 Apr 2023,5
200670,Kushal,"Ambience was good, receptionist was friendly. Overall good hotel. The room was good enough for the price it was offered",04 Apr 2023,5
200670,Ishi,Excellent & great service & good hospitality... I would love to visit again ❤️,04 Apr 2023,5
200670,Vasagiri Manikanta,Great staff ✨✨,04 Apr 2023,5
200670,G Abhishekvarma,Nice staff...good rooms,04 Apr 2023,5
200670,Midhun,Very nice .. customer service,04 Apr 2023,5
200670,Cibi Selvam,Good stay place,04 Apr 2023,5
200670,akhil anil,Good well maintained rooms,03 Apr 2023,5
200670,Dinesh Kumar,"Room is decent ,hotel staff is cooperative and good in nature ,location is also good lalbagh is just 1 km away from hotel u can enjoy ur evening there ,",03 Apr 2023,5
200670,KAYATHRI JAWAHARLAL,Ac not working. Room good,03 Apr 2023,5
200670,G R,It is nice place to halt i have been here for more than a week.,02 Apr 2023,5
200670,Rahul T,"The rooms are exactly as shown in the Pictures, the hotel staff - Especially Tarun and Sahil are really helpful. The cleanliness of the room is maintained well. Also, most Oyo hotels in and around Bangalore will ask for more money during cheking in, than what you'd paid on Oyo App. But this Hotel doesn't.",01 Apr 2023,5
200670,shantha,"The service is very good , staff are always around the clock to help us ..ithe rooms are near and we'll maintained.. Availability of restaurant/kitchen would have been helpful. 
Friendly staff.",31 Mar 2023,5
200670,Manju Mallegowda,Everything.Facility for,31 Mar 2023,5
200670,Renuka jena,Good experience in the hotel,31 Mar 2023,5
200670,AMAN KUMAR,"Good location just besides shanti nagar bus stand, excellent well mannered staff and ease of access to all centrally located areas. Highly recommended.",30 Mar 2023,5
200670,nagaraju,Good atmosphere and nyc service,29 Mar 2023,5
200670,Hanumanthappa L,Excellent staff very co operative and room simply superb neat and clean clothes and great experience,29 Mar 2023,5
200670,harsh jain,"Best hotel staff
Delighted to have a stay at such a wonderful and well maintained property in the whole Bangalore",20 Mar 2023,5
200670,Prasanth,none,20 Mar 2023,5
200670,Ankit Anand,"I have stayed in more than 16 OYOs till date. I can strongly recommend this OYO over all. Check in was little delayed but thts okay. No extra money charged as many OYOs does. Have paid the amount which was shown in the app. Rooms were clean, bathroom was hygienic. Overall had an nice experience :)",19 Mar 2023,5
200670,Mohammed Rafiq,The cupboard was placed inside the guest room instead of the bedroom,19 Mar 2023,5
200670,Sanket Kothari,"Nice staff and the hotel is clean, just there were no towels at times. Rest of things good can stay.",17 Mar 2023,5
200670,Upendar,It is nice place good service and affordable price transport food alla services are near ovaral very good,14 Mar 2023,5
200670,Upendar,"Yes, OYO is a very good option to stay. OYO has a townhouse and Capital O that provides standard services and then they have their associate hotels that follow OYO's hospitality norms. Whenever I have stayed at OYO, I have enjoyed my stay.",13 Mar 2023,5
200670,HIMANSHU RAJPUT,"Clean room, TV and ac perfectly work.",11 Mar 2023,5
200670,Montu Sangma,Nice room,08 Mar 2023,5
200670,Johaan George,Great. Good service and clean rooms with AC. Spacious also. Only thing I would add are some soap in and washroom.,08 Mar 2023,5
200670,Bhargav,Wonderful day in hotel good staff nice rooms . family's are stay with hotel also good receiving staff,08 Mar 2023,5
200670,Adeeb Zaman,"Hi all to everyone reading this. I have stayed in this hotel for about 3 days. For the past year and this year together, I have been to 4 OYO hotels, and to be clear, this is the best of all. The cleanliness, the staff, the management all are upto the satisfaction, the receptionist and the staff were so  kind and good natured. For anyone looking for mid-low budget hotel, this is the one I could suggest.",07 Mar 2023,5
200670,Bhargav,This is very beautiful rooms and good bed good washroom .that great full day good staff also family's are very comfortable this hotel free wifi are available . don't any disturbance butiful view ..also good hotel 👍,07 Mar 2023,5
200670,MUHAMMED AMEEN,Good food good dining good hospitality good manager and good management good security good caring mentality,06 Mar 2023,5
200670,Ashok,Good hotel and friendly staff,06 Mar 2023,5
200670,Dt.sherihan,Clean room,04 Mar 2023,5
200670,Aamir,"The room was same as shown in picture. Staff was very kind and supportive in nature. Specially Sidhu and sahil.
Thanks.",04 Mar 2023,5
200670,Manikandan.M,Very nice,01 Mar 2023,5
200670,Pema,"Great location, really good customer service, hotel has proper character, especially the rooms (we had 4 poster superior room).
To put things in perspective, stupid people will stay in an old building, suited for non materialistic customers, and then expect a modern Hilton modern room and interior.

As long as you are switched on, and understand your staying in a building that was built for your grandad's grandad was born, you will appreciate the stay, along with the furniture and interior.
If you prefer modern, look for a premier inn.
If you want original character, stay here.
It was £8 uber ride into town, breakfast was premuim and super tasty (not cheap cuts for breakfasts, although i do prefer the cheaper cuts to be honest!).
Customer service upon check-in (GM checked us in) was attentive to detail, which is unusual, as normal check-in is ""heres your keys, room down the corridor"" , so that indeed was like a cherry on the cake!

I had pre-paid for the room via booking.com , so exact",25 Feb 2023,5
200670,Shubrata Shrivastava,Good ambience,24 Feb 2023,5
200670,Manish Kumar Gupta,"This Room Give me quite and good mind the place  and receptionist treat customers  very well and location was really superb totaly value for money there is smart mart shpping malls and outlets discounted shops and Kfc  is beside next to residency room.this room is excellent 
 In terms of cost  and i paid by oyo app and reception  not ask any extra money. PUBS.....Movie Theatre..... Everything is there...... If Next Time i want Stay  then ill only stay in subharwal residency *Address*: 11 Bus station, Shantinagar Bus Stand KH Double Road 90 Kengal Hanumanthaiah Road Sudhama Nagar, Double Rd, opposite Shanthinagar, Bengaluru, Bangalore
*Reception Contact*: +918035295738",20 Feb 2023,5
200670,VIMAL RAJ,Good,19 Feb 2023,5
200670,Manikandan.M,Good,19 Feb 2023,5
200670,Ajay,"Good location, good staff I will come to business purpose and stay the room is beauty and also food is good",19 Feb 2023,5
200670,abdul qadir,Good room for good rate am very happy for this rate no doubt its very clean toilets good appearance,19 Feb 2023,5
200670,Nitin,"Good hotel , co operative Staff, Good Ambiance, location in prime area",19 Feb 2023,5
200670,Naushad,Nice,17 Feb 2023,5
200670,Kumar Ramachandran,"Stay was good. Food need to be ordered from outside(we used swiggy, they allow they swiggy guy to deliver till room) so had no issues. Cheap and good for family.",27 Apr 2023,4
200670,Jerom,"It was nice but at initial no water , towel was given also Ac remote was also not available I need to ask for that .
Also towel was having some lipstick things other that it was nice.",25 Apr 2023,4
200670,Tiyasa Baulia,All over was good,22 Apr 2023,4
200670,Sayandip Chaudhuri,The stay was nice and comfortable,05 Apr 2023,4
200670,Surendra Vaishnav,Overall good,03 Apr 2023,4
200670,Ajay MahadevAmbi,Good,01 Apr 2023,4
200670,Vijay Britto,It's pretty good for the price. Pleasantly surprised.,30 Mar 2023,4
200670,Lalit Saraf,"Good / decent rooms, given the price changed",16 Mar 2023,4
200670,kulkarni sushma,locality.overall ok,13 Mar 2023,4
200670,omkar balekundri,"Spacious, clean and hygiene",10 Mar 2023,4
200670,omkar balekundri,"Spacious room, clean and hygiene",09 Mar 2023,4
200670,918889006882 Tiwari,Room was not properly managed and clean,24 Apr 2023,3
200670,Arun,Average and good hospitality but the rooms are not clean enough for a family bathrooms are not clean,10 Apr 2023,3
200670,Ayush jain,The property was good but the maintainable was not that good AC was not working and the glass plate were not properly washed and towel was stinking,02 Apr 2023,3
200670,Tousif Baig,But he extra charge me  300 rs. to A/C use I didit liked that's.  tv is nit in work and other  thing is  good staf is friendly  behavior and cleand,13 Feb 2023,3
200670,Meher Rajeevam,AC not working.. but the staff was polite .. canbe more better for the price . But sometimes don't have an other option . The best thing is it's in center place everything is near by only . KFC is at down . No problem for food,16 Mar 2023,2
200670,KribanidhiLingam V,We where asked to pay extra money on the spot. Room was not worth the price. Lot of cheaper Better Rooms are available.,15 Mar 2023,2
200670,Saurabh Singh,"The condition of the room was pathetic. No light no ventilation. The bed was moist. I had booked a stay there for around 8 days but has to leave the hotel after 2 days only. The staff even charged for water bottles, they were not providing free water in the room. TV was there but no channels working. I even requested for room cleaning in the morning, but it was only available after 12 pm. There was no phone to connect to the reception, and everytime you need something you have to go down 2 floors to talk to them. The stay was one of the worst I have experienced in some time now. It was so bad that I left it in 2 days, even though I had made full payment for 8 days.",25 Apr 2023,1
200670,Abhinand,"Booked an AC room but the AC was not working and the water from the AC was all over the floor.
Health faucet was leaking also wayer",22 Apr 2023,1
200670,Josuva Jack,Worst service,09 Apr 2023,1
200670,919461052581,"The photos uploaded of the hotel and the actual room was poles apart. It was so pathetic had to request them to change my room. The changed room was still in which was liveable for a night. Charged extra amount for early checkin whereas the conditions of the hotel were pathetic.. I was not able to modify the booking otherwise would have changed the hotel
 Not a pleasant experience here
 Will never book it again.",07 Apr 2023,1
200670,Ranjit Singh,There was no doormat outside baathroom. I had to ask for the soaps for freshup. No phone was available in the room to call reception. Mirror was available only in the bathroom and not in the room.,17 Mar 2023,1
200670,Sam,Room was not available.,15 Mar 2023,1
200670,vinay,Out look is good but  no tv Flore is very dirty ac cooling also nt there wifi coverage also poor floor is completely dirty and lobby is completely sigarete smell this property is only suit for batchulars nt for family,10 Mar 2023,1
200670,Sridhara BR,Nothing to say for liking.Very Bad smoking smell received when entering the roomnNo basic things like Towel and Mate,08 Mar 2023,1
