hotel_id,user_name,review_text,date,title
200956,Pallab Layak,none,31 May 2023,5
200956,Shyam K,none,14 May 2023,5
200956,R Harshith Gowda,none,11 May 2023,5
200956,Lijo Johnson,none,09 May 2023,5
200956,s.k shardey,Nice,30 Apr 2023,5
200956,Qmod,Thank you Oyo for helping me to find a such good hotel💜💜,24 Apr 2023,5
200956,Mohan,Very clean and easy to check in but need to pay money in hotel only as they requested to select pay at hotel option.,24 Apr 2023,5
200956,R Harshith Gowda,none,22 Apr 2023,5
200956,Vinod,"Its was very good maintained, it was well equipped furniture, TV, Ac, Fan, Giesser, Chair and Receptionist also Good",21 Apr 2023,5
200956,Pooja Sathyakumar,"Well maintained room, clean bathroom",20 Apr 2023,5
200956,Manohar,"Nice rooms , good quite place",20 Apr 2023,5
200956,918931001708 Dwivedi,"excellent hospitality.very neat nd clean rooms,lift is also available here.easy to find.wifi is also available here.excellent experience staff is also very cooperative",18 Apr 2023,5
200956,Rajasekhar,"Room was clean n good, it's a new one so everything in good working condition. 
Washrooms also good. One can choose in affordable price.",15 Apr 2023,5
200956,Lijo Johnson,Very good stay at very cheap price. Loved it. Hotel ambiance is 😃👍,14 Apr 2023,5
200956,sandeep kr,Nice experience with quick check in and a neat room,10 Apr 2023,5
200956,Nish,Clean and tidy hotel with kind staff,09 Apr 2023,5
200956,Afsal,Nice,09 Apr 2023,5
200956,Sri entp.,It is new  property and great with smart tv,05 Apr 2023,5
200956,shilpa,Had a smooth checkin experience. It is a good business hotel,03 Apr 2023,5
200956,Kranthi,Super services excellent maintanance,02 Apr 2023,5
200956,Chirag,It is nice hotel with good amenities.Location is really good and is bang for the buck.The cleaning can be improved a little though.,01 Apr 2023,5
200956,Chirag,Hotel is good.The rooms are really worth the price.All the necessary amenities are present here .Location is great too,29 Mar 2023,5
200956,Chirag,The hotel is nice.Staff is good.Rooms are very spacious and airy.Location is good too.Facilities are great,28 Mar 2023,5
200956,Rahmat,A great and clean hotel,28 Mar 2023,5
200956,GangsSrinivas,"Hotel is good, bew hotel economy stay",28 Mar 2023,5
200956,Himanshu,none,27 Mar 2023,5
200956,Irshad,none,23 Mar 2023,5
200956,Sachin,Good,23 Mar 2023,5
200956,Nikhil,"Oyo is good, some hotels does not accept booking but the customer care of oyo is really good they guide and help us get proper service",21 Mar 2023,5
200956,maneesh p vipul,very good,16 Mar 2023,5
200956,Lohith,Oyo is very good and it gives much better discounts and where ever will go there is a Oyo recomended rooms available in each and every area.So I am very thankful to the Oyo.Thank you very much.,16 Mar 2023,5
200956,Karunakaran,Nice,15 Mar 2023,5
200956,Joseph Richay,"The rooms were clean, very comfortable, and the staff was amazing. They went over and beyond to help make our stay enjoyable. I highly recommend this hotel for anyone visiting",11 Mar 2023,5
200956,Joseph Richay,"Very friendly warm welcoming staff 
Rooms are neat and clean",11 Mar 2023,5
200956,Ankit,Very nice,01 Mar 2023,5
200956,anamika saju,Good stay,01 Mar 2023,5
200956,Vinod,"Its a new building, its Clean place, very good place, easy to enter, lift also available to easy access, it is also engaged good people for greeting guest in reception, it is also having enough space for parking our vehicles",26 Feb 2023,5
200956,Subramanyam yalla,Welly maintained,26 Feb 2023,5
200956,Ram,"Excellent maintenance and good ambience, very clean and neat, good staff, good environment, good place to live",21 Feb 2023,5
200956,Rakesh M,Rooms were very good new very co operative staff nAmazing stay.Nothing,19 Feb 2023,5
200956,Arun,Nice rooms and good staff,19 Feb 2023,5
200956,RAHUL AK,"Good stay, and well behaved staff",14 Feb 2023,5
200956,Dhiraj,"Amazing hotel as reasonable price, staff were excellent.",14 Feb 2023,5
200956,Charan Raj,Thank you Mannan for the experience,12 Feb 2023,5
200956,40590,Saroom is excellent so service is good everything is fine,29 Jan 2023,5
200956,Divyesh Patel,"The property is located in a quiet location and it's a new property still works are going on . Cable connection not available yet , towels and toiletries too not available. Rooms are neat and clean.",17 Jan 2023,5
200956,Nish,"Nice hotel with smart tv and wi-fi. has table
and chair. clean tidy hotel with polite staff. good oyo",19 Apr 2023,4
200956,Akhil K,Rooms are cleaned maintain good condition but the reception boy behaviour not good,17 Apr 2023,4
200956,Uma Iyer,"new place..staff needs traininglocation, dry cleaning, new property.the support staff",14 Apr 2023,4
200956,Pranav Bakshi,Google place but service was not upto the Mark,14 Apr 2023,4
200956,Jerom,The room was clean.,05 Apr 2023,4
200956,Sudeshna Dey,The service was really good,03 Apr 2023,4
200956,vignesh Radhakrishnan s,Good,21 Mar 2023,4
200956,Chirag Sood,Nice Oyo.newly constructed. It has all the amenities of a business hotel.Location is also prime albeit a little far away.,18 Mar 2023,4
200956,Nandish YR,"Room is good,staff behaviour is good,nice area, but they should give complementary water to drink",18 Mar 2023,4
200956,Karunakaran,Sir I booked online but he say amount not received next time don't book online  come directly and pay 1000.1st time I got AC roam 2nd day non ac room,17 Mar 2023,4
200956,Roshan Kumar,no power backup and no food in near by area.,23 Apr 2023,3
200956,Pawan Kumardas,power backup is very bad issues they don't provide power backup,12 Apr 2023,3
200956,orna ghosh,"It is a new property, yet the shower was broken and basic amenities were unavailable.",10 Apr 2023,3
200956,Amulya Rao,There was no power backup and of you are thinking to work from there their is lot of interest issue,22 Feb 2023,3
200956,Sharanya R,Bad service. Hotel staff were gawking at us. Rooms are good. But service is bad. Could have been better. Ac and bathrooms working properly,22 Apr 2023,2
200956,Akash Agarwal,"1. Pathetic location as there is no access of transport.
2. No restaurant in the hotel.
3. No room service they never pickup the phone.
4. I asked for extra towel, soap they refused to give.
5. 2g speed wifi
6. Just beside hotel is railway track which shakes up the hotel.
Please avoid staying at the hotel at any cost.",21 Apr 2023,1
200956,shilpa,"Something or the other was broken in every room they showed... One had shower head broken, another had ac not working, another had the geyser not working (discovered the next day, and so he got hot water bucket for bath!!)",05 Apr 2023,1
200956,XXX XXX,They didnt let me check inn as it was a late check inn i had to call oyo helpline then they letted me check inn,11 Mar 2023,1
200956,Satish Kumar,"As shown in the pictures there is no swimming pool , no room service and nothing there",08 Mar 2023,1
200956,Pavitar,Was asked for extra money at the hotel,19 Feb 2023,1
200956,Aditya,"The hotel charged extra money for early checkin which is complementary as per OYO policy after 9AM.
I don't know why OYO is not interfering on these cases nowadays.",15 Feb 2023,1
