hotel_id,user_name,review_text,date,title
200991,guest,Nice stay,16 Apr 2023,5
200991,Krishna kanth,Good rooms,16 Apr 2023,5
200991,guest,Nice stay property policy is be silent that is good for everyone,09 Apr 2023,5
200991,Dilip,Nice,09 Apr 2023,5
200991,Hari,Nice stay for family,08 Apr 2023,5
200991,Alluri Srinivasa raju,pleasant stay,28 Mar 2023,5
200991,Dilip,Nice stay,13 Mar 2023,5
200991,Dilip,Suitable for family stay business visits and good for silent area and it was residential and conditional room operations,05 Mar 2023,5
200991,Dilip,Nice stay,20 Feb 2023,5
200991,Sasikala,Good stay for,17 Feb 2023,5
200991,aman mirza,Nice stay,16 Feb 2023,5
200991,Maruti,Nice rooms,14 Feb 2023,5
200991,Hari,Family stay very good rooms small but clean,12 Feb 2023,5
200991,Dilip,Good for family stay,12 Feb 2023,5
200991,Nagaraj Naga,Nice stay,11 Feb 2023,5
200991,KOUSHIK DEY,good hotel,15 Jan 2023,5
200991,Hari,Interaction of team cleanliness of property location of property in residential very silent and it seems very good for family and couples but terms and conditions are there,13 Jan 2023,5
200991,surendhar,Room is gud and receptionist is gud but tv is not working is the only problem otherwise the room is gud,25 Apr 2023,4
200991,BHOOPATHY,Room and everything is okay good,14 Apr 2023,4
200991,karthikeyan,Accommodation good.. mosquito issue and fan not works properly.. please check before login this issue with receptionist.other than this everything alright,14 Apr 2023,4
200991,Chanakya GC,"Small room but clean, receptionist was rude",24 Jan 2023,4
200991,Paras Jha,Average,06 Apr 2023,3
200991,Thamarai Kannan,Ok,29 Mar 2023,3
200991,Dhanish,When I paid through the Oyo app the receptionist asked me to pay extra 300 rupees,26 Feb 2023,3
200991,Pampanagouda Patil,"I didn't like anything and room is not clean and no power backup 
Representative is very rude",08 Apr 2023,1
200991,Abel,Check in process took so long and the management was asking for extra money,04 Apr 2023,1
200991,Nidhish Kumar,"The hotel was very poor..They charged price  much more than showing on Oyo app .
The staff and owner  was of very poor nature..no facility available...like water.in washroom..there is no take care...
All over ..hotel was very poor",31 Mar 2023,1
200991,shankar,Not provided sampoo nor soup,06 Feb 2023,1
