hotel_id,user_name,review_text,date,title
20114,Salman,Good food,08 Apr 2023,5
20114,Alex Savi,The room is good and the hospitality is also great. They gave me clean towel and soap. room is well maintained. Parking space is also available.,10 Jan 2023,5
20114,Abhisek Dalai,Good,22 Sep 2022,5
20114,Manoj MJ,Good,26 Jan 2023,4
20114,Shyam,"Room was good and from OYO app while booking room it’s show 65% off and after discount it shown 543Rs. I paid and went there again they collected 400Rs there, not good to book from OYO app.",30 Dec 2022,4
20114,Jenif Nath,"Tv recharge was not there 
And bath towel, soap was not there",21 Nov 2022,4
20114,Suresh,Everything good 😊,30 Sep 2022,4
20114,Gourav Rathore,Good service,16 Aug 2022,4
20114,Suresh,The room and the area is good. Because the area is in a calm place but we have all the hotels and juice jobs very nearby.,19 Jul 2022,4
20114,M Subbaraju,No water tv Chanel not working but room cofert very. Nice,05 Mar 2023,3
20114,Pramod Ramchandra Babar,Rates are reasonable but cleanliness need to be improve. Staff behaviour is also good.,12 Dec 2022,3
20114,Aquib,Worst experience I have had in a hotel. They are charging extra 400 rs and providing nothing.,20 Jan 2023,2
20114,Dheeraj,No hygiene no water in tap AC not working mattress and bed not good,12 Apr 2023,1
20114,prabhukanth Ravula,"Hi i booked in the app,after going yo oyo room they are asking for 1000 rupees, so i didnt stayed there and searched for another hotel got luckily in seasons",11 Apr 2023,1
20114,JithinKumarJp,"Am booking through oyo at 490 . After I reach the hotel he ask me 600 more ,then what is the purpose of this app .after my check out I seen so many reviews with the same issue . Still oyo support these kind of hotels .this is the second time I face the same issue with this app.",20 Mar 2023,1
20114,anjireddy,I was charged double rate than the original price I booked,02 Mar 2023,1
20114,Rajesh Jain,Hotel people asked Rs. 300 extra after payment on OYO. Room was not cleaned properly so left hotel within an hour,18 Jan 2023,1
20114,Chandan,"When I booked this hotel from Oyo app after discount i paid around 700 /650 after which when I reached the location the hotel guy tell me that tere is no rooms available and after which I said him that I have come from far location kindly adjust me a room that guy took almost 25 min and then told me sir you have to pay 400/- more then we can arrange a room for you but you have to check out by 4 o clock i tried calling Oyo customer care number but I was unable to connect to the team so I decided to pay trough online so that I will have a proof to update it.

Kindly resolve this concern in priority basis.",11 Dec 2022,1
20114,Shridhar S,Worst quality .... No hygiene and very poor service bad smells. . ovel all not recommended,05 Dec 2022,1
20114,Reddy,Hotel people collection extra money,18 Oct 2022,1
20114,918052706016 Patodia,"Extremely dirty hotel. Had very bad smell thorughout the room. Ac was not functioning. In night, lot of mosquitos and insects come to room. Very old bathrooms and dirty too.",25 Sep 2022,1
20114,Natesh karthik,"Room is not clean, very smelly and dirty. Towel and soap were provided only after I ask them",25 Sep 2022,1
20114,V PRAVEENKUMARREDDY,I have booked a room and after going there they have informed that room is not available. I have made a payment and they didn't refund or cancel that room.,15 Aug 2022,1
20114,Atanu Chaudhuri,pretty badLocation.Staff were not aware of our booking. This is being run from a residential property with no amenities. There was no water in the toilet throughout the night. One room had no keys.,28 Jul 2022,1
20114,Niranjan ReddyMasapeta,Still waiting for 1000 refund that was offered to me,18 Jul 2022,1
20114,Gowtham,they said room was full,09 Jul 2022,1
20114,Satyapramod Guddad,"Room shabby, AC not working, no hot water in the bathroom, full of mosquitoes. The room was worse than a jail. Recommended never to even try this.",09 Jul 2022,1
20114,Thoufeek M.R,very poor hospitality accommodation not working TV AC GUIZER un satisfied.😭😭😭😭,20 Jun 2022,1
20114,Seshanarayanan,I was asked to leave as the owner said OYO cheated him. I went to a different hotel and paid a heavy price.,15 Jun 2022,1
20114,Hemathiri,extra amount ask not good cleaning no Water and no food available,07 Jun 2022,1
