hotel_id,user_name,review_text,date,title
201387,sasidhar Reddy,"When I first time came to the location and search for hotel i didn't find it, as it has no boarding. And the rooms are not very clean",20 Jan 2023,3
201387,Ahna Gupta,"I had booked it through Oyo agent and paid full amount. I shown them the email of my full payment still they took extra 1000 rs from me. The room which they gave was pathetic. Washroom was not at all clean. Guest can not even stay for few hours. No service, no water service even... Wastage of money... Oyo should remove this hotel under ita name... This hotel should be blacklisted. Take action on this hotel as they take extra amount from guest when guest is going to check in.",19 Apr 2023,1
201387,Yogesh Mulajkar,I have booked the room and paid the full amount. On arrival the hotel representative said the room was not available and they gave the same room to someone else. So it is cheating with the customer after full payment. They are earning money for the same room for two different customers. No courtesy to call or provide update to customer. Also make my trip not provided near the hotel and reimbursement for hotel and cab expenses occurred due to their mismanagement. Offerning of alternative hotel is far from the location where it is supposed to work and it is hectic due to traffic. Request to makemytrip to refund my booking amount,08 Feb 2023,1
201387,Madhu R,Couldn't even find this hotel. I went to the location mentioned. But i didn't find any OYO hotel there. Called the customer care. They also did not help and disconnected the call saying that they will send the correct location on WhatsApp. But they did not send any location. I tried directly calling the hotel number. But the call was not received. Extremely disappointed with the services from OYO. I had already prepaid the money.  My money is lost now.,31 Jan 2023,1
201387,C MSurapaRajuM,Showed around 350 per day while booking and the hotel charged around 1000. The hotel showed as 3 persons check in where as the booking is only for one person. The room is not good as well.,30 Jan 2023,1
201387,Abhishek Alex,Guys don't go this hotel totally fraud 2 names in same hotel and asking extra money in hotel and room also not good and tv not working ac not working totally fraud this hotel,29 Jan 2023,1
