hotel_id,user_name,review_text,date,title
202308,Vaibhavi shah,none,06 May 2023,5
202308,Noor Alom,none,30 Apr 2023,5
202308,Bharat kumar,Pleasent stay👍🏻,23 Apr 2023,5
202308,Manish Kumar,It's such a amazing room lot of space is there and room is full clean and washroom is also full clean and big room and it's such a amazing place to stay and there is big parking area.Staff are so nice we reached hotel at 1 o'clock he opens the parking area for us and the manager is also nice he didn't ask for extra money because now days other hotel is asking for extra money and timings also was the issue but here no issues,04 Apr 2023,5
202308,Sharmila Soni Rai,"Nice room all is good. maintenance, hygienic and cleaning....
I like this room❤️❤️❤️❤️",04 Apr 2023,5
202308,Steve stagy,"I recently stayrd at an oyo over a weekend and i have to say,I was thoroughly imptessed.The staff were incredibly friendly and acoomodating,and the room was spotless and well-appointed.I particularly appreciated the confortable bed and modern amenities like the flat screen TV and AC.Additionally the hotels location was perfect location where everything was reachable distance.Overall my experience at OYO was fantastic and I would highly recommend it to anyone looking for a comfortable and convenient stay",03 Apr 2023,5
202308,Vinyas Shetty,One of the best oyo's! Everything was excellent! Just needs cloth hangers in the bathroom!,02 Apr 2023,5
202308,Aaryan Jha,"Hotel is very nice, staffs are very friendly.",15 Feb 2023,5
202308,Prithwi RajK,"Hotel is brand new, staff are good, daily cleaning is required and further in house restaurant is missing.",02 Apr 2023,4
202308,Shahid Arban,"The staff is really friendly and responds quickly. The room was well cleaned and has all basic quality necessaries . However , there is less ventilation and i'd suggest to better the ac quality.",13 Feb 2023,4
202308,Mahmoud T,Ok ok,01 Feb 2023,4
202308,Sarath K,"I had a problem with Hotel Checkin, I paid full amount while booking hotel. However, hotel management asked me to pay extra Rs. 400/- otherwise checkin will not accepted which is very unprofessional.
I have escalated this to Goibibo customer support and support team had a discussion with Oyo and hotel guys and informed me to pay additional amount which hotel was asked and Goibibo will refund the additional amount paid by me during checkin.
Awesome support provided by Goibibo customer support and they followed up with me on refund process.

Other than checkin issue, had a pleasant stay. Room and washroom are well maintained. Car Parking available in basement.",22 Apr 2023,3
202308,Mahadev,"No hot water no dish,",05 Mar 2023,3
202308,Roy Roberts,I paid. Yet had to pay extra at the hotel.,21 Apr 2023,1
202308,usman,"The mangar ask me to pay more amount after payment and when i ask him to give me the bill he denied to me 

And the staf was not responding as i ask them about the hot water but no one responded to me as i was relly upset with the service",13 Feb 2023,1
