hotel_id,user_name,review_text,date,title
203193,Ansil hussain,Its a gud app for low rate hotels and well maintained rooms,02 Apr 2023,5
203193,Musa Knowx,Everything is perfect,07 Mar 2023,5
203193,rahul varma,Very good morning sir ji how are you and your family a very happy new year to you and your family a very happy new,20 Feb 2023,5
203193,Rajni kumariSingh,Stay was good. Ambience was nice. Place is near to golf court. However there is some confusion with oyo team and hotel prices.,20 Feb 2023,5
203193,arun shaji,Good maintenance. Neat and clean rooms,20 Apr 2023,4
203193,Bobby,Good but not best,19 Apr 2023,4
203193,Sumit,Nice room n maintenance clean easy checkin n check out had a good experience staying over there hope to come back again n spend some more time tqsm Oyo for this nice experience,23 Mar 2023,4
203193,MahendraSingh,Stay was nice,18 Mar 2023,4
203193,Steve Daniel,"The suite suites property is a good establishment for its price range, I was initially relocated to this property due to an over booking at another Oyo property. You cannot use Oyo credit at this property for your booking and i was asked to pay the full amount for the nights stay.the property is clean everything in the room except the tv was functional and when asked for an extra towel they were unable to provide one",19 Feb 2023,4
203193,Tandra Mukherjee,Room service is bad. Tv is not running.,28 Apr 2023,3
203193,Soundhar,The room is very normal with nominal price. But they are not allowing for early check-in and no food is provided,25 Apr 2023,3
203193,sandip,Actually the distance is so far and hotel's room is so confused,09 Apr 2023,3
203193,jishad c,Basic facility not available,08 Apr 2023,3
203193,Raj,Better Everthing,03 Apr 2023,3
203193,Jigar,"AC was not that great, flush in was not working",01 Apr 2023,3
203193,Sudhanshu,No dustbin washroom tap was not working properly even fan makes lot of sounds unable to sleep and ac remote is not functioning properly.,23 Feb 2023,3
203193,Deva,Good!,14 Feb 2023,3
203193,Pradeep Kumar,"Rooms are not  cleaned & no soaps,",23 Apr 2023,2
203193,sandip,"Pay now option is not working at hotel.
Hotel's say pay their payment at front desk",11 Apr 2023,2
203193,RajanBabu,none,15 May 2023,1
203193,Chandra penugonda,Very bad accomodation,28 Apr 2023,1
203193,Pavan,"This is the worst stay I have ever experienced, room was full with cockroge and mosquitoes and very dirty , and the person was in reception is said if u want to stay stay here or else go , terrible experience, it's time to uninstall the Oyo app from my phone good bye",19 Apr 2023,1
203193,Bijaya Lakshmi,"Most of the facilities dont work here the taps swithches some of the lights, almost everything is outdated",17 Apr 2023,1
