hotel_id,user_name,review_text,date,title
203166,Nandesh,"Hotel is good. They asked for extra money apart what is shown in App. Negotiated and stayed only for 6hrs. Initially they said food is available, later kitchen was closed. Room were clear and neat. Good place.",24 Apr 2023,5
203166,monir uddin,Very good 👍,13 Feb 2023,5
203166,Hariprasad,Good,11 Feb 2023,4
203166,Ashutosh Praharaj,"Electronic locked doors , furnished ac rooms , can order from their hotel from room itself , couples allowed .",07 Feb 2023,4
203166,Vishal Kumar,Good,06 Feb 2023,4
203166,Shreyas,"The staffs are good. But the room isn't cleaned regularly. AC, TV everything works fine.",01 Apr 2023,3
203166,Rahul Kumar,Go to silicon inn right next to it  not worth it.  Just trying to match minimum character limit on this,11 Mar 2023,2
203166,NIZAM,Never a recommended hotel like in oyo.the management staff is wrost people.,06 Apr 2023,1
203166,9198764 89318 Sharma,"I booked the room 
I reach the location and i couldn't find the hotel the at location",14 Mar 2023,1
