hotel_id,user_name,review_text,date,title
204208,Yousuf,none,02 May 2023,5
204208,Girish,none,21 Apr 2023,5
204208,khadar,"Excellent and we'll maintained....suggested for a stay , if price is optimal",21 Apr 2023,5
204208,Girish Gowda,Good Staff and Place,18 Apr 2023,5
204208,Inbarajan S,"Good hotel and friendly staff. 

Very close to most IT offices ar Whitefield.",16 Apr 2023,5
204208,Kumar Surya,The service was awsome and tge response was instant. The ammenities were well looked and maintained properly.,16 Apr 2023,5
204208,Hyder j,The property is in a good location. Nice service and friendly staff. Well maintained and hygienic rooms.,01 Apr 2023,5
204208,Banu,The stay was really pleasant. Clean room nd spacious.... Really at a good location.... Will definitely go again...,26 Mar 2023,5
204208,Soni Samir,"Rooms are clean and hygiene , hotel staff is very supportive.",22 Mar 2023,5
204208,Khalilur Rahman,Nice hotel and good rooms,20 Mar 2023,5
204208,Tikesh Kaushik,It's was good experience,19 Mar 2023,5
204208,Sameer Nalatawad,Nice and neatly maintained,15 Mar 2023,5
204208,prabhu,Superb,04 Mar 2023,5
204208,Inbarajan S,none,09 May 2023,4
204208,Chandan,Bedsheets and rugs were dirty,18 Apr 2023,4
204208,Chandu,The room was clean and well maintained but the central air conditioning isn't upto expectations since the room stayed warm and didn't cooldown enough,17 Apr 2023,4
204208,Nitin Lal,It was very nice and pleasant stay. Close to main road and nearby markets. The person at the reception is very polite and calm. Rooms were neat and clean with all basic facilities. Food can be ordered.,23 Mar 2023,4
204208,Sakshi sharma,Room is good and location is also good.Staff is rude.,18 Mar 2023,4
204208,RAMESH KRISHNA,"Good and location friendly, but need to keep neat outside and wash the blankets regularly. Apart from that its very convenient for family stay",17 Mar 2023,4
204208,Umesh,I liked the rooms and cleanliness and provided with good WiFi network.,10 Mar 2023,4
204208,Pavan,none,27 Apr 2023,3
204208,pradyumna mahapatra,They kept us waiting for 30min and then after the room wasn't clean. TV wasn't working and receptionist are rude.,23 Apr 2023,3
204208,Jamal Ali,Over all cleaning of the room was not up to the mark. Uncountable hairs on my bed. Bathroom were not clean properly. Wardrobes was not closing as it is supposed to be. Need much improvement on cleaning and rest all were was awesome. Kudos to entire F&B team. Best of luck .,15 Apr 2023,3
204208,Din Dayal,"Hotel is average, they are asking for extra money after the booking from oyo.",03 Apr 2023,3
204208,pradyumna mahapatra,The property was good and a restaurant is also available. Staff and room is good. But they are charging more money while check in.,02 Apr 2023,3
204208,Manohar,AC is not working and staff behaviour is not good they didn't explaind about room and tv also not working properly..need improvement and dust bin also not cleaned floor is looking dirty..,22 Mar 2023,3
204208,Towfiq,Need to improve,17 Mar 2023,3
204208,pradyumna mahapatra,"Asked for 300 extra and refused to give any bill, so i could claim. Service is also very poor.",14 Mar 2023,3
204208,AMOGHV,"First of all, I had booked this place through OYO app, upon reaching the hotel, the receptionist said they charge 1500/- per day ( deal I got on OYO was 1250 per night , stay for 2 days makes it 2500/-) but I was charged 3000/- for 2 nights stay saying our rates have been revised, this should not happen to the customer post booking at a decided price. The health faucet of the bathrooms were broken. Poor service! Not happy with the stay!",14 Apr 2023,2
204208,Meera Gowri,zero cleanliness nreception support was not friendly,01 Apr 2023,2
204208,tanya sharma,The staff was fine but they asked extra amount while checkin. It was very bad that even after booking from make my trip this issue was being faced. There has been no help as well for this. I ended up paying extra amount since i was in hurry to leave for work.,19 Mar 2023,2
204208,shashwat shankar,"Very bad experienceLocation.The hotel in completely running on fake promises. The hotel have completely destroyed my perpose of booking it. Below are the issue which I have faced in the hotel room. nn1. Extra charged on check in.n2. No availablity of drinking water in hotel. I have paid extra amount to purchase water bottles.n3. Room was not clean, there was hairs on my bed sheets and when I have told them to clean they said that there is no extra bed sheet available. n4. There was no room service available at hotel.n5. TV was not working in the room. when I have asked them to fix it they have completely denied it.n6. washrooms were in a very bad condition",23 Apr 2023,1
204208,Sayan Samanta,"Very bad don’t go if u batches and single they will  not give room as per room its 1700 one day but very suffocating weather insides not maintained hygiene and they are not following oyo rules ruls also whatever they want that only you have to listen 

Over all very bad u will get 700to800 price range better room than this one",22 Apr 2023,1
204208,Sarath,Very bad experience from hotel management… We got breakfast after a fight… I have already paid for food… and even they charged heavy amount for early logging…. Room is not good.. bath room also…Totally waste…,17 Apr 2023,1
204208,Lokeshreddy,Firstly I booked online..... how can can the receptionist ask extra money this is tooo too bad....m..I last my chain dollar also no one responded.. please don't pick this hotel,05 Apr 2023,1
204208,SreenivasulaReddy MamillaVenkata,"Hotel Staff asked for more money to check in to the hotel. They asked 500₹ extra money by saying prices changed, online not updated etc etc. Waited for 45 mins by calling customer support and get the issue resolved. Room is good, but no TV channels. No lights in Bathroom",04 Apr 2023,1
204208,chiranshu khandelwal,Worst experienceNothing was good. They asked me to give extra money to get a room in hotel. Which i had to pay as i had no other choice. Don&#39;t book room in this hotel.Nothing was good. They asked me to give extra money to get a room in hotel. Which i had to pay as i had no other choice. Don&#39;t book room in this hotel,12 Mar 2023,1
