hotel_id,user_name,review_text,date,title
204343,murali k,Room is OK but blanket was not gud,13 Mar 2023,4
204343,Ankur,"On the app it shows four hundred something, but once I go their for check-in, they said they do not have any room at this price, they only have room above one thousand and they completely deni",20 Feb 2023,3
204343,Pankaj Mahto,"The owner was so rude, once I visited to Hotel they were asking for more money,I had booked on 500 around and once visited ,they told we have for 800 and above rooms are available.
Don't book and for this flagship hotel. You will face a lot of issue.",03 Apr 2023,1
204343,Mohd Saalim,Very bad.Worst,14 Mar 2023,1
204343,Akash kumae,none,26 Feb 2023,1
204343,Anand,In oyo app showing 545 but they took 800 rupee. I asked about it they told don't believe oyo app it's simple waste,17 Feb 2023,1
