hotel_id,user_name,review_text,date,title
204645,chandan,none,26 May 2023,5
204645,Venkateshwar Reddy,Really the room were neat and hygienic and room service and amenities also good and the prices also affordable,14 Apr 2023,5
204645,Rohith,Excellent service and best in hygiene,09 Apr 2023,5
204645,Bairi Solomonraj,"Nice ambiance, friendly staff and rooms were very neat and their service in very good and I'll visit again and again to same hotel. Finally thanks for Oyo team for given good hotel to stay....!",02 Apr 2023,5
204645,Ravi C,Very friendly staff nice room,16 Mar 2023,5
204645,Sujay Javali,"From my experience 1 day stay is good..Good bed ,clean room and bathroom, enough Hot water.Staff communication and little more experienced Staff and TV should be repaired before people come to stay and should provide generator and should provide themself voluntary wifi password.",11 Apr 2023,2
204645,Antony,"They always ask you to cancel Oyo and book directly.
And charge the double rates for the same room.",19 Mar 2023,2
204645,Anup Shankar,none,15 May 2023,1
