hotel_id,user_name,review_text,date,title
204865,Subodh Acharya,Good,19 Apr 2023,5
204865,Indresh,Good,15 Apr 2023,5
204865,rino,Nice rooms nice accomodation,14 Apr 2023,5
204865,Jinumon Thomas,Good stay,31 Mar 2023,5
204865,R Soundar,I am not stay there. Pls refund my moneyNothing to like there.Is not a hotel. Is a local bar. I am stayed at other place,24 Apr 2023,1
204865,Nitin Mokase,"Staff very rude
Small rooms they provide 
Worst experience for couples",12 Apr 2023,1
204865,KRISHNAMANENI NAVEEN,I have booked AC room but it is no AC I want refund,28 Mar 2023,1
