hotel_id,user_name,review_text,date,title
204987,Mohammad Imran,Nice hotel good staff new hotel place is good and very clean hotel very neat good behaviour of staff,10 Apr 2023,5
204987,Rakhi Deorankar,Good maintenance,11 Apr 2023,4
204987,Ravikumar,Hotel was good but they charged extra,09 Apr 2023,2
204987,Ashok Daiya,They asked for extra money to check in,18 Apr 2023,1
204987,Kiran,While checking in they ask for extra money than what is mentioned in the app.,18 Apr 2023,1
204987,Avinash L,Asking 400 RS more  very bad experience after traveling 15 km in night 12:30 am,14 Apr 2023,1
204987,PREETHAM,"The hotel people collected 350 extra and denied the room if the payment is not made
So at 11 30pm we have no other choice but to pay
This is really very bad service from oyo.
Despite making complete payment, the hotel people asked for extra payment of 350 Rs",04 Apr 2023,1
