hotel_id,user_name,review_text,date,title
205478,harsh,It's a really nice place with a very good host named Omkar,18 Apr 2023,5
205478,Sai Karthikeya,Room was new but the locality is not that great. Near a drainage pipeline. No ac and hot water. This could be improved,18 Apr 2023,5
205478,Ansh,Very pleasant stay loved it was very cool and near to my destination so yeah enjoyed the hotel's environment and thanks for the management,14 Apr 2023,5
205478,Periyasamy,Excellent staff behaviour and the room was clean.,04 Apr 2023,5
205478,Amul Bharath,Nice employee fully help full good service,03 Apr 2023,5
205478,ladha Singh,Omkar was helpful and provided good service of food water and the rooms are clean,31 Mar 2023,5
205478,Akshay Sunil,none,27 Mar 2023,5
205478,Akshay Sunil,none,26 Mar 2023,5
205478,Vaibhav Edake,Good,18 Mar 2023,5
205478,Midhun Martin,"The hotel room and lobby was clean, the people were friend and helpful, there are restaurants near the hotel so getting food is not an issue, it's quite near to the mysore satellite bus stand, the rooms have good ventilation and a small balcony. It was good experience.",07 Apr 2023,4
205478,Rajendra Prasad,"It’s almost on the main road and it’s maintained clean. This kind of cleanliness and with the rate they are charging, it’s 100% value for money. Everything is close by and you can trust this hotel for a clean place.  

You can not get a better deal with good cleanliness in 2013-24.",02 Apr 2023,4
205478,Nilamjyoti Changmai,Bathroom no water. No wifi no geyser full time. No wifi.,20 Mar 2023,2
205478,Anubhav Grover,"The hotel is adjacent to a stinking drain. Very bad smell throughout the stay. Had to vacate a day earlier.Plus the staff was trying to force me to give 5 star rating. When I refused, they started shouting.",16 Apr 2023,1
205478,Kishore,Worste hotel never visit no safety receptionist bhevior bad money waste no clean,13 Apr 2023,1
205478,Muthiah,"Good and cheap booking this room am was full satisfaction full filly fully furnished, thank you for providing Good and cheap rate in bhel  electronic stop. cheap and  best location bangalore",06 Apr 2023,1
