hotel_id,user_name,review_text,date,title
205752,Aran,none,27 May 2023,5
205752,Aran,none,04 May 2023,5
205752,Aran,none,01 May 2023,5
205752,Aran,none,01 May 2023,5
205752,Aran,none,01 May 2023,5
205752,Bhakt Jain,Clean,22 Apr 2023,5
205752,Ahmed,"I had a wonderful experience at the COLLECTION O HOTEL ROYALAX. Every staff member I encountered, from the valet to the check- in to the cleaning staff were delightful and eager to help! Thank you! Will recommend to my colleagues!",15 Apr 2023,5
205752,Aran,"The rooms were clean, very comfortable, and the staff was amazing. They went over and beyond to help make our stay enjoyable. I highly recommend this hotel for anyone visiting downtown",15 Apr 2023,5
205752,Aran,They were extremely accommodating and allowed us to check in early at like 10am. We got to hotel super early and I didn’t wanna wait. So this was a big plus. The sevice was exceptional as well. Would definitely send a friend there.,15 Apr 2023,5
205752,Aran,"Overall good stay , clean and neat rooms good place to stay with friends and family would recommend this hotel to my people’s keep up the good work. Good locality",14 Apr 2023,5
205752,Aran,none,14 Apr 2023,5
205752,Ahmed,"Neat Rooms , Nice atmosphere, Good staff , Hotel is located near by bhartiya City . Lot of eateries nearby would recommend this hotel to everyone .",14 Apr 2023,5
205752,Surya Pratap,Very nice,08 Apr 2023,5
205752,Ahmed,"Neat and clean hotel . Made booking for family good rooms, Staff is well trained staff behaviour is good , quick check in process . Loved the ambience nearby restaurants and nearby bhartiya City mall.",16 Mar 2023,5
205752,Aran,"Hotel is well maintained. Staff is good , clean and hygienic",16 Mar 2023,5
205752,Aran,Good Rooms and Good service provided by hotel . Hotel staff is very good and they are helpful. Loved my stay,16 Mar 2023,5
205752,Anjan Chetia,Hotel is quite impressive,10 Mar 2023,5
205752,Akshay Satpute,"Within this price range, the hygiene and the cleanliness provided is very much satisfied and should be appreciated.
Thank you very much for nice gesture.",30 Mar 2023,4
205752,Nithin,none,16 May 2023,1
205752,sanjeet kumar,Ac is not working,06 Apr 2023,1
