hotel_id,user_name,review_text,date,title
205762,ramakant Chandel,Great accomodation and service. Comfortable stay with a peaceful environment. Highly recommend.,04 Apr 2023,5
205762,Anoop,Good,19 Mar 2023,4
205762,Devanand Mahadeva,An unkept place in a good location for day travelersLocation is ideal for transient travelers. The check-in process was pretty swift.It is a dirty place with unkept toilets. The bedsheets should be cleaned better. Not a decent looking place.,19 Apr 2023,2
205762,Vani,My booking was canceled and no refund,27 Apr 2023,1
205762,Vinod Kumar,"There is no even one aspect for good.It is the worst stay, after booking asking for extra money at the time reaching there, no kindly speaking to the customer.... work hotel i have ever seen",18 Apr 2023,1
205762,nambirajan,"I booked that hotel and paid way online
But that hotel person told online payment not accepted
That's why my booked amount was loss 
Where will I tell that's hotel easily cheating to me",05 Mar 2023,1
205762,Linith,Worst maintenance no ac room not clean,05 Mar 2023,1
