hotel_id,user_name,review_text,date,title
205835,Manoj,Very neat and clean rooms and friendly staffs,31 Mar 2023,5
205835,AKSHAY,"Fabulous stay, couple friendly",16 Mar 2023,5
205835,AKSHAY,"Worthfull room, spacious clean rooms, staffs also friendly in nature, fabulous for family",06 Mar 2023,5
205835,Pavan,Good place with Good staff,20 Apr 2023,4
205835,KANAV,"It was a decent hotel. But i had to ask for many basic things like drinking water, towels, clean bedsheets from the reception.",22 Apr 2023,3
205835,XXX XXX,now better fecilities available,13 Mar 2023,3
205835,SATHISH,"They are asked extra money for check in and also I paid,after that also I get a poor room there is no fan,tv,water, don't go with this totaly waste.....",18 Apr 2023,1
205835,Nikunj Savani,"They don't have any service for food or water , you have to order from zomato or swiggy for water you have to pay extra in hotel they are selling in hotel, bad are not clean properly , In morning no hot water for shower,",13 Mar 2023,1
