hotel_id,user_name,review_text,date,title
206396,Girish,Location is good and well maintained,20 Mar 2023,5
206396,Anshuman Dwivedi,"Good studio rooms, proper WiFi, TV, hot water services. Would recommend this hotel for shorter stays.",13 Apr 2023,4
206396,Garima,Good,18 Mar 2023,4
206396,Kulkarni Raghavendra,Regarding room eminities are good but room services are not upto the mark,16 Apr 2023,3
206396,kiran,Hotel room was okay but price was too much also they didn't provide proper facilities like fan and water.,07 Apr 2023,3
