hotel_id,user_name,review_text,date,title
206566,Harsha vardhan,They are not provide ac room not having tv and there asking extra money .,13 Apr 2023,3
206566,Akshay Choudalwar,"Soap, towels etc not provided even after charging extra pay for good rooms. Good only for one night stay",16 Apr 2023,2
206566,Unnikrishnan,"The hotel did not accept payment shown in OYO, had to pay more to get room. The room did not have working TV or AC as mentioned in the booking. The hotel said we need to pay double the amount mentioned in booking to avail those.",18 Apr 2023,1
206566,Harsha vardhan,"It was not good room, oyo was showing ac and some future but they hotel was not providing the ac and tv room",13 Apr 2023,1
206566,Ram Teja,"Noo Ac and oyo promised Ac
Noo TV
Bathroom unhygiene",12 Apr 2023,1
206566,Onkar Halmare,"location is bad, service quality is unbearable, no shower kit, no wifi, no Ac and while asking for these utilities they ask to pay more around 600, highly not recommended!",04 Apr 2023,1
206566,Hari Prasad,Not maintain clean,02 Apr 2023,1
