hotel_id,user_name,review_text,date,title
207111,Heung Lim,Prompt response.,20 Apr 2023,5
207111,anvesh,Good maintance,14 Apr 2023,5
207111,Manesh,Nice customer support the room also nice washroomwas also nicw,01 Apr 2023,5
207111,srinivas,Looks okbut need to improve maintance and needs to main,12 Apr 2023,4
207111,Pramod Dubey,Not that great,21 Apr 2023,3
207111,Nithin G,"Intially said there were no rooms available, even though booking and payment was done in advance. Hd opted for double ,but single room was provided. Toiletries, AC , Wifi amenities mentioned in OYO was not provided. Proper cleaning was not done.",22 Apr 2023,1
207111,Mohammed Rafi,Paid for 2 days allowed me to stay for single day only also no service provided,12 Apr 2023,1
