hotel_id,user_name,review_text,date,title
207513,Pushpendra Yadav,All the Oyo in Bangalore are just running scam they show price in range of 500-600₹ when booking online but after booking online when you reach the property for check-in they charge for more 500-600₹ by saying that this is our policy and if you don't want to book please cancel the check-in from Oyo they just use Oyo to attract customers to them and charge their own amount of money they want and people when in urgency don't have any choice but end up paying,23 Apr 2023,1
207513,Amruth MandappaT.S,"He charged 400 rupee extra for a room and he was rude to us. 
Worst experience ever 
Recommended not to book this room.
No wifi or hot water facility or power backup.",08 Apr 2023,1
