hotel_id,user_name,review_text,date,title
208392,Kevin,none,22 May 2023,5
208392,prinesh,none,17 May 2023,5
208392,nikhil vishwakarma,"I recently stayed at the hotel and I must say, it was a delightful experience. The staff were extremely friendly and helpful, making me feel right at home from the moment I arrived. The room was clean, spacious and had all the amenities I needed for a comfortable stay. The bed was particularly comfortable, ensuring a great night's sleep.

The hotel's location is also fantastic, with easy access to public transportation and plenty of restaurants and shops in the area.

Overall, I would highly recommend the this hotel to anyone looking for a comfortable and convenient stay in the city. The staff, amenities, and location all exceeded my expectations and made my stay truly enjoyable.",26 Apr 2023,5
208392,shabana,Super,25 Apr 2023,5
208392,Yash,Bestest place available in oyo at bangalore,22 Apr 2023,5
208392,Rahul Vinod,The Hotel was very Clean and Neat. Really met our expectations. The Staff and Housekeepers were very efficient and pleasant.,22 Apr 2023,5
208392,Rajan Das,Very nice,22 Apr 2023,5
208392,Vinayak Nawadia,Very good place. Finely felt like 1200 rupees are a worth here. Must visit. Most recommended Oyo ever.,21 Apr 2023,5
208392,Rishika,The rooms are small but the corridors are spacious. Friendly staff. Only the elevator needs to be fixed else everything works fine at a budget small duration stay.,21 Apr 2023,5
208392,917011751522,Best view and service,19 Apr 2023,5
208392,geet Ji,"The room was very pleasant, it was neat and clean. Service was excellent and incredibly varied. The hotel team has always been friendly, patient and helpful. That impressed me the most.",16 Apr 2023,5
208392,Suresh,This propert is very good staff also doing is a good skills reception is good,15 Apr 2023,5
208392,shabana,Super,13 Apr 2023,5
208392,Sagar Chavan,Neat & clean hotel,13 Apr 2023,5
208392,Anil,Hotel is at good location and staff is very polite and very good ambaince.Staff response is very good.,11 Apr 2023,5
208392,Yashwanth Nnr,Very cozy and comfortable stay,08 Apr 2023,5
208392,Dileep DM,Good to stay,04 Apr 2023,5
208392,SUBRAMANYAM,It's really good experience..nice ambience and good staff,28 Mar 2023,5
208392,Roshan Oommen,"Good,",28 Mar 2023,5
208392,praveen,none,27 Mar 2023,5
208392,Bhanu Prasad,Good,19 Mar 2023,5
208392,Santhi Kumar,Every this hotel offered,18 Mar 2023,5
208392,Kanha,"Excellent location and service

I am staying here for 6 days, nice experience 

They don't have kitchen",15 Mar 2023,5
208392,Kanha,Very nice hotel. Good location. I am staying here for 3 days. Staff is good and cleaned environment. Market is near.,13 Mar 2023,5
208392,Kanha,"Super nice! In terms of cleaning it's very hygienic. I am staying here for last two days and will continue more days. Nice location as well, very near to market place.",12 Mar 2023,5
208392,yashwan,Nice place to accmodate there the crue were friendly and easy check in if you want to extend you can easily approach them.,11 Mar 2023,5
208392,Priyabrata Jena,All the furniture and room ambience was really good,06 Mar 2023,5
208392,Samrat Saha,"Fully satisfied with the facility. As shown in picture, the hotel is same, and the rooms are same to same.",06 Mar 2023,5
208392,Harsha Sathish,This property is a relatively new property.... Rooms are good.... But still the Wifi and the TV are down.... Once all is done it will be good,06 Mar 2023,5
208392,Rajneesh Sharma,It was nice and good hotal..  Receptionist behavior is nice.. Over all had good experience in staying in this hotal..,01 Mar 2023,5
208392,Vishal Yadav,"Well maintained property and the staff was good. Had a wonderful stay only thing, I found which could be better is room size.",20 Jan 2023,5
208392,PATAN HARSHAD,Excellent accomadation. Super service. Room cleaning is good. Services also good,19 Jan 2023,5
208392,Bubesh,"Nice Ambience, Stay is good with peaceful Atmosphere, Rooms were good and also has a good parking facility.",14 Jan 2023,5
208392,Amogh,Very good.,13 Jan 2023,5
208392,Pradeep Sarathe,"Showers handle are not operational,they do not mix hot and cold water for bath ,and it's broken also",11 Jan 2023,5
208392,Neeraj,"Hotel was very cool!
Good Service, the reception was very responsive.
Rooms, beds, towels, clean and tidy.
Area was very comfortable and no noise.
Couples and spend good times there.",10 Jan 2023,5
208392,Amit Joshi,"Good Room , Neat and Hygiene Maintain",07 Dec 2022,5
208392,Siva Shankar,Good staff and we'll maintain,05 Dec 2022,5
208392,Manvendra Singh,"The room was nice and clean, and we were provided with smooth check-in aswell. It was situated in a nice locality as well",04 Dec 2022,5
208392,SaarthUpadhyay,This is a good settlement. Clean rooms. Vainhav us awesome at service and in courtesy. Close to my office. Awesome location. Cool terrace. Good experience.,01 Dec 2022,5
208392,Joy,Nice and clean place and good hospitality,24 Nov 2022,5
208392,chaitu,Nice stay,16 Nov 2022,5
208392,Rohit,Polite staff and clean rooms !! Little crampy,16 Nov 2022,5
208392,Bhanu PrakashCM,It was as good as expected and the thing which i liked was it was clean and well maintained. Only problem was washroom was bit small . Quite good for this affordable price range . Blankets were washed and had very good fragrance like comfort or something,14 Nov 2022,5
208392,preeti navale,none,05 Nov 2022,5
208392,Manish A,Great hotel very friendly staff,31 Oct 2022,5
208392,Zuhaib Shariff,Very clean. Liked the place,30 Oct 2022,5
208392,mahalakshmi,The rooms were clean and nice,07 Oct 2022,5
208392,Vishal,"Beautiful ambience, clean and well maintained.The staffs are really supportive and well mannered, enjoyed the stay.",03 Oct 2022,5
208392,Amisha,Good,01 Oct 2022,5
208392,Amisha,Very good,27 Sep 2022,5
208392,Irfan,I had a nice stay by oyo,21 Sep 2022,5
208392,Moulindu Kundu,Good connection with OYO. Very gentle reception. Nice room. Affordable price. Just the problem is no nearby restaurant.,30 Aug 2022,5
208392,Kiran,Nice stay,05 Aug 2022,5
208392,Akshay,Great stay,27 Jul 2022,5
208392,Swati,It was neat and clean,12 Jul 2022,5
208392,Uday Kumar,Good,02 Jul 2022,5
208392,Abhishek,good,05 Jun 2022,5
208392,Shiraz Sharafudeen,none,06 May 2023,4
208392,Sharad Yadav,"The room was nice and cozy. The air conditioner was also working fine. A window would have made the stay better. All in all, it was a nice stay.",25 Apr 2023,4
208392,Raja Pani,Good hotel,19 Apr 2023,4
208392,Mahesha M,"Restroom was smelly. Cigarette smell. 
Apart from that everything is ok...",17 Apr 2023,4
208392,Ramkumar G,"Always lights are turned off, no Restaurant service and also one staff member was rude, was kind off ok to stay but definitely not the best as after paying the entire amount during check in they asked for additional charges in the name of room service.",14 Apr 2023,4
208392,Shiraz Sharafudeen,Good place to stay,12 Apr 2023,4
208392,Nandan Pandey,Good,12 Apr 2023,4
208392,Toms Devis,"The room was clean, a comfortable bed and bath. AC was functional too. Didn't face any hiccups in checking in. Only issue was the place is in an interior area",12 Apr 2023,4
208392,Nirupam Rakshit,The room was small but nice at the price. They have maintained the cleanliness.,01 Apr 2023,4
208392,deepak nagaraaj,Good hospitality,28 Mar 2023,4
208392,benson,Clean and neat Rion staff are very friendly drinking water available rooms are very small otherwise awesome stay,20 Mar 2023,4
208392,Ravi,Good,19 Mar 2023,4
208392,Robin,Good,17 Mar 2023,4
208392,XXX XXX,Nice place to stay but bit inside,28 Feb 2023,4
208392,Amit Joshi,Location is Little Interior from Main Road but Peacefull No Pollution and Very Silence No Sound Pollution Like the staff Very Helpful  at Reception Helped for Guidance for City Traveling and for Food available in Near by places,10 Dec 2022,4
208392,Ragul M,"Good stay., but the room stay needs to be faster.",16 Nov 2022,4
208392,Gouthamipr,Breakfast was not provided . Cleanliness was missing,15 Nov 2022,4
208392,919087107863 S,Good,09 Nov 2022,4
208392,Rajesh Mondal,Room is ok and clean. Staff is also good.,03 Nov 2022,4
208392,Vishal,Stay was peaceful.,21 Oct 2022,4
208392,udayan,In house restaurant not available. Kindly cross check with hotel before booking. Location is accessible.,20 Oct 2022,4
208392,udayan,"Location is near to my office. Had a comfortable stay. Size of the rooms are small, drinking water facility available.",20 Oct 2022,4
208392,udayan,Location is near to my office. Good townhouse. Size of the room was bit small. Rest all was OK and good. Had a comfortable stay.,20 Oct 2022,4
208392,udayan,Good stay. Neatly maintained townhouse. Good hygiene.,20 Oct 2022,4
208392,lokesh mahajan,Staff was good educated and helpful 👌 cleanliness was of top quality.  Highly recommended,19 Oct 2022,4
208392,Suprith SL,Good experience,17 Oct 2022,4
208392,udayan,"Location is bit isolated in the streets. Else, the property is good. Rooms are bit conjusted but manageable.
Overall,  a good and comfortable stay.",11 Oct 2022,4
208392,udayan,"Stayed for a weekend getaway for 3N. It was a very good and comfortable stay.
Property doesn't provide any plates. Take care",11 Oct 2022,4
208392,udayan,Good stay. Decent rooms. Drinking water facility too available. Overall a good and comfortable stay.,11 Oct 2022,4
208392,Udayan Sengupta,"Rooms are good with a small cute balcony. Service was good and Staff too were responsive.
Enjoyed the stay.",21 Sep 2022,4
208392,shiju rv,Location is good,06 Sep 2022,4
208392,Kaustav Mandal,"Good clean room but lack of some facilities like water and, etc",02 Sep 2022,4
208392,Akhil,Satisfied with hotel n room,27 Aug 2022,4
208392,Dhruv Singh,"Good stay ,, friendly staff",29 Jul 2022,4
208392,Harish,Staff is good behaviour,19 Apr 2023,3
208392,Akash Rai,"Moderate experience in terms of hotel quality and service, staff is polite, rooms are decent.",19 Apr 2023,3
208392,Alistar Bennis,The first room that we got didn't have a working AC. Also basic amenities like a tooth brush and paste were not available in the morning. But the staff was determined to th best  they could do.,18 Apr 2023,3
208392,geet Ji,"The room was very  neat but basic amenities like towels, hand wash, body wash were not there, even after asking it took 1 hour to bring it.",15 Apr 2023,3
208392,Deepak Palaniswamy,"I called the customer care team and they helped me with the booking. I confirmed that it is for 3 adults, but while checking in they denied for 3 adults and they asked me to pay extra 800.",10 Apr 2023,3
208392,Praveen,"Receptionist was chargung 350 for the marks on bedheets that hsud be of laundry cost, its like a scam in the hotel",07 Apr 2023,3
208392,Ayush Kumar,Demanded extra 800 at the last moment even when it was booked for 3 people beforehand. Would not recommend,05 Apr 2023,3
208392,Lovely Eswar,"TV is not working and they are asking extra money if u want to check out lately. As per OYO rule we have to stay up 1PM, it's a complimentary. But they are not give us.",03 Apr 2023,3
208392,PS,Good place to stay in budget...no food/ complimentary breakfast service is available though.,11 Mar 2023,3
208392,shridhar iyer,Location is in the interior.. Rooms are ok.. But service is bad.. Water was given only when asked.. I asked for a extra glass but they didn't have one extra glass. Balcony area was not cleaned.. Towlel were only given when asked.. No parking area.. The lane is v narrow,17 Jan 2023,3
208392,Rajesh Ramesh Gaonkar,Mention breakfast but not provided,11 Jan 2023,3
208392,Shubham Kumar,Satisfactory room service,08 Jan 2023,3
208392,XXX XXX,The room was good but there wasn't towels and toilet papers. Even after asking they provided single towel for 2 guests.,08 Jan 2023,3
208392,Abhit Anand,"Checking experience was good, but the hotel did not provide soap, or water as they should have been free and provided",07 Dec 2022,3
208392,Abhit Anand,No complementary mineral water or soap as advertised. These are basic things,04 Dec 2022,3
208392,Harsha,"Room was normal, tv was not working.

Location was in between the houses and commute is a pblm. uber, rapido pick up services not worked for me and had to walk upto main road to get commute.",02 Dec 2022,3
208392,Ashish Verma,"House keeping is a issue. Rooms were not cleaned on day 1 and on daily basis. Door hinges, washroom were dirty. Hot & cold water mixer was not working and broken. No kitchen or food available at the hotel and nearby location too.",01 Dec 2022,3
208392,David Ignatius,Asked for some hot water many times they didn't provide,06 Nov 2022,3
208392,Vishal,To find the hotel is big quest and parking space is also a problem,16 Oct 2022,3
208392,Shijo Stephen,Room size is very small for that room amount and no table provided bathroom towels also not provided,27 Sep 2022,3
208392,Ghouse ahammed,The room is good.. but the geyser is not working properly,04 Sep 2022,3
208392,Sameer Nalatawad,Could have been better.,31 Jul 2022,3
208392,Aldrin Neil Rodrigues,"Clean beds and nice room , dirty floors",24 Jul 2022,3
208392,Kartheek,"there was no proper dispenser for soap,
no breakfast....TV was not subscribed for.
rooms and toilets were clean...",17 Jul 2022,3
208392,Sunil,They didn't provide water bottle and no complimentary,26 Mar 2023,2
208392,Jishnu,"They didn't provide ac remote saying the rent was less

I actually paid the rent mentioned in Oyo app

Complained about the same to Oyo

Response from the team was too disappointing",07 Mar 2023,2
208392,Hita,Too small,18 Nov 2022,2
208392,Chandra shekharj,Room were good but little small rooms and there was no dust bin and no napkins and not even kept soap and shampoo,25 Jul 2022,2
208392,Bharat Kumar,Ventilation was the problem. Window was opening inside the building premises.,24 Jun 2022,2
208392,John Melvin,The reception was soo bad asking unwanted questions and the team who was working on suddenly opens the door as they dint have any sense at the checkout time the receptionist say he need to check the room idk. For what,11 Apr 2023,1
208392,Hariprasad,"Bat service, ac not working, geezer not working, tv not working, washroom was not clean , rude behaviour, will never select this place again",03 Apr 2023,1
208392,Aniket,It was an bad experience,27 Mar 2023,1
208392,Kevin Felix,"First of all the front office staff was extremely rude, for everything she asking to contact Oyo support"". While booking it was mentioned A/C room and they denied to give the A/C room. Bedsheet and pillow cover was not clean.",19 Mar 2023,1
208392,Asmithaaa,AC. Facility isn’t provided even tho we paid for it,19 Mar 2023,1
208392,ANANT KUMAR,The property demanded extra money. Behaviour was very rude,10 Mar 2023,1
208392,sangram keshari,The hotel is not maintained. There were no house keeping. No cleaning. No towels or toiletries,07 Mar 2023,1
208392,Ameen Shafeef,"The Worst OYO, No cleanliness. Not sure when the bedsheet has touched water. Full dust . They haven’t provided water. 

High price and very low quality",05 Mar 2023,1
208392,Ashin SHANLY,Bad quality rooms. Not tidy at all. Bathrooms were not working.,01 Mar 2023,1
208392,Pradeep Sarathe,"None of handle of the basin or stuff is not working and I was tricked to book this hotel ,the Oyo customer desk told me 2000 rs but i had to pay 3000 rs",14 Jan 2023,1
208392,Pradeep Sarathe,"Geaser did not worked had to take cold showers,staff did not helped as well. Have asked for change of room ,it's still pending",09 Jan 2023,1
208392,Manish A,Horrible checkin experience git charged 3x the amount. Oyo does not help its customers in any way.,13 Nov 2022,1
208392,Tanya Gupta,"Nothing was provided clearly, room was decent but was so small, staff was friendly but won’t able to provide much facilities. Even wifi facility was not proper",13 Nov 2022,1
208392,Purvi,No dental kit no television.,09 Nov 2022,1
208392,SIVAKUMAR THANGAVELU,very bad staff behaviour. very bad attitude. very bad customer service..very bad staff behaviour. very bad attitude. very bad customer service.very bad staff behaviour. very bad attitude. very bad customer service.,08 Nov 2022,1
208392,sandesh bj,Room was not cleaned and poor maintenance,07 Nov 2022,1
208392,Kamesh. V,I paid full amount in OYO and then when I went there I was told there are no rooms. At night 11 that too. If the rooms are full why the hell is OYO not updating this in the app? Di you think you can just make excess people pay and take their money?,19 Oct 2022,1
208392,MASANI,"Even when the overall stay was okay, there are soooo may hassles we faced with this place. They denied us parking saying paking is only for HELLO WORLD customers. Basically OYO is purposing a hello world property as a townhouse. And when asked for a dental kit, the reception conveyed there's no stock. While watching TV, we wanted to watch something on YouTube. Asked them to help us with setting up the WiFi and they denied that too. 
Forget all this, the washroom basics such as geyser, handwash, bodywash was non-existent. 

The only saving grace was the room cleanliness and drinking water availability. Please don't consider this place if you're traveling in a car. It's so far inside a gully, you'll curse yourself for booking a room there. 

The staff was thankfully well behaved but not really very helpful in resolving the above mentioned issues.",03 Oct 2022,1
208392,Aditya Prakash,Room size was very small and the checkin experience was disastrous the staffs at this property are very unprofessional.,27 Sep 2022,1
208392,Ananth,"I was staying 7 days, but no TV working. Asked daily for repairing it but it was not repaired.
The room had mosquitoes I used mosquitoes coil to remove it 


Staffs are good to support but it's not suitable for long days stay.  Around 5 floors here, we see some drinks people also staying here. It's not suitable for couple or family stay",24 Sep 2022,1
208392,917019116163,"No toiletries, no wifi, AC not working, no clean rooms jet spray pressure was as if it had an engine of speed boat. No proper service and complaints or request were looked upon. Mosquitos troubling all night.",17 Sep 2022,1
208392,Vaishnavi Chandran,The bathroom was stinking worse than a public urinal. The sheets had dirty stains (can only imagine what they were).,29 Aug 2022,1
208392,Vishnu G,I didt get a room. hate oyo,13 Jul 2022,1
208392,Arjit Kansal,check-in denied saying no rooms available. then took extra charge because it was already 11pm. Even your customer care people are extremely stupid.,26 Jun 2022,1
208392,Debarati Das,"While the staff for the first night was exceptionally helpful to accommodate a room for me which they didn’t have due to over booking, but even after paying extra and asking for a room shift the new room was below average and TV was not working for the maximum time , they don’t tell you WiFi password and fnb services at check in. All in all not at all worth for the money spent.",26 Jun 2022,1
208392,Vidur Arora,They ask for extra money at reception. They are not going by oyo prices. Its a hassle if you book here.,25 Jun 2022,1
208392,Ankit Redhu,took extra money while checking in,22 Jun 2022,1
