hotel_id,user_name,review_text,date,title
208662,Harikrishna,"Oyo rates is fake if I book with Oyo price and when we go to hotel they are demanding thrible of Oyo price 
OYO if u don't look in to this 
Soon OYO company will shut down.
This is not the first time when ever we visit they r asking thrible of the OYO price.
Next time we wil record it and keep it in social media",15 Apr 2023,1
208662,chandra vamsi,Worst hotel I have ever seen,12 Apr 2023,1
208662,Shakthi,He denied and took 1000. I did not have option but to give him and book the room.,09 Apr 2023,1
208662,Mahendra Bhaindarkar,"No, hot water, No tv no wifi, towel condition worst, no soap, no even drinking water glasses, bed condition was bad",03 Apr 2023,1
