hotel_id,user_name,review_text,date,title
211987,Nishan RK,Nice place…………………………………………………………………………………………………………………………………………………………………………………………………………………………………………..,29 Apr 2023,5
211987,Nishan RK,Nice place……………………………………………………………………………………………………………………………………………………………………………………………………………………nice place,23 Apr 2023,5
211987,Sai Nikhil,"Good ambience, nice staff, clean toilets",17 Apr 2023,5
211987,Rizwan,Excellent,09 Apr 2023,5
211987,Sonam,Awesome,20 Mar 2023,5
211987,Siuraj,"I loved the room service mainly it was neat n clean n the staff was also caring , would loved to visit again ♥️",14 Mar 2023,5
211987,Sallu Sidd,Nice,12 Mar 2023,5
211987,Ramdasputtappa,Very happy to write that my stay at Oyo was very pleasant because of a very good warm reception and very quick services for making my stay comfortable.the property is in very good location with easy conveyances in very good locality. The rooms were very hygenically sanitised and all the facilities in the room were in top condition totall we are very satisfied with the same we want to come visit once again very shortly keep up the good work all the best for your future business,12 Mar 2023,5
211987,Ramdasputtappa,"The location for me is very ideal ,warm reception was very pleasing staff members super clean room & decor clean bedsheets towels overall 5star service - good ,pleasant memories",08 Mar 2023,5
211987,Aditya,Super,20 Feb 2023,5
211987,Ramdasputtappa,Reception was great rooms clean all services exellant this is my third trip I am enjoying the stay and I will keep coming nack,19 Feb 2023,5
211987,Chiru,Very good staff good condition room,09 Feb 2023,5
211987,Kiran Kumar,Nice room and good window looking Early morning one lady resciptionist came she was looking so beautiful,05 Feb 2023,5
211987,Monisha,"Nyc stay,",03 Feb 2023,5
211987,Suresh Rangavajjula,Staff were supportive and room was clean and ready to occupy.,02 Feb 2023,5
211987,Ramdasputtappa,Reception was up-to-date efficeient service room was clean bed towels etc clean pleasant stay thanks,31 Jan 2023,5
211987,Yugandhara Adake,"Nice service. 
Staff is good.
Clean rooms.
Clean environment",30 Jan 2023,5
211987,Hrithik thakur,"Amazing service, Claim, very clean, good staff, well maintained & good location everything is under 3/4 km",15 Jan 2023,5
211987,Sandeep Reddy,Location is easy to find out its neat.. receptionist is good and humbled .. Rooms are good with good ventilation,13 Jan 2023,5
211987,Jasper,Good,12 Jan 2023,5
211987,balaji balaji,Good,11 Jan 2023,5
211987,Arjun,Good,07 Jan 2023,5
211987,Hrithik thakur,"Very good service, Claim & Clean staff is good
Good security kind & rooms are actually very good & comfortable",03 Jan 2023,5
211987,Satyajit Behera,Feel like home.... Thanks for your service 👏,03 Jan 2023,5
211987,Sudhanshu Das,Good and clean room .staff behaviour also good & friendly.and good for couples 💕🎉,02 Jan 2023,5
211987,M RamanjiNeyalu,On off the best place...supporting staff..also...nice cleaning rooms..one off the best place of coplue..tnx to chethan oyo team..,22 Dec 2022,5
211987,Arjun,Good,20 Dec 2022,5
211987,Mayuri Saikia,"Neat place with pleasant vibeBits of art here and there in the hotel made the place welcoming and gave it a pleasant vibe. Place was kept clean, inside and outside the rooms. Spacious room. Bed was comfortable to sleep in, but little too bouncy, drop yourself on it a little carefully and slowly. Towels not there in room. Location of hotel and its staff is good.Nothing much.",16 Dec 2022,5
211987,Dewanshi Mishra,Clean rooms with affordable price,16 Dec 2022,5
211987,Akhil Dev,Nice stay,08 Dec 2022,5
211987,Arjun,Good,05 Dec 2022,5
211987,Sourav Singh,The room was good and well cleaned also staff beave a good,05 Dec 2022,5
211987,Israr Khan,"Satisfied, good service,",02 Dec 2022,5
211987,Praveen Kumar,Rooms are good service is good,30 Nov 2022,5
211987,Kundan,The hotel is abordable.and very good places so i was very happy.and hotel staff is very good bheviour.,24 Nov 2022,5
211987,Suneel Kumar S,"Nice hotel in a pleasant location...
Room & common areas are very clean..nice staff..",18 Nov 2022,5
211987,Dinesh Gowd,Rooms are very neat and good smell good ventilation air excellent rooms,15 Nov 2022,5
211987,Sandesh Ranjan,"Excellent


Small room but cosy and relaxing",14 Nov 2022,5
211987,RaviVarma,Nice hotel,09 Nov 2022,5
211987,Abhishek,"Smooth check in and check out, Room is perfect too 🤩🤩",09 Nov 2022,5
211987,dr venu,Nice clean rooms,06 Nov 2022,5
211987,Israr Khan,Excellent service..,06 Nov 2022,5
211987,Ashiq Rasheed,"OMG! What a stay, I like the way they treat customers, service, and caring is awesome ✨ 
Accessibility to malls hotels streets are nearby
Must go Oyo
It's my 8th time",04 Nov 2022,5
211987,Gaurav Sharma,"The property is new and well maintained. Staff is helpful. Infact, I wanted to go to gym so the manager or owner helped me and recommend the same and I was able to do my workout without any cost.",03 Nov 2022,5
211987,Manohar,Nice stay,03 Nov 2022,5
211987,Naresh Konapulla,Good,31 Oct 2022,5
211987,dr venu,Clean rooms,23 Oct 2022,5
211987,Athul Sam,Excellent Rooms,18 Oct 2022,5
211987,A Amith,Cleanliness,15 Oct 2022,5
211987,ankit,"Nice rooms, good chekin experience, good service",11 Oct 2022,5
211987,Shubham,Great place for couples.,10 Oct 2022,5
211987,Indra,Nice place and rooms,08 Oct 2022,5
211987,kiran,Good location and staffs are friendly.. Rooms are neat and clean.,03 Oct 2022,5
211987,Jashwin,Great service,01 Oct 2022,5
211987,Ajay Chauhan,"Fabulous room's and nice staff.
Easy locating....
Rooms are clean and very good 🙂
I give 4.7/5. 
Very happy to stay here....
All good",30 Sep 2022,5
211987,Tirpaul,Room was good enjoyed,27 Sep 2022,5
211987,Honnura,Its good,26 Sep 2022,5
211987,Manohar,They fixed TV when asked for and which was not the case I'm my previous stays. Nice service and room this te,26 Sep 2022,5
211987,Goutham,The room was clean good stuff friendly behaviour Jean washroom totally 5 star excellent,23 Sep 2022,5
211987,Deepanshu yadav,"Good hotels same as seen in photos 
Very cooperative staff 
Good location",22 Sep 2022,5
211987,Shuaib,Good,18 Sep 2022,5
211987,jitendra,Hotel is nice. Hosting could be better,18 Sep 2022,5
211987,Sai Kiran,Room was good and hygiene.reception people were also do good .,16 Sep 2022,5
211987,Rizwan,Gud condition,14 Sep 2022,5
211987,Jayaram,Maintenance is good,13 Sep 2022,5
211987,Nabonita,It was clean and staff were gentle. Good experience,11 Sep 2022,5
211987,Jayaram,Accommodation,11 Sep 2022,5
211987,Abhishek,Staff was so good and coprative,07 Sep 2022,5
211987,Umang Bawaria,Good experience,06 Sep 2022,5
211987,PRABIN DUMRE,Nice app to book hotel and cheapest cost,02 Sep 2022,5
211987,Pavan Kumar,Good facilities available good staf well maintained,26 Aug 2022,5
211987,MARUTI MADAR,Very secure hotel nice service,24 Aug 2022,5
211987,Abhishek,Nice place,23 Aug 2022,5
211987,Sufiya suffu,Excellent 👍I like room it&#39;s well clean value for money go ahead.Window curtains its not good so plz change that except this all good,21 Aug 2022,5
211987,Yaswanth,Good location and quite goog staff. Hassle free checkin. But the only problem is they dont have service boy.,20 Aug 2022,5
211987,Nitesh Kharga,Good but you wont get extra time to stay.,18 Aug 2022,5
211987,Shambu,Really good experience,18 Aug 2022,5
211987,Sam Thomas,Nice rooms and reasonable price,17 Aug 2022,5
211987,Marshall John,The room was neat and clean.,16 Aug 2022,5
211987,Aman,"The  hotal was hygiene, Receptionist politely behaving good for couples and friendly behave by staffs",15 Aug 2022,5
211987,Chaluvraja s,Superb,14 Aug 2022,5
211987,Ashish Shukla,Excellent,13 Aug 2022,5
211987,Vinay,Good service 👍,13 Aug 2022,5
211987,Sahil Syed,Good,13 Aug 2022,5
211987,Prince,Was great,12 Aug 2022,5
211987,Jackson,Good costomer service . Clean room and happy environment. I will give 5/5. 10 minutes away from ramaiah hospital.,07 Aug 2022,5
211987,919421468979 NAIK,Good stay,07 Aug 2022,5
211987,Sen AbrahamMathew,"Good facilities and comapritively cheap, a little far from the city but it's ok.",03 Aug 2022,5
211987,Anupam,Service is good,03 Aug 2022,5
211987,Prasad prince,Very nice,29 Jul 2022,5
211987,Varsha S,It's clean and tidy.,28 Jul 2022,5
211987,Yuvaraj,The staffs are respecting superly,26 Jul 2022,5
211987,Gaurav,none,27 Jun 2022,5
211987,naveen km,good,23 Jun 2022,5
211987,M Prasad,The hotel has got some great pocket friendly rooms. Rooms are brightly lit and are well kept with comfy furniture. Hotel staff is helpful and friendly. It can be easily accessed by public transport. Would definitely recommend it for a nice family getaway.,21 Jun 2022,5
211987,TAPAN KUMAR,Very goodVery good.Very good,21 Jun 2022,5
211987,AVINASH SINGH,A spacious room which is very well kept and comes with all the basic amenities was given to us post an easy check-in process. Rooms service was fast and staff was helpful and kind. An amazing place to stay at.,17 Jun 2022,5
211987,Srishty Singh,I was looking for a place to spend some quality time with my family and friends and this hotel is a perfect fit for that. Everything from hospitality to room service to hygiene of the olace was great. Thoroughly enjoyed myself.,17 Jun 2022,5
211987,Abhishek,good service,10 Jun 2022,5
211987,Ria Nair,This hotel is very good and pocket friendly,20 Apr 2023,4
211987,giridhar,Friendly staff,10 Apr 2023,4
211987,Mohammed Fazeel,Well maintained rooms,06 Apr 2023,4
211987,Vinay,Well maintained,04 Apr 2023,4
211987,Prem,The staff are friendly. Good spot for couples specially.,11 Feb 2023,4
211987,Jitendar,It was neat,29 Jan 2023,4
211987,Nikhil,The stay was good,18 Jan 2023,4
211987,Ramu,Nice staying and check in super,12 Jan 2023,4
211987,sk Ashiq Alli,I like it,11 Jan 2023,4
211987,sreenath v,It's nice room and staff all very good response and rooms alla so good minted but one one problem is their room all very small but overall it's super,05 Jan 2023,4
211987,Dilip Oommen,BED WAS TOO SOFT AND THERE WAS NO BREAKFAST ALSO NO BATHROOM MAT,02 Jan 2023,4
211987,Anusha A,Had good stay. Room was clean,31 Dec 2022,4
211987,Arjun SankarM,"The hotel is located near to what seems to be a junction and is only really evident that it is a hotel once the night time signs are out. The hotel room was great, clean to an extent. The table surfaces has some sticky liquids staining it which was off putting. There were no amenities like soap or cloth to dry yourself after a shower.",04 Dec 2022,4
211987,Praveen Kumar,Rooms are good service is good value for money.,30 Nov 2022,4
211987,Viplava Rao,Room was neat and clean. Staff was courteous. Hotel is located in a good location which is easily accessible.,28 Nov 2022,4
211987,Sai Ram,Perfume need to sprayed. The rooms are smelly,24 Nov 2022,4
211987,Muni Raju,Good,23 Nov 2022,4
211987,Shabbu,"Good place to stay , infrastructure is awesome",21 Nov 2022,4
211987,Lohith Naidu,Good,12 Nov 2022,4
211987,prasanna k,Just had a great time ther spend over a days through ❤️,09 Nov 2022,4
211987,Nithin,"Room is actually clean and tidy, well behaved staff they are too friendly. Perfect place to spend time with family and friends",01 Nov 2022,4
211987,Haripratap,Good atmosphere,29 Oct 2022,4
211987,Lakshmish,Good,25 Oct 2022,4
211987,Mohammed Imran,Too much late,23 Oct 2022,4
211987,sukanya reddy,Everything good.,23 Oct 2022,4
211987,Jumi,"Good service n good staff also ☺️
Room is need and clean",10 Oct 2022,4
211987,Ganesha,It's very nice neat and clean but tv and ac was working,08 Oct 2022,4
211987,Aman Raj,Everything was good.,30 Sep 2022,4
211987,Dhananjay,Everything was good. But the housekeeping had to be told constantly to clean. They just change the linens. But over all good experience and good staff,29 Sep 2022,4
211987,Narendra,Nice,26 Sep 2022,4
211987,yash mane,Good,25 Sep 2022,4
211987,vinay kumar,"Good and neat place.
No restaurant but outside multiple choice are available",21 Sep 2022,4
211987,DURGA PRASHAD SAPROO KALPUSHOO,Location is good can be easyly located,04 Sep 2022,4
211987,Vaishak,New place nice n clean friendly staff,03 Sep 2022,4
211987,Pranav Pathak,Good room but ac not working properly. they charged us for water too.  Everything else is nice,29 Aug 2022,4
211987,kiran,Good location,24 Aug 2022,4
211987,Shreya Lahiri,It was a pleasant stay .,23 Aug 2022,4
211987,Indra,It's good experience with chitthan inn oyo,22 Aug 2022,4
211987,Sunish M,none,20 Aug 2022,4
211987,chinna,"Good staff
Good rooms",15 Aug 2022,4
211987,Visakh Vijayan,Neat and tidy room. Good customer service. Peaceful neighborhood. Excellent place for family/couple.,13 Aug 2022,4
211987,Sourav Singh,nice to stay here,10 Aug 2022,4
211987,Prerana,Good ambiance. Nice stay,03 Aug 2022,4
211987,Raghav,"Hotel room and furniture was fine. But i had a little problem with the staff, no room service is available.
Surrounding is pretty peaceful. Good for its price",21 Jul 2022,4
211987,Abhishek PratapSingh,"All good but there is no free water, you have to buy by giving extra money.",05 Jul 2022,4
211987,Sarathkumar,ok,02 Jul 2022,4
211987,Akhil R,"Nice hotel. Stayed for 3 days here. 
Didn't asked for extra money (i checked in and out as per the time indicated). If you arrive before the checked in time, then they may ask for extra money.
No Oyo freebies provided.
No drinking water 
AC and water heater was working perfectly.",17 Jun 2022,4
211987,Charan,Nice.,13 Jun 2022,4
211987,Tapan Kumar,"The cleaned rooms,.The owners behaviour",02 Jun 2022,4
211987,Vinod,I saw cockroach all over,17 Apr 2023,3
211987,Swati,The ac is not working,02 Apr 2023,3
211987,Subham Routray,"It wasn’t that good experience, smile was missing in reception guy, room cleaner was not regular",09 Mar 2023,3
211987,Murali K,"Towels and soaps not putting in the room., We need to aske them",08 Feb 2023,3
211987,Harish,The room door is broken that connect balcony and Tv is not working,18 Jan 2023,3
211987,Murali K,Not cleaning regularly,31 Dec 2022,3
211987,shariff,Always tv and ac will not work if we ask they say it will get on after some time but it doesn't and they don't keep towel soap,23 Dec 2022,3
211987,Praveen,Good rooms,19 Dec 2022,3
211987,sahad,Room was not neat bathroom was unigin,15 Dec 2022,3
211987,Saikiran,Few offers,26 Nov 2022,3
211987,Sri,The pillows had no covers and the bed wasn't the cleanest. The ac didn't work and the rooms are much smaller than how they're portrayed in the photos.,25 Nov 2022,3
211987,Taariq Matheen,need to improve a lot in beds as it was not that much comfortable loose spring.,21 Nov 2022,3
211987,RSReddy,Bed and other things are ok not upto Oyo standards,30 Oct 2022,3
211987,chethan,Need somemore neatness door mats r not there,18 Oct 2022,3
211987,karthik Mahankali,Good pricing but unkept roomsStaff behavior.Facilities &amp; unmaintained rooms,16 Oct 2022,3
211987,sumanth kumar,Except for room,14 Sep 2022,3
211987,ravitej kallur,Bed sheets and general cleanliness bad!!!,12 Sep 2022,3
211987,Imrankhan,Gud,10 Sep 2022,3
211987,RSReddy,"washroom was not maintained properly, taps were broken.
Mosquitos in the room. Smokey smell in room.",09 Sep 2022,3
211987,Vignesh,none,06 Sep 2022,3
211987,twinkle jindal,Water stopped on one day. No electricity on next. Same old bed sheet was put.,03 Sep 2022,3
211987,Vignesh,"The hotel is still not fully functional. Repair works and fitting works here & there. No 24 hours cleaning. Kettles or plates & cutlery not provided. Location is a bit outer part of city. But whatever issue you raise, prompt response is observed which is absent in most Oyo hotels these days.",03 Sep 2022,3
211987,Robin,They don’t provide food plates for the customers to have food whether it’s breakfast or lunch or dinner what ever might be the meal end of the day they should atleast provide plates to have food,28 Aug 2022,3
211987,Krishna Singh,The hotel is new and good but the staff is not very supportive. The housekeeping also needs to be improved as they bed linen is dirty and you will have to request the staff to change it repeatedly. The location is very convenient and the hotel is at a safe location and very approachable.,25 Aug 2022,3
211987,Kaushik,Bed issue,25 Aug 2022,3
211987,GauravSingh,I have been regular customer for about many years . In initial the service was better but now the after booking the hotel management refuse to serve the service . They simply say we have dispute with oyo . They the oyo company is very least concerned to slove the staggered issuse for many period of time . Thank u,22 Aug 2022,3
211987,Hemanth Kumar,"Staff behavior was good. Was able to help us with smooth check in. Room cleanliness was average. No water in sink. Tata sky was not working, even after reminding the people couple of times, they were not able to help me. Towels and soaps were not provided. They didn't provide any plates or glass to have food.",22 Aug 2022,3
211987,Sowmya,Ok not bad,20 Aug 2022,3
211987,vijay,They didn't accept online transactions it was bad experience and other thn that everything ok,20 Jul 2022,3
211987,Sanjana Gaonkar,tv was not working after inquiry with reception they gave said thre is cable cut but as its tatasky we can clearly got the msg that they have not recharged. even staff at the reception was not customer friendly but thre security is very nice he welcomes with 😊,22 Jun 2022,3
211987,Amal Krishna,Customer support is poor.,21 Jun 2022,3
211987,Sharmila,AC was not working.,13 Jun 2022,3
211987,Rakesh Karn,Hygiene was an issue. Toilet seat was broken. Mattress needs immediate replacement.,27 Apr 2023,2
211987,Imteyaz Ahmad,Room not comfortable Ac not working Washroom is good 👍,20 Mar 2023,2
211987,Mithilesh,The room was good but the service and the bed covers where hell dirty and bad,09 Mar 2023,2
211987,Girish,Staff was awesome 🥰.   But room is very dirty. DTH not recharged. Key was not working.  Toilet mat not availabale,21 Jan 2023,2
211987,raj,Maintenence poor,15 Dec 2022,2
211987,Nadeem Ahamed Baji,"Booked 130sqft classic provided with super saver 80sqft, when entered room, room had heavy smell of cigrette, no water, no basic amenities. 
However water was made available, window was opened to get fresh air, basic amenities where provided. 
2star for cleanliness of hotel, location was good.",25 Nov 2022,2
211987,Sunil Achary,"Water not given ,soap not goven",13 Nov 2022,2
211987,Shubhasisrath,TV was not working. Even after informing them it was not rectified. Room was not cleaned,23 Sep 2022,2
211987,Ravi B,"The lady at the reception insisted to pay at the desk and not book from the app.
Only cash or card is what expected from her.

And the maintenance ppl kept on disturbing in between the stay.",07 Sep 2022,2
211987,Nagaraj H,In booking breakfast and meals added but the staff told not available.Response,10 Jul 2022,2
211987,Shahid Aj,Tv not working,28 Jun 2022,2
211987,Raghu,don't know how to respect people,21 Jun 2022,2
211987,Rahul.k,very bad experience,20 Jun 2022,2
211987,Navjot Singh,"Room was not clean

Power cut
No towel
Mosquitoes in the room",27 Apr 2023,1
211987,Harshith,Room was actually so bad basic things were not even workable,21 Apr 2023,1
211987,rajkiran doiphode,"location  is very good 
atmosphere   is very nice 
parking   area  is best",19 Apr 2023,1
211987,Sri Hari,No proper maintaining.,06 Apr 2023,1
211987,BEJOY,"1) the pillows were extremely dirty.
2) the balcony door lock was broken 
3) overall cleanliness was lacking 
4) even soap was provided only on request",07 Feb 2023,1
211987,Anirudh Sampath,After arriving at the location they said no room was available. We waited for hours at the property but not help was given. Later a room with blood stained linens and dirty walls and bathroom was allotted. Felt extremely nasty. We left immediately.  Extremely disgusted by the behaviour of the staff. We called the previous day and confirmed the room. On,22 Jan 2023,1
211987,dasyam hemendar,"Rooms are not clean ,,very small size",15 Jan 2023,1
211987,Shabari,"The rooms were not clean. Bedsheets and pillows had stains, they offered other rooms, but all the rooms were same.",14 Jan 2023,1
211987,karthik Mahankali,Pricing.Nothing was good. Horrible experience,13 Jan 2023,1
211987,Murali K,They are demanding more money what shown in oyo app,12 Jan 2023,1
211987,Christy,"Worst experience 
This was the first time where i felt worst experience in thi",22 Dec 2022,1
211987,Vishal S,Very badly maintained rooms. Bathrooms smelled filthy. Non supportive staff and reception. Donot recommend at all,19 Dec 2022,1
211987,Kiran Kumar,not good,01 Nov 2022,1
211987,Koushik Mangugari,"The room was not at all clean. Due to the office timings I couldn't complain in the morning. When I reported this during night, I had to followup multiple times to get the washroom cleaned. The hotel management was unable to provide a set of pillow covers thats a minimum requirement a customer would ask for. This was totally disgusting.",29 Oct 2022,1
211987,Kiran Kumar,cockroaches inside room and not good washroom bad experience,26 Oct 2022,1
211987,Kiran Kumar,not good,25 Oct 2022,1
211987,Zahangir Hussain,none,20 Oct 2022,1
211987,Rajesh,Tv is not working so many try to hotel excutive,18 Oct 2022,1
211987,Manohar,"No tv, no one picking up calls at reception and when requested for water they didn't provide... I waited from 12pm to 1pm to check in... Rooms were not ready",20 Sep 2022,1
211987,jishbu biswas,"Building is good.Could not watch tv for 3 days .tv remote not working.set top box de activated. Bathroom not clean , smell in the drain. No proper staff.",17 Sep 2022,1
211987,Vivek Kumar,Ac not working ...washroom lite not working. bed was not good service is not good.,09 Sep 2022,1
211987,Chetan Gowda,worst staff,31 Aug 2022,1
211987,Azmu,"There is no power at all times
They not give breakfast
Early check in extra money take300 rs each room
No water taps in bathroom",24 Aug 2022,1
211987,Santosh,No drinking water facility.Not any room service provide.,21 Aug 2022,1
211987,Abhi,No customer satisfaction,20 Aug 2022,1
211987,Akshar Kowlani,They asked me to change the room after one day and they give me a room where there is no hot water or the TV working,10 Aug 2022,1
211987,Siba Wahil,Payment was different from the booking amount. Paid extra Rs600&#47;- at the property,08 Aug 2022,1
211987,Gangadhara UR,Worst beds,22 Jul 2022,1
211987,syed Zameer,"Poor hospitality,rude reception",21 Jul 2022,1
211987,syed Zameer,No hot water and rooms are very small and staff is very rude,20 Jul 2022,1
211987,Shivam Kumar,Completely worse service. Tv was not working. Staff was not listening for complaints. For one thing i had complaint about 4 times,19 Jul 2022,1
211987,Kashinath,worst experience... rowdies where standing in front of gate it  more than 10 people's was embracing movement to go along with girl....,11 Jul 2022,1
211987,Arun Pandey,tv not working,22 Jun 2022,1
211987,Arun,I was denied check in,18 Jun 2022,1
211987,Amey Deshpande,"Rooms very unclean with spots on walls. There was dust on the chairs and tables. Bathroom had cockroaches, there were spider webs everywhere. The shower wasn’t working and no other necessities were provided.",16 Jun 2022,1
211987,Aqib Ahmed,very poor service,13 Jun 2022,1
211987,Komal,No maintenance,08 Jun 2022,1
211987,manoj kumar,they dont pick up your call,06 Jun 2022,1
211987,Sayed Imran,Very bad experienceNothing.Very bad service,05 Jun 2022,1
211987,Gagan Raj,car parking is not good,03 Jun 2022,1
