hotel_id,user_name,review_text,date,title
245,karthik,Good behavior of stuffs and good rooms to stay and relax,17 Apr 2023,5
245,Imran Pasha,It was awesome experience,09 Apr 2023,5
245,vishwa,Excellent,02 Apr 2023,5
245,Yasir TA,Very good. Lift is there but not working,22 Mar 2023,5
245,Vinay,Good service,18 Mar 2023,5
245,Dineash,Verry nice hotel and verry good staff,18 Mar 2023,5
245,Anoop MG,Good,16 Mar 2023,5
245,918970248332,"Nice place with great hospitality, staff is awesome they are very polite and helpful.",08 Mar 2023,5
245,soheb,Everything is good,05 Mar 2023,5
245,Shahnawaz,"Everything was superb
Hotel staff and room we're excellent
Perfect place for couple looking to stay during party hours.
Just elevator wasn't working
Apart from that it's worth paying",16 Feb 2023,5
245,Thomas Alex,"Hotel staff were very polite😊

Good Service 😊",16 Feb 2023,5
245,rishabh sharma,"Clean rooms, water bottle provided. Price is good for the deal.",10 Feb 2023,5
245,soheb,Good staff and services,01 Feb 2023,5
245,Rachit Chandra,"Hotel is good, All staff behavior  were very nice.

Connectivity  is easy , and rooms were clean with all amenities  working. Overall Great  Experience.",30 Jan 2023,5
245,Chirag,Great,19 Jan 2023,5
245,Dineash,Very good hotel staff are good,18 Jan 2023,5
245,Amit Kumar,Liked the stay it was good room is clean good location space is also nice only some maintenance required,12 Jan 2023,5
245,Gaurav KumarMaurya,Very home freindly,27 Dec 2022,5
245,Amritha,Spacious room,24 Dec 2022,5
245,Dineash,Very nice hotel,10 Dec 2022,5
245,Mohammedsahil,It's very good service,09 Dec 2022,5
245,PARVEZ SHAHRUKH,Excellent..,08 Dec 2022,5
245,Pradeep Kanna,The place was good and staff were kind,06 Dec 2022,5
245,Rajesh,Was good and best price in oyo,29 Nov 2022,5
245,yogendra kumar,Good,22 Nov 2022,5
245,Tej,Good and clean room,19 Nov 2022,5
245,Dineash,Very good hotel,13 Nov 2022,5
245,Vinoth kumar,Nice,09 Nov 2022,5
245,Dineash,Verry good,04 Nov 2022,5
245,housan,Good service staff behaviour excellent i recommend this hotel,30 Oct 2022,5
245,Dineash,Very good,25 Oct 2022,5
245,Tom T,Almost GoodGood Location and Surrounding.Room Size,24 Oct 2022,5
245,Abbas,Loved,19 Oct 2022,5
245,Amit Chaturvedi,Excellent service pleasent staff,16 Oct 2022,5
245,housan,Excellent service staff very helpful i recommend this hotel,22 Sep 2022,5
245,Dineash,Very nice hotel,23 Aug 2022,5
245,Clinton,Good communication with staffs,25 Jun 2022,5
245,Krishna raj,It is situated in a very ambient residential space and is a very budget friendly place for short stays,30 Dec 2022,4
245,Ansh,Nice,26 Nov 2022,4
245,Balasubramani,Good Room with silent ambiance Quiet surrounding area and good response from Staffs,19 Nov 2022,4
245,aswini kumar swain,Room clean but was room water problems other wise good,05 Oct 2022,4
245,Adhiraj Singh,"Clean and friendly surroundings, also one can enjoy local and hygenic food at Chaitanya Veg nearby",29 Sep 2022,4
245,Chethan,Good,30 Jul 2022,4
245,Dev,Good staff,27 Jul 2022,4
245,Ger,"No Tv, no Ac and no telephone to contact reception",07 Apr 2023,3
245,Imran Pasha,The hotel was good but windows nd doors was not good and washroom didn't have lock at all and it was really horrible noises of windows nd doors,16 Mar 2023,3
245,Rahmathulla Shariff,Was good but charged more money extra,09 Feb 2023,3
245,Harshith,"They didn't provide bath towel, neither water bottle , SC wasn't working",06 Feb 2023,3
245,Baranitharan Gopal,Over all average experience with Room. Bad odor and power points are not working. Bad and mattresses are not so clean. Need a improvement.,30 Dec 2022,3
245,Chaksh,It was ok. All I can say is average.,26 Dec 2022,3
245,Deepak,Average stay.... No towels provided no food service... Just  ok for bachelor's to adjust and stay but not worthy for the price,25 Dec 2022,3
245,anila,"Room was good
And affordable",04 Dec 2022,3
245,Rakesh KumarSingh,Room and bathroom is dirty. Cockroach 🪳 in the bed.,02 Dec 2022,3
245,Harshavardhan Bamane,Price and cleanliness.Water and electricity problem,24 Sep 2022,3
245,Nagendra Prajwal,Room is not clean,25 Aug 2022,3
245,Subrata Kumar,not bed,12 Jul 2022,3
245,Karthik,bad,09 Jul 2022,3
245,Bharath S,"1. Lift is not working
2. Drinking water not served
3. Cockroach and insects all around in bed and bathroom
4. Closer was not properly clean",26 Apr 2023,2
245,sai,"The beds were covered in dust , and the floor was dirty , I paired 999 inr , the washroom was disgusting we never used it and it was leaking all night and by morning there was a puddle which left unchecked would have come inside the room. All in all the worst of the worst hotel I have stayed in , never staying in an Oyo again even if I have to sleep in my car with the AC on.",01 Mar 2023,2
245,Prem,Staff and room was bad,12 Feb 2023,2
245,Ashish Rana,"I even can't say one thing is good in this hotel, I have no idea about any other room but where i as staying 106 it was too bad 😞 condition bed had lots of stains, room was smelling when I entered in room, inl think the important thing in a room is a bed but i was totally disappointing.",07 Feb 2023,2
245,Subhrangsu Bhowmik,"1. No wifi
2. No tv
3. No breakfast
4. No lift",03 Feb 2023,2
245,Srinivasula Reddy,Worst response from the hotel staff not provide bath towels no bath SoapsThe rooms are clean.The hotel staff are not supportive they haven&#39;t given any bath towels nor the Soaps nThe hotel staff are rude my friend had booked a hotel and I informed the hotel team that my friend will be check in little late in the evening .By that time my friend arrived they mentioned that no rooms available and they are not ready to listen and giving illogical answers and in a very rude manner they are respondingnnThe room has tv but no remotenThe plug box are brokennHot water didn&#39;t camenLift not working nNo wifi,22 Dec 2022,2
245,Raviraja Yedla,"Rooms and bed were not clean, and hot water was not available in the evening, AC  and television was not working. Towels were also not provided.",11 Dec 2022,2
245,Thomas George,Nothing.Room cleaning not upto the mark,21 Nov 2022,2
245,Sushil Kumar,We reached at 1:30 pm mid night and were not known where to go somehow we found reception and then we went to room it was not a very good room like bedsheet was not good neither was pillow and the chair that they have in room was also dusty. Their was no food arrangement inside hotel. Hotel staff was friendly.,11 Nov 2022,2
245,Sachin TR,Ac was not working. No proper water supply. Tv wasnt working. Bedsheet werent washed.,13 Oct 2022,2
245,Arjun,"There is no water and very bad service, we got unhygienic bed sheet and blankets and there is no lift",19 Sep 2022,2
245,Ratheesh kumar,"House keeping very bad, check in time television not working condition, aftr i fight with them for television facilities. Electrical switches all damaged in room, bathroom door can't close properly. All water tap in bathroom not proper closing.",16 Aug 2022,2
245,Anurag Chaudhary,"Unhygienic place, hot water was also not provided. No food available",12 Jul 2022,2
245,Nirada Nayak,Water is not comming in birthroom.lights not working,10 Jul 2022,2
245,Nishant Pandya,"View from room.No wifi, no working tv and channels, irregular cleaning, no adequate lighting in room despite several reminders",24 Jun 2022,2
245,murali,Rooms are bad and no proper light and early morning no water also to have bath..very bad experience and useless staffs,10 Apr 2023,1
245,Divyansh Mathur,"The receptionist was very rude. They denied the check-in saying that it's too late. Somehow I got checked in. We were 2 guests, my friend was not carrying physical ID so we told them to take a soft copy but they were very rude. They told us to leave the room at 1:30 am in night. Poor management",02 Apr 2023,1
245,Anush Chengappa,"Horrible! Sheets were dirty, All the fixtures in the toilet was broken,No hot water ,fan was too slow at the maximum speed, Ac was going on and off. The Tv disconnected and kept inside the cupboard.",02 Apr 2023,1
245,Mohamed Rasheed,We stay in Banglore was excellentLocation only Duty manager was very kind and good headed.Bad experience. Water leaking everywhere. Cockroaches everywhere. Mattress is uncomfortable. No hot water.,21 Mar 2023,1
245,dr dhiraj,hotel is very bad staff are uncooperative,18 Mar 2023,1
245,dr dhiraj,"hotel staff is not good , hotel service is very bad hotel is very dirty",17 Mar 2023,1
245,Arpit Arya,"Worst stay ever.. room was dirty, spider webs everywhere.. dirt and uncleaned sheets, smelly pillow.  No water bottle was provided , no soap. I had get up at 4am, went down to reception to ask for water.. no phone was there to call for help. Mirror of washbasin was not cleaned from last few years.  Hated every part of the room",17 Mar 2023,1
245,Hari Kumar,"Room is not clean, ac and fan are not working properly,
Bathroom not clean & flush is not working, if it possible pls refund half of the amount",13 Mar 2023,1
245,XXX XXX,"They are charging premium price for room that is not even worth 200 rs. No proper water taps, no ac, no food service, many switches aren't working, and delays checkin most of time. Room condition is very bad. Not worth the money they ask.",03 Mar 2023,1
245,Daniella Armoni,Location was good.The room was filthy with stained smelly sheets that clearly haven&#39;t been changed in a while. When requested the staff were reluctant to do anything about it and only changed the sheet not pillow covers or blanket. There were countless other mysterious stains in the room and the taps were broken. Not worth the money.,11 Feb 2023,1
245,Neelam,"Room was not in good condition, washroom was also not good , no switch boards was working nor TV connect was there .over all bad experience",28 Jan 2023,1
245,Syed,"Dirt room, dirty bedsheets, mattress springs was visible, and washroom was not hygienic, totally worst hotel...",16 Jan 2023,1
245,Priyanka,"reseption person is very rude
No proper response from him 
No lift is there
And the room there was no towel
No switch board
Tv not working",13 Jan 2023,1
245,Ajit Kumar,"No lift no TV no AC no phone to reception, nothing available. Worst hotel i ever seen",29 Dec 2022,1
245,M K,"Worst maintained hotel. Old furniture, insects everywhere. The beds worth of throwing in to dustbin. Overall we stayed only one night.",25 Dec 2022,1
245,Industries,Dirty rooms n bedsheets cockroaches in room,24 Dec 2022,1
245,Maruthi Raketla,"The bedsheets were not clean, the room had cockroaches",24 Dec 2022,1
245,Asif Lakhani,"Worst hotel.No TV, No proper light,bedsheets were too dirty,Ac remote not working",23 Dec 2022,1
245,siv,"Please don't prepare the oyo, they looting the money, better we can stay any parking area.",19 Dec 2022,1
245,Shiva,"Overall ,, bed was dirty ..",11 Dec 2022,1
245,Aditya Bajaj,"Horrible StayOnly the bed was comfortable.Pathetic cleanliness, stinky bathroom, geyser was not working, rude behaviour by staff when asked for help",08 Dec 2022,1
245,919886190100,Room was not clean and very old building all equipment are very old no response from oyo waste of money saty,08 Dec 2022,1
245,Mohammed MohsinAhamed,Room was full of cockroaches and the condition of room and bed was pathetic... This is the most unhygienic room I have ever seen and when i asked the staff to change the bed cover which was definitely not washed for months he did not give a damn about it.,07 Dec 2022,1
245,Krishnachandra Menon,"Disappointing bad stayToilet was not too bad even it is small. Cupboard was ok.Not working elevator,  damaged switches and board, unclean bed sheet, pillow, curtain, not cleaned balcony with lots of bird littering.",07 Dec 2022,1
245,Suhaas Yarramsetti,"Not clean, no lift, cockroaches on bed, smelly and everything is bad",07 Dec 2022,1
245,Balamurugan,Room is unhygienic not cleaned no lift . And to top it all I didn’t book it OYO transferred me here . Overall worst experience,21 Nov 2022,1
245,Kishore,"No power, Lift doesn't work, Phone doesn't work, wifi not provided inspite of asking multiple times, Towel not provided... Most horrible stay ever",19 Nov 2022,1
245,Manideep Chakraborty,Refused to take online payment through oyo app so i didnt got the dusocount..bed was full of cockroaches..no cleaning..washroom was dirty...taps were not workung..most bad experience ever i had in oyo,16 Nov 2022,1
245,Sarika,"The hotel was not maintained and charged us a bomb. I had specifically called the previous day to ask for a late check in and check out, for which I even made a small advance payment to confirm my booking. My booking got shifted to another hotel and that's how I ended up at Victoria Heights. The service was just okay but would not recommend this place at all",13 Nov 2022,1
245,ethan avivie,"Disgusting place. SUPER dirty with bugs and mold. No hot water, in some rooms no water at all. Bed sheets are dirty and used.nGIG NO NO.All!",09 Nov 2022,1
245,Arjun Mark,"The room was messy, the bathroom was not clean, there was no toilet paper, the room had a smell of smoke, the hotel itself was not maintained properly",06 Nov 2022,1
245,Samuel Jebaraj,The hotel is not upto to the mark for the price. The staff in hotel don't know the language knew only hindi. The lift is not worked. And the rooms were given in the third floor. The room was not cleaned and stinky. All switch boards were broken. The cupboards were broken. There is no proper connection to the television. No towels and toiletries were given except a small size of medimix soap. The bed and cott were in old condition. The bathroom was horrible. Broken pipes and the outlet for washbasin was not found. Bad stay and horrible experience. Dont get fooled and deceived by the pictures upload in the app.,23 Oct 2022,1
245,Shubham Kumar,bed not clean,13 Oct 2022,1
245,AKHILBS,"Please do not book this hotel. It is not worth for the amount paid.They are not accepting if we are paying online through Oyo application, the reception guy mentioned not to pay online. In online payment, there was a discount and when I showed him that he mentioned do not pay online and they will.not accept it. I did not paid online and paid at the hotel.

The room quality and services offered are not good. In app it will show so many amenities and nothing is there, TV is there but the set top box is not there.

The room is very small and the rate is also high. OYO should check this as the information provided online and at the hotel is different.",12 Oct 2022,1
245,Bensin Paul,"Worst stay ever. Unhygienic, most of the switches and wires are falling out.",29 Sep 2022,1
245,Junaid,Had to pay extra money after the paying via online.,29 Sep 2022,1
245,Brightin Philip,horribleNothing like much.,27 Sep 2022,1
245,Sudoku Mahesh,"Room is not clean, not proper planning how to construct rooms , No water supply, pics they keep here is totally different when you go inside. Broken taps, washroom not proper..",26 Sep 2022,1
245,Sarathkumar Ks,Very bab experience.,18 Sep 2022,1
245,Shiva,I booked for 2 guest.. but automatically its consider as 3 guedt and paid 3 guest rent ..,11 Sep 2022,1
245,Arjun K,Worst hotel i have ever stayed. No water heater .tv is there but no reciever .AC remote is not there . Switch  board is broken.   we cannot charge the phone also because the charger won't go inside the plug. Stains on the bed.  no water heater  the pipes are broken.room is very smelly. Especially i booked the room for around cost 750 for one person .when I checkedin  it went to 1200.i thought it is my mistake  may be I have booked another property so i have payed 1200 and checked in later I noticed that i booked for one person it changed to 2 person. It might changed by the guy who siting in the reciption. If anybody want spoil the day  they can choose this hotel . Or else you will ge better hote lesser than this price range.,05 Sep 2022,1
245,Mother Mary,Very poor,25 Aug 2022,1
245,Ajay Kanoje,Very poor service and attention....,23 Aug 2022,1
245,Antony Raja,none,14 Aug 2022,1
245,JOSEPH JOSEPH,"Staff ok.Toilet water system very bad,  door canu2019t close, no internet at all , no lift workingu2026u2026",07 Aug 2022,1
245,Praveen,"I had booked and paid the money, still i was not alloted room, was asked to Travel to another hotel, there they tell us, there is no bookings. Had a very Bad experience. Wrote a detailed mail, but still no reply, no response.",06 Aug 2022,1
245,Vignesh,Worst stay. Automatically changed the number of guests to steal more money,02 Aug 2022,1
245,Priyam Prakash,"Cockroaches in the room , lift not working, no Wi-Fi  and very small room . Total waste of maintenance and mental torture.",30 Jul 2022,1
245,Feroz,Room condition was very bad.. electric components not working properly settip box no working no water in flush.,30 Jul 2022,1
245,satyanarayanareddy koyya,There is no breakfast.,26 Jul 2022,1
245,Anoop Thomas,pathetic service.,15 Jul 2022,1
245,Naveen Paul,"it was my first booking in OYO. And it was my worst stay ever. 
Room was in the third floor and lift was not working. full of cockroaches in the room and bathroom. Room was not clean. I requested to extend my stay till 1 pm (it was agreed while booking) but he refused. I never going to use OYO again.
thanks",04 Jul 2022,1
245,Rahul,"No lift - 3rd floor room, no hot water, bisleri bottle given was open, room full of cockroaches, towel - bed sheet - pillow all dirty",24 Jun 2022,1
245,Shruthi Sagar,I haven't received any invoice for my stay and I haven't canceled my booking,19 Jun 2022,1
245,Mukul Sehrawat,none,15 Jun 2022,1
