hotel_id,user_name,review_text,date,title
35185,Asraf,Very good stay..,13 Apr 2023,5
35185,Adarsh Rao,Good one naveen helped me alot in room and other services,03 Mar 2023,5
35185,Akash,Hotel is very excellent hotel staff is very co-operative,02 Mar 2023,5
35185,Prabhu,Hotel good,01 Mar 2023,5
35185,vivek vijay,Amazing to stay,27 Feb 2023,5
35185,Rubel,Nice,21 Jan 2023,5
35185,Naveen,Nice maintenance good hotel so nearby metro station,21 Jan 2023,5
35185,Naveen,Good nice maintenance,20 Jan 2023,5
35185,Prasin SP,The location on the map was incorrect. Had to contact the hotel reception and they guided us to the correct location. Room was cozy and spacious. A+ for the service.,15 Jan 2023,5
35185,Anand,Nice,25 Nov 2022,5
35185,Rubel,Nice,22 Nov 2022,5
35185,Rubel,Nice,20 Nov 2022,5
35185,Prabhu,Good location nice stay,20 Nov 2022,5
35185,Abhi,Very good maintained,20 Nov 2022,5
35185,Anand,Nice stay,19 Nov 2022,5
35185,Rubel,Nice,19 Nov 2022,5
35185,Anand,Hotel savi international staff nice service,18 Nov 2022,5
35185,Naveen,Good maintenance and location,18 Nov 2022,5
35185,Rubel,Nice,18 Nov 2022,5
35185,Rubel,Nice,17 Nov 2022,5
35185,Anand,Nice,16 Nov 2022,5
35185,Shrikant Pulkantwar,Excellent,14 Nov 2022,5
35185,Prabhu,"Hotel was amazing 
Best service I've ever got",13 Nov 2022,5
35185,Anand,Good location,12 Nov 2022,5
35185,Naveen,Good maintenance,12 Nov 2022,5
35185,jatin nayak,staff and hotel both are too good. services is excellent.,11 Nov 2022,5
35185,Naveen,Nice maintenance,11 Nov 2022,5
35185,Naveen,Maintenance it's good staff behaviour and location it's good,10 Nov 2022,5
35185,Kiran Raj,Good,06 Nov 2022,5
35185,Naveen,Good location price maintenance ok,06 Nov 2022,5
35185,Naveen,Nice maintenance it's good location near by mejastic,05 Nov 2022,5
35185,Deepak kumar,Nice,04 Nov 2022,5
35185,Sandesh Satheesan,Excellent service,03 Nov 2022,5
35185,Naveen,Nice maintenance,03 Nov 2022,5
35185,Yubraj SubhamBurma,Great rooms and response by the stuff,02 Nov 2022,5
35185,Naveen,Good nice maintenance,31 Oct 2022,5
35185,Naveen,"Good location, price maintenance",24 Oct 2022,5
35185,Naveen,Good hotel staff location,23 Oct 2022,5
35185,Naveen,Nice,22 Oct 2022,5
35185,Rajesh,Room maintenance is Very good,21 Oct 2022,5
35185,Anand,Exllent near metro mall good hotel,21 Oct 2022,5
35185,Naveen,Nice location price maintenance it's ok,21 Oct 2022,5
35185,ANAND PRAKASH,"After  a long time find a great stay. 
All things were perfect.",19 Oct 2022,5
35185,Pankaj Dorwal,Excelente service and stay at hotel staff were good,18 Oct 2022,5
35185,veeresh,Rooms are clean and hygienic the staff service is also good,17 Oct 2022,5
35185,Navin,Everything was good,16 Oct 2022,5
35185,Prabhu,Nice stay maintenance so good,15 Oct 2022,5
35185,Naveen,Good experience maintenance is nice,14 Oct 2022,5
35185,Anand,Nice stay,13 Oct 2022,5
35185,Jaganath shivraj,Very high class room ... manager and staff behaviour is also very good ....good location also,13 Oct 2022,5
35185,Naveen,Nice maintenance,11 Oct 2022,5
35185,Sohail Ahmad,"Amazing stay
Love this hotel.",10 Oct 2022,5
35185,Jayamurugan,All good,03 Oct 2022,5
35185,Jabir Ali,nice saty,02 Oct 2022,5
35185,Prabhu,Good,02 Oct 2022,5
35185,Naveen,Good maintenance,02 Oct 2022,5
35185,Prabhu,Good,01 Oct 2022,5
35185,Naveen,Nice,01 Oct 2022,5
35185,Madhu,Good maintenance,30 Sep 2022,5
35185,Naveen,Good maintenance,30 Sep 2022,5
35185,Shweta,Nice place,29 Sep 2022,5
35185,HARSHITH P,Decent and good room.,27 Sep 2022,5
35185,Suman Das,Rooms are to good,27 Sep 2022,5
35185,Naveen,Nice maintenance,26 Sep 2022,5
35185,Naveen,Maintenance it's good,18 Sep 2022,5
35185,Naveen,Near by metro,16 Sep 2022,5
35185,Prabhu,EX LYNT GOOD ðŸ‘ðŸ‘ðŸ‘ðŸ‘ðŸ‘,14 Sep 2022,5
35185,pradeep m,"Very nice and clean room
Staff treated us well",14 Sep 2022,5
35185,Biswajit Banerjee,Nice hotel in a pollution free area with in city.,11 Sep 2022,5
35185,Naveen,Nice,11 Sep 2022,5
35185,Sunny RameshlalKukreja,Very nice place to stay,11 Sep 2022,5
35185,Anandu Santhosh,Good Service,10 Sep 2022,5
35185,Prabhu,Nice stay,09 Sep 2022,5
35185,Naveen,Maintenance it's good,09 Sep 2022,5
35185,Naveen,Nice,07 Sep 2022,5
35185,Nitesh Sahoo,Place to stay. Friendly staffs and maintained in cleaning and sanitized,05 Sep 2022,5
35185,Naveen,Good,04 Sep 2022,5
35185,Khachit Khot,Rooms are as shown in the image ...cleanly maintained ...Breakfast won't be given if u book through oyo,04 Sep 2022,5
35185,Rajesh Chennuboina,"The rooms are good and clean, i prefer Oyo whenever i stay outside.",02 Sep 2022,5
35185,miland kumar,Good hotel to stay stafs are friendly..,02 Sep 2022,5
35185,Prabhu,Good,02 Sep 2022,5
35185,Naveen,Good,30 Aug 2022,5
35185,Naveen,Happy stay,28 Aug 2022,5
35185,Naveen,Good,26 Aug 2022,5
35185,Naveen,Nice maintenance 🙂😊,25 Aug 2022,5
35185,Vasanthkumar Kothandhan,Really nice hotel stay with family,22 Aug 2022,5
35185,Naveen,Maintenance it's good,22 Aug 2022,5
35185,Naveen,Good hotel,21 Aug 2022,5
35185,Nikita Deshpande,Good service,21 Aug 2022,5
35185,Naveen,Good hotel maintenance,20 Aug 2022,5
35185,Anand,Good location cleaning,20 Aug 2022,5
35185,Rubel,Nice experience,19 Aug 2022,5
35185,Naveen,Nice maintenance,19 Aug 2022,5
35185,Rubel,Good,18 Aug 2022,5
35185,Naveen,Nice maintenance,18 Aug 2022,5
35185,Ruchi Singh,The hotel staff is extremely generous and instantly serves without any delay. Overall a very good place to stay with family in an affordable price.,17 Aug 2022,5
35185,Rachana Naik,"The stay was Nice, and staff was good and cooperating.",17 Aug 2022,5
35185,Naveen,Good,17 Aug 2022,5
35185,Vaibhav Chait,Nice experience at hotel,12 Aug 2022,5
35185,Suraj Shetty,none,09 Aug 2022,5
35185,Naveen,Comfortable stay,08 Aug 2022,5
35185,Vivek Verma,"Stay was kind blowing, staff are good. Clean hotel. Huge discount I get every time I book using app",07 Aug 2022,5
35185,Madhu,"Stay was comfortable,  best hotel service I've ever had",07 Aug 2022,5
35185,Naveen,Nice,06 Aug 2022,5
35185,Srikanth Hogade,"Very decent stay, staff are very much co-operative.
Recommend this for families. Hotel located near Mantra mall and the area is very pleasant and calm. Rooms look similar as shown in pictures.",04 Aug 2022,5
35185,Naveen,Good experience,03 Aug 2022,5
35185,Naveen,Good hotel clen it's good,31 Jul 2022,5
35185,Christina Jacob,It was a spacious room with wonderful lighting,26 Jul 2022,5
35185,Poojan,Good nice hotel,25 Jul 2022,5
35185,Naveen,Good comfortable,24 Jul 2022,5
35185,Abhinav Kumar,Hotel and staff were good except the ventilation in the washroom,24 Jul 2022,5
35185,Lalit Sanam,Decent rooms at reasonable price,22 Jul 2022,5
35185,Naveen,It's good,22 Jul 2022,5
35185,Krishna Mohan,Good rooms better metro is there mall is there just for near only,02 Jul 2022,5
35185,Rushikesh RDeshpande,Best 👍🏻 Hotel in this Area.,26 Jun 2022,5
35185,Gajendra Nishad,Excellent,03 Jun 2022,5
35185,Naveen,none,03 Jun 2022,5
35185,Sebin George,Affordable price..Good staff.,02 Jun 2022,5
35185,Ashok Chakravarthi,"Room ambience is good, but no complimentary breakfast is provided quoting that they don't have in house restaurant.",08 Feb 2023,4
35185,Mahesh,"Room is spacious and hygiene is maintained, staff is friendly and food is delivered at time. Overall good experience..",01 Jan 2023,4
35185,Limhathung Ezung,The hotel was good. Good location and accessible to many places,20 Nov 2022,4
35185,Mayolla,"The place is relatively new and renewed, the google location of this place is wrong though. Comfortable and nice place to stay, in house kitchen is under reconstruction and need to head out for food. Hot water available. Overall good services",19 Nov 2022,4
35185,Nagendra Naik,Room was good with better facilities,15 Nov 2022,4
35185,Babu K S,The bed covers could have been better and reception should work little quicker except that everything was great,13 Nov 2022,4
35185,kumar,"Room in small but Good, staffs r good",10 Nov 2022,4
35185,Podili naseer,Good,24 Oct 2022,4
35185,Sehenaz Parvin,Excellent,20 Oct 2022,4
35185,Mahesh,Nearby market place. Moderate clean. And parking space also good. All good nearby.,18 Oct 2022,4
35185,Satya,"Good stay,near to mall",13 Oct 2022,4
35185,Suguna Ganesh,Stay was good but had to wait for room as it showed room available but when we reached we waitedIt was near to my meeting place other than this good Aircondition and bed thats it.Cleanliness and waiting for room.,12 Oct 2022,4
35185,Anandu Santhosh,Nice,09 Oct 2022,4
35185,ANIS AHEMED,"Ok ok typeNo breakfast at hotel.No resturent in hotel premises, bathroom is very small without exhaust fan ,,,,, horible time during bath",08 Oct 2022,4
35185,Hafeezur Rahman,Location not easily found. Washrooms are small n congested. Overall value for money.,24 Sep 2022,4
35185,Ak,Very nice location. Accessibility to all the needed places. Staff is also cooperative.,10 Sep 2022,4
35185,Abdul Khadar Sab,No disturbance in the hotel,10 Sep 2022,4
35185,Abdullcoorg,nice room very happy good staff,04 Sep 2022,4
35185,ABHINAND,"Only negative is there is no wifi
And a bit far away from majestic railway station
Need to reach here by a cab",03 Sep 2022,4
35185,Dinesh,Best room.. but don't pay in app.. pay at hotel..  room service not good,03 Sep 2022,4
35185,Ayush,"Good Service..Room was neat & clean. 
Staffs are Polite & they respond quickly to your order !",02 Sep 2022,4
35185,Subham,Good,01 Sep 2022,4
35185,Navinchandra,Hotels are not accepting pre-booking from oyo app,23 Aug 2022,4
35185,Akshaya,The room was pretty decent but the front desk manager wasn't a very polite person.,18 Aug 2022,4
35185,Suraj,Finding the address was not easy,16 Aug 2022,4
35185,Ashok Narayanan,Rooms are clean,15 Aug 2022,4
35185,RajeshGangar GANGAR,Oyo has billing problem,05 Aug 2022,4
35185,MD MEHRAJPATEL,Rooms and cleanliness,24 Jul 2022,4
35185,Basavaraj Sh,Good,25 Jun 2022,4
35185,Stephenie Littleford,"Great place to stay - very comfortableThis place really exceeded our expectations, rooms are clean and bed was so comfortable, water was hot and pressure was great so lovely showers. nGreat value for money and right next to the shopping mall, so good location.Wifi didnu2019t work in the room which is very annoying especially for travellers but apparently just a momentary issue. Staff very slow on check in and only a couple of them are smiley - a must when you work in hospitality!",10 Jun 2022,4
35185,Silver Star,"Asked for 2 hrs extension, but they rejected since all rooms were free. Location have to search and not in main road. Parking not sufficient.. Bad smell in room..",10 Apr 2023,3
35185,Gouse,[object Object]not bad,11 Nov 2022,3
35185,subhash chandra vyas,Food and tea not available other good facality,09 Nov 2022,3
35185,Girirajanaik,He taken mote than online showing payment.. He refused to pay online even though offers include but he taken more money,22 Oct 2022,3
35185,Prasanna,2 occupant room was given to 3 occupancy with extra bed provided on floor,16 Oct 2022,3
35185,sandeep,Worth for money,06 Oct 2022,3
35185,Saif AliAnsari,No inhouse resturant room was quite good,15 Sep 2022,3
35185,Sriharsha Panguluri,The Hotel's location is a major plus point. But the location on maps should be updated properly as one of the old entrance is closed which is actually very easily accessible. The room was ok. They had no Wi fi at all. Also they need to update that there is no in house restaurant.,13 Sep 2022,3
35185,Shitiz,Uncleaned rooms and linen... Dingy bathrooms... Poor show,04 Sep 2022,3
35185,MohdAli,"Cockroaches inside rooms, washroom smell bad",03 Sep 2022,3
35185,Sairam,"Bed bug,no proper ventilation.. average experience",19 Aug 2022,3
35185,Ziya,Hotel was little  unhygienic,18 Aug 2022,3
35185,Sunitha,"Average facilities, No clean bedsheet,Pillows and even no parking.",02 Aug 2022,3
35185,Subramanya Raju,No parking,02 Aug 2022,3
35185,917355441105,Restaurant was not there,31 Jul 2022,3
35185,Akash,"Rooms are not spacious, apart from that overall good",14 Jul 2022,3
35185,Arnav,Rooms are not at all worth the list price of 2k. No door mat or a towel. Not even a packed water of bottle.,05 Feb 2023,2
35185,Vignesh Ayyappan,"The hotel person rejected my booking and after multiple discussions, he took me in and gave me a saver room whereas I booked a Classic room. The saver room that I got didn’t have the AC working, and had water problems the first day itself. 

Btw, this is my second booking and the first booking got rejected because the hotel guy asked for extra money and since I didn’t pay, he rejected my booking saying that we don’t support Oyo. 

Though the second hotel - Savi International, took me in with my booking, the service was still poor as mentioned above.",31 Oct 2022,2
35185,Preetham Naik,Spacious room.AC doesn&#39;t work. Lacks in cleanliness.,20 Sep 2022,2
35185,Samarth,"No wifi, No dth connection, bad odour & bedsheets wasn’t completely cleaned",28 Aug 2022,2
35185,Vinod,Seriously i staff was not friendly. He was not happy by paying amount directly from oyo he forced to use pay and use option. I booked duplex but they gave me a normal one. If you go with fully paid via app seriously they dont even care for you. I dont know whats happening with oyo and hotel. Due to commission rate they are not happy with oyo.oyo need to look into this case,22 Aug 2022,2
35185,Satyam Chaurasia,"Room was nice and well furnished. 
The only issue was that the electricity was going and coming in every 10 mins which made us very frustrated.",21 Jul 2022,2
35185,Anup Bhowmik,Sleepless night..Nice Hotel.Whole night could not sleep due to bugs.,13 Jul 2022,2
35185,Sai Kumar,"they gave us two seperate beds instead of one, we have done couple booking",30 Jun 2022,2
35185,Suresh,"AC was unserviceable.
overnight faced sofication.
no response from staff.",01 Jun 2022,2
35185,SwethaKusuma Janyavula,"room full tiny cockroaches roaming around. the worst customer service. 
They have no concern...",08 Mar 2023,1
35185,RUMAN NADAF,"The room was not clean, the bed sheets were dirty. The breakfast was not provided. Noisy neighbours",09 Feb 2023,1
35185,Dhee,Not customer friendly rude behavior. Rooms are good but staffs are not good..,22 Nov 2022,1
35185,Puthran Swapna,Worst stayNothing.Beds were not clean at all......we had to ask for towels in room....walls were dirty....Need to have a clean room,22 Nov 2022,1
35185,Chethan,nod good room,09 Nov 2022,1
35185,sachin,"Poor room service and poor room quality
Rude staffs",23 Oct 2022,1
35185,sachin,"Too dirty room and not cleaned after one day
Poor service in all",22 Oct 2022,1
35185,Zayeem Rk,Stinky washroom. Dirty blanket.,20 Oct 2022,1
35185,Chandra Kiran,"Worst experience i ever had in booking a hotel for stay during my travel,i belived the pics in the website and reserved a room in this. the name is international but the rooms are very small and unhygienic and they didn't even provided the mineral water bottle even and no place to move your luggage and there is a partiality in alloting the rooms from Oyo bookings and direct walkin.the only positive thing is near to one of the metro stations and location is quite difficult to find as there is no sign boards anywhere at all .even Google maps failed to locate the hotel and the staff is negligent and impolite .",18 Oct 2022,1
35185,Karthik KN,The hotel staffs are very attitude and very arrogant and less for smooth checkin...the way of seeing us itself a very bad..,14 Oct 2022,1
35185,Jayasoorya J,Poor service from the staffs . They have charged me an extra 1100 rs for the stay . They said that there is no rooms availble for the rate i have booked through oyo . It was a prepaid booking i had a meeting too so i didnt had any time to go behind the issue so i paid . Really poor experice from the app and the hotel . There was frequently power cut too,03 Oct 2022,1
35185,Abhishek Agrawal,"Bad service, Bad staff highly advisable to book another",01 Oct 2022,1
35185,Kaushal kumar,"Very bad experience ..Nothing.No breakfast in the package.nNo towel , no soap no parking space etc.",25 Sep 2022,1
35185,Nikhil Pawar,"Property Did not accept our Booking.Com confirmation, we were left stranded and were told to go book another Hotel, that said they accept bookings only via OYO Appu2026",24 Sep 2022,1
35185,Hammad Khan,Poor facilities bad beaver,21 Sep 2022,1
35185,Mahesh Kumar,"Place is good but if the staff is 420 people.If the staff there says to pay more amount.nBecause we booked online, the staff there behaved badly.",14 Sep 2022,1
35185,Aniruddha Majumdar,"Bed bucks , wrong picture of property, property location was different, no room service, no fooding area.",07 Sep 2022,1
35185,Buchhibabu Rachakonda,"Very bad in terms of cleanliness, Blankets are worst , There is no doormat at all if your feet is wet , Exterior looks posh , interiors, if you look close pathetic

They charged 300 for pre-checkin while Oyo said it's free even in help thread",03 Sep 2022,1
35185,Salman Shaik,Very rude behaviour from receptionist... He was using slangs infront us to Oyo services.... He said very low tarrif given by Oyo don't pay online others wise i will decline your next booking... Very bad room has given wantedly... So what is the fault of customers ?? If Oyo and hotels has problem with each others what customers will do ?? I'm requesting all customers to not book this hotel.. if you want to ashamed by receptionist you can book... Very bad service nobody will listen you just because you have given low price... I'm very unsatisfied from this hotel service... This is the last time I'm booking this hotel and from Oyo... Oyo is worst ever...,17 Aug 2022,1
35185,Syed Sadiq,booked 2 Rooms for 5persons but clearly mention at booking extra bed will be provided but due rude and unprofessional behaviour no extra bed provided not provided,10 Aug 2022,1
35185,Harish Thiru,"Bed quality was very poor...
Hotel people are not so friendly...
no proper facilities.",08 Aug 2022,1
35185,EVKiran,"The rooms booked was very small, bathroom is so small that even a very lean person will not fit in. The rooms are very very dirty, no door mats, toilet seat is not cleaned. Blankets are not changed. Unless we ask nothing was provided like towels , soaps , door mat etc. Staff are very arrogant. I don't recommend this hotel to any one.",18 Jul 2022,1
35185,Libin M,Dirty rooms and bathroom.Stains in bedsheets and blankets. bad smell in the room.very small dirty bathroom  with stains .poor quality bed..,17 Jul 2022,1
35185,Prastuti Gunin,I dont know for what reason they 4 rating. Such a horrible hotel with dirty rooms and very rude staff,11 Jul 2022,1
35185,Manoj Kumar,congested room,05 Jul 2022,1
35185,Aishu,very arrogant  to the customer  room was not at all good manager  spoken very badly in a arrogant  way to me,20 Jun 2022,1
35185,maharshi,wrost service never go to that hotel asking extra money,18 Jun 2022,1
35185,Vishwa,"don't trust this hotel,very unsafe environment inside hotel..",03 Jun 2022,1
35185,Surendran,They jus gave us one room for first day !!! After paying full amount for 2 days completely !!! They didn’t give us room !!! Even OYO customer care didn’t respond to that properly !!! Very bad service !!! Looking for my first day refund back,01 Jun 2022,1
