hotel_id,user_name,review_text,date,title
3530,seema Modi,none,06 May 2023,5
3530,seema Modi,none,06 May 2023,5
3530,seema Modi,excellent,22 Apr 2023,5
3530,seema Modi,excellent,22 Apr 2023,5
3530,Janardhan,"Room amenities and staff are so good, Check in also went smooth,nice place to stay with family and loved ones.",21 Apr 2023,5
3530,seema Modi,excellent,20 Apr 2023,5
3530,Rohit Sinha,Good rooms and good staff,12 Apr 2023,5
3530,seema Modi,excellent,12 Apr 2023,5
3530,seema Modi,excellent,12 Apr 2023,5
3530,seema Modi,excellent,03 Apr 2023,5
3530,Shruti,The hotel staff were very unprofessional and mostly you have to do self servicing. Absolutely no maintanence of the hotel.Otherwisee their behaviour was good they took good care.,01 Apr 2023,5
3530,seema Modi,excellent,29 Mar 2023,5
3530,seema Modi,excellent,29 Mar 2023,5
3530,Rebecca,The hygiene was good,22 Mar 2023,5
3530,Prashanth BR,Very well maintained rooms and very good hospitality. It is available at a premium location. The staffs were really good and responsive.,16 Mar 2023,5
3530,Gideon Paul,Enjoyed my stay at Hotel Resida. Clean rooms and helpful staff made for a comfortable stay. Would recommend to others!,15 Mar 2023,5
3530,seema Modi,excellent,13 Mar 2023,5
3530,seema Modi,excellent,13 Mar 2023,5
3530,Aji,It was nice atmosphere and the service was very good and helpful room was very cleaned and for the prize it was worthy and good enough although i was very satisfied with the room and services thank to them i would prefer it ❤️,12 Mar 2023,5
3530,Seema Modi,Excellent,10 Mar 2023,5
3530,seema Modi,excellent,09 Mar 2023,5
3530,seema Modi,excellent job,09 Mar 2023,5
3530,Ajay,Excellent,07 Mar 2023,5
3530,seema Modi,excellent,06 Mar 2023,5
3530,seema Modi,excellent,06 Mar 2023,5
3530,seema Modi,good,06 Mar 2023,5
3530,Seema Modi,Excellent,05 Mar 2023,5
3530,Athul Aj,"Stay was good, staff were very nice and friendly. Overall it was great to stay heree, person at reception was very friendly.",03 Mar 2023,5
3530,Seema Modi,Excellent,01 Mar 2023,5
3530,Chiddik miha,Good Peppa ty,22 Feb 2023,5
3530,Seema Modi,Excellent,20 Feb 2023,5
3530,Harshit,"These service apartments are very near to Leela Palace hotel, and very approachable from the main Old Bengaluru Airport road just walking distance. Rooms are well lit up, bathrooms very well cleaners, spacious rooms with TV water refills right outside rooms. There is a terrace for you to walk in and also a kitchen on third floor if you wish to cook something, although I did not cook. The nearest eating hotel is Srinidhi Sagar where you can get tea coffee juice breakfast lunch and anything you want and also in this hotel too you can get tea coffee basic things. 
The manager is a very supportive lady and very welcoming one. The staff is good too. 
Overall it’s a nice stay at this hotel. People who have office in EGL, this is a great place to stay.",19 Feb 2023,5
3530,seema Modi,excellent,19 Feb 2023,5
3530,Seema Modi,Excellent,18 Feb 2023,5
3530,Seema Modi,Excellent,18 Feb 2023,5
3530,Seema Modi,Staff support,17 Feb 2023,5
3530,Seema Modi,Excellent,17 Feb 2023,5
3530,Seema Modi,Excellent,17 Feb 2023,5
3530,Seema Modi,Excellent,17 Feb 2023,5
3530,Seema Modi,Excellent,17 Feb 2023,5
3530,Seema Modi,Excellent,17 Feb 2023,5
3530,Seema Modi,Excellent,17 Feb 2023,5
3530,Seema Modi,Excellent,17 Feb 2023,5
3530,Seema Modi,Excellent,17 Feb 2023,5
3530,Seema Modi,Excellent,14 Feb 2023,5
3530,Seema Modi,Excellent,14 Feb 2023,5
3530,Seema Modi,Excellent,13 Feb 2023,5
3530,Seema Modi,Excellent,13 Feb 2023,5
3530,Seema Modi,Excellent,13 Feb 2023,5
3530,Seema Modi,Excellent,13 Feb 2023,5
3530,Zaheer Hasan,Service was good and polite and quickly working staff. Clean and good rooms. I shall revisite the hotel again.,13 Feb 2023,5
3530,Hari Prasad,Excellent overall experience,13 Feb 2023,5
3530,Seema Modi,Excellent,12 Feb 2023,5
3530,Seema Modi,Excellent,11 Feb 2023,5
3530,Seema Modi,Excellent staff,11 Feb 2023,5
3530,Seema Modi,Excellent,10 Feb 2023,5
3530,Seema Modi,Excellent,06 Feb 2023,5
3530,Seema Modi,Excellent,06 Feb 2023,5
3530,Seema Modi,Excellent,05 Feb 2023,5
3530,Seema Modi,Excellent,05 Feb 2023,5
3530,Ajay,Good property and very nice  beyber  menegar,04 Feb 2023,5
3530,Chiddik miha,Good property  very nice,04 Feb 2023,5
3530,Seema Modi,Excellent,04 Feb 2023,5
3530,Shamanth Hs,Good place to stay. Good service easy checkin and clean rooms. Good heigine is maintained spacious rooms,02 Feb 2023,5
3530,seema Modi,excellent,02 Feb 2023,5
3530,seema Modi,excellent,02 Feb 2023,5
3530,Seema Modi,Excellent,01 Feb 2023,5
3530,rakesh satpathy,Great service and very polite people. U can blindly go for it,01 Feb 2023,5
3530,Seema Modi,Excellent,29 Jan 2023,5
3530,Seema Modi,Excellent staff and service,23 Jan 2023,5
3530,Seema Modi,Excellent customer support,23 Jan 2023,5
3530,Seema Modi,Excellent,23 Jan 2023,5
3530,Seema Modi,Excellent,23 Jan 2023,5
3530,Seema Modi,Excellent,23 Jan 2023,5
3530,Seema Modi,Excellent,23 Jan 2023,5
3530,YASSAR SHAIKH,Great hotel within budget.,21 Jan 2023,5
3530,Seema Modi,Excellent,15 Jan 2023,5
3530,Seema Modi,Excellent,15 Jan 2023,5
3530,Seema Modi,Excellent,15 Jan 2023,5
3530,Seema Modi,Excellent,15 Jan 2023,5
3530,Bhagyaraj,Good,12 Jan 2023,5
3530,Seema Modi,Excellent,11 Jan 2023,5
3530,Seema Modi,Excellent,10 Jan 2023,5
3530,Seema Modi,Excellent,10 Jan 2023,5
3530,Seema Modi,Excellent,10 Jan 2023,5
3530,Jashuva,"Good experience,great rooms and staff",10 Jan 2023,5
3530,Seema Modi,Excellent,09 Jan 2023,5
3530,Seema Modi,Excellent,09 Jan 2023,5
3530,Seema Modi,Excellent,09 Jan 2023,5
3530,Vinay,The service is amazing and the staff extremely good and very professional ☺️,09 Jan 2023,5
3530,Seema Modi,Excellent,08 Jan 2023,5
3530,Seema Modi,Excellent,08 Jan 2023,5
3530,k Suraj,Gud place to chill nd hangout...gud facilities .Clean nd tidy with proper maintaining,08 Jan 2023,5
3530,Seema Modi,Excellent,07 Jan 2023,5
3530,Seema Modi,Excellent,07 Jan 2023,5
3530,Seema Modi,Excellent staff,07 Jan 2023,5
3530,Seema Modi,Excellent customer support good staff,07 Jan 2023,5
3530,Seema Modi,Excellent customer support good,07 Jan 2023,5
3530,Seema Modi,Excellent customer support,07 Jan 2023,5
3530,Seema Modi,Excellent,07 Jan 2023,5
3530,Seema Modi,Excellent customer care,07 Jan 2023,5
3530,Seema Modi,Excellent customer care,07 Jan 2023,5
3530,Seema Modi,Excellent customer support,07 Jan 2023,5
3530,Seema Modi,Excellent customer support,07 Jan 2023,5
3530,Seema Modi,Excellent customer support,07 Jan 2023,5
3530,Seema Modi,Excellent customer support,07 Jan 2023,5
3530,Seema Modi,Excellent customer support,07 Jan 2023,5
3530,Seema Modi,Excellent customer support,07 Jan 2023,5
3530,Seema Modi,Excellent customer support,07 Jan 2023,5
3530,Seema Modi,Excellent customer support,07 Jan 2023,5
3530,Seema Modi,Excellent,04 Jan 2023,5
3530,Seema Modi,Excellent,03 Jan 2023,5
3530,Seema Modi,Excellent staff very good,03 Jan 2023,5
3530,Seema Modi,Excellent,03 Jan 2023,5
3530,Seema Modi,Excellent,03 Jan 2023,5
3530,Seema Modi,Excellent,03 Jan 2023,5
3530,Seema Modi,Excellent staff very friendly,02 Jan 2023,5
3530,Seema Modi,Excellent customer support,02 Jan 2023,5
3530,Seema Modi,Excellent customer support,02 Jan 2023,5
3530,Seema Modi,Excellent,01 Jan 2023,5
3530,Seema Modi,Excellent,01 Jan 2023,5
3530,Seema Modi,Excellent,01 Jan 2023,5
3530,Seema Modi,Excellent,01 Jan 2023,5
3530,Seema Modi,Excellent,31 Dec 2022,5
3530,Seema Modi,Excellent,31 Dec 2022,5
3530,Imran,Electronic service and really  evrithing was Amazing,30 Dec 2022,5
3530,Seema Modi,Excellent,30 Dec 2022,5
3530,Seema Modi,Excellent staff very friendly,30 Dec 2022,5
3530,Seema Modi,Excellent customer support good staff  thanks,30 Dec 2022,5
3530,Jithisha Rajan,I had a good stay here.People are friendly,30 Dec 2022,5
3530,NagaAnvesh,I like the property. It was so clean and good environment. Good for family as well as friends too,30 Dec 2022,5
3530,Seema Modi,Excellent,29 Dec 2022,5
3530,Seema Modi,Excellent customer support good staff  Excellent  location  breakfast  ok oyo hotel  stay  good family involvement  thanks,29 Dec 2022,5
3530,Seema Modi,Excellent good location good staff clean hotel silent area silent staff service are good excellent thank you,28 Dec 2022,5
3530,Seema Modi,Awesome place good behaviour staff clean Hotel cleanness location very good breakfast very good gym very good excellent place all excellent thank you,28 Dec 2022,5
3530,Seema Modi,Excellent  oyo  property  clean good  staff good  and break fast  idly  Dosa  excellent  test  all excellent  tem,27 Dec 2022,5
3530,Seema Modi,I stayed in so Ani hotal but resida service apartment oyo very good  stay service ar good  and silent property,27 Dec 2022,5
3530,Seema Modi,"very nice hotal very peaceful hotal behavior is very good  kitchen facility there are cockroaches 
Bat all excellent",27 Dec 2022,5
3530,Mohanmoni,It was really good stay and over all it was good experience and we have lots of fun in Bangalore and we had long travel and later we took flight and good rest as well,27 Dec 2022,5
3530,Seema Modi,Good  opssan 24 are  open hotal   clean good  family  Steffi  location good  no lauda  and good behavior  thanks,26 Dec 2022,5
3530,Seema Modi,Hotal  good  fast manipal hospital  near  sekend kitchen  fasleti  sattaf  sport  all excellent  thanks,26 Dec 2022,5
3530,Seema Modi,Comfort zone  hotel  homel  filings clean  hotal and location  good  staff  good sirvesh  good thank you so much,26 Dec 2022,5
3530,Seema Modi,Long stay  good family involvement  no lauda  satent   good location good clean and very friendly and customer support,25 Dec 2022,5
3530,Seema Modi,Very good morning dear team staff  no problem  resida hotel good  candisan hotel  feeling sirvesh are  good location good jim good,25 Dec 2022,5
3530,Prerak Agarwal,"It was sooo great to be here. Loved the Hospitality. Everything worked out best. Nice rooms, best service, always ready to help attitude.",25 Dec 2022,5
3530,Ravi BabuRV,Great location for staying,25 Dec 2022,5
3530,Seema Modi,Excellent,24 Dec 2022,5
3530,Ravi BabuRV,Good Service Apartment to stay,24 Dec 2022,5
3530,Seema Modi,Excellent,23 Dec 2022,5
3530,Seema Modi,Excellent,23 Dec 2022,5
3530,Seema Modi,Excellent,22 Dec 2022,5
3530,Seema Modi,Excellent,22 Dec 2022,5
3530,Seema Modi,Excellent,22 Dec 2022,5
3530,Seema Modi,Excellent,22 Dec 2022,5
3530,Seema Modi,Excellent,21 Dec 2022,5
3530,Seema Modi,Excellent,21 Dec 2022,5
3530,Rahul Godghate,Excellent place to stay. Very clean and quiet place. Reception and staff persons are very polite and quick to respond. Nearby market is good too.,21 Dec 2022,5
3530,Seema Modi,Excellent,20 Dec 2022,5
3530,Shubhankar,It was a good stay love the vibe around the area .,20 Dec 2022,5
3530,Prakash,Everything good and peaceful place..,19 Dec 2022,5
3530,Shareeq,Good place to stay. Prime location,19 Dec 2022,5
3530,Seema Modi,Excellent,19 Dec 2022,5
3530,Seema Modi,Excellent,18 Dec 2022,5
3530,Seema Modi,Excellent,18 Dec 2022,5
3530,Seema Modi,Excellent,17 Dec 2022,5
3530,Seema Modi,Excellent,17 Dec 2022,5
3530,Ronit,"Very Nice environment,  Hotel location is Beautiful, Service is Very Good 👍.",16 Dec 2022,5
3530,Seema Modi,Excellent,15 Dec 2022,5
3530,Seema Modi,Excellent,15 Dec 2022,5
3530,Seema Modi,Excellent,14 Dec 2022,5
3530,Seema Modi,Excellent,14 Dec 2022,5
3530,Seema Modi,Excellent,14 Dec 2022,5
3530,Seema Modi,Excellent,14 Dec 2022,5
3530,Seema Modi,Excellent,14 Dec 2022,5
3530,Seema Modi,Excellent,13 Dec 2022,5
3530,Seema Modi,Excellent,13 Dec 2022,5
3530,Seema Modi,Excellent,13 Dec 2022,5
3530,Seema Modi,Excellent,13 Dec 2022,5
3530,Seema Modi,Excellent,13 Dec 2022,5
3530,Antony Alex,Very convenient place. Staffs are very friendly.. rooms are very clean and neat....Very comfortable stay..,12 Dec 2022,5
3530,Seema Modi,Excellent,12 Dec 2022,5
3530,Vishal Marhatta,Very good ambience,11 Dec 2022,5
3530,Seema Modi,Excellent,10 Dec 2022,5
3530,Seema Modi,Excellent,10 Dec 2022,5
3530,Seema Modi,Excellent,10 Dec 2022,5
3530,Seema Modi,Excellent,09 Dec 2022,5
3530,Seema Modi,Excellent,09 Dec 2022,5
3530,Seema Modi,Excellent,09 Dec 2022,5
3530,Seema Modi,Excellent,09 Dec 2022,5
3530,Seema Modi,Excellent,08 Dec 2022,5
3530,Seema Modi,Excellent,08 Dec 2022,5
3530,Seema Modi,Excellent,08 Dec 2022,5
3530,Dipankar Poddar,"Located very near to Manipal Hospital, Calm and quite atmosphere. Pleasent stay.",06 Dec 2022,5
3530,Nishant Gupta,Good location with easy commute within city. Decent hotel with clean rooms & good service at decent price,05 Dec 2022,5
3530,Seema Modi,Excellent,05 Dec 2022,5
3530,Seema Modi,Excellent,05 Dec 2022,5
3530,Seema Modi,Excellent,05 Dec 2022,5
3530,Seema Modi,Excellent,05 Dec 2022,5
3530,Sahil,Location and all the staff friendly and helpful.,04 Dec 2022,5
3530,seema Modi,excellent,02 Dec 2022,5
3530,Mangesh Ghodake,"Hotel Resida Service Apartments is too good for stay. Polite and helping staff, room service is what I liked most. The rooms were so clean n tidy that you will definitely enjoy your stay. The place is easily reachable. Whenever I will visit Bangalore my first preference to stay will be this hotel only.",02 Dec 2022,5
3530,Akbar Basha,Five star hotel experience at affordable price,30 Nov 2022,5
3530,Seema Modi,Excellent,30 Nov 2022,5
3530,Seema Modi,Excellent,28 Nov 2022,5
3530,Seema Modi,Excellent,28 Nov 2022,5
3530,Seema Modi,Excellent,28 Nov 2022,5
3530,Shibin Thomas,Nice comfortable and clean rooms.,27 Nov 2022,5
3530,Seema Modi,Excellent,27 Nov 2022,5
3530,Seema Modi,Excellent,26 Nov 2022,5
3530,Seema Modi,Excellent,26 Nov 2022,5
3530,Seema Modi,Excellent,26 Nov 2022,5
3530,Seema Modi,Excellent,26 Nov 2022,5
3530,seema Modi,excellent,25 Nov 2022,5
3530,Seema Modi,Excellent,25 Nov 2022,5
3530,Seema Modi,Excellent,25 Nov 2022,5
3530,Seema Modi,Excellent,25 Nov 2022,5
3530,Seema Modi,Excellent,25 Nov 2022,5
3530,Pranoi RaphelRaju,"The hotel was easily accessible, near to the Indiranagar Metro Station. The rooms were clean and the staff was friendly as well.",24 Nov 2022,5
3530,Harsh Patil,Good Place with well mannered staff,24 Nov 2022,5
3530,Seema Modi,Excellent,24 Nov 2022,5
3530,Seema Modi,Excellent,24 Nov 2022,5
3530,Seema Modi,Excellent,24 Nov 2022,5
3530,Seema Modi,Excellent,24 Nov 2022,5
3530,Seema Modi,Excellent,24 Nov 2022,5
3530,Seema Modi,Excellent,24 Nov 2022,5
3530,Seema Modi,Excellent,23 Nov 2022,5
3530,Seema Modi,Excellent,23 Nov 2022,5
3530,seema Modi,Excellent,22 Nov 2022,5
3530,seema Modi,Excellent,22 Nov 2022,5
3530,Seema Modi,Excellent,19 Nov 2022,5
3530,Biki,none,17 Nov 2022,5
3530,Seema Modi,Excellent,16 Nov 2022,5
3530,Seema Modi,Very good excellent cleaning staff kitchen outside area very cleaning and silent property quite and thank,16 Nov 2022,5
3530,Seema Modi,Excellent oyio,15 Nov 2022,5
3530,Seema Modi,Excellent good service staff are behaviour good very good cleaning washing machine kitchen gym area very cleaning very good person awesome place thank you razida service apartment,14 Nov 2022,5
3530,seema Modi,Excellent  good staff behaviour clean and well menten staff clean good,11 Nov 2022,5
3530,Srinath,"Nice rooms, clean. Friendly staff. Smooth check in and check out",05 Nov 2022,5
3530,Nishanth sunny,"Perfect room, go for deluxe one.",05 Nov 2022,5
3530,Seema Modi,Excellent service excellent staff excellent behaviour silent place green place breakfast good no mosquito very good cleaning very good behaviour very very good thank you,03 Nov 2022,5
3530,Seema Modi,Very nice stay good behaviour Hotel are cleaning staff are very good and staff good cleaning and small kitchen facility and Washing Machine facility working facility gym facility very very good thank you,03 Nov 2022,5
3530,Seema Modi,Excellent customer support good staff 👍 hotal clean good staff family and friends ste good experience,03 Nov 2022,5
3530,Seema Modi,Excellent customer support good staff and bigg room customer support clean good,03 Nov 2022,5
3530,Seema Modi,none,03 Nov 2022,5
3530,Shubham Deshpande,Place is situated in a prime locality. Service is very good with staff going above and beyond to accomodate your request,03 Nov 2022,5
3530,Seema Modi,Good service good location and cleaning hotel staff are very good and very less price thank you,28 Oct 2022,5
3530,seema Modi,Good involvement. Very good service and hotel are very clean and stop very good. Excellent film area. Excellent location. Thank you Resida.,27 Oct 2022,5
3530,Seema Modi,Awesome place good service good excellent area and small gym staff are very good and very cleaning thank you rasita,27 Oct 2022,5
3530,Bharath,A decent place with good amenities.,27 Oct 2022,5
3530,prasanna kumar,"Stay was nice...the room was sanitised perfectly..washroom and the bed was cleaned perfectly, the receptionist was nice as always",19 Oct 2022,5
3530,Akash Saravade,Good,18 Oct 2022,5
3530,seema Modi,Excellent,18 Oct 2022,5
3530,Alon King,Excellent,16 Oct 2022,5
3530,seema Modi,Excellent,14 Oct 2022,5
3530,seema Modi,Excellent,13 Oct 2022,5
3530,Alon King,excellent,12 Oct 2022,5
3530,seema Modi,Excellent,12 Oct 2022,5
3530,seema Modi,Excellent,11 Oct 2022,5
3530,seema Modi,Excellent,10 Oct 2022,5
3530,rahul banik,Wonderful stay. It&#39;s a very clean place. Mine was room no 108. All the staff was very cordial.Nothing,09 Oct 2022,5
3530,seema Modi,Excellent,09 Oct 2022,5
3530,seema Modi,Excellent,08 Oct 2022,5
3530,Kunal Krishna,Very spacious room and very good service,08 Oct 2022,5
3530,seema Modi,Excellent,07 Oct 2022,5
3530,MS KARTHIK,Excellent service,06 Oct 2022,5
3530,Harsh Kumar,Good stay,05 Oct 2022,5
3530,seema Modi,Excellent,05 Oct 2022,5
3530,seema Modi,Excellent,04 Oct 2022,5
3530,Nirmal Govind,"Awesome place, very cooperative staff",03 Oct 2022,5
3530,seema Modi,Excellent,03 Oct 2022,5
3530,seema Modi,Excellent,02 Oct 2022,5
3530,Barath s,Excellent stay.. Nice hospitality !!,01 Oct 2022,5
3530,Avinash Kumar,"The property was very good, was very easy to find. The staff including the lady who was at the reception, were all very sweet. A very nice stay and will surely visit again. Thanks.",30 Sep 2022,5
3530,seema Modi,Excellent,29 Sep 2022,5
3530,Akash Sharma,It was good,28 Sep 2022,5
3530,kadhar basha,Nice,27 Sep 2022,5
3530,seema Modi,Excellent,26 Sep 2022,5
3530,Jawed Haider,All service and people are very good and humble for the Customers,24 Sep 2022,5
3530,seema Modi,Excellent,24 Sep 2022,5
3530,seema Modi,Excellent,23 Sep 2022,5
3530,Shebil,excellently,22 Sep 2022,5
3530,seema Modi,Excellent,21 Sep 2022,5
3530,seema Modi,Excellent,20 Sep 2022,5
3530,vishal rana,All good.,19 Sep 2022,5
3530,seema Modi,Excellent,19 Sep 2022,5
3530,seema Modi,Excellent,18 Sep 2022,5
3530,seema Modi,Excellent,12 Sep 2022,5
3530,Saurabh,"Stay was excellent, staff was supporting",11 Sep 2022,5
3530,Biki,Excellent,10 Sep 2022,5
3530,shalini,Nice room with excellent service,10 Sep 2022,5
3530,Seema Modi,Excellent,10 Sep 2022,5
3530,seema Modi,Excellent,09 Sep 2022,5
3530,DARSHAN,"Staff are polite and nice, excellent stay.... Thank you resida",09 Sep 2022,5
3530,Chiddik miha,Good,08 Sep 2022,5
3530,Seema Modi,Excellent,08 Sep 2022,5
3530,Seema Modi,Excellent,08 Sep 2022,5
3530,seema Modi,Excellent,07 Sep 2022,5
3530,Seema Modi,"Best hotal thanks  to all ataf  to resida salet  hotal sirves  good clnen  good only one problem  cocroj 
And all excellent",06 Sep 2022,5
3530,seema Modi,Excellent,04 Sep 2022,5
3530,seema Modi,Excellent,03 Sep 2022,5
3530,Chiddik miha,Excellent,02 Sep 2022,5
3530,seema Modi,Excellent,01 Sep 2022,5
3530,Abdul Qadir,"Hospitality, kindness, cleaniness and service were there as exected. I can only advised to stay in this resida hotel...Be sure if i had to come back in Resida in the future, i will come back there. I am recommand certainly this hotel",31 Aug 2022,5
3530,seema Modi,Excellent,30 Aug 2022,5
3530,Seema,HOTAL full menten  good behavior and  breakfast  edli  very good  service  nice and all good thanks  Oyo  Resida serviced apartment,30 Aug 2022,5
3530,Dilraj Nair,Excellent service and feel like home amazing service,27 Aug 2022,5
3530,Biki,Good stuff,25 Aug 2022,5
3530,seema Modi,Excellent service,25 Aug 2022,5
3530,Akhilesh TP,Good experience,23 Aug 2022,5
3530,Chiddik miha,"Good experiences Oyo good behaviour
All clean hotel and support staf
And Jim korchen provide good fasliti",20 Aug 2022,5
3530,Nithya Anil,"Rooms and premises are all well maintained. Everything neat and clean. Staff support is excellent 
Worth money.",20 Aug 2022,5
3530,Ajay,Very good sirvesh good clean and all clean good sirvesh kichan Jem osam staff friendly and very salet hotal thaks,19 Aug 2022,5
3530,919131289932 Agrawal,Good room and excellent staff,19 Aug 2022,5
3530,seema Modi,Excellent,18 Aug 2022,5
3530,Chiddik miha,Excellent,18 Aug 2022,5
3530,Athul Sathyan,"Everything is neat and clean. Only the issue is the wifi has some connection issues,it gets disconnected frequently.apart from it, it's one of the best hotels i have stayed.",18 Aug 2022,5
3530,Adam Khan,Well behaved employees.,18 Aug 2022,5
3530,Hari Prasad,Great experience,16 Aug 2022,5
3530,Seema Modi,Very fast service good behaviour quite silent area Idli breakfast very excellent Hotel cleaning and all good thank you service apartment thank you oyo,16 Aug 2022,5
3530,Seema Modi,Gall excellent  customer care salant  hotal staff support clean good  berkfast idle samar and all good,16 Aug 2022,5
3530,Chiddik miha,Excellent,15 Aug 2022,5
3530,Ajay,none,13 Aug 2022,5
3530,Alon King,Good,13 Aug 2022,5
3530,Alon King,All good good cleaning good stop good behaviour good kitchen good washing machine area and gym area and silent area very good thank you Rashida,13 Aug 2022,5
3530,Alon King,Good morning excellent service and start hotal clen and mention full silent area and kitchen provide washing machine provide and gym area very good,13 Aug 2022,5
3530,Henny Yashmi,Good service,13 Aug 2022,5
3530,seema Modi,excellent,13 Aug 2022,5
3530,meghasingh,Very supportive team.,11 Aug 2022,5
3530,Praveen Kandukuri,"It was a great experience and the room was good, well sanitized and the hospitality was good",11 Aug 2022,5
3530,seema Modi,excellent,10 Aug 2022,5
3530,Biki,Excellent,09 Aug 2022,5
3530,Varkey Joseph,Excellent service neat and clean rooms perfect stay,08 Aug 2022,5
3530,Mahesh Chowdary,Rooms are very much clean and staff coordination is very much good,08 Aug 2022,5
3530,Jijitha,Good stay,07 Aug 2022,5
3530,seema Modi,excellent,07 Aug 2022,5
3530,Seema Modi,Excellent,07 Aug 2022,5
3530,Seema Modi,Excellent,07 Aug 2022,5
3530,seema Modi,excellent,06 Aug 2022,5
3530,Jeff Justus,Nice,05 Aug 2022,5
3530,seema Modi,excellent customer service,04 Aug 2022,5
3530,Biki,Excellent,04 Aug 2022,5
3530,Biki,Excellent,03 Aug 2022,5
3530,Prabhu Shankar,It was really good…Thank u so much 🥰🥰🥰,03 Aug 2022,5
3530,Seema Modi,Excellent,03 Aug 2022,5
3530,Prabhu,Excellent,02 Aug 2022,5
3530,Ajay,Good,02 Aug 2022,5
3530,Arun Gopalakrishan,The stay was good and the staffs were also good,02 Aug 2022,5
3530,Biki,Good,02 Aug 2022,5
3530,Pankaj Verma,none,01 Aug 2022,5
3530,Pankaj Verma,none,01 Aug 2022,5
3530,Pankaj Verma,All good,01 Aug 2022,5
3530,Pankaj Verma,Excellent,01 Aug 2022,5
3530,Pankaj Verma,All goods,01 Aug 2022,5
3530,Biki,Nice,01 Aug 2022,5
3530,Ajay,Excellent,01 Aug 2022,5
3530,Ajay,Excellent,01 Aug 2022,5
3530,Ajay,Excellent,01 Aug 2022,5
3530,Seema Modi,Excellent,01 Aug 2022,5
3530,Pinckikumar,excellent,01 Aug 2022,5
3530,Seema,Nice,31 Jul 2022,5
3530,Pinckikumar,excellent,31 Jul 2022,5
3530,sanket kerur,Location food cleanliness and staff support,31 Jul 2022,5
3530,Jansi,The room was good and minimal disturbance...the room had Netflix which was nice,30 Jul 2022,5
3530,Pinckikumar,excellent,30 Jul 2022,5
3530,Seema Modi,Good,30 Jul 2022,5
3530,Seema Modi,Good,30 Jul 2022,5
3530,Sarath S,Good stay. Value for money. Good staff.,29 Jul 2022,5
3530,Yugandhar,Room,29 Jul 2022,5
3530,Pinckikumar,excellent,29 Jul 2022,5
3530,Pinckikumar,excellent,28 Jul 2022,5
3530,Pankaj Verma,Excellent,28 Jul 2022,5
3530,Sakethdevarashetty,Good,27 Jul 2022,5
3530,Ajay,none,24 Jul 2022,5
3530,Pinckikumar,nice,24 Jul 2022,5
3530,Pankaj Verma,"Good experiences good hotal and support ar nice morning breakfast osam
Staff  nechar excellent and all excellent",23 Jul 2022,5
3530,Alon King,Very good service and very good cleaning very good staff very good kitchen cleaning and gym very good all thank you prices goog,23 Jul 2022,5
3530,Pinckikumar,excellent,23 Jul 2022,5
3530,Arvinada,good,23 Jul 2022,5
3530,Aastha,"Great service, very hygienic and simple and sweet experience",23 Jul 2022,5
3530,Pinckikumar,excellent,22 Jul 2022,5
3530,Seema Modi,Good candisan resida2561 and service good  staff and customer support good kitchen  and jem  excellent customer support good,22 Jul 2022,5
3530,Pankaj Verma,Good good behaviour good welcome good cleaning good kitchen good gym good or staff and all clean hotel and thank you Rashida,21 Jul 2022,5
3530,Pinckikumar,excellent,20 Jul 2022,5
3530,Pinckikumar,excellent,19 Jul 2022,5
3530,Seema Modi,Very good  good behavior  hotal staffs  clan location   good,18 Jul 2022,5
3530,chuman,Best stay on benglore ...,18 Jul 2022,5
3530,Alon King,excellent,16 Jul 2022,5
3530,Pinckikumar,excellent,15 Jul 2022,5
3530,Seema Modi,excellent,15 Jul 2022,5
3530,Pankaj Verma,excellent,14 Jul 2022,5
3530,Seema Modi,excellent,14 Jul 2022,5
3530,Akshay Santh,amazing... nice experience.. Go for it,14 Jul 2022,5
3530,Seema,excellent customer service and jem,13 Jul 2022,5
3530,Pankaj Verma,excellent customer service and jem good,13 Jul 2022,5
3530,Konduru Jyotiprasant,Good service,13 Jul 2022,5
3530,D LENIN,"Great amenities, Well behaved staff, worth for price, nice location ...  overall it's an amazing experience.",13 Jul 2022,5
3530,Pinckikumar,excellent 👍 all right with oyo,12 Jul 2022,5
3530,Pinckikumar,excellent customer service good,12 Jul 2022,5
3530,Pankaj Verma,excellent,12 Jul 2022,5
3530,Pinckikumar,excellent,12 Jul 2022,5
3530,Seema Modi,excellent customer support good. staf beheb good  and small  jem and kitchen good hotal price  very very  good and all excellent namaste,12 Jul 2022,5
3530,Seema Modi,excellent customer support good,11 Jul 2022,5
3530,Pankaj Verma,excellent,11 Jul 2022,5
3530,Pinckikumar,excellent customer service good,10 Jul 2022,5
3530,Alon King,excellent,10 Jul 2022,5
3530,Ajay,excellent,10 Jul 2022,5
3530,Bhupesh,nice stay,10 Jul 2022,5
3530,Seema Modi,excellent customer support,09 Jul 2022,5
3530,Pankaj Verma,excellent customer service and jem,08 Jul 2022,5
3530,Pankaj Verma,excellent all,08 Jul 2022,5
3530,Pankaj Verma,excellent,08 Jul 2022,5
3530,Pinckikumar,excellent,08 Jul 2022,5
3530,Ajay,excellent customer care,08 Jul 2022,5
3530,Pinckikumar,excellent,08 Jul 2022,5
3530,Seema Modi,excellent,08 Jul 2022,5
3530,Jaison Dsouza,good place to stay. thanks.,08 Jul 2022,5
3530,Seema Modi,excellent staff service apartment,07 Jul 2022,5
3530,Seema Modi,excellent customer support good,07 Jul 2022,5
3530,Seema Modi,all good sirvesh,06 Jul 2022,5
3530,Seema Modi,very good,06 Jul 2022,5
3530,Seema Modi,very friendly,06 Jul 2022,5
3530,Hareesh,good service,06 Jul 2022,5
3530,Alon King,excellent,05 Jul 2022,5
3530,Alon King,excellent,05 Jul 2022,5
3530,Alon King,excellent,05 Jul 2022,5
3530,Pinckikumar,excellent,04 Jul 2022,5
3530,Seema Modi,excellent,04 Jul 2022,5
3530,Rahul Salian,I stayed in residua for 2 nights and 3 days| stay was comfortable. Location of this place is convenient to bus stop| eateries etc. Room and washroom was very clean and hygiene. Staffs were very helpful.,04 Jul 2022,5
3530,Seema Modi,excellent,03 Jul 2022,5
3530,Seema Modi,excellent,03 Jul 2022,5
3530,Pankaj Verma,all good,03 Jul 2022,5
3530,Pankaj Verma,excellent customer service and jem aarea,03 Jul 2022,5
3530,Pinckikumar,thank you all,02 Jul 2022,5
3530,Pinckikumar,excellent customer care,02 Jul 2022,5
3530,Pinckikumar,excellent customer service good 👍,02 Jul 2022,5
3530,Pinckikumar,excellent customer service good 👍,02 Jul 2022,5
3530,Pinckikumar,excellent,02 Jul 2022,5
3530,Pankaj Verma,excellent customer service and jem good wishes,02 Jul 2022,5
3530,Seema Modi,excellent staff very friendly,01 Jul 2022,5
3530,Seema Modi,excellent,01 Jul 2022,5
3530,Pinckikumar,excellent,30 Jun 2022,5
3530,Seema Modi,excellent,30 Jun 2022,5
3530,Pinckikumar,excellent 👍,29 Jun 2022,5
3530,Arpan Chatterjee,good,29 Jun 2022,5
3530,G Gourav,"Stayed here for 10 days, the staff service was really nice. The location is great. Had a wonderful experience!!",29 Jun 2022,5
3530,Deep Acharya,Excellent,29 Jun 2022,5
3530,Pinckikumar,excellent,29 Jun 2022,5
3530,Pankaj Verma,excellent,29 Jun 2022,5
3530,Seema Modi,excellent staff,29 Jun 2022,5
3530,Chandni,Good,28 Jun 2022,5
3530,Biki,excellent,28 Jun 2022,5
3530,Ajay,excellent customer care,28 Jun 2022,5
3530,Ajay,excellent,28 Jun 2022,5
3530,Seema Modi,excellent customer support good,27 Jun 2022,5
3530,Pinckikumar,excellent customer service good 👍,27 Jun 2022,5
3530,Pankaj Verma,excellent customer service and jem good,26 Jun 2022,5
3530,Pankaj Verma,excellent customer service,26 Jun 2022,5
3530,Pankaj Verma,excellent,26 Jun 2022,5
3530,Pankaj Verma,excellent,26 Jun 2022,5
3530,Rajasekhar,nice room and neetness,26 Jun 2022,5
3530,Ajay,excellent,26 Jun 2022,5
3530,Ajay,excellent,26 Jun 2022,5
3530,Pinckikumar,excellent 👍,26 Jun 2022,5
3530,Prikshit Maurya,Good,25 Jun 2022,5
3530,Seema Modi,all excellent,24 Jun 2022,5
3530,Pankaj Verma,excellent,24 Jun 2022,5
3530,Pankaj Verma,excellent,24 Jun 2022,5
3530,Seema Modi,excellent,24 Jun 2022,5
3530,Seema Modi,excellent,24 Jun 2022,5
3530,Alon King,excellent,24 Jun 2022,5
3530,Alon King,excellent,24 Jun 2022,5
3530,Pinckikumar,excellent,24 Jun 2022,5
3530,Naman Bansal,Very nice hotel in prime location. Staff is really helpful and good service,24 Jun 2022,5
3530,Pankaj Verma,excellent,23 Jun 2022,5
3530,Pankaj Verma,excellent,23 Jun 2022,5
3530,Pinckikumar,excellent,23 Jun 2022,5
3530,Pinckikumar,excellent,22 Jun 2022,5
3530,Ajay,excellent,22 Jun 2022,5
3530,Ajay,excellent,22 Jun 2022,5
3530,Ajay,excellent,22 Jun 2022,5
3530,chaman lal,The property is in prime location with good accessibility,22 Jun 2022,5
3530,Pinckikumar,excellent,21 Jun 2022,5
3530,Pankaj Verma,excellent,21 Jun 2022,5
3530,Pankaj Verma,excellent,21 Jun 2022,5
3530,Pankaj Verma,excellent,21 Jun 2022,5
3530,Seema Modi,excellent,21 Jun 2022,5
3530,Seema Modi,excellent,21 Jun 2022,5
3530,Janty Roods,Good and best,20 Jun 2022,5
3530,Seema Modi,excellent,20 Jun 2022,5
3530,Seema Modi,excellent,20 Jun 2022,5
3530,Deepak,excellent,19 Jun 2022,5
3530,Deepak,excellent,19 Jun 2022,5
3530,Narma Palanic,clean and awesome place pleasant stay,19 Jun 2022,5
3530,Pinckikumar,excellent,19 Jun 2022,5
3530,Seema Modi,excellent,19 Jun 2022,5
3530,Pankaj Verma,excellent customer service and jem,19 Jun 2022,5
3530,Pankaj Verma,all excellent specially jem,19 Jun 2022,5
3530,Pankaj Verma,jem good,19 Jun 2022,5
3530,Ajay,excellent,18 Jun 2022,5
3530,Ajay,excellent,18 Jun 2022,5
3530,Ajay,excellent,18 Jun 2022,5
3530,rahul rahul,staff service is excellent...good for stay... location is very good in this area.. customer support is good,18 Jun 2022,5
3530,Seema Modi,excellent,18 Jun 2022,5
3530,Seema Modi,excellent,18 Jun 2022,5
3530,Pinckikumar,excellent 👍,17 Jun 2022,5
3530,Pankaj Verma,all good,17 Jun 2022,5
3530,Pankaj Verma,excellent customer service and jem,17 Jun 2022,5
3530,Seema Modi,excellent customer support,17 Jun 2022,5
3530,Seema Modi,excellent  service,17 Jun 2022,5
3530,Pankaj Verma,excellent customer,16 Jun 2022,5
3530,Pankaj Verma,excellent,16 Jun 2022,5
3530,Pinckikumar,excellent,16 Jun 2022,5
3530,Seema Modi,amazing,15 Jun 2022,5
3530,Pankaj Verma,cleanness,15 Jun 2022,5
3530,Pankaj Verma,all excellent,15 Jun 2022,5
3530,Pankaj Verma,excellent jem aarea,15 Jun 2022,5
3530,Pankaj Verma,excellent thanks,14 Jun 2022,5
3530,Seema Modi,excellent,14 Jun 2022,5
3530,Seema Modi,excellent customer  care and jim,14 Jun 2022,5
3530,Rajan,Nice place to stay,14 Jun 2022,5
3530,Seema Modi,excellent customer support good  jem pales,13 Jun 2022,5
3530,Ravi teja,Reception and staff,13 Jun 2022,5
3530,Pinckikumar,excellent,12 Jun 2022,5
3530,Seema Modi,excellent customer support,12 Jun 2022,5
3530,Seema Modi,excellent pic,12 Jun 2022,5
3530,Alon King,excellent jem,12 Jun 2022,5
3530,Vinith,Excellent,12 Jun 2022,5
3530,Pankaj Verma,excellent customer service and jem,12 Jun 2022,5
3530,Pankaj Verma,customer service and good staff,11 Jun 2022,5
3530,Seema Modi,excellent,11 Jun 2022,5
3530,Ajay,excellent,11 Jun 2022,5
3530,Pinckikumar,staff ar good,11 Jun 2022,5
3530,Ajay,excellent customer support good,10 Jun 2022,5
3530,Ajay,excellent,10 Jun 2022,5
3530,Pinckikumar,excellent customer care excellent,10 Jun 2022,5
3530,Pankaj Verma,excellent customer service and support,10 Jun 2022,5
3530,Pankaj Verma,excellent,10 Jun 2022,5
3530,Pankaj Verma,excellent customer service and support,10 Jun 2022,5
3530,Pankaj Verma,excellent,10 Jun 2022,5
3530,Biki,excellent resida,09 Jun 2022,5
3530,Pinckikumar,excellent customer service good,09 Jun 2022,5
3530,Alon King,excellent and thanks,09 Jun 2022,5
3530,Alon King,excellent and thanks,09 Jun 2022,5
3530,Ajay,excellent customer care,09 Jun 2022,5
3530,Ajay,excellent customer support,09 Jun 2022,5
3530,Seema Modi,excellent,09 Jun 2022,5
3530,Seema Modi,excellent customer support,09 Jun 2022,5
3530,Seema Modi,excellent staff very friendly,08 Jun 2022,5
3530,Pinckikumar,excellent customer,07 Jun 2022,5
3530,Seema Modi,excellent,07 Jun 2022,5
3530,Seema Modi,excellent,07 Jun 2022,5
3530,Alon King,excellent,07 Jun 2022,5
3530,Pinckikumar,excellent,07 Jun 2022,5
3530,Seema,excellent,06 Jun 2022,5
3530,Seema Modi,excellent,06 Jun 2022,5
3530,Seema Modi,excellent,06 Jun 2022,5
3530,Pinckikumar,excellent,06 Jun 2022,5
3530,Pankaj Verma,excellent,05 Jun 2022,5
3530,Pankaj Verma,excellent,05 Jun 2022,5
3530,Pankaj Verma,excellent,05 Jun 2022,5
3530,Pinckikumar,excellent,05 Jun 2022,5
3530,Pinckikumar,excellent,05 Jun 2022,5
3530,Alon King,excellent,05 Jun 2022,5
3530,Ajay,excellent,05 Jun 2022,5
3530,Seema Modi,excellent customer support,04 Jun 2022,5
3530,Alon King,excellent,04 Jun 2022,5
3530,Alon King,excellent,04 Jun 2022,5
3530,Alon King,excellent,04 Jun 2022,5
3530,Alon King,excellent,04 Jun 2022,5
3530,Sridhar,Everything was perfect!,04 Jun 2022,5
3530,Ajay,excellent,04 Jun 2022,5
3530,Varun Gupta,excellent,04 Jun 2022,5
3530,Pinckikumar,excellent customer,04 Jun 2022,5
3530,Pinckikumar,excellent,03 Jun 2022,5
3530,Pinckikumar,excellent,03 Jun 2022,5
3530,Pankaj Verma,excellent,03 Jun 2022,5
3530,Pankaj Verma,excellent,03 Jun 2022,5
3530,Amogh Ballolli,very nice,02 Jun 2022,5
3530,Pankaj Verma,excellent,02 Jun 2022,5
3530,Pankaj Verma,excellent customer care,02 Jun 2022,5
3530,Pinckikumar,excellent,02 Jun 2022,5
3530,Sujeet,Good,02 Jun 2022,5
3530,Pinckikumar,excellent,01 Jun 2022,5
3530,Pankaj Verma,excellent,01 Jun 2022,5
3530,Pankaj Verma,excellent,01 Jun 2022,5
3530,Seema Modi,excellent,01 Jun 2022,5
3530,Seema Modi,excellent,01 Jun 2022,5
3530,Praveen Kumar,none,27 May 2023,4
3530,Praveen Kumar,none,27 May 2023,4
3530,Mothi,We got room in 3rd Floor which was very nice but lift was not in working condition so it’s was hard to claim 3 floors.,24 Apr 2023,4
3530,Cheryl Zeke,"Good location and helpful staff. However, hygiene wasn't upto the mark. The room was very dusty (floor, bathroom, under the bed and balcony), there were cockroaches and the glass was dirty. Wasn't well maintained. Could've been much better if they'd just swept and mopped it before we checked in.",17 Apr 2023,4
3530,Vivek Raj,Internet not proper and they will hurry for checkout,11 Mar 2023,4
3530,Manikumar G,Over all okay to stay,11 Mar 2023,4
3530,Harshad,"Front office desk, clean bathrooms, friendly atmosphere",08 Mar 2023,4
3530,Mothi,"My stay was good they can provide some thing like kettle , milk power and tea or coffee pack to make our own drink during late night.",07 Feb 2023,4
3530,Arun Kumar,"room service was not good as there was staff shortage as told by them.
no photos taken.
done",19 Jan 2023,4
3530,Denin,Good rooms and location,09 Jan 2023,4
3530,Srinivasan Ravichandran,Pleasant stay. Good location and helpful service.,06 Jan 2023,4
3530,Nikhil,Good stay,04 Jan 2023,4
3530,Darshan,"Everything is good except if they show room before 
As there are different types of rooms pick the room after watching
Rest all good
No parking but can park outside 
No disturbance",28 Dec 2022,4
3530,Amal Raj,The receptionist was good. Had clean and good room and bathroom. The location was easy to access. There is no much options for breakfast but the given breakfast was good. The only problem I felt was there cockroaches even in the bathroom and the room.,27 Dec 2022,4
3530,Sankar Pazhaniyandi,"Generally very good, cleaning,room space and staff.Bed cover cleanness",14 Dec 2022,4
3530,Amol Patil,Good Place. But Oyo didn't mail me GST bill.,21 Nov 2022,4
3530,Vaibhav J,"very good location, big spacious rooms on 1st floor where I stayed, good value for money. Siddique was very helpful during my stay.rooms in the basement are good but you will not get any mobile signal there so I requested them to change my room and they gladly shifted me to a different room on the 1st floor.",20 Nov 2022,4
3530,Kiran Kumar,Good,06 Nov 2022,4
3530,kavya putta,"everything was good…
1. little less hygiene for staying morethan 2days
2.bedsheets need to change everytime",25 Oct 2022,4
3530,Sandipan Paul,Staffs are courteous helpful.,20 Oct 2022,4
3530,Gideon Paul,Location,04 Oct 2022,4
3530,sai,Gud,18 Sep 2022,4
3530,Lokesh Ceeba,"Nice bed had great sleep. Just ask them for hand-wash soap. AC works, hot water works, sometimes elevator does not work may be issues",13 Sep 2022,4
3530,Deepak,"Near to Leela, my stay was good",11 Sep 2022,4
3530,Rineet,The room was really good and spacious. Hygiene was maintained. Would like to go again,21 Aug 2022,4
3530,Gaurav Jha,Good place to stay,15 Aug 2022,4
3530,Chintala Sagar,Room is good very polite staff. Everything is available good place. Only problem is with wifi overall nice experience. Waiting to visit again if offer there🤣 seriously excellent Oyo.,11 Aug 2022,4
3530,Surendar S,The hotel located area and staff behaviour is good. The room is small. 3 rooms have one common hall.,03 Aug 2022,4
3530,Balamurali Krishnamoorthy,"Great propertyu, value for money and good location tooThe Property is quite good, the rooms are also clean and spacious. The staff is quite responsive.  The location is also good and well connected and closer to the Metro.  I would like Booking.com to give me good offers regularly to this property as I travel regularly to Bangalore.I couldn&#39;t think of anything right now",31 Jul 2022,4
3530,Harshad,"Front office mr.Vicky behaves irresponsibly. I REACHED LITTLE EARLY AND WAS ASKED TO WAIT TILL 12 I OBTAIN TO SIGN THE REGISTER AND LEFT THE HOTEL AS I HAD WORK TO GO FOR. I CAME BACK AT 5 O'CLOCK MR. VICKY TOLD ""THE ROOM IS READY BUT THE BED SHEET IS WET. *IN OTHER WORDS I CANNOT GO AND REST IN THE ROOM* I ADD NEW CHOICE SO LEFT THE HOTEL IMMEDIATELY PLEASE NOTE THAT I DID NOT EVEN LOOKED AT THE ROOM TILL 5 O'CLOCK.
FINALLY WHEN I CAME BACK AT AROUND 11 O'CLOCK IN THE NIGHT TOOK THE KEYS WENT TO THE ROOM THERE WAS NO TOILET PAPER AND NO SOAP INSIDE THE BATHROOM. IN MY OPINION ROOM WAS EVEN THEN NOT READY AT LATE NIGHT WHEN I CHECK THE ACTUALLY IN THE ROOM. NEXT MORNING IT WAS BROUGHT TO THE NOTICE OF A LADY NAMED SEEMA AT THE FRONT DESK. SHE WAS VERY MUCH CONCERN AND WAS IN ACTION. AFTER CHECK OUT SHE OFFERED A CUP OF TEA  AND HEARD ME WELL. I BELIEVE SHE WILL TAKE NECESSARY REQUIRED ACTION.",24 Jul 2022,4
3530,Soumik,Stay was okay. Prime location property,22 Jul 2022,4
3530,Shivek Soman,Nice location. Pleasant staff.,19 Jul 2022,4
3530,Sreekanth R,"Room is clean, but there are no enough door mats. Toiletries and towels were also not provided. Wifi had connection issues",18 Jul 2022,4
3530,Aman Pandey,Overall it was good stay and obviously anyone can go for staff was behaving good.,18 Jun 2022,4
3530,Joydip Roy,"Overall good...I recommendedThe location,  behaviour of the staffs, rooms etc.The breakfast...breakfast should have more items and taste",17 Jun 2022,4
3530,Kaveri Atla,nice,12 Jun 2022,4
3530,Shahid,none,31 May 2023,3
3530,Praveen Kumar,none,27 May 2023,3
3530,Dream Catcher,No wifi..no lock inside the room..overall good.!!,20 Apr 2023,3
3530,Pushkar Kulkarni,The location is good and prime but the rooms need a lot of cleanliness. I found a few cockroaches whenever i would enter the room after i was back. The first room that i got was not good at all but then they gave me another room which was slightly better but the cockroaches continued to exist.,20 Apr 2023,3
3530,Soundarya,Room was better but under the bed none could clean and also the complete room is filled with cockroaches,17 Apr 2023,3
3530,SOURAV BISWAS,Moderate,27 Mar 2023,3
3530,pushkar pandit,"Location is good, near indiranagar. The management of the hotel is not professional. I first got a room which reeked of stale cigarette smoke. They changed it, but there were no toiletries in my room, only got them when i asked for it. The water bottle in the room was also not filled and there was an empty cigarette box in my soap dish",10 Mar 2023,3
3530,GIRISH KUMAR,Most of the time when I logged in power was not there. Only after the customer inform the reception they switch in the backup. Toilet cleanliness was ok. Small Crockroaches were roaming here and there and there was also no gyser. Tv what is provided for watching donot play more than 5 minutes since bill paid for that. Overall it was average. For one or two days you can adjust.,03 Mar 2023,3
3530,dennismohan,The location is good and the room is ok .. ac was making a lot of noise,08 Feb 2023,3
3530,Abhishek Das,Bathroom was not clean and their was no efforts made to clean the room everyday. When asked it was said that it is done once in 2 days. Same situation was with bed sheets that also is changed once in 2 days,11 Jan 2023,3
3530,Athul Sathyan,The hotel is clean and neat but telling us to check out early is something that we can't digest and to hear.,20 Aug 2022,3
3530,Sandipan Paul,too much cockroach,10 Aug 2022,3
3530,919108815142,The bathroom was dirty and there is no proper power supply 80% of the time there was no power,06 Aug 2022,3
3530,Sri,Checkin too worst ..,01 Aug 2022,3
3530,Rajkumar K,Homely place. Location was convenient for me,16 Jul 2022,3
3530,Aditya Dash,Room was a bit untidy.,15 Jun 2022,3
3530,Raghu,none,31 May 2023,2
3530,Aneesh K,Bathroom was not good. Water is coming to the room.,06 Feb 2023,2
3530,Bhagya Lakshmi,Location and property.The linen was not changed it was stinking,09 Jan 2023,2
3530,Darshan,"Room was too dark and looks too old 
Security is good
Cleanliness is good
Surrounded environment is decent
No parking only outside parking
Hot water is available all time",27 Dec 2022,2
3530,Shubham Deshpande,Hospitality at the hotel is awesome. Giving low rating because a specific room I was allocated had poor bathroom.,03 Nov 2022,2
3530,shivakumar sajjanar,Bathroom is very bad!,08 Oct 2022,2
3530,Aditya,"Super average place with no shampoo, hand wash. They only offer breakfast between 9-10.30 during which I had office so had missed breakfast on both days. They couldn't do anything about it. The staff is not nice and helpful. Won't recommend. Also, room was pretty average. Torn curtains, unclean bucket.",19 Aug 2022,2
3530,Jay Shah,Third class hospitality from OYO. Booked 2 days earlier but when reached they said all rooms are occupied and we don't have any rooms. The customer care doesn't help us in any situation. Didn't expect this from a 5 star rating hotel.,18 Apr 2023,1
3530,919049586568 Karekar,"Room was not clean, fishy and rotten smell.
Torn bedsheets and pillow cover.
Irresponsible and poor House keeping.
Cockroaches spotted in room and washroom.
No private and safe car parking.
Too much noise of door opening and closing at night.
Poor management.",06 Apr 2023,1
3530,Ashin Shanly,DisappointedThe location.it was not clean at all and there were a lot of cockroaches in the room,14 Mar 2023,1
3530,Varun,"Bad staffs, bathroom was not clean even though we asked to clean they told it can’t be done ( we paid before seeing that )",25 Feb 2023,1
3530,Athul Sathyan,Really bad room,26 Jan 2023,1
3530,Satish Kumar,"Poor and worst dont ever visit this place pathetic not safe place to stay.All ratings here are fake the receptionist will task your phone there she will complete review thats the reqson it has good reviews all reviews for this OYO is fake beware people they are scammy people in this OYO lodge.They never cleans room and people threatens and old lady receptionist is so arogant
 
Dont ever try to book this horrendous place",14 Jan 2023,1
3530,Kaujalagi Sadiq,Not happy and will never go for Oyo again..Bed and bed sheets had stains. Bathroom was so old.,10 Jan 2023,1
3530,Suhas Gowda,Smelly room with full of cockroaches and was very tiny. U guys need to improve your service. Try to give what u show and mention. U show big and spacious room and after booking u provide tiny rooms. Worst service.,28 Dec 2022,1
3530,Akash Gurumurthy,nothing.not so cleanly and unprofessional behaviour of the staffs and demanding extra money,23 Nov 2022,1
3530,Sunil Saitwal,"All services are below average, worst cofffee breakfast, room service, cleaning, lights, nothing is good to write",05 Nov 2022,1
3530,Athul Sathyan,"The room especially classic rooms are extremely dirty and infested with rats and other insects.please don't book this hotel,it will make your day horrible.no service from hotel management nor Oyo. Really a hell.",13 Sep 2022,1
3530,Asharf,Very bad only need money,30 Jul 2022,1
3530,Anshuman Bhasin,"Gave us dirty plates, the linens were dirty, the curtains were dirty",22 Jul 2022,1
3530,Neeraj Bhargava,"I checked out early on 26June and neither the hotel nor the customer care was able to checkout me. I raised the issue for refund but nothing has been done yet. Customer care asked me to call on July 2 as I am eligible for a refund for 6days and since morning I am trying to connect but your IVR is disconnecting my call after selecting option 2, 3 and 4. Pathetic customer care experience.
Hotel was good, there was no issue in the hotel, it's just OYO's customer care which sucks.",02 Jul 2022,1
3530,Anitabh kakoty,Horrible.Very unhygenic,14 Jun 2022,1
