hotel_id,user_name,review_text,date,title
36013,Khan,"Service was good, excellent behaviour, covid cares",27 Jul 2022,5
36013,Sarkar,good service,27 Jul 2022,5
36013,Ashik Ali,"I stayed at the hotel for a night and it was a good experience. The room was clean and sanitized, the washroom was also Hygenic, check-in was very smooth and it is a budget-friendly hotel.",30 Jun 2022,5
36013,Saffan Ariz,none,30 Mar 2023,4
36013,avinash,"Lift not working
Good for low budget. 
Restaurant not available. 
But online delivery is there. 
Do not expect too much in this price",22 Feb 2023,3
36013,DHARANIKRISHNA,"I stayed at the hotel and it was not bad. The hotel's amenities, only ac was available. The room was clean and the bathroom was also clean. The behavior of the hotel’s staff was not bad, they were very helpful and polite.",04 Sep 2022,3
36013,Nisirin Kalathingal,Bad,24 Jul 2022,3
36013,Sudip Sarkar,Owner not allowed to enter at hotel.,15 Feb 2023,1
36013,Mithun,The reception person behavior is too bad. He doesn't have any sense how to talk with client very bad experience.,28 Jul 2022,1
36013,ravi,I didn't check in,27 Jul 2022,1
36013,Venkat,I didn't check in this is hotel,23 Jul 2022,1
36013,Shivam Yadav,"No Lift, have to go to 3 floor by stairs only.
Wifi was there but the staff denied to give the password.
no proper management.
dirty bedsheets.
no proper light in room.
they take Rs 400 extra as early morning charge if you  reach little bit early as the check in time is only at 12:00.",30 Jun 2022,1
36013,Robin,costumer service is very poor and very bad behaviour. toilet is not clean,07 Jun 2022,1
