hotel_id,user_name,review_text,date,title
45120,Puneet Sharma,Good service,23 Apr 2023,5
45120,Jagvindra,Good service and good staff and good place 🙏🙏,23 Apr 2023,5
45120,Sanjeev Saini,Good service and good staff 🙏🙏🙏🙏🥰🥰🥰🥰🥰🥰🥰🥰🥰🥰🥰,22 Apr 2023,5
45120,Jitendra Gupta,Very good food,21 Apr 2023,5
45120,Atul,Good service and staff,20 Apr 2023,5
45120,abhi,Good service and good staff great location 👍💪💪💪💪,18 Apr 2023,5
45120,Ashutosh Pandey,good service and good service,16 Apr 2023,5
45120,Vikrant Thakur,Good service and good staaf 🙏🙏🙏👌👌👌👌😊😊😘😘,16 Apr 2023,5
45120,shivi,Good service,15 Apr 2023,5
45120,ATUL SHARMA,Nice experience,15 Apr 2023,5
45120,Sudip Ghosh,Good service and good hotel,13 Apr 2023,5
45120,Dinesh Sharma,Good service and good staff 🥰🥰🥰🥰🥰🥰🥰🥰,11 Apr 2023,5
45120,RANJAN SINGH,good staff and good 🤍🤍🤍🤍🤍🤍🤍 service,03 Apr 2023,5
45120,vikas verma,Good staff and good place,31 Mar 2023,5
45120,Ashish Mandyal,Good service and staff veri nice palce and so good service 🥰🥰🥰🥰🥰🥰🥰🥰🌹🌹🌹🌹🌹🌹🌹❤️❤️❤️💗💗💗🙊🙊🙊🙊,29 Mar 2023,5
45120,Mukesh Singh,Very cooperative property and family restaurant very safe property,29 Mar 2023,5
45120,Arjun Rajbhar,Very Good service ❤,16 Mar 2023,5
45120,S.s,Good,16 Mar 2023,5
45120,neeraj,Nice experience,16 Mar 2023,5
45120,Pramod Bawankar,Good service,16 Mar 2023,5
45120,Mohammad Nasir,good service,16 Mar 2023,5
45120,neeraj,Good hotel in stay,15 Mar 2023,5
45120,Rahul Bhatia,Nice experience at hotel amarpali boooooooo,14 Mar 2023,5
45120,Abhishek Sharma,Very good and fast service . Polite behave and good facility.,14 Mar 2023,5
45120,jaffer rehman,"Good staff and good palce  good  location go
D service  need and clean hotel good behaviour 😇😇",13 Mar 2023,5
45120,Kailash Chandra,nice experience in hotel amarpali good,13 Mar 2023,5
45120,rahul,Nice experience in hotel amarpali,10 Mar 2023,5
45120,Vishal Bhardwaj,Good,07 Mar 2023,5
45120,Siddharth,Great location near bus stand baddi,06 Mar 2023,5
45120,Natasha,Good,04 Mar 2023,5
45120,DEEPANSHU SHARMA,Good service and good staff,01 Mar 2023,5
45120,Sumit Tiwari,Teasty food and great location,01 Mar 2023,5
45120,Malim,Nice hoty and staff of amarpali nice experience,28 Feb 2023,5
45120,Sanni Kushwaha,Good service and good staff❤️❤️❤️❤️❤️❤️❤️❤️❤️❤️❤️❤️💕👏👏👏👏,28 Feb 2023,5
45120,singh davy,Nice experience at hotel amarpali,27 Feb 2023,5
45120,Amit Kumar,Nice food and services,27 Feb 2023,5
45120,Rahul,Good service and staff and food,19 Feb 2023,5
45120,Jitendra MrityunjayPal,Good stuff,19 Feb 2023,5
45120,Omkar Tanwer,good,18 Feb 2023,5
45120,shubham saini,Very good service and staff,17 Feb 2023,5
45120,Akash Kumar,Very good service and food,15 Feb 2023,5
45120,Dinesh,Very good stuff and services,12 Feb 2023,5
45120,Prince Kumar,Very good service and staff💖💖💖💖,10 Feb 2023,5
45120,Nandlal Yadav,Good service,10 Feb 2023,5
45120,amrit pal singj,Nice staff cleaning all good,07 Feb 2023,5
45120,shubhu,Nice staff and very good service,03 Feb 2023,5
45120,Pankaj,Nice experience very good service and staff,02 Feb 2023,5
45120,Puneet Sharma,Great experience,01 Feb 2023,5
45120,puneet jadon,Very good staff and services nice hotel,30 Jan 2023,5
45120,Happy Pardhan,Good,30 Jan 2023,5
45120,Aishwarya Choudhary,Very good,22 Jan 2023,5
45120,Chandra Shekhar,Very nice hotel,22 Jan 2023,5
45120,Vishu,Nice experience,15 Jan 2023,5
45120,Bhanwar Singh,Good,14 Jan 2023,5
45120,Sanket,Good,12 Jan 2023,5
45120,917011751522,Good,12 Jan 2023,5
45120,kamlesh kumar,Very good experience,12 Jan 2023,5
45120,Robinprince,Good,11 Jan 2023,5
45120,Ankit,Good,10 Jan 2023,5
45120,Chetan Pandit,Good,09 Jan 2023,5
45120,Sarvendra Kumar,Very good,08 Jan 2023,5
45120,Nikhil,Good,23 Dec 2022,5
45120,Binay Kumar,Staffs were co operative and rooms were good,16 Dec 2022,5
45120,Sem,Nice hotel,28 Nov 2022,5
45120,Praveen,Very good,25 Nov 2022,5
45120,Rishu Kumar,Very good services,23 Nov 2022,5
45120,Rajkumar,Very nice service,23 Nov 2022,5
45120,Aryan Sharma,Food was very expensive,04 Dec 2022,4
45120,Vishal Kumar,Ok,24 Mar 2023,2
45120,Nandkishor thakre,Ok,04 Feb 2023,2
45120,Waseem Raja,"Hotel management was nonsense and didn't even provide water in the room after so many requests. 
Behaviour of staff.",01 Feb 2023,2
45120,Kamlesh Singh,Not good at all,30 Jan 2023,2
45120,Reshu,none,03 May 2023,1
45120,Prem Kumer,Not even baic facilities are available,29 Mar 2023,1
45120,Ajay Kumar,"Offered room condition is very bad. I requested for other room then they refused to give and said that only this room is on oyo. If I need other room then I need to pay extra. I paid 200 extra but that room and toilet conditions also bad. Badsheet, pillow blanket all are dirty and smelling.
Overall condition is very bad.",06 Feb 2023,1
45120,Ankit Sharma,Hotal staff behavior very bed,11 Jan 2023,1
45120,Satan Dheer,Service note better,10 Jan 2023,1
45120,Anshu Soni,"Dirty bed sheet, dirty blankets dirty room and used bin not cleaned and the behaviour of hotel staff is devastating yo visit
Poor sanatary hygienicity and no availability of BATHROOM SOAP in facility. Room are dirty comparing to other rooms.

Hotel staff argue to give warm blankets for cold days and also argued for providing bath soap and its very cheap to visit",09 Jan 2023,1
45120,Navdeep Singh,Payment displayed on site was not accepted on check in,07 Jan 2023,1
45120,Rajat Soharu,"Very bad rooms and staff.
Don't know how to behave and talk,
First they will offer you room with good prices but when you will reach the hotel they show you a cheap room with no facilities even the geyser was not in working condition.Then they will offer you another room with high prices and you have to purchase it as no option is left .
So I recommend you not to live here as it was very bad experience.
Overall they were group of cheaters .👎👎👎",01 Jan 2023,1
45120,Somu Singh,Very bad room and very worst service,29 Dec 2022,1
45120,Praveen,Hotel denied the check in from Oyo. Asked for almost double the price offered by Oyo.,29 Dec 2022,1
45120,Ravi Pal,"Room not clean, bed sheet very dirty, poor service bathroom not clean etc.",16 Dec 2022,1
45120,Sem,"They have taken extra charges, behaviour rudely",29 Nov 2022,1
