hotel_id,user_name,review_text,date,title
113328,sanmat kumar,none,19 May 2023,5
113328,Nikhil agarwal,"Services are good
 staff of hotel is well mannered 
instant services of housekeeping
Rooms are hygienic.",18 Apr 2023,5
113328,Balram,"Very good service in hotal staf and good vihevier is good . Break fast food is very good lunch is good  .
Room and wassroom  cleaning is exelent  bed and sofa  is good  .
Ac is very good working",18 Apr 2023,5
113328,Dharmendra Panth,Good facilities at convenient price,14 Jan 2023,5
113328,Ahmadulla Dalal,Everything is good but washroom is not good,12 Jan 2023,5
113328,krishna Kumar,Nice,18 Dec 2022,5
113328,VR Infinite,Foggy in hindi full movie in hindi dubbed full movie in hindi dubbed full movie in hindi dubbed full movie in,10 Dec 2022,5
113328,Sonu,Nice,10 Dec 2022,5
113328,jayant baliyan,Yes is it really good oyo,26 Nov 2022,5
113328,Vamshi,Nice,25 Oct 2022,5
113328,Vishwajit Singh,Nice,22 Oct 2022,5
113328,Amit pal,Very good hotel,15 Oct 2022,5
113328,Rohit Bhagaur,Good service,06 Oct 2022,5
113328,Imran,"Nice,",16 Sep 2022,5
113328,Subham Thakur,Nice,05 Sep 2022,5
113328,Zahid Hussain,Good facilities available in oyo,03 Sep 2022,5
113328,SWAPNIL JAISWAL,Nice hotel,31 Aug 2022,5
113328,Vijendra Singh,Very nice 👍,31 Aug 2022,5
113328,avnya,Amazing hotel good place to stay it is very quiet and peaceful area no distrubance . Female staff good for family,26 Aug 2022,5
113328,Hina,Nice stay,26 Aug 2022,5
113328,Deepika Sharma,Nice hotel good staff services  really nice special dog. This is a family hotel you must visit  taj view rooftop bhi h,26 Aug 2022,5
113328,deeksha Pandey,Hotel the jalsa location is best near by Taj Mahal . Every thing is so good very cooperative staff and owner very reasonable person my tour was an amazing trip.,26 Aug 2022,5
113328,Hina,Nice hotel to stay,21 Aug 2022,5
113328,Akhilesh Prajapati,To good,20 Aug 2022,5
113328,Upendra singh,Good,20 Aug 2022,5
113328,avnya,Nice room neat and clean 😜☺️☺️,19 Aug 2022,5
113328,avnya,Nice hotel room are little bit asking for maintenance but overall it's ok,19 Aug 2022,5
113328,Shyam Shyam,Nice,17 Aug 2022,5
113328,Rahul,Nice,15 Aug 2022,5
113328,Mohit Goyal,Nice,14 Aug 2022,5
113328,Abhishek Chauhan,Nice,13 Aug 2022,5
113328,Indradev,nice stay,12 Aug 2022,5
113328,Sandali,Nice,10 Aug 2022,5
113328,Atul Sharma,Nice,05 Aug 2022,5
113328,Niraj Pal,Nice,04 Aug 2022,5
113328,Amit Yogi,Nice,01 Aug 2022,5
113328,deeksha Pandey,Nice,31 Jul 2022,5
113328,avnya,Nice,31 Jul 2022,5
113328,avnya,Nice,31 Jul 2022,5
113328,avnya,Good hotel,31 Jul 2022,5
113328,avnya,Nice,31 Jul 2022,5
113328,Tanuj,none,31 Jul 2022,5
113328,Shubham,Nice,30 Jul 2022,5
113328,Rahul Kumar,Nice,30 Jul 2022,5
113328,avnya,Good staff and hotel,30 Jul 2022,5
113328,Sushant Saxena,nice,30 Jul 2022,5
113328,Akash Kumar,Nice,30 Jul 2022,5
113328,Kartikanuj,Nice,28 Jul 2022,5
113328,Ram kumar,Nice guest,28 Jul 2022,5
113328,N KSwami,Nice,27 Jul 2022,5
113328,Vikram,Guest nice,27 Jul 2022,5
113328,Sumit,Nice,24 Jul 2022,5
113328,Ankur Kumar,Nice,23 Jul 2022,5
113328,Akash Anand,Nice,23 Jul 2022,5
113328,Azhar Askari,excellent💯,20 Jul 2022,5
113328,Amit,Nice hotel and staff,17 Jul 2022,5
113328,Viks,Nice guest,16 Jul 2022,5
113328,Sani Goswami,Good,29 Jun 2022,5
113328,Manoj,nice,29 Jun 2022,5
113328,Md Mansur,none,21 Jun 2022,5
113328,Aria,location is good and staff in very nice,18 Jun 2022,5
113328,Khushbu,it's okay,02 Jun 2022,5
113328,Ajay KumarMehta,Good according to per price. Asked extra cash. Room ok but tapes are damaged.,07 Dec 2022,4
113328,Sameer kumar,Very nice and must clean room,12 Oct 2022,4
113328,kanwarjeet singh,Nice,02 Aug 2022,4
113328,Basil Hussain,"Service is not good, customer relationship is very poor, toilets are very bad,  cleanliness,",15 Dec 2022,3
113328,arun,Very good but room is not clean proper,20 Oct 2022,3
113328,Shreetam,Bathroom and Ac not effective,25 Aug 2022,3
113328,kushall pal,"Good service, but staff was rude",17 Aug 2022,3
113328,ravikant lahary,management services not good,04 Aug 2022,3
113328,Abdul MajeedKhan,none,20 Jan 2023,2
113328,Amit Ghose,As per room picture everything is dirty not even single table in the room .. very bad experience washroom is so dirty water is so bad,30 Dec 2022,2
113328,Nishant Mishra,Location is very good. Room service is bad. Hotel Jalsa where we had to stay earlier charged extra amount in the name of difference and shifted us un another nearby hotel.,11 Oct 2022,2
113328,Md NawabGauhar,"Bathroom condition very bad .
Toilet shet was too much dirty.
Bad experience on this hotel
Bed sheets also very dirty when i say please change bed sheets receptionist says that no bed sheets available now.",14 Aug 2022,2
113328,sarthak singh,All facilities are bad and dirty room and service is also bad,26 Jul 2022,2
113328,Ankit Tiwari,"Child labour
Bad behaviour by staff
Room quality also bad",18 Apr 2023,1
113328,Raj Kumar,"Room is not clean also washroom
Electricity not be available in the night",18 Apr 2023,1
113328,MANOJ Patra,One of worst experience I have had. No dor lock worst condition in bathroom. No tv. QC running no coolling. Several complains no resolution. I will ask visitors pls check all these things before book. Called Oyo customer care .. no resolution made.,12 Apr 2023,1
113328,Amit,"Never ever go to this oyo, completly fraund fake photos and poor room condition Also bathroom was very dirty. I booked online and they were asking for extra money",10 Apr 2023,1
113328,Shivaleela,No hygiene very bad,09 Apr 2023,1
113328,Preet Kaur,i didn’t stay there pathetic rooms and unhygienic,06 Apr 2023,1
113328,sarhan,"Very Bad room facilities & no safety in this room i mean no for lock facilities, bathroom full damaged , fan not working, electrical full damaged all room, please not give this type off rooms oyyo combani",01 Apr 2023,1
113328,Sheshadev Mahapatra,There is no any basic facilities.,30 Mar 2023,1
113328,Kunal Kaushik,Room was very dirty bedsheet also very dirty. Rooms are for couples 1 hour purpose only. So many bad comments were written on the walls.,13 Jan 2023,1
113328,Mansi Shukla,"Room is totally different as per the Oyo information. Very bad service. We had insisted many time after that they changed our room no tv, no hot water, water was not available.. not suggest to anyone stay there in winter..",10 Jan 2023,1
113328,Pradeep Kumar,"Room quality is poor, no clean,no tv, no hot water, no door lock, no bathroom door lock, toilet flash not working, no blanket in winter, cleanness is very poor. please check the room before booking. No security system, overall experience is very very bad. My one night staying in this hotel very terrible.",09 Jan 2023,1
113328,Ravi KumarGupta,Very poor facility in relax in hotel and poor behavior,05 Jan 2023,1
113328,Neena Sharma,none,02 Jan 2023,1
113328,Kumar,"No Delux,
No AC,
Not to be rooms
Not to be toilet and bath 
Everthing is bad",24 Dec 2022,1
113328,Pulak Majumder,"Room is very dirty. Staff behaviour is very rude . Nothing is working in room , like- Shower, basin, tap, flush. Bed is very dirty, bedsheet have monkeys footprint, pillow cover also very dirty. Tap water 💦 also very dirty. Overall,very bad experienced from this Oyo.... I recommend please no one book this Oyo...waste of money.",14 Dec 2022,1
113328,sourav kumar,"Provided used, dirty and unhygenic bedsheet, blanket and pillow cover. Had to quarrel to get proper bed sheet and blanket. Cost of the room as reflected on the oyo was 704 but they took 980 from me. No TV remote provided. Bedsheet was full of hair fallen on it. Rude behaviour of receptionist and staff. They retorted that they provided the room at their loss. Said as if we were uneducated and visiting hotel first time. WC was damaged. Flush was not working properly.Flush jet was not working. Said that thay will provide electric rod to warm water but did not. Quarrel for it then they arrenged.Really they ruined our visit. I request pls avoid visiting this hotel if you want good",12 Dec 2022,1
113328,m chanukya,I lost my charger they didn't give me room key in water lot of dust room was not hygen not clean small kids running the hotel not good for washroom dirty,10 Dec 2022,1
113328,Rohit Jain,"Poor poor poor poor poor poor poor poor poor poor poor poor poor poor poorest poorest poorest poorest poorest stay ever. They will give you immersion rod for heating water bathroom, no mosquoto repelllent, broken toilet seats etc.",05 Dec 2022,1
113328,samir Kumar pdhi,Poor response. Was sent a where nothing worked,04 Dec 2022,1
113328,Sagar Dutta,Dirty room and bedsheet pillow,03 Dec 2022,1
113328,vikash shukla,"Bathroom toota, ganda, room very poor",01 Dec 2022,1
113328,Abhishek,Worst stay in my life..Commode was broken and they asked to use bathroom in other room...bathroom door was not getting closed in any of the room....when I complained about that they were saying then close the main door,27 Nov 2022,1
113328,Imran Khan,Hotel room condition is very bed,24 Nov 2022,1
113328,Lavkush SinghGaur,"Rooms condition very bad .
 When I am in tha room at night door knock  5_ 6 time . I book double bed but i got single bed room and staff not accept phone pay payment.",20 Oct 2022,1
113328,Manoj thakur,"Worst Washroom experience 
Receptionist nature good
Room is ok",18 Oct 2022,1
113328,Sushil Lakhapate,Worst oyo hotel I have ever stayed.. I reached the hotel late night @12.. The hotel staff was drunk.. I was travelling with my dad.. He was being abusive.. The bed was broke.. Only 1 charging plug where their that was also broken.. I asked the cleaner to clean the bed.. As tobacco was fallen on the sheet.. He was drunk and started to abuse.. Water was available for only 2 hrs in the morning.. Guys plz don't fall pray to the price.. It's very worst,04 Oct 2022,1
113328,Imteyaz alam,none,15 Sep 2022,1
113328,Vishal,"very bad room and management. 
very bad behavior very bad conditions of room.. totally opposite to the pictures that have shown on the site.",09 Sep 2022,1
113328,Deepak,Bathroom and room interior was not good at all,05 Sep 2022,1
113328,Vivek Chauhan,"Property manager not provide Room , regarding this i have already complaint to oyo helpline no . I am waiting my refund.",31 Aug 2022,1
113328,Prince,"It is economic stay but try not to stay there it was worst experience of my entire life of staying hotels nothing is good there 1. Water for bathing is fully mixed of soil 

2. Lots of mosquitos 3. They will not provide you wifi 
4. Very dirty room 5. Most of room there which you can't shut off it will be open entire night . 6. They will not provide towels shop etc . And i have seen here lots of reviews are fake so be ware may these are did by themselves.",29 Aug 2022,1
113328,Salman Khan,"No ac..no door lock...no clear blanket....washroom is very durty

Worst experienced...even i dined tk check in",24 Aug 2022,1
113328,Vipul,Beleive me. Just don't book this hotel.,16 Aug 2022,1
113328,SreeHarsha,Worst hotel and disgusting bathrooms. I didn't even check in and left immediately,10 Aug 2022,1
113328,Sunil KumarSingh,Very nice,09 Aug 2022,1
113328,SULAIMAN,none,05 Aug 2022,1
113328,Vipul,"Room was very dirty current was coming from ac and was very dangerous, lot of spitting gutka spots on walls. Toilet jet was broken. Bed sheet had stains and holes in it . Wardrobe was broken. Horrible experience. Had to stay as I have chekin on night. And big thing, they scam by taking mobile and entering reviews on there own that's why they have good rating. All ratings are fake. Beware don't take this place to stay.",31 Jul 2022,1
113328,Neeraj,fare chang after booking,16 Jul 2022,1
113328,guru dayal,Bad service provide by staff and electricity supply cut by the staff,10 Jul 2022,1
113328,AMRIT RAJ,"Dirty rooms.....no service for cleaningDirty rooms.....Very bad and dirty, unhygienic room....",17 Jun 2022,1
113328,Tousif,"Very Dirty and rude behaviour of staff.
Room was not cleaned and bathroom was so Dirty even the water was so bad that you can't wash your face or bath.",13 Jun 2022,1
