hotel_id,user_name,review_text,date,title
13422,Aayush,none,27 Apr 2023,5
13422,Devagya Rajvansh,"The room was very clean and the check in experience was also smooth and quick.
Would definitely visit this place again",25 Apr 2023,5
13422,Harsh Sharma,none,24 Apr 2023,5
13422,Aditya Arya,Owsm experience good vibes,23 Apr 2023,5
13422,Satyam Singh,Nice very good services,19 Apr 2023,5
13422,Rajpal Rajput,Great deal,10 Apr 2023,5
13422,Aayush,Very good choice specially thanks for shifting our booking to new property due to non availability of room in Taj castle,09 Apr 2023,5
13422,Aayush,Awesome experience look like my own home 🏡. Front office team and room boy Rahul is very cooperative. On road hotel only 1.5km from Taj mahal,09 Apr 2023,5
13422,Abhishek Vohra,Nice hotel,19 Mar 2023,5
13422,Saurav Gautam,Everything is good and stuff is well known,19 Mar 2023,5
13422,Amritanshu Kumar,Good environment,16 Feb 2023,5
13422,Anand Kumar,Very good to stay.,07 Feb 2023,5
13422,Siraz,"Nice hotel excellent rooms
Hotels rooms were neat n clean 
And hotel staff also polite",03 Feb 2023,5
13422,Murali Jayini,Excellent stay,18 Dec 2022,5
13422,Virendra Yadav,none,12 Dec 2022,5
13422,Krishna Yadav,Good hotels,06 Dec 2022,5
13422,Krishna Yadav,Good 😊,06 Dec 2022,5
13422,Yogesh Rawat,Nice location very good staff,28 Nov 2022,5
13422,Ekta,Good room nice staff,27 Nov 2022,5
13422,aamir,Very nice hotel staff is very polite and good,24 Nov 2022,5
13422,Rohit Singh,"Amazing room and everything is good 
Staff also good in behaviour
And room service is also good and food is amazing",23 Nov 2022,5
13422,amigdgd,Good,23 Nov 2022,5
13422,Yogesh Rawat,Good staff,22 Nov 2022,5
13422,Yogesh Rawat,Nice location very good staff,22 Nov 2022,5
13422,Yogesh Rawat,Good staff,22 Nov 2022,5
13422,Aayush,"Decent room size, metro view rooms, very easy findable location on Fatehabad road. Staff is very cooperative. Specially thanks to room boy Rahul.
For booking contact directly 7060075203",18 Nov 2022,5
13422,Saleem,Very good place nice staf,18 Nov 2022,5
13422,Hb,very nice place must visit,16 Nov 2022,5
13422,Yogesh Rawat,Nice hotel good service,13 Nov 2022,5
13422,Aayush,Thanks to making memorable trip ☺️☺️,03 Nov 2022,5
13422,Jitendra Singh,"Decent, specious, neet clean rooms, on fatehabad road,great deal thanks for making my stay memorable to ruchi ma'am",29 Oct 2022,5
13422,Aayush,I feel lik home with hotel staff. All the thing is very nice. Thanks for your cooperation and support,29 Oct 2022,5
13422,Aryendra,"Decent room, food, hotel, staff etc",29 Oct 2022,5
13422,Jitendra Singh,Very good location on fatehabad road near pind baluchi in front of saga emporium. Over all Very nice services. Specially thanks to yogesh Rawat ji & ruchi madam,28 Oct 2022,5
13422,Jitendra Singh,I like the behavior of hotel staff and owner Mr Jitendra Singh Sahab also he is very youngest & professional person.,28 Oct 2022,5
13422,Jitendra Singh,"Decent,specious, neet & clean room, On road prime location, maybe you can Directly  contact with hotel 7060075203",27 Oct 2022,5
13422,Shantanukumar pradhan,Great deal,22 Oct 2022,5
13422,Aayush,Location of hotel is very prime location near saga emporium Fatehabad on road. For bookings pls contact 7060075203,19 Oct 2022,5
13422,Aayush,"classical rooms, decent services by hotel staff",16 Oct 2022,5
13422,Harsh Sharma,"The Room is good neat and clean with all facilities and the staff was very nice and helpful and the food is so delicious and yummy and the best part of the property is newly constructed and the location was so close of The Taj mahal
Over all it's great deal 🙂",16 Oct 2022,5
13422,Aryendra,"The location is perfect and accessable . Distance from Taj Mahal by car is hardly 10min. Rooms are clean and neat and so does the washroom. people are friendly and well mannered. overall a decent stay
Location is safe. rooms are neat and clean. people are good",16 Oct 2022,5
13422,Aryendra,Decent stay,16 Oct 2022,5
13422,Jitendra Singh,"We loved our stay at hotel taj castle. The food is very good, so is the ambience. Love agra",16 Oct 2022,5
13422,Jitendra Singh,Super duper deal thanks to team hotel,16 Oct 2022,5
13422,Vineet,Good hotel nice staff,15 Oct 2022,5
13422,SUSHEEL KUMAR,Awesome,14 Oct 2022,5
13422,Rahul,Great deal,13 Oct 2022,5
13422,Aryendra,"Nice stay, good facilities, awesome management",12 Oct 2022,5
13422,Aryendra,Awesome experience with reasonable price. Special thanks to ruchi madam. She is very cooperative during stay,12 Oct 2022,5
13422,shiv singh,Great experience,10 Oct 2022,5
13422,Jitendra Singh,"Staff behaviour was very polite, specially front office manager.food quality was awesome.quick response.",09 Oct 2022,5
13422,Jitendra Singh,Awesome team work by hotel staff from top to bottom. They was provide the Awesome room services,09 Oct 2022,5
13422,Jitendra Singh,Owner Mr Jitendra Singh is very young and motivational person,09 Oct 2022,5
13422,kanta,Very nice place must visit,09 Oct 2022,5
13422,Aryendra,I am the regular costumer of this hotel since 1 year. Thanks for provide your top  class services,09 Oct 2022,5
13422,Aryendra,Superior excellent stay as our expectations. Yogesh Rawat and ruchi madam is also very friendly and cooperative peoples. Highly recomended,09 Oct 2022,5
13422,Vineesh M,Good place and humble staff,06 Oct 2022,5
13422,K Tej,Vrry good proparty humble staff nice stay,05 Oct 2022,5
13422,sawan krrahul,Very clean and safe place,04 Oct 2022,5
13422,GauravDhaked,Nice place humble staff must visit,04 Oct 2022,5
13422,Aryendra,none,28 Sep 2022,5
13422,Aryendra,Very nice infrastructure of hotel and very friendly staff 👌. Highly recommend to stay in agra,28 Sep 2022,5
13422,Aryendra,Very nice superclass stay,27 Sep 2022,5
13422,Aryendra,Shandar  awesome experience. You can book the hotel directly 7060075603,27 Sep 2022,5
13422,Aryendra,Over all experience is very good. Specially thanks to yogesh Rawat ji,27 Sep 2022,5
13422,Aryendra,Super duper stay,27 Sep 2022,5
13422,Aryendra,Neet and clean very specious rooms. Property is on fatehabad road near pind baluchi restaurant,27 Sep 2022,5
13422,Aryendra,"Staff food and services 😋 👌 


Thanks for making my stay is memorable.",27 Sep 2022,5
13422,Aryendra,"Awesome experience at main fatehabad road, hotel staff and also owner is very nice person. Receptionist ruchi ma'am is very cooperative and humble.",27 Sep 2022,5
13422,Pritam,Awesome experience,26 Sep 2022,5
13422,Sharad Yadav,"All good 
Staff is very supportive",25 Sep 2022,5
13422,Hotel Areeba,Super duper. Very cooperative staff,23 Sep 2022,5
13422,Aayush,"On road infront of saga emporium near Pind baluchi restaurent, near salt safe",23 Sep 2022,5
13422,Aayush,thanks for making memorable stay by Ruchi madam,23 Sep 2022,5
13422,Aryendra,Excellent stay 👌. Front Office staff is very friendly and cooperative. Maybe you can directly contact for book the rooms 7060075203,19 Sep 2022,5
13422,Mayank,Awesome stay. Cooperative Front office staff,17 Sep 2022,5
13422,Prashant Ranjan,It was a great stay..,16 Sep 2022,5
13422,Prashant,Good place must visit,14 Sep 2022,5
13422,Kapil Garg,Very good staff,14 Sep 2022,5
13422,Arun Kumar,Very polite staff and nice place,10 Sep 2022,5
13422,Aryendra,Excellent stay. Dedicated team work. Specially thanks for Ruchi Ma'am.,09 Sep 2022,5
13422,Aryendra,Awesome experience with cooperative staff,07 Sep 2022,5
13422,Saurav Pandey,"room is clean.
service is ok
can refer to stay with family.",07 Sep 2022,5
13422,Aryendra,Very good hospitality. FO staff is very polite,31 Aug 2022,5
13422,Vk Bharti,Great deal,30 Aug 2022,5
13422,Aryendra,Awesome experience,29 Aug 2022,5
13422,Aryendra,Thank you for making my birthday very special,29 Aug 2022,5
13422,prince yadav,Good,29 Aug 2022,5
13422,Rahul Yadav,Excellent,29 Aug 2022,5
13422,Bhuvnendra Patel,Good hotel,27 Aug 2022,5
13422,Vivek Rai,Nice  place  taj castle,26 Aug 2022,5
13422,ayush Gupta,Awesome hotel &Nice staff,24 Aug 2022,5
13422,Dhananjay,Nice staff good location,23 Aug 2022,5
13422,Ashish,Nice place,23 Aug 2022,5
13422,Rizwan,Good hotel,23 Aug 2022,5
13422,E SSharma,Good,22 Aug 2022,5
13422,Kishan,Good,22 Aug 2022,5
13422,Rajnish Kumar,none,21 Aug 2022,5
13422,Aayush,"location,Hotel staff & services",21 Aug 2022,5
13422,Aryendra,Good,21 Aug 2022,5
13422,Shaurya,Awesome hotel good staff specialist Shyam sundar ji Lovely person,20 Aug 2022,5
13422,Hotel Areeba,We are happy with hotel services and staff behaviour also,20 Aug 2022,5
13422,Hotel Areeba,Excellent stay,20 Aug 2022,5
13422,Kamal Singh,Good staff,20 Aug 2022,5
13422,boby sharma,Super,19 Aug 2022,5
13422,Krsna,Good,19 Aug 2022,5
13422,Kajal Kumari,Excellent,19 Aug 2022,5
13422,Anil Kumar,Good staff beviher,18 Aug 2022,5
13422,Aayush,Awesome experience 🙂,18 Aug 2022,5
13422,Aayush,Excellent 👍👍,18 Aug 2022,5
13422,Vineel,Greatvdeal,18 Aug 2022,5
13422,Vivek,Great deal,18 Aug 2022,5
13422,Aakash,Good hotel,17 Aug 2022,5
13422,Aayush,i feel like own home. very nice person mr Sachin Kumar room boy,17 Aug 2022,5
13422,Aayush,highly recommended property,17 Aug 2022,5
13422,Aayush,"staff, Food and service all good 🙂😊👍
highly recommended for families",17 Aug 2022,5
13422,Aayush,"Property manager is very nice person 🙂😊
For bookings you can contact 7060075203,7060075605",17 Aug 2022,5
13422,Aayush,During stay all things is very good 🙂😊,17 Aug 2022,5
13422,Aayush,"Awesome  previously our stay was very bad in Agra. but thanks to oyo to suggest Taj castle all the things is very good staff is very cooperative, very neet & clean properly. 

you can contact directly for bookings 7060075203, 7060075605",17 Aug 2022,5
13422,Silambarasan,Excellent customer service,16 Aug 2022,5
13422,Siddiqui Haseeb,Very good,16 Aug 2022,5
13422,Hotel Areeba,"Awesome experience during stay. Thanks to provide the best n class facilities. Special thanks to room boy Sachin. 
For direct booking please contact to property manager Mr Prince Yadav 7060075605",15 Aug 2022,5
13422,Aryendra,Excellent stay good Staff behavior,15 Aug 2022,5
13422,Saurabh,Good,13 Aug 2022,5
13422,Santosh Kumar,Stay was good and staff was so helpfull all payment options are available even they provide us food around 1 am,11 Aug 2022,5
13422,Chetan,Good,10 Aug 2022,5
13422,jitendra kumar singh,Super duper stay,08 Aug 2022,5
13422,Shivam Verma,Good location,07 Aug 2022,5
13422,Harshit Yadav,Excellent experience,05 Aug 2022,5
13422,krishn vir,Good,03 Aug 2022,5
13422,Yogendra Singh,Good,02 Aug 2022,5
13422,Pramod,Staff behavior is very good and all facilities are very good in hotel.....,01 Aug 2022,5
13422,prince yadav,Awesome experience specially thanks for Prince Yadav & Staff to making awesome experience,31 Jul 2022,5
13422,Raghav Kumar,Good,31 Jul 2022,5
13422,Aayush,"Highly recommended to staying in Agra Fatehabad road. location is very good, room, infrastructure, cleaning, food, staff etc all is good",30 Jul 2022,5
13422,Aayush,Front office staff is very cooperative and supportive. Specially Thanks to Payal Ma'am,30 Jul 2022,5
13422,Hemendra kumar,Excellent,29 Jul 2022,5
13422,Ashish Tiwari,Best hotel in Fatehabad road agra,29 Jul 2022,5
13422,Lokesh,Good,29 Jul 2022,5
13422,akash chahar,Room was good,29 Jul 2022,5
13422,Harendra Lohiya,good,29 Jul 2022,5
13422,Ravi,Good,28 Jul 2022,5
13422,Hotel Areeba,Highly recommended for family tours.,27 Jul 2022,5
13422,Hotel Areeba,"Thanks you for making my birthday is very special. Specially and very very thanks for Payal Ma'am.,☺️",27 Jul 2022,5
13422,Hotel Areeba,Awesome experience. Highly recommended. Front office executive and room boy behaviour is very good.,27 Jul 2022,5
13422,Aayush,"Very nice location, food, services, rooms etc

you directly contact for booking 7060075605",27 Jul 2022,5
13422,Aayush,"Excellent stay, there was very supportive staff specially thanks to Prince Yadav Ji",27 Jul 2022,5
13422,Akash,Good,26 Jul 2022,5
13422,Abhishek Panchal,Good,26 Jul 2022,5
13422,Dinesh kumar,Good,24 Jul 2022,5
13422,Sandeep kumar,Good,24 Jul 2022,5
13422,prince yadav,"Our last stay was not upto the mark but Thanks for making the wondering the next staying, very politely and good behavior staff, room services is very nice, totally changed interior. 

Specially thanks for Prince Ji you can directly contact for 7060075605",23 Jul 2022,5
13422,Aryendra,"My hotel stay was very comfortable, the location was easy to each at fatehabad road and rooms was very specious, wifi, TV, AC all is well",23 Jul 2022,5
13422,Shakibur Rahman,Good sarvice thanks,16 Jul 2022,5
13422,Abhimanyu Gour,excellent 👍🏻 stay,14 Jul 2022,5
13422,Mithalesh Kimar,good staff,09 Jul 2022,5
13422,Mr. Sachin,Hotel was good and room was fine,08 Jul 2022,5
13422,surendra sanwriya,"experience was good 
and setisfied with the hotel property",08 Jul 2022,5
13422,916307786956,clean rooms awesome,06 Jul 2022,5
13422,Ajay,good staff behaviour good rooms,06 Jul 2022,5
13422,Sugan,good sevice,06 Jul 2022,5
13422,Aryendra,Thanks to support during midnight. very cooperative staff. behavior is very good,03 Jul 2022,5
13422,Aryendra,awesome experience specially thanks for yogesh Rawat ji & team to making super duper stay,03 Jul 2022,5
13422,JANVI ROY,Excellent,30 Jun 2022,5
13422,JANVI ROY,Facilities is very good,23 Jun 2022,5
13422,SHASHANK B,Hospitality.,22 Jun 2022,5
13422,Aayush,"Very nice location, food, services, rooms etc.",22 Jun 2022,5
13422,Aayush,All the thing is there in very reasonable prices.,22 Jun 2022,5
13422,Aayush,Location is on road infront of saga emp. Fatehabad road,22 Jun 2022,5
13422,Jitendra Singh,They take care of every thing. Such a good experience. Rooms are amazing.,22 Jun 2022,5
13422,Aayush,"Shandaar experience specious rooms, cooperative staff, 


recommended for families",22 Jun 2022,5
13422,Aayush,wow nice location near pind baluchi restaurant,22 Jun 2022,5
13422,Aayush,"awesome experience over all good 🙂

recommended",22 Jun 2022,5
13422,Aayush,"Staff, room, food, location was awesome 👍👍👍

Highly recommended for family and friends",21 Jun 2022,5
13422,Yogesh Rawat,very good staff & service,21 Jun 2022,5
13422,avnya,nice hotel I am regular customer of this hotel I like this,21 Jun 2022,5
13422,Kshitiz,Staff Is very cooperative But the room was not as same in the pictures but it was satisfied,21 Jun 2022,5
13422,Jitendra Singh,"The rooms were clean, very comfortable, and the staff was amazing. They went over and beyond to help make our stay enjoyable. I highly recommend this hotel for anyone visiting downtown",20 Jun 2022,5
13422,Abdul RahmanKhan,"specious rooms, Clean rooms, chilled ac, dedicated staff, food quality is very good",20 Jun 2022,5
13422,Udayveer Singh,"Top n class rooms, food, services and staff behavior. Highly recommended for family and business persons",19 Jun 2022,5
13422,avnya,it was an great experience like this hotel and there facilities,18 Jun 2022,5
13422,Jitendra Singh,"perfectly provide the checkin facility, specious rooms, chilled ac, clean room for booking please contact 7060075605",16 Jun 2022,5
13422,Jitendra Singh,very friendly staff and  very nice rooms,15 Jun 2022,5
13422,Naman Tomar,very good hotel,10 Jun 2022,5
13422,Mohit Pal,good.  room,08 Jun 2022,5
13422,Arabind singh,Over all good,24 Apr 2023,4
13422,Akhil Tripathi,Peaceful environment with nice staff,06 Apr 2023,4
13422,Aaizaz Khan,Good hotel but the servicing was very late,14 Nov 2022,4
13422,Praveen Kushwaha,nice stay nd all the staff is very supportive and behavior is so good,26 Sep 2022,4
13422,Latifbhai Mirza,Awesome laceration for tourist,21 Sep 2022,4
13422,Ram mishra,Very good staff,15 Aug 2022,4
13422,Vishwas meena,Room was nice but cleaning was not upto the mark and kitchen was not that much good,13 Jul 2022,4
13422,Zeet,gud,02 Jul 2022,4
13422,Yallabandi chaitanya,"Ok ok ,nothing much to say , employees were good ,the vibe was not soo good of th hotel",12 Apr 2023,3
13422,Neeraj Yadav,Rooms are average,18 Nov 2022,3
13422,Amit Shukla,Hotel is good .. But surprised with their business behaviors..  They always push you for pay in hotel ..instant advance payment..  I booked my Dinner and Breakfast attire pay basis they denied they we don't have Kitchen .. Cannot provide meal To you ..later when I ask Oyo team to refund me.940 rupees for my meal.. Hotel manager told Oyo customer care that they have provided meal to us .. Really surprised..  Don't want use this word but ..it was cheating..  They must to change their behavior..  Little disappointing..  Rest was good ..,15 Oct 2022,3
13422,Vishal Gautam,"The provided room in hotel Taj castle was not in good condition. There washroom door handle was missing, washroom stink, telephone broken, dirt in the room. Hotel staff were cooperative, after asking 4-5 times about changing the room, they shift to there another hotel which was good one.",09 Oct 2022,3
13422,Shaikh wasepha,Decent stay. Not recommended as the receptionist person is  rude. Although can be managed but i suggest to avoid this place,17 Sep 2022,3
13422,Prasoon Srivastava,ac remote not available nor provided phone not working every time have to go to reception for the query,15 Jun 2022,3
13422,Surendra Kumar,"Everything things extreme worst.
Manger of property was  not accept oyo online payment.
If you cancel the booking , property owner will  not accepting new booking.

Room was  very unhygienic dirty bedsheet, pillow and washroom extremely dirty. Toilet sheet broken and bucket was not clean. 
Staff behaviour is very rude. They don't provide you soap . After multiple requests they was agree to provide soap

AC ,TV ,Fan not working properly.
Inside room mosquito and cockroach.

I ordered breakfast  .In breakfast i have ordered
Aalu paratha and curd , aluparatha was not roasted properly.

They were  asking for extra money . 

I suggest please don't visit this hotel.

Worst experience please don't go there.",30 Mar 2023,2
13422,Aleem Khan,Hotel room is not comfortable because washroom is dirty full of smell and tv was disconnected and fan switch faulty . Receptionist behaviour is very bad,12 Nov 2022,2
13422,PARMOD KUMAR,The room rent was too high and owner behaviour was not good hotel team was not agree for room as rate decided by OYO.,29 Oct 2022,2
13422,Ankit,"Room and its interior was very bad, washroom so much dirty",09 Sep 2022,2
13422,Rohit Lal,because payment showing 700 and hotels taken too more money,17 Aug 2022,2
13422,Kevin,none,03 Jun 2023,1
13422,Ravi KumarSharma,Staff behaviour so rude with customers and they room facilities are so much bad delay in room service and using the name of hotel with another hotel name Areeba in top of the front hotel but name registered of hotel at Oyo services hotel Taj castel . It seems total fake presentation of hotel. I request you to cancel the licence of this hotel. We didn't feel safe and we checked out before the date of hotel booking date.,23 Apr 2023,1
13422,Suman Kumar,"The price shared to us was different and the hotel has charged us extra payment and after 2 hrs at 12.30am  they have given us the room and that was so stinky , smelling and ac was not working .So pathetic , please don't go to this Hotel , they take advantage of your situation and take the payment and give you a pathetic room.
The team in Oyo is not at all worried about your situation.",19 Apr 2023,1
13422,Narender Kumar,"Rooms are not clean, I am very much disappointed, seriously this is the first time where i just check out early as possible, Sorry but i am not recommending this to anyone and on OYO hotel name is Hotel Taj Castle and Real name is Hotel Ameeba, don't waste any single penny here",17 Apr 2023,1
13422,Gaurav,"The manager refused to give room... 
@2Am in morning 
Kindly take strong action against them",15 Apr 2023,1
13422,indrajit mistry,"Hotel is very bad
Staff is very bad
Room very bad
Food very bad
Reaction female staff very bad
Oyo not good app",06 Apr 2023,1
13422,Sony,Please confirm with that Hotel whether rooms are available or not after Oyo Booking. They always took overbooking and arrange substandard rooms in nearby hotels. I booked this hotel by looking its rooms and facilities. Finally i ended up one of nearby substandard hotel. I will never recommend anyone to book this hotel for a stay.,05 Apr 2023,1
13422,sunil patil,I booked from oyo app.. Before booking i confirmed that room was available or not.. They agreed my booking.. But at the time of check in they denied to room.. Very bad experience... We came to Agra from Mumbai but they are very helpless,25 Mar 2023,1
13422,Pratik Shah,none,24 Mar 2023,1
13422,rana,"Washroom parts broken
Bed was dirty. Tht was the worsted experience oyo whn i used to.",19 Mar 2023,1
13422,Mazhar Khan,"Location is awesome and hotel building is also very good but if I talk about room and staff both are poor. In room ac is not working properly and faucets were also very old and not working properly. Staffs were  very unprofessional. Receptionist take more money than charged on oyo. 
Positive part, this was budget friendly hotel just cost me 815 per night",19 Mar 2023,1
13422,Sandeep Kumar,I have paid the whole Amy through app and he instantly denied check in and said no rooms available around 12 midnight. And expecting me to pay more. Also AC was not working no TV working and even after continuous reminders they have changed my room 3 times which was very tiring and hectic,19 Mar 2023,1
13422,gautam verma,Not satisfied at all with hotel and oyo nothing was good worst experience,17 Mar 2023,1
13422,GOPAL KRISHAN,none,17 Mar 2023,1
13422,Bharat Singh,Room condition n washroom yukkk,15 Mar 2023,1
13422,Somya Gupta,"I reached to the hotel and hotel management asked me to pay extra rupees which costs Rs.500. Then I called oyo for the support. Then oyo customer agent asked me to switch hotel which was 4km far away from this hotel. Then I aked him the meaning of support and oyo booking when you always have to ask for more extra charges. Then agent was continuously ignoring my words and asking me to book another hotel. But after all the things I personally talked with the hotel management for the negotiations then they shifted me in laxman resort which is not registered on oyo. And the rooms were not clean at all and very small rooms were there. 

So it is the worst experience of me with oyo and hotel areeba/hotel taj castle",19 Feb 2023,1
13422,Dinesh Sharma,Room is not available on booking dates kindly revert my payment against booking,10 Feb 2023,1
13422,Amit Gour,Very poor services,01 Feb 2023,1
13422,XXX XXX,"Oyo at its worst... Oyo should be closed in India now.. 
I think now is end of Oyo hotels.",28 Nov 2022,1
13422,919125925246 Saxena,Cheap hotel . Rooms are very dirty condition also bed mattres is also very poor . Fooding poor and staff is also very unprofessional . Never suggest to anyone .,25 Nov 2022,1
13422,Md IsmailCRouther,"No cleaness, rooms where to as shown in photos.",21 Nov 2022,1
13422,Saumik Dey,Worst hotel ever... prepaid book they didn't except..in this property they fixed cc camera in the room,20 Nov 2022,1
13422,Abhishek Gajraj,"The rooms are pathetic. 
Smells, dirtiest curtains, faulty Camode system. The wall paints are destroyed. 

Management is worst. Charged extra on check as the online payment we did through oyo is not matching with them. 

Asked us to leave if we don't pay extra at 11 PM in night when we checked in. Oyo support is also disappointing as they don't have active ways to look into this. As we were new in the city and have no option left then living a night there",20 Nov 2022,1
13422,Jagdish Dasouni,"Charged extra money although it was prepaid booking .
Property owner shifted me another hotel without my consent .
Room service like housekeeping was pathetic , bathroom tape was leakage , toilet flush not working properly , no geyser facility, AC not working , TV was working but no channel shown (Cable recharge expired).
Only one this is good about this hotel is location near to Taj Mahal, Agra Fort.",20 Nov 2022,1
13422,Jagvinder Singh,"Bad Rooms, Water supply not there, taps are broken, delay service high prices. App saying some charges and room charges are different in hotel.",12 Nov 2022,1
13422,Sudheer Gupta,Poor and Arrogant Staff. Demands extra money.,27 Oct 2022,1
13422,Arbind Kumar,Worst services provided by the hotel,20 Oct 2022,1
13422,HIMANSHU SHUKLA,Hotel did not provide room due to low tariff and do the checking by froud,16 Oct 2022,1
13422,Vipin Dagar,"I was charged more than the actual oyo booking price, hotel was not so good for which they demanded more money ....",15 Oct 2022,1
13422,Nikash Agrawal,"Worst service ever ..even after all bookings and payment done in the Oyo aap the hotel management demanded 1000 rupees more for the check in which is totally unfair Oyo people even after calling several tike didn't help me for the issue I have to pay 1000 and checked in to the hotel, rooms are very old and there is no water no fresh towels at the rooms,,,over all experience was very very pathetic.",15 Oct 2022,1
13422,aman,Denied check in said no rooms available even after pre payment,09 Oct 2022,1
13422,Ashish Verma,"Request to all guests before to get booked this hotel, think about bad service and management ruin your good time and memories. probably ‘BAD’ is small word to describe their service and management there in hotel. I would say terrible and rude. They behave like goons. Your safety and self respect in your own hand keep it high. Pls avoid their fake ratings.",08 Oct 2022,1
13422,Sanidh,Food is highly priced.Behaviour of manager is extremely rude.He has demanded rs 300 during check in time....but as per Oyo policy it should be free,08 Oct 2022,1
13422,Seema Gautam,"Such a poor service, i will not to come again here this hotel in my entire life",08 Oct 2022,1
13422,GOHIL NITESH,Shows that amount paid by cash it was wrong. Hotel staff not allowed even payment done from Google pay. as per OYO costumer care said if I pay online then I will get discount. 322 RS and 2173 RS paid.,07 Oct 2022,1
13422,Satyam Srivastava,"Latest review stay date 3-4 oct 2022 Rooms are in very bad condition, AC not working properly neither TV nor Water tap, water tap was full of fungus and washroom was also very dirty. 
Overall plz don't book these rooms.",05 Oct 2022,1
13422,Jacob Sebastian ,"Very poor customer suport 

Wash room with out flesh

AC is not working properly

Suggested to change hotel after showing a room was not avilable on teach 

Romining 2.30houres With family in the town just to check in",03 Oct 2022,1
13422,Raj,"Poor service...room not clean, wild animals in room, light not proper, canteen service soo poor, stuff rude",02 Oct 2022,1
13422,Manish Deshwal,Bahut bakwas service... Or ac not working.. bad room quality,01 Oct 2022,1
13422,vaibhav kumar,"I have booked 2 single room but they denied to give two single room and said us to adjust in one big room at night time ,so  i was supposed to stay in one room",27 Sep 2022,1
13422,Yogendra Singh,It was the worst experience of staying in a hotel. The hotel management asked for more than double amount of booking amount. They had a very rude behaviour. No customer support. Worst hotel in Agra.,26 Sep 2022,1
13422,abhishek goswami,Owner refuse to take costomer from oyo aap,26 Sep 2022,1
13422,Ritik,Very poor and very cheap hotel i have ever find in agra...i have rone,26 Sep 2022,1
13422,Kamal,Hotel staff said no booking,26 Sep 2022,1
13422,Manoj mishra,"Extra amount taken by me
Tiles was broken in the room
Washroom leakage & washroom water leakage comes in room",24 Sep 2022,1
13422,Ayush,Completely fraudulent booking process. They take bookings on behalf of another Hotel and refuse to acknowledge our booking made on Oyo. Charges us double the price that we paid via Oyo. No customer support available as well. Pathetic experience,18 Sep 2022,1
13422,Ajay Patel,"Very bad, manager refused to allow us in the hotel at OYO price. I booked 2 room at 891 rs but manager refused us to avail at the OYO price. In the night we were unable to cantact to OYO so we had to pay 1782 RS for two rooms. Hotel was very bad no water, no room service and toilets were very dirty. Used chadar and covers of pillows were dirty no cleaning. It was very bad experience in the hotel",18 Sep 2022,1
13422,Shuklendra,I did not stay at hotel but they asked money and did not allow me to stsy,17 Sep 2022,1
13422,Nupur,"Worst hotel i have ever gone through in my life the pictures are too fake and the rooms are dark they have use fake lights and editing to show good pictures but they are not in some rooms tiles are broken , in other ac was not working and the rooms were stinking when i tried to adjust these things I was not aware of this fact that the worst part is coming these hotel rooms have mouses and they were roaming all around my luggage and even bed , i had a phobia from rats so when i requested them to refund my second day money so that i can book a different hotel the manager was too bad and denied to give my refund, worst room service and the tea was too bad in taste overall the worst experience please don't book this hotel",11 Sep 2022,1
13422,RAJ KUMAR,none,06 Sep 2022,1
13422,Jitendra Singh,"Service was not good
Not satisfied",06 Sep 2022,1
13422,iashwarya dixit,Charged extra which was not mentioned,05 Sep 2022,1
13422,Prashant,"Construction work was going on, horrible rooms were there",28 Aug 2022,1
13422,Pradeep Kumar,Poor,27 Aug 2022,1
13422,MOHAMMADSHARIQ,Very bad experience I had made payment in advance online but the booking did not show on their system and Oyo app. My payment is stuck was assured by Oyo customer service will get it back within 10-14 days.,26 Aug 2022,1
13422,prashant jain,"Room Conditions very poor toilet door not lock properly 
and Don't believe oyo discount in payment 
we reached in hotel reception say your booking is cancle hotel not allowed oyo discount you must to pay discount amount if you stay in this hotel
why oyo giving discount",23 Aug 2022,1
13422,vicky,very bad hotel condition. no supportbfrom oyo customer care also. chechk in was done at 12.30 pm intentionaly,19 Aug 2022,1
13422,SUMAN GHOSH,hidden camera have room... staff behaviour not good,19 Aug 2022,1
13422,Ashutosh,"Inferior service and inferior food .

I have booked the hotel through Oyo app but hotel owner denied booking and they have taken extra amount from my pocket also . Inferior Oyo service also.shame on you company and hotel .I will never book from this app.",16 Aug 2022,1
13422,Arun Kumar,Very bad,13 Aug 2022,1
13422,Subham,"room condition is very poor, no main door lock and no hygiene mainten & windows also broken totally time and money waste. I also complain property maneger and Oyo costumers care but didn't take any action.",13 Aug 2022,1
13422,Anirudh Kumar,Very bad experience,06 Aug 2022,1
13422,Nani,"good that they want to revive. happy for the hotel but the walls were wet, tv furniture is peeling off the wall, toilet very dirty and mold behind the bed. humidity in the room very high which is not good for Health",05 Aug 2022,1
13422,Shriyansh Jain,very poor,02 Aug 2022,1
13422,Mayank Gupta,AC not working and paid extra amount,23 Jul 2022,1
13422,jatin  more,Squirrels shared room with  us for whole night,22 Jul 2022,1
13422,Sumit Himkar,Very bad experience,17 Jul 2022,1
13422,Prakash Jain,"ac is no woking bathrooms is no cleaning
room is no cleaning",15 Jul 2022,1
13422,SAIRAM,"Asked extra money, they refused to give bill at checkout time, bad staff behaviour,no television,water was not good,finally don’t take room it’s better for you",03 Jul 2022,1
13422,Javed,"Taj castle ( hotel Areeba) Pathetic rooms don't even think to stay it is look good from the outside only not even worthy room 
- Charging more then the booking and saying we don't have good relation with OYO so you have to pay
- most Unhygienic room 
- Broken taps and washroom 
- waited for 45 mins to checkin 
- Damp wall",02 Jul 2022,1
13422,Jaiprakash Roy,They have charged me additional INR 1100/-. They said OYO is nobody to decide pricing. They said pricing is very low & denied Check-in.It was a horrible experience.,27 Jun 2022,1
13422,Harshit,i made a booking on rare of 611 rs. but when i reached hotel around 11:45 pm staff told me to pay 900 rs. else they cancel my booking. its totally disappointing and misleading.,24 Jun 2022,1
13422,Sonali singh,no free water no cleanliness location is nice,19 Jun 2022,1
13422,Md MustakimSarkar,none,15 Jun 2022,1
13422,Sakshi Singh,"worst stay ever.
Owner asked for money upfront (when I calle him 2 days before), saying pay me in full else i can't guarantee your stay
when i reacher there, I was given the dirtiest room ever ( probably not cleaned in 1 year or so). There was no water supply in the washroom.
washroom was so dirty that we didn't use it at all.

on top we (me and my mom) felt so unsafe that we kept ourselves locked as the corridors were all dark (in noon), there were many workers roaming around freely.

worst case-While we were going out, one receptionist shouted 'Madam AC band kar dia' in front of 20-30 odd people stand-in there.
I was scared for my life hence didnt share any feedback as I was out for work and my mom was alone with my 1year old daughter.

there was no tv (not working), no idea of WIFI.
Would never recommend to any woman at all.",14 Jun 2022,1
13422,Harshit Modh,AC cooling very bad in Summer season. washroom was not clean and very bad condition,11 Jun 2022,1
13422,AMIT NAGAR,not clean this rooms and not working AC and tv,07 Jun 2022,1
13422,Manish,Bad hotel,06 Jun 2022,1
