hotel_id,user_name,review_text,date,title
18134,dk,Good,16 Apr 2023,5
18134,Pramod Kumar,Good service,14 Apr 2023,5
18134,shikhar srivastava,Always help to find best hotels,08 Apr 2023,5
18134,Tarun Kumar,"All good..
And nice experience 🙂",19 Mar 2023,5
18134,Deepak Pandey,Good,04 Mar 2023,5
18134,Rahul,Location of the hotel is perfect and rooms are clean,22 Jan 2023,5
18134,sanjeev,Room good room good rood good rood good rood room good room good room good room good room good room good,02 Jan 2023,5
18134,Shani Panchal,Food not sarvice/WiFi not sarvice/tv not sarvice,26 Sep 2022,5
18134,Ranjeet Rajput,"This is mind blowing application for hotels 
This is provide best option",09 Sep 2022,5
18134,Deepak Kumar,Excellent services,25 Aug 2022,5
18134,Uday,Nice Experience,30 Jul 2022,5
18134,Kumar Mahor,good room,08 Jul 2022,5
18134,Ankur,super,28 Jun 2022,5
18134,Braj KishorYadav,"only cash payment no online 
best hotel safe",05 Jun 2022,5
18134,Pawan Singh,"Nice hotel ,,polite behavior of staff amezing rooms bathroom is clean ,,, overall nice experience",18 Apr 2023,4
18134,Ankit Chaudhary,Good good good for stay,18 Apr 2023,4
18134,pramod kumar,Good behaviour,04 Apr 2023,4
18134,Kaustav,Best service given by the staff of the hotel . They talk very warmly and treated like the special guest,31 Dec 2022,4
18134,Pankaj Chaudhary,Ok,16 Jul 2022,4
18134,Shubham,Best Apps,10 Jul 2022,4
18134,A K,none,06 May 2023,3
18134,VILEN,Need to pay extra at that time of chekin,18 Apr 2023,3
18134,Amit KumarSrivastava,"Room was not clean and also not maintained
TV was not available.Bedsheet bathroom bucket was als not cleaned.",12 Apr 2023,3
18134,Vinay,It's an average stay. Hotel is average. Service is average. Staff availability is average. Overall avg,06 Mar 2023,3
18134,SONU KUMAR,"Hotel is good location and looking
Service is average.",14 Jan 2023,3
18134,Pavan Sharma,Location is good,06 Jan 2023,3
18134,Puneet Chandel,This is not a good hotel and my friend stayed there but the receptionist charged extra for checkin and the bathroom was also so dirty even warm water is not there,01 Jan 2023,3
18134,Vivek,Service are not good,04 Sep 2022,3
18134,Deependra,"Average experience. 
Room is Changed.🙃",20 Aug 2022,3
18134,Rawat,The hotel room was too different from the images show in the app room was too small and dirty shower was damage. Cupboard was too dirty the hotel staff not provide towels and also denied to accept card payments. This time my experience was pathetic.,30 Apr 2023,2
18134,rajput pooja,Bad facilities not bad cleaning of the room,19 Apr 2023,2
18134,Darshan Singh,Extra charge and faculty oh bhad,16 Apr 2023,2
18134,Shivam yadav,Room mot clean,11 Apr 2023,2
18134,917906734774 Yadav,The room Expirience was very bad whole room is smelling wash room was very direty water also not coming flush also not working,24 Mar 2023,2
18134,Ashu Agarwal,Very very bad experience,13 Mar 2023,2
18134,Manoj Kumar,"Everything is very bad, you cheated your client",07 Jan 2023,2
18134,Komal Patel,"I mean if you need a place to sleep then here you go. Apart from that I would not keep my hopes high and the pics are definitely selling it when it was built. Hotel has seepage patches, tv ac doesn't work, soap stains on bathroom, light is crooked, patches on bedsheet with hair, no outside lock, no wifi and the shot goes on and on. If you are tourist looking for a good vacation I WOULD NOT COME HERE but at a emergency or a really quick sleep and move this works and its definitely not the worst at all.",07 Jan 2023,2
18134,Deepak,"Facility is very poor
Washroom is very dirty and shower and commod flush is not working 
And floor is not clean",22 Aug 2022,2
18134,Devesh Kaushik,behaviour of staff,30 Jun 2022,2
18134,Dileep Kumar,none,15 May 2023,1
18134,Jagjit Singh,none,27 Apr 2023,1
18134,Parvinder,Bad behave on hotel owner and extra  charges late h,21 Apr 2023,1
18134,Abhishek,Totally waste of fine ..,17 Apr 2023,1
18134,Anil Kumar,Room quality bad,16 Apr 2023,1
18134,akshey beri,nothing.rooms aare soo dirty no water in bathroom bad staff,15 Apr 2023,1
18134,Suraj,"Very poor service, charge extra money ,room quality very low shown on application,",07 Apr 2023,1
18134,Raj Kamal,It is better to stay at any lodge. They will give better service in less price.,07 Apr 2023,1
18134,Ravi Kumar,none,25 Mar 2023,1
18134,Kapil,Room poor poor,20 Mar 2023,1
18134,Abhishek Mishra,Very Dirty room and Very Poor Staff Service and Hotel took Extra Money,13 Mar 2023,1
18134,Gourav Gulati,"Since I already booked the room and maid an online payment the owner denied to give the room stating that we are not giving room who have done online payments, but after a while he gave me a room where the room was not clean at all and the washroom was smelling like hell. When i asked the owner to clean the room and washroom he told “Bhaisabah online payment kiya hai to ye sb bhukto”. I asked him to give me a better room if available. The owner replied it’s there but you have to pay another 1000 for a better room.",09 Mar 2023,1
18134,Rahul singh,Charge 200 extra for room tv is not available and washroom are so dirty . Rooms were not cleaned. Very bad experience.,09 Mar 2023,1
18134,Mohd Jawed,"Keys not available, all washroom have so messy condition. Bad cloths all wall is dirty of Tabaccos and gutkas , very bad experience",02 Mar 2023,1
18134,Guneesh Singh,"Hotel denied the room stating that there is no vacant room even my booking was confirmed many days prior to check in date
 So basically I did not stay here and that lead to finding another hotel at night and paying way extra and suffering",15 Feb 2023,1
18134,Yogesh,Not good food quality..no air vents...no hot water..bad service..not a good parking even rooms also not good,14 Feb 2023,1
18134,Tarun,room is not clean. staff is not good.,13 Feb 2023,1
18134,Mridula Pandey,none,13 Feb 2023,1
18134,Vinay Raj,"No dining , lift unoperational, no kettle , broken buckets, no geyser not hot water. Broken mirrors. No towels nor bath set in room. No intercom.

Surprised of photos shown in Oyo website and completely disaster stay.

Heater was given for hot water. But I need to do it on my own and carry to room.

Thanks Oyo for unforgettable experience",08 Feb 2023,1
18134,Anurag shukla,"it was worst experience in all aspects
whether it was room /
service",08 Feb 2023,1
18134,Parag Sharma,Most terrible. If u guys have some tym for consumer feedback then pl calle back. I got poorest experience. Hotel manger asked me extra charge with ultimate arrogance. Ur cc was also not connected. Calll me back. ?,06 Feb 2023,1
18134,mani,Un clean property rooms is vary darty and no lift no room safty no room lock and morning 9 o clock staf gate nock for check out tym vary poor experience,02 Feb 2023,1
18134,Vishal Saraswat,Very bad staff or very bad room,14 Jan 2023,1
18134,Arun sharma,The very worst experience. There are no amenities available. those available these is no use or not working.,09 Jan 2023,1
18134,Saurabh Babu,Very bad quality of rooms and no hygiene,03 Jan 2023,1
18134,Dheeraj,We did not get the Geyser and then they provide emersion rod to warmup the water. Rooms were having dampness on the wall. Very dirty room. There were not any hanger to hangup the cloths.,21 Dec 2022,1
18134,918383818156,Worst stay ever,06 Nov 2022,1
18134,Sonu Yadav,"Very very worst Hotel don't book this .also , hygienic issues Bad smelling and i found lubricant in washroom.",02 Nov 2022,1
18134,Renu,"Staff is not cooperative. 
I booked hotel by oyo in 700 rs but they tak 300 rs extra then they give me room in hotel .
Room is not clear, dirty bathroom, dirty blanket , no pillow in room, I complained but no response from staff. 
My experience was very bed. 
I complain in oyo help line number but no response from oyo help line number. 
I stay because I paid money before reaching hotel. 
Please no one stay in hotel Shanti near kargil petrol pump. 
I called many time in hotel reception but no one recieve my call. 
I expect from oyo please improve your quality because most of the people of my kind are not happy in your stay.",20 Oct 2022,1
18134,amigdgd,He charged extra money for check in,18 Oct 2022,1
18134,shivam,"Very bad place 
I not advice to stay at this place 
Bed was tooo dirty and water supply very poor
Roor was very dirty.very place spit paan gutka.
And members are too rude
Before online book but person take money for room am not advice to.any body going to.this place",16 Oct 2022,1
18134,M SatyanarayanaRaju,Its very bad,15 Oct 2022,1
18134,Gyan,"Room was very dirty , employees asked for extra money and ask to cancle the booking and tip as well.it was very bad experience.never visit again.",02 Oct 2022,1
18134,Gaurav Kumar,Oye rent not agree by hotal staff,27 Sep 2022,1
18134,Ranjeet Singh,"Very bad condition Shanti palace hotel quality ,Oyo online price 511 only and Shanti palace staff taken 900 rupees,they are not follow Oyo condition.very bad and cheating condition",22 Sep 2022,1
18134,pramod kumar,"I gave extra payment and room is very dirty and suffocating   I gave extra 250 rupees
Please help me",22 Sep 2022,1
18134,Ram Prakash,Room and behaviour was not good,16 Sep 2022,1
18134,omender singh,Locality  and staff is good,19 Aug 2022,1
18134,Aridaman SinghParihar,"Charged extra money during checkin , as per them they have their own rates ,they don't follow Oyo app charges.",13 Aug 2022,1
18134,Gautam,Not good,11 Aug 2022,1
18134,Nitesh Kumar,"Room, bed and bathroom were not clean, 
2nd is - Even after online payment, extra payment was taken",03 Aug 2022,1
18134,Deepak Kumar,not good,09 Jul 2022,1
18134,RPY,poor quality,09 Jul 2022,1
18134,919886325598,Not worth a stay!,07 Jul 2022,1
18134,Lokendra Narveriya,Very bad and no parking space,03 Jul 2022,1
18134,Aman Upadhyay,"What was the price on OYO app, they charged me more than that price, He took me ₹200 more please refund me back ☹️☹️",30 Jun 2022,1
18134,Rohit,he ask to me for. extra pay when i am already pay full online payment,25 Jun 2022,1
18134,Chandra Bhushan,none,16 Jun 2022,1
18134,Chirag Solanki,This is very cheap hotel and I personally suggest you all of you don't book this hotel and in case u have booked this hotel so do fast cancel 😥,09 Jun 2022,1
