hotel_id,user_name,review_text,date,title
20129,prakash,none,31 May 2023,5
20129,Desi boy,Best hotel I think to stay and nice location also but food is tasty and good,17 Apr 2023,5
20129,prakash,Very good hotel to stay the location is good and staff is well maintained and mature food is also delicious,16 Apr 2023,5
20129,prakash,Nice hotel to stay nice location food is also delicious and staff are well maintained and good in behaviour manager and the md of hotel such a good people,16 Apr 2023,5
20129,Gaurav,Very good,16 Apr 2023,5
20129,deeksha Pandey,Nice stay good place,15 Apr 2023,5
20129,deeksha Pandey,Good location perfect,15 Apr 2023,5
20129,Pramod,Nice,14 Apr 2023,5
20129,deeksha Pandey,Very good hotel nice stay at good location,14 Apr 2023,5
20129,Shreshtha,Very good day nice  atay,13 Apr 2023,5
20129,Babu Rajput,Nice hotel 🛏️🛏️🛏️🛏️🛏️ good,12 Apr 2023,5
20129,Ansh Agarwal,Nice stay,10 Apr 2023,5
20129,deeksha Pandey,Good place nice stay as ever,09 Apr 2023,5
20129,alia,Nice stay good hotel  recommended hotel for ever,09 Apr 2023,5
20129,Surya,Nice,05 Apr 2023,5
20129,Dhruv Singh,Nice dtsy good staff,03 Apr 2023,5
20129,Babu Rajput,Nice hotel Jalsa,01 Apr 2023,5
20129,deeksha Pandey,Nice hotel good as always,01 Apr 2023,5
20129,deeksha Pandey,none,29 Mar 2023,5
20129,Desi boy,none,28 Mar 2023,5
20129,Rahul Rana,Good hotel,28 Mar 2023,5
20129,prakash,none,25 Mar 2023,5
20129,deeksha Pandey,none,24 Mar 2023,5
20129,Burhan,Nice,19 Mar 2023,5
20129,deeksha Pandey,none,01 Mar 2023,5
20129,Arvind,Very nice,09 Feb 2023,5
20129,deeksha Pandey,Nice room. Good.  Staff. And.  Service nice food. With good test i like to stay there. Very comfortable .,13 Jan 2023,5
20129,deeksha Pandey,Very nice pleasant environment 🌅👍. Good looking front and hotel ni e stay have good 👍 and right choice hotel,13 Jan 2023,5
20129,Vineet Kumar,none,09 Jan 2023,5
20129,SUBHRAJYOTI GANGULI,Good hotel,01 Jan 2023,5
20129,KRITANK SINGH,Nice hotel good staff,19 Dec 2022,5
20129,Manish,Nice,19 Dec 2022,5
20129,SATYAM,Nice hotel good staff location is good mohini mam is so good person,18 Dec 2022,5
20129,Adi,Good stay,18 Dec 2022,5
20129,Shafqat Nawaz,Excellent stay,15 Dec 2022,5
20129,deeksha Pandey,Like this booking placed to stay ever for. Ever nice.  Service of staff and like their facilities and behaviour .,15 Dec 2022,5
20129,deeksha Pandey,I had a great stay with this hotel,08 Dec 2022,5
20129,avnya,Good hotel and staff nice believe,01 Dec 2022,5
20129,deeksha Pandey,Nice stay good staff,26 Nov 2022,5
20129,Shivam Rathore,"A very good best better experience in this hotel very good every thing is well maintained and well designed 
Hygiëne is good 
Food is good 

Stay is good 
Water is good 
Ac good 
Curtains best hospitality best 
Highly recommend is amazingly beautiful with a very soothing interior and also a very eco --friendly terrace with a warm hospitality. A beautiful place to relax and makes us feel -at -home. i had a great experience during my stay there. The rooms are very classy with all the facilities to fulfil our needs. The food served there is very delicious. And also not forgetting to mention about the management, who are very pleasing. As a whole i had a very good time there and would surely like to visit there again.",26 Nov 2022,5
20129,Hina,Good hotel,25 Nov 2022,5
20129,Afzal,good hotel,24 Nov 2022,5
20129,sumit yadav,Good hotel nice stay,24 Nov 2022,5
20129,deeksha Pandey,Very good very easy way to check in nice facilities thanks for the jalsa service good stay. Nice hotel,23 Nov 2022,5
20129,Ayrton Jacquemin,Very good stay nice stqff qnd service,22 Nov 2022,5
20129,Mohd. Aqueel,good place nice staff moni is also good and helpful,22 Nov 2022,5
20129,Spandan Singh,Good location pleasent stay,21 Nov 2022,5
20129,MAHTAB ALI,"Good hotel




Nice.  Place.  Good staff service.     






I like. Theire sercices 


Good hospitality",21 Nov 2022,5
20129,Asif,Room is very clean.,20 Nov 2022,5
20129,deeksha Pandey,"Good hotel to stay nice 
Place and.  Nice behaved staff 



Perfect location. Main road good place to visit",19 Nov 2022,5
20129,Sumit Bajpai,Nice stay,17 Nov 2022,5
20129,Afzal Khan,Good,15 Nov 2022,5
20129,Shadab Nomani,Good stay,15 Nov 2022,5
20129,Md TabrezAnsari,Good,14 Nov 2022,5
20129,S RanjanKumar,Very good hotel and staff nice stay,13 Nov 2022,5
20129,deeksha Pandey,Very nice pleasant environment and location,11 Nov 2022,5
20129,deeksha Pandey,Nice hotel good stay,11 Nov 2022,5
20129,Sachin Singh,Nice stay,10 Nov 2022,5
20129,Avinash,Good stay,10 Nov 2022,5
20129,Hardesh,Nice property and staff,10 Nov 2022,5
20129,Santosh Rupani,Good staff and services,10 Nov 2022,5
20129,ankit jain,Good,06 Nov 2022,5
20129,Shyambihari,"Nice accomodation, the receptionist were very cooperative and humble.
Felt good staying at this place.",06 Nov 2022,5
20129,Krishna KantDubey,"Staff are very good 
Hygienic hotel",05 Nov 2022,5
20129,pankaj,Nice,29 Oct 2022,5
20129,Dinesh Vishwakarma,Good place for your family,18 Oct 2022,5
20129,Raj,Nice,17 Oct 2022,5
20129,Neelesh Yadav,Very good hitel and location nice syaff behive good hotel,17 Oct 2022,5
20129,Anuj Kumar,Nice hotel,15 Oct 2022,5
20129,deeksha Pandey,"Nice hotel to stay, nice location staff is also good specially the manager and the owner is well behaved",11 Oct 2022,5
20129,vidushisinghal,Nice room,09 Oct 2022,5
20129,Ravi Kumar,Nice,08 Oct 2022,5
20129,Imran Khan,Very good place for us i like it that i they treat very nice mohini mam was so good natural very helpful,08 Oct 2022,5
20129,Rahul Hiralalraut,Nice hotels good,07 Oct 2022,5
20129,Zakki ullah,ice hotel,06 Oct 2022,5
20129,Ranjan kumar patra,Very Good hotel and good staff service,06 Oct 2022,5
20129,deeksha Pandey,Very good hotel nice stay blessed 💖 Happy ceremony function good place for. Saty it is very good location,06 Oct 2022,5
20129,deeksha Pandey,Nice hotel to stay in budget the location is also good and staff has very fast service,05 Oct 2022,5
20129,SURAJ,Food place good hitem,05 Oct 2022,5
20129,DEEPAK kumar,Good staff review and services,05 Oct 2022,5
20129,deeksha Pandey,Very nice location good hotel for family even if they have issues they have conclusion also very good hotel i like.  It. As well nice behivour of staff.,01 Oct 2022,5
20129,Hritik,Good hotels nice staff,01 Oct 2022,5
20129,sandeep,Nice,29 Sep 2022,5
20129,Ankit,Good place to visit,28 Sep 2022,5
20129,Himanshu Jain,Nice,28 Sep 2022,5
20129,shah,Good hotels,25 Sep 2022,5
20129,Arun Pratap Singh,I love the service.Staff very much cooperative.🥰,25 Sep 2022,5
20129,Priyadharsini,Nice,22 Sep 2022,5
20129,Virendra Singh,Nice hotel,20 Sep 2022,5
20129,deeksha Pandey,Good 👍😊😊😊😊 nice hotel thanks for the special facilities and treatment for my family good hotel nice stay,20 Sep 2022,5
20129,deeksha Pandey,Nice stay blessed hotel near and clean room satisfy stay with hotel staff and their good behaviour nice place food 🥑🥝🥝🥝 is also good yummy breakfast good,20 Sep 2022,5
20129,Haseeb Ak,Nice,20 Sep 2022,5
20129,Shubham Kumar,Good hotel,19 Sep 2022,5
20129,saurabh dubey,Good,19 Sep 2022,5
20129,anuj verma,My stay was so plesent good to stay here I love there staff and sevice hospitality good performance of every thing neat and clean room front desk manager is so humble,19 Sep 2022,5
20129,Vikas,"Very very nice and good luck to have this hotel 

Nice for couples",19 Sep 2022,5
20129,Arbaz Malik,Owsm service and price it's so down 😍,18 Sep 2022,5
20129,MANISH KUSHWAH,Veru good hotel nice place good staff management I loke,18 Sep 2022,5
20129,Pushpendra Rajora,Nice to see you mohini mam good hotels,18 Sep 2022,5
20129,Suman Paikaray,Good place to visit in agra,18 Sep 2022,5
20129,Ashish Ruhela,Nice hotels good location nice staff service,17 Sep 2022,5
20129,deeksha Pandey,Nice hotel good stay safe feeling better then other experience 😽 i like to stay there they are very pleasant hotel,17 Sep 2022,5
20129,swapnali,Very good location easy to find nice for family,17 Sep 2022,5
20129,Vikas Jaat,Very pleased stay nice hotel good service,17 Sep 2022,5
20129,Hina,Nice,17 Sep 2022,5
20129,Mohit Bansal,Nice,16 Sep 2022,5
20129,deeksha Pandey,Nice hotel good stay blessed always with you ❤️😘😘😘,16 Sep 2022,5
20129,avnya,Good hotel to stay,16 Sep 2022,5
20129,Deepak,Nice location good staff,16 Sep 2022,5
20129,Vikas Jaat,Nice staff good service mohini is so cooperative,16 Sep 2022,5
20129,Ansh,Good hotel,16 Sep 2022,5
20129,deeksha Pandey,Good place nice stay thank you for the special facilities nice hotel 🛍️🛍️🛍️🛍️ i have many visits in agra and mostly highly recommended is this,16 Sep 2022,5
20129,Raman Gautam,Nice staff good stay very good mam,15 Sep 2022,5
20129,Aashu,Good stay,15 Sep 2022,5
20129,Amit dandotiya,Good hotels,15 Sep 2022,5
20129,Arjun Singh,Nice place,15 Sep 2022,5
20129,Mareeswaran,Good stay,14 Sep 2022,5
20129,deeksha Pandey,Hotel lobby. And location.  Is so good. Very nice pleasant environment of the. Hotel no distribution familiar hotel i visit it many times,14 Sep 2022,5
20129,Kapil,Nice hotel as always reception mam is so cute I like her nature very polite,14 Sep 2022,5
20129,avnya,Nice stay with this booking while checking this good choice as always,14 Sep 2022,5
20129,Devagya Shukla,Nice staff and manger good stay,14 Sep 2022,5
20129,deeksha Pandey,Nice location nice hotel,14 Sep 2022,5
20129,Jai Jaiswal,nice,14 Sep 2022,5
20129,Hacker H,Good hotel nice staff of jalsa very polite,13 Sep 2022,5
20129,deeksha Pandey,Happy customers with Oyo good deal as always nice stay friendly hotel nice staff good stay very pleasant hotel,13 Sep 2022,5
20129,avnya,Nice staff behaviour,13 Sep 2022,5
20129,Hina,"Food is definitely   so testey 

My  dinner order was so testey good food as  sane there hotel....",13 Sep 2022,5
20129,deeksha Pandey,"Good place    for family     


I am greatly helped by Oyo 
It.  Is highly recommended 



Hotel for ever",12 Sep 2022,5
20129,deeksha Pandey,Nice hotel,12 Sep 2022,5
20129,WAHID ALI,nice,11 Sep 2022,5
20129,sumit Raghuvanshi,Good hote. For. Stay i like stay here good rooms good hotel.     Nice hotel ðŸ›ï¸ðŸ›ï¸ðŸ›ï¸ðŸ›ï¸ðŸ›ï¸ðŸ›ï¸ water is so saur,11 Sep 2022,5
20129,deeksha Pandey,Nice looking rooms good location,11 Sep 2022,5
20129,avnya,"Nice.  Staff.  Good behaviour of.  Staff  nice and actual  location 




No froud.  Really nice place to stay",10 Sep 2022,5
20129,avnya,Nice stay well behaved staff,10 Sep 2022,5
20129,avnya,"Nice

Stay. ......good ... behaviour. Of staff nice actually ðŸ˜‚ good place. For family.  In low budget.",10 Sep 2022,5
20129,avnya,"Very.  Good.  Hotel nice 
Location perfect. Interior good  staff service you may   visit at once. Nice .",10 Sep 2022,5
20129,deeksha Pandey,Good hotel nice stay blessed always with this hotel i like their hospitality.   Good place byo stay nice,10 Sep 2022,5
20129,deeksha Pandey,Nice hotel good location,09 Sep 2022,5
20129,nikhil sharma,Good hotel,08 Sep 2022,5
20129,Rahul Mudgal,Bery good staff nice location,08 Sep 2022,5
20129,Aryan Gupta,Very nice,08 Sep 2022,5
20129,Kapil Garg,Nice good hoyel,08 Sep 2022,5
20129,sumit Raghuvanshi,"Very nice hotel good service 🐕‍🦺🐾🐾🐾 

       The most precious things was that they have family friendly.   Dog she.  Is very cute really pretty",07 Sep 2022,5
20129,Vivek,Good to atay,07 Sep 2022,5
20129,Aryan,Good staff,06 Sep 2022,5
20129,deeksha Pandey,"Nice staff good location good staff 




Food is also good it was my family trip this time 

Really nice",06 Sep 2022,5
20129,avnya,"Like this hotel. ..........      


Hotel location is very good nice.      .......
  

Neat and clean room as always",06 Sep 2022,5
20129,deeksha Pandey,"Good hotel nice stay i like







Veryà¥¤         Pleasent stayà¥¤        Good staff serviceà¥¤     Really nice",06 Sep 2022,5
20129,Divya Agrawal,good hotel nice staff thanks mohini mam,05 Sep 2022,5
20129,deeksha Pandey,"Nice hotel god 

Blessed this kind of people really nice sta 

Very pleasant environment",05 Sep 2022,5
20129,Priyanka Pippal,Very good looking Ros nice hotel like their facility specialist mohini mam and Ravi sir,05 Sep 2022,5
20129,avnya,Very good hotel to stay,05 Sep 2022,5
20129,Aman Khan,Good hotel thanks for staff and service,04 Sep 2022,5
20129,Digvijay Kushwaha,Nice,04 Sep 2022,5
20129,deeksha Pandey,Good to stay,03 Sep 2022,5
20129,Amir Iqbal,Good hotels,03 Sep 2022,5
20129,Hina,Good stay,02 Sep 2022,5
20129,deeksha Pandey,Nice place to stay,02 Sep 2022,5
20129,avnya,Good hotel to stay,02 Sep 2022,5
20129,Hina,Good stay,31 Aug 2022,5
20129,SUNEEL KUMAR,Good hotel,31 Aug 2022,5
20129,avnya,Nice hotel,31 Aug 2022,5
20129,avnya,Nice stay good rooms,31 Aug 2022,5
20129,avnya,Pleasent stay blessed staff behaviour nice hotel will be continue here in agra,31 Aug 2022,5
20129,sumit Raghuvanshi,Nice stay,29 Aug 2022,5
20129,sumit Raghuvanshi,Good hotels ☺️ like this hotel,29 Aug 2022,5
20129,Swayan Somani,Nice hotel good service,29 Aug 2022,5
20129,Vivek,Good to stay nice mohini mam,28 Aug 2022,5
20129,Hina,Good service,28 Aug 2022,5
20129,avnya,"Good staff and good location  
Very pleasent stay , good professional safety arra near by every need",28 Aug 2022,5
20129,avnya,Good to stay good fantastic hotel nice hotel family must go there,27 Aug 2022,5
20129,Kashif Siddiqui,Nice hotel,26 Aug 2022,5
20129,avnya,Nice hotel,25 Aug 2022,5
20129,deeksha Pandey,Nice stay,25 Aug 2022,5
20129,Varun DeepSingh,Excellent experience,25 Aug 2022,5
20129,sumit Raghuvanshi,Good staff very polite 🙂,25 Aug 2022,5
20129,sumit Raghuvanshi,I am fully satisfied with customer service,25 Aug 2022,5
20129,Hina,Nice,25 Aug 2022,5
20129,Hina,Nice,25 Aug 2022,5
20129,deeksha Pandey,Neat and clean satisfied with this near by Taj,25 Aug 2022,5
20129,deeksha Pandey,Good to stay nice and clean hotels,25 Aug 2022,5
20129,deeksha Pandey,It has a different kind of hotel fully familiar nice,25 Aug 2022,5
20129,avnya,I like it as home you must visit,24 Aug 2022,5
20129,avnya,Good hotel nice stay with family and friends,24 Aug 2022,5
20129,avnya,Nice stay blessed staff,24 Aug 2022,5
20129,Hina,Nice,24 Aug 2022,5
20129,Hina,Nice hotel,23 Aug 2022,5
20129,deeksha Pandey,Nice stay blessed always 💗😊,23 Aug 2022,5
20129,ashish chaudhary,Nice stay,22 Aug 2022,5
20129,MOHAMMAD RAGIB,Good hotel,22 Aug 2022,5
20129,avnya,Nice stay,22 Aug 2022,5
20129,deeksha Pandey,God hotel to stay,22 Aug 2022,5
20129,avnya,Good to stay,22 Aug 2022,5
20129,Hina,Nice s,21 Aug 2022,5
20129,deeksha Pandey,Nice stay good staff,20 Aug 2022,5
20129,avnya,Good hotel nice stay,19 Aug 2022,5
20129,avnya,Nice location 24 hours front desk,19 Aug 2022,5
20129,avnya,Nice stay good rooms,19 Aug 2022,5
20129,Himanshu Singh,"good nice hotel good staff good location  
but ac not cooling",18 Aug 2022,5
20129,Himanshu,Nice stay,18 Aug 2022,5
20129,deeksha Pandey,Nice staff and services,18 Aug 2022,5
20129,avnya,Good hotel,17 Aug 2022,5
20129,Chaitrashree B,Hot water was not available,17 Aug 2022,5
20129,Chirag Karale,Nice hot l good staff,16 Aug 2022,5
20129,shivam gupta,Nice staff,15 Aug 2022,5
20129,Mohan Chaubey,Nice stay,15 Aug 2022,5
20129,Shiva Dahiya,Nice hotel good,15 Aug 2022,5
20129,Vipin KumarGupta,All staff are very good.... Nice room & nice hotel.... I really enjoy,14 Aug 2022,5
20129,avnya,Premium location,14 Aug 2022,5
20129,deeksha Pandey,Good staff service,13 Aug 2022,5
20129,avnya,Nice room neat and clean 😉,13 Aug 2022,5
20129,avnya,Nice location good staff,13 Aug 2022,5
20129,Rajat Upadhyay,Good hotel,11 Aug 2022,5
20129,Yogendra Singh,Nice stay,10 Aug 2022,5
20129,917017993309,Nice hotel,10 Aug 2022,5
20129,Himanshu Yadav,Good stay,10 Aug 2022,5
20129,Vivek Kumar,Nice room good ambience,09 Aug 2022,5
20129,Manu,I will recommend visiting this hotel.. The amenities are best.. Hotel Staff is friendly and Hotel is Infrastructure is well maintained,09 Aug 2022,5
20129,Vivek Kumar,"Nice room,good ambience",08 Aug 2022,5
20129,Aliyas,Nice stay,07 Aug 2022,5
20129,abhishek,Nice stay,07 Aug 2022,5
20129,Deepak Raghav,Very good hotel nice staff,07 Aug 2022,5
20129,Md Adeel,Good,07 Aug 2022,5
20129,Umit kumarSengar,Nice,06 Aug 2022,5
20129,vikram,Nice,06 Aug 2022,5
20129,Chandan Mishra,Nice,05 Aug 2022,5
20129,Sarthak Singh,Good,05 Aug 2022,5
20129,Avesh Khan,Good,05 Aug 2022,5
20129,deeksha Pandey,Nice hotel,05 Aug 2022,5
20129,deeksha Pandey,Pleasent awesome hotel good 😊😊,05 Aug 2022,5
20129,avnya,Nice room neat and clean 🙂,05 Aug 2022,5
20129,deeksha Pandey,Good staff and services 😉☺️🛍️🛍️🛍️ you may check at least once 🔂 good location,05 Aug 2022,5
20129,sumit Raghuvanshi,Nice hotel good service 👍 good staff location is so good  👍😊😊😊😊 I like this hotel 🛍️🛍️,05 Aug 2022,5
20129,Manish Kumar,Nice stay good staff,04 Aug 2022,5
20129,Anurag,Nice,04 Aug 2022,5
20129,avnya,Nice,04 Aug 2022,5
20129,Tarun,Satisfactory,03 Aug 2022,5
20129,avnya,Nice stay happy customers,31 Jul 2022,5
20129,deeksha Pandey,Everyone good there,31 Jul 2022,5
20129,avnya,Good,31 Jul 2022,5
20129,Prashant Chauhan,Nice room good interior,31 Jul 2022,5
20129,Abhishek Kumar,Pleasent awesome hotel good stay,31 Jul 2022,5
20129,Akash Meena,It was nice 😊😊😊 i happy good hotel good cleaning food was so delicious mohini mam is so coprative nature she is one of the best supporting person,31 Jul 2022,5
20129,suraj suraj,Nice stay staff was so good I have a great experience with hotel room were near and clean satisfied with this,31 Jul 2022,5
20129,avnya,Good hotel,31 Jul 2022,5
20129,SHIVA,very good stay,30 Jul 2022,5
20129,Ravi Katiyar,Nice,30 Jul 2022,5
20129,sourabh sharma,Nice,30 Jul 2022,5
20129,RITIK SHARMA,It is a one of the best hotel nice stay i like their facilities staff was so coprative nice behivour good hotel. Location is best food is also good so pleasent stay . Mohini mam was so good nature,30 Jul 2022,5
20129,Raj Chauhan,Nice stay good location and good staff,29 Jul 2022,5
20129,Yogesh Jha,nice stay,28 Jul 2022,5
20129,bhupendra,Good stay,28 Jul 2022,5
20129,avnya,Everything is fine,26 Jul 2022,5
20129,Deepankar Roy,Nice hot,26 Jul 2022,5
20129,Anish,Nice stay,25 Jul 2022,5
20129,Saurav Kumar,Nice stay good luck I got this,25 Jul 2022,5
20129,Kapil,Good staff good manager behave mohini mam was so coperative good experience,25 Jul 2022,5
20129,bhagayshree dhar,Good hotel nice location staff is so good nice hotel,25 Jul 2022,5
20129,ASHneet kaur,Ashneet nice stay with family,25 Jul 2022,5
20129,Ashish Yadav,Good hotel,23 Jul 2022,5
20129,Pravesh Rawat,Nice stay,23 Jul 2022,5
20129,sahil kumar,It was nice stay good hotel,23 Jul 2022,5
20129,Rahul Chaudhary,Nice,20 Jul 2022,5
20129,Nikita,Nice hotel.,19 Jul 2022,5
20129,Amit Kumar,Very good,18 Jul 2022,5
20129,Sunny Choudhary,Nice hotel,18 Jul 2022,5
20129,Akash shri,I am happy nice stay thanks mohini mam,18 Jul 2022,5
20129,manish,Nice,17 Jul 2022,5
20129,manish,Nic,17 Jul 2022,5
20129,Rajesh Sharma,nice,17 Jul 2022,5
20129,Sourin Dutta,Nice stay,16 Jul 2022,5
20129,shubham saraswat,Nice hotel,16 Jul 2022,5
20129,Varun DeepSingh,292871314704 nice stay,16 Jul 2022,5
20129,Salman,it was amazing hotel I like it,13 Jul 2022,5
20129,Deepak Singh,Nice,13 Jul 2022,5
20129,917830590031,Good staff good hotel special manager mam was so cute and humble,12 Jul 2022,5
20129,himshikha singh,I am happy customers nice hotel,12 Jul 2022,5
20129,Asad chaudhary,Nice hotel and staff,11 Jul 2022,5
20129,goldi Singh,Nice,11 Jul 2022,5
20129,Nitin,Nice stay,11 Jul 2022,5
20129,Sakshi,"Location is good. Staff is not good. When it was raining, water entered into room",11 Jul 2022,5
20129,Sunil,nice hotel,10 Jul 2022,5
20129,919953885394,Nice,10 Jul 2022,5
20129,Sudeep Joardar,Nice stay,10 Jul 2022,5
20129,Ranveer,nice stay,09 Jul 2022,5
20129,Jay Sharan,Nice staff,09 Jul 2022,5
20129,Sanu Khan,nice,09 Jul 2022,5
20129,Manoj,good stff and good hotel,09 Jul 2022,5
20129,Amit Mehta,Nice stay,09 Jul 2022,5
20129,shivam,All good,08 Jul 2022,5
20129,Abhi,Nice hotel,08 Jul 2022,5
20129,sanjog goyal,nice hotel stff was good,07 Jul 2022,5
20129,neelam,It was nice stay,06 Jul 2022,5
20129,Rinku,nice stay,03 Jul 2022,5
20129,Praveen Rai,nice,03 Jul 2022,5
20129,Atul Kumar,nice,03 Jul 2022,5
20129,Rahul Chauhan,staff is supporting and excellent service,01 Jul 2022,5
20129,avnya,nice hotel,30 Jun 2022,5
20129,Shivam awasthi,nice,29 Jun 2022,5
20129,Abhishek,nice stay,29 Jun 2022,5
20129,avnya,excellent hotel,29 Jun 2022,5
20129,Anirban Dey,Location is perfect.. Specially Tipsy(dog) the ❤❤,28 Jun 2022,5
20129,Anshul Gupta,nice,27 Jun 2022,5
20129,Gaurav Chaturvedi,nice,27 Jun 2022,5
20129,Suresh Kumar,I like,26 Jun 2022,5
20129,Mohit Kumar,nice,26 Jun 2022,5
20129,Anjul Kumar,good,26 Jun 2022,5
20129,avnya,great experience of my special day 💖😚 I celebrate my big day here,26 Jun 2022,5
20129,avnya,good staff service 👍 every thing was to be appreciated ☺️👍,26 Jun 2022,5
20129,avnya,nice hotel 🛍️ stay was pleasant,26 Jun 2022,5
20129,avnya,satisfy stay pleasant hotel,25 Jun 2022,5
20129,avnya,good hotel staff service nice stay.,25 Jun 2022,5
20129,avnya,nice hotel ever you may visit,25 Jun 2022,5
20129,Hatrick Lee prakash,godd rooms and nice hotel,23 Jun 2022,5
20129,Deepak Dwivedi,good,23 Jun 2022,5
20129,Manpreet Singh,nice rooms very good staff and the owner is very nice person,21 Jun 2022,5
20129,Dayanand Saini,good,21 Jun 2022,5
20129,Manish Kumar,nice,19 Jun 2022,5
20129,Neeraj,excellent and service in very nice staff is also good,19 Jun 2022,5
20129,avnya,stay pleasant nice behaviour of staff including owner mr Pandey he was very kind,19 Jun 2022,5
20129,avnya,good staff service 👍👍,19 Jun 2022,5
20129,avnya,good hotel staff service are good everything was 👍 good,19 Jun 2022,5
20129,Lokesh Gupta,excellent,19 Jun 2022,5
20129,Eswar,nice,18 Jun 2022,5
20129,Luvkush,good service,17 Jun 2022,5
20129,Ashutosh Mishra,nice hotels with staff service,17 Jun 2022,5
20129,Karthick Prabhu,good hotels,16 Jun 2022,5
20129,Sachin More,good,15 Jun 2022,5
20129,Pawan,Nice,15 Jun 2022,5
20129,Rohit Soni,nice stay,15 Jun 2022,5
20129,MD ARIF,nice stay,15 Jun 2022,5
20129,Karan Sharma,nice room with best facilities and specially staff behaviour is good and mohini mam has veey kind nature and fully spport in every problem,14 Jun 2022,5
20129,Neeraj Kumar,nice,14 Jun 2022,5
20129,Nisar Ahmed,nice stay staff was so coperative nice hotel,13 Jun 2022,5
20129,Aniket Singh,"Staff is very good, they are always treating you with care, good place to stay.",12 Jun 2022,5
20129,Shailendra Chauhan,nice stay,06 Jun 2022,5
20129,Akash,nice hotel,06 Jun 2022,5
20129,Anshuman Prusti,"it was nice stay you can call for direct 7417829550
I like this hotel 🛍️ pleasant stay",03 Jun 2022,5
20129,Jwala singh,Good,14 Apr 2023,4
20129,Vipul Chauhan,"Good room,",21 Jan 2023,4
20129,Hritik Gupta,"It was a nice stay. The room was clean and spacy. Initially we were asked to pay hefty extra and the booking system they have is terrible.
Though bargaining works well and got the room in a good amount.
The room stay was good and it was peaceful after the trobluesome check in.",19 Jan 2023,4
20129,Prakhar Raj,"The hotel is good, night staff behaviour needs to be worked upon, OYO issue of overbooking a hotel persists here as well. Apart from a few hiccups everything else was decent.",18 Dec 2022,4
20129,omkar prakash,Rooms were clean and good. Room service is a bit slow.,24 Nov 2022,4
20129,saloni sharma,Nice hotel good location,17 Nov 2022,4
20129,ashish chaudhary,Best location,09 Oct 2022,4
20129,Arnav Pathak,Room is ok ok but location is good…& owner behaviour is too friendly …,30 Sep 2022,4
20129,futus kumar,Room and food are best,19 Sep 2022,4
20129,Vivek Pradhan,Good,11 Sep 2022,4
20129,rahul sharma,staying room,07 Sep 2022,4
20129,Prashant Chauhan,Hotel is good Staff is good,05 Sep 2022,4
20129,Nishant Kumar,Staff were good and helpful. Not satisfied with the quality of room howevee,25 Jul 2022,4
20129,Prateek Babu,The rooms were good but felt damp,24 Jul 2022,4
20129,Vasim Maner,value for money,17 Jun 2022,4
20129,Arjun Singh,Was clean staff was friendly best in budget best Taj Mahal should try,13 Mar 2023,3
20129,Aman Chaturvedi,Hotel was not so good.. they took 429 extra charge for us.... because we are so tried so we have to give that extra amount..so this is very bad service from Oyo......,18 Nov 2022,3
20129,Yathi Anand,The hotel rooms are doesn't meet my expectations because it does not match the condition in the pictures shown. AC was not working and the quality of the food is not good.,09 Nov 2022,3
20129,Hemant Meher,Bathroom not clean properly,15 Sep 2022,3
20129,ankush,Good to stay here,14 Aug 2022,3
20129,Prashant,Not a good experience washroom tab was not working. All tab  demage room was average. Food was good. And they charge extra GST,08 Aug 2022,3
20129,Sanjeev,"Bed sheet was so dirty, leaked bathroom, AC was good 👍",01 Aug 2022,3
20129,Pankaj Pal,not working properly,20 Jun 2022,3
20129,O S,staff is supportive.. specially manager of hotel..but ambience of room was not that much good..,19 Jun 2022,3
20129,Mueed Ansari,none,17 May 2023,2
20129,Aditya Pal,none,13 May 2023,2
20129,Uttam Kumar,"Bathroom was pathetic , Room service was too late after your call,ameneties wad short.
Overall not good experience",19 Apr 2023,2
20129,Fayyaz Ahmed,very bad,18 Nov 2022,2
20129,robin gupta,Bed sheets was having dirty spotsnTV was not workingnWhen after asking also they didn&#39;t provide any dust bin,28 Jul 2022,2
20129,Ashutosh Agnihotri,Ac is not working. Please help me. It a very hot,19 Apr 2023,1
20129,Ishu Singh,"Room was 3rd class, there is no electricity in the room,services were worst and it smells very bad",18 Apr 2023,1
20129,Piyush,"The booking price got increased by 300 rupees just after the check in. 
After 1 hour talk with the customer Executive he assured that the price would be reconsidered to its initial value. 
Never going to use OYO ever again",17 Apr 2023,1
20129,Kartik Mehta,Hotel was at good location but and staff was also good but the hotel room condition was not good and bed conditions was worst and and the bed sheet was torn and washroom was in very very bas condition tap was i coming in hand when I was using because of that I couldn't have bath properly and AC was of one of my room stopped working in midnight. Overall not worth the money.,17 Apr 2023,1
20129,Sonu Kushwaha,I booked room in jalsa hotel but they sent me in another hotel relax inn whose rooms are very dirty and bad,10 Apr 2023,1
20129,Sanjeev Arora,"Hotel asked for extra money 
I paid 3800 i cash at hotel reception 
They said gst is on top of the prices shown on app",08 Apr 2023,1
20129,Rakesh,A very bad staff of hotal . They take double charged. No clear and clean room . Staff behaviour very bad. No good facilities. No good application. Am feel very bad experience with this hotal and staff. Don't go anyone thair,04 Feb 2023,1
20129,Muhammed AnasAk,"This hotel jalsa don't know basic level of mannerism. The simply knocking the door at the mid night and the room quality  is very very pathetic. 

There Is no heater and water tap is broken. 
Mattress is broken and come out the inside things.
Two time there shifted my room as my deepest request, but the everey rom are same",02 Feb 2023,1
20129,Rohit k bhaskar,very bad hotel,19 Jan 2023,1
20129,Guest,why suggest ..if room not available..firstly confirm that there were room available or not in oyo property then confirmed customer booking ..and dont waste time ...maximum oyo booking not accepted if we book online ...then what is benifits of wastage customer time,18 Jan 2023,1
20129,Moueed Khan,Charge extra payment,17 Jan 2023,1
20129,Alok,Worst hotel I have ever stayed. Rude staff no functional bathrooms cheap quality furniture. There was no water available in bathroom I complaint multiple times to provide us water but they didn't even listen. Rude staff first they decline our booking said can't provide you room later when I got angry they shift us in another hotel and where I have to pay extra 200rs as check in amount due to cause late night and already paid on booking I didn't have any choice but to accept these Mafia deal.,17 Jan 2023,1
20129,vikas swami,"300 Paid extra charge for stay. Room washroom dirty , too bad quality",14 Jan 2023,1
20129,Rahul,"The amount which was shown on booking the hotel, on visiting the hotel, the receptionist said that this amount is not included in the hotel tariff, this amount was wrongly shown.The respondent refused to give the room on that booking amount.I had to pay extra to get a room.",19 Dec 2022,1
20129,Reema,"I have booked this hotel in oyo, but when I went for check in they said we are not associated with oyo and they charged me 1500 for the stay, where as in oyo the charge was something around 800rs, i have paid double.
And the service was pathetic, and the rooms and bathroom is pure unhygienic and dirty.",24 Nov 2022,1
20129,Karan Khatik,Very bad room bad ac bad tv tollity I bad hotel,20 Nov 2022,1
20129,MD SalmanKhan,"All the Fecality was very poor 
No Hotel Bill Received Till Date",16 Nov 2022,1
20129,Chandraprakash surana,Very bed positions in washroom and no response by staff and no romm service propare and I want to sayto Oyo team take servey of this hotel and give review very bed of this hotel service,15 Nov 2022,1
20129,Vaibhav,none,15 Nov 2022,1
20129,Gaurav Kumar,"I was here for 2 day 0 cleanliness 0 room service but staff was polite. I requested to change the room but after I checked another rooms all are same and worst.
Not recommend for stay",13 Nov 2022,1
20129,Vinay Pal,Hotel rooms are very unhygienic and very congested rooms at very high cost.,08 Nov 2022,1
20129,ankur dixot,Service are not stasfied,08 Nov 2022,1
20129,Bir Bahadur,Very bad hotel and behaviour of the receptionist. I booked hotel in advance and They denied my check in by telling that they dont have enough rooms,07 Nov 2022,1
20129,Mohit Gaur,"When I meet in hotel 
Manager said that hotel are already sold out 
And my booking are cancel",16 Oct 2022,1
20129,rajeshwar Munnuru,"I booked in OYO site but in Hotel denied to provide Room, He is very rude and unprofessional behaviour with costumers. I came from HYDERABAD around 1200 kms on the basis of OYO booking confirmation but how can he decided to provide a room. It's very disappoint in my first day Tour.",13 Oct 2022,1
20129,MD KALIMUDDIN,"IT CAN NOT BE FAITH ON BOOKING. COMCOOPERATION OF FRONT DESK LADY.I paid extra amount Rs 1200&#47;- + Rs 300&#47;- for one night only, room was uncomfortable and uncleaned",11 Oct 2022,1
20129,Pringle,I booked my stay and paid before hand for smooth checkin experience but at the time of checkin staff asked for extra 2000/- rupees for checkin and blamed OYO app and when I contacted the customer care they could not provide any help and just canceled my booking and I was shocked such a brand could not have any resolution & I was left on road without any room but more importantly the hotel showed checked in on app and hold my payment for 2 days and again the customer service was not able to provide me my refund and I have to wait for 2-3 days before they accepted my request and still I have not received my refund… such bad experience with OYO and agra hotels… not going recommend to anyone,04 Oct 2022,1
20129,Vishnu Teja,The room was not at all in a good condition!!,25 Sep 2022,1
20129,Reshma,Pathetic service,14 Sep 2022,1
20129,Shoukathali Vallil,"Poor customer service,  lack of maintenance , poor room service and old and dirty property. Lack of respect to the guests. Description of the property is entirely not matching with the reality. I lost trust in OYO. I will not prefer OYO because of bad and terrible experience at this hotel",13 Sep 2022,1
20129,Adi,"Washroom, is so pathetic, Staff stopping AC in the midnight, no clean ness",10 Sep 2022,1
20129,Rupak Chatterjee,"This hotel has dirty linen, the AC didn't work, water supply was dirty. Overall worst experience",08 Sep 2022,1
20129,Himanshu Yadav,not so clean bed and washroom ....other is gd but still not good,06 Sep 2022,1
20129,Rishabh  Raja,staff behaviour bad,29 Aug 2022,1
20129,Vivek,"Very small room, not even close to the one that they are showing here. No TV recharge. No lock in bathroom door nor in the main door. Also water from bathroom is coming in the room. Very dirty & disgusting experience. Behaviour isn't good either",23 Aug 2022,1
20129,Komal Aswani,"Dirty and unhygienic rooms and washrooms it was very small and different compared to pictures staff was rude and non cooperative. Taps were not working, unpleasant smell from mattress, blankets and bedsheet it was dirty too. I will not at all recommend this hotel to anyone. Oyo please refund for showing wrong pictures.",09 Aug 2022,1
20129,XXX XXX,Conclusion/Lesson learnt - Oyo is pathetic,03 Aug 2022,1
20129,Vishal Jain,"Water leak in room  ni hot water, no towel, no toiletry kit",30 Jul 2022,1
20129,Jis Pious,Very bad experience....toilets and rooms are not clean at all...and the poor service! We stayed in the family suite room which was not clean at all... spitting of supari/gutka in the corner of the rooms!,24 Jul 2022,1
20129,Narinder Kumar,"Rooms were not clean properly,very dirty washroom, i found the insects inside the food ,, will not recommend anyone to book this hotel",19 Jul 2022,1
20129,ragini prajapati,none,16 Jul 2022,1
20129,Dr. KuldeepKapoor,"Soo dirty rooms and tv etc not working , bed sheets and comforters are dirty",14 Jul 2022,1
20129,Divya Prakash,"Worst service, dirty rooms,",11 Jul 2022,1
20129,Anand Yadav,"room cleaning poor,staff serve stale chapati in dinner, water is not good",10 Jul 2022,1
20129,Akhilesh Kumar,no response by any one. I was ask about water 3 time and getting nothing.,27 Jun 2022,1
20129,Aarti,"pathetic......they asked for extra money mattress..no water in washrooms no Ac ...evn if i booked and given charge for AC room no breakfast given after 105 rs charged by Oyo
very bad experience totally money wasted because of oyo rating",12 Jun 2022,1
20129,Saurav,water in the washroom was like sewage water.... pathetic experience...and top of all they just do booking in the name of Hotel Jalsa but shift the guest to some other place as and when they arrive.,12 Jun 2022,1
