hotel_id,user_name,review_text,date,title
208624,Rachna,none,07 May 2023,5
208624,Jatin,Nice hotel in Agra good facilities and saff behaviour is good,24 Apr 2023,5
208624,Prashant,Nice hotel staff and behave like a family better then Booking.com,23 Apr 2023,5
208624,Mamtasingh,Nice,23 Apr 2023,5
208624,Gulshan Gulshan,Nice hotel in Agra,23 Apr 2023,5
208624,Dinesh Rana,Hotel staff was very polite and friendly. Location of property is very good. Rooms are clean and hygienic.,16 Apr 2023,5
208624,Dilipan M,Good,15 Apr 2023,5
208624,Ghanshyam Singh,Very good,13 Apr 2023,5
208624,Deepak joshi,Nice staff,11 Apr 2023,5
208624,Pramod das,Excellent hotel,09 Apr 2023,5
208624,Mayank,Nice hotels,09 Apr 2023,5
208624,Md Dilshad Babji,Nice hotel cleaning work in hotel,09 Apr 2023,5
208624,Ankit,It was great experience all out. Staff out here is very friendly and supportive.,08 Apr 2023,5
208624,Ajay Yadav,Hospitality is good and staff is also nice.,17 Apr 2023,4
208624,Manish Verma,Nyc,15 Apr 2023,4
