hotel_id,user_name,review_text,date,title
47091,ankur yadav,none,03 Jun 2023,5
47091,Sanjeev Kumar,none,26 Apr 2023,5
47091,Suraj Kumar,"the room was very good. i will highly recommend to check this palce it qas not that far from the Taj, and you can do olauber cabs there will be no issue. everything was very clean. lovely stay ...you should check this place if you're in looking for hotels in agra.",23 Apr 2023,5
47091,Deeapk Agarwal,"Nice palace 
Good behavior staff n owner
Area was peaceful
Room was neat n clean 
My experience good",18 Apr 2023,5
47091,Aneesh philip,We stay for one day and we experience a nice homely stay.The location  is quite and calm place.The rooms are very neat and hygienic. The entire service is very good.The food is tasty and yummy.The room has ac and TV. Owner is a good person,18 Apr 2023,5
47091,Alok Nigam,Hotel staff are good nd the hygiene are also good,16 Apr 2023,5
47091,Deeapk Agarwal,"Location was very good n peaceful 
Owner and staff very polite n guided
Room was neat n clean
Washroom also clean 
All thing was good",13 Apr 2023,5
47091,Satyam Srivastava,Staff was polite. Room was good and hygienic. I love the room. food was overpriced. Overall experience was good. I recommend to book once atleast. Taj mahal is very near to the hotel,11 Apr 2023,5
47091,Gottam .,Such a good place and great property..and staff and manager are so good...very very corporative staff.. location is great.. places is nice..i will to recommend plz visit this property once time..thanks to give me a good environment,09 Apr 2023,5
47091,Deeapk Agarwal,One of the hotel with best location and located in centre all the facilities are very near thankyou for treating me as your own family.,08 Apr 2023,5
47091,Deeapk Agarwal,Near to Tajmahal and situated in the mainarket area with with very pleasent and quiet surroundings and greenery all over place this was the best stay in agra.,08 Apr 2023,5
47091,rakesh kurmi,"good stay in royaltaj 
near tajmahal n market
good staff service n owner
poltie n helpful
everything was good",05 Apr 2023,5
47091,Deeapk Agarwal,What a present stay in royal taj .food is very delicious. Love to come again and also recommend to my friends.,30 Mar 2023,5
47091,Deeapk Agarwal,"Awesome stat in hotel 
Very peaceful area
Staff n owner allways in contact
Room was neat n clean
Next visit again",30 Mar 2023,5
47091,Deeapk Agarwal,One of the best stay I have ever had. Best services available. We arrived late at night all restaurant were closed but they made food available yo us.,29 Mar 2023,5
47091,Deeapk Agarwal,"Hotel was neat n clean 
Manager behavior was polit n helpful
Staff was good
Stay was good
Next time",28 Mar 2023,5
47091,Deeapk Agarwal,Best room available at this price range. Rooms were very clean and well managed all the amenities were available as mentioned in the description.,20 Mar 2023,5
47091,himanshu manral,"I liked the hotel. Great rooms . Hygiene rooms,  in a quiet area. Neighborhood was good. All the facilities are provided. 
Fully satisfied with it",18 Mar 2023,5
47091,Deeapk Agarwal,"Good location
Near tajmahal n market
Staff was helpfu n polite
Tajmahal view on roof
Nice stay in agra",18 Mar 2023,5
47091,Deeapk Agarwal,"Nice stay in hotel 
Cheap prize
All facilities.   
Near tajmahal 
Room was clean
Washroom was clean
Allthing was good",17 Mar 2023,5
47091,Raghu Sharma,Verry good expiriyas,12 Mar 2023,5
47091,Deeapk Agarwal,"Tajmahal view on roof very good garden also available
Very nice stay in cheap prize
Staff n owner behavior was good
Next time visit again",11 Mar 2023,5
47091,Vaibhav Agrawal,"I had the pleasure of staying at this hotel, and am happily wriiting this review....
From the moment I arrived, the staff was warm & welcoming. The room was spacious, clean & hygienic as you expect it to be. I was in awe of the hospitality provided. At any time you call for stufd, they were there.",10 Mar 2023,5
47091,Madhav,I have visited this hotel many times each and every they have treated me as if I am of their own family.,09 Mar 2023,5
47091,Indralok sagar,"I would recommend it to anyone who is a frequent traveler and flyer. One big thing about OYO is that it’s available in almost every city of India and also in some abroad countries as well. So, it provides flexibility and multiple options to choose from even before we’ve visited the hotel. I have stayed in these rooms many times and I have never been disappointed by their service or anything. good property",08 Mar 2023,5
47091,Deeapk Agarwal,"Nice stay in royal taj 
Location was peaceful 
Food was testy
Room was clean washroom also
Good experience
Visit again",06 Mar 2023,5
47091,Deeapk Agarwal,"Small hotel but everything is perfect
Room was clean
Washroom was clean
Bedding was dress
Staff was helping n polite
Everything was good",05 Mar 2023,5
47091,Amit Kumar,"The rooms were clean, very comfortable, and the staff was amazing. They went over and beyond to help make our stay enjoyable. I highly recommend this hotel for anyone visiting downtown.
They were extremely accommodating and allowed us to check in early at like 10am. We got to hotel super early and I didn’t wanna wait. So this was a big plus. The sevice was exceptional as well. Would definitely send a friend there.
 I had a wonderful experience at the (HN). Every staff member I encountered, from the valet to the check- in to the cleaning staff were delightful and eager to help! Thank you! Will recommend to my colleagues.
The staff at this property are all great! They all go above and beyond to make your stay comfortable. Please HN  give your staff awards!",04 Mar 2023,5
47091,Azad Singh,"My self Azad Singh

Super Oyo Royal Taj Home stay is best and very enjoyable best",03 Mar 2023,5
47091,Avinash thakur,The place was really good that I came second time here to spend time with my friends and it was a really good place to visit again,02 Mar 2023,5
47091,Deeapk Agarwal,"Nice stay in royal taj home stay good location 
Good and well maintain staff
Owner was polite n nice person",27 Feb 2023,5
47091,Deeapk Agarwal,The hotel premises is very good the owner of the hotel is very polite and humble the service of Hotel is excellent I must say once visit i am highly impress with the service of Hotel so kindly visit,27 Feb 2023,5
47091,Raj Ansari,"Nice rooms, nice staff enjoyed the stay.",20 Feb 2023,5
47091,Anjali Gupta,Room was clean and decent. Bathroom was clean too. We were not charged extra. The amount we paid for the room was 852 rs which was worth for our stay.,19 Feb 2023,5
47091,Tsga,Good service 👍,15 Feb 2023,5
47091,Deeapk Agarwal,"Dont listen to any local taxi drivers  and cab drivers because we faced a problem of misguiding for this hotel but property is good ,well maintained, owner is very polite and food was best in Agra.",15 Feb 2023,5
47091,Paveen,Best customer support..Newt and clean Rooms friendly help desk . Need Little better maintenance  in water heater.,14 Feb 2023,5
47091,Prashant Rajput,Best services in the Area. The staff is very co-operative and very helpful. I enjoyed a lot. Hoping for visit again.,12 Feb 2023,5
47091,Deeapk Agarwal,"Nice stay In royal taj home stay
Location was very peaceful
Near tajmahal
Food was very tasty n economical
Room was clean",11 Feb 2023,5
47091,Ayush,It was great staying here..the management was good and food was also tasty and delicious. The area was good.,11 Feb 2023,5
47091,Mukesh Kumar,"The hotel is very luxurious, the behavior of the staff here is also good and the location of the hotel is also amazing, it is a very quiet area and there is greenery all around. The special thing is that the Taj Mahal is near the hotel.",11 Feb 2023,5
47091,Deeapk Agarwal,Nice hotel nearby tajmahal staff n owner behavior very good n helpful tasty food available in good prize,11 Feb 2023,5
47091,Akash,The hospitality was good. Location is prime. Service is also as per the par. We are very delighted to stay here fpr our trip.,10 Feb 2023,5
47091,Raju,The hotel is very good Staff was also good and supportive and very well dress. I like if you guys are searching for any affordable good hotel than go for it. 👍👍👍,09 Feb 2023,5
47091,Gopi,The hotel is completely good and very hygiene. Food is provided here that is very good. And the staff us very polite,09 Feb 2023,5
47091,Rohit Roy,"The rooms were clean, very comfortable, and the staff was amazing. They went over and beyond to help make our stay enjoyable. I highly recommend this hotel for anyone visiting downtown.
They were extremely accommodating and allowed us to check in early at like 10am. We got to hotel super early and I didn’t wanna wait. So this was a big plus. The sevice was exceptional as well. Would definitely send a friend there.
I had a wonderful experience at the (HN). Every staff member I encountered, from the valet to the check- in to the cleaning staff were delightful and eager to help! Thank you! Will recommend to my colleagues!The staff at this property are all great! They all go above and beyond to make your stay comfortable. Please (HN) give your staff awards!
Took advantage of the downtown location to walk to dinner, check out a couple galleries, and have drinks. It was great. Service top notch as always. Bed comfort can not be beat.
This is the perfect hotel for a weekend getaway.",09 Feb 2023,5
47091,rohit yadav,Very nice stay cleaning bed cleining bathroom and bed good staffff and very very comfertable stay good and higine very clean bathroom,07 Feb 2023,5
47091,Shashank,"The rooms were clean, very comfortable, and the staff was amazing. They went over and beyond to help make our stay enjoyable. I highly recommend this hotel for anyone visiting downtown",06 Feb 2023,5
47091,Rahul kumar,It was well nite and clean room. Housekeeping was also well maintained. Keep up the good work. Behavior of staff also nice,04 Feb 2023,5
47091,Abhijit Kulshreshtha,"Good food, high hygiene, cleanliness and excellent services in the best and cheapest price possible.",04 Feb 2023,5
47091,Niranjan khanal,very net clean and staff also good,30 Jan 2023,5
47091,Divyanshu,Good,22 Jan 2023,5
47091,Anuj,Everything is good... behaviour of staff is good service is good but i think location is little outside from main road.,21 Jan 2023,5
47091,Bashir Ahmad Bhat,"A little bit (4.4km) away from Taj Mehal.
Had a pleasant stay at the hotel.
Owner is a nice human being, always ready to help.
His helper is also a good guy and cooks delicious food",20 Jan 2023,5
47091,Yashwant Kumar pandit,Excellent services provided by hotel and thanks Oyo for making comfortable stay ..best hotel in agra I ever stay ..,19 Jan 2023,5
47091,Anamika rajbhar,Room is very nyc nd staff is so cooperative nd cleanings are also good wid the hygiene place are the also ventilated nd good...thank you so much royal taj home stay,18 Jan 2023,5
47091,Ravi ShankarSingh,Location is good nd staff is coperative nyc place also in agra,17 Jan 2023,5
47091,Mahesh Kiran,Nice hotel with reasonable price and all rooms are clean and washroom is also hygienic.. Couple friendly hotel .,15 Jan 2023,5
47091,Jora Singh,All facilities are available here and the staff is very helpful and calm. The food is very delicious.,15 Jan 2023,5
47091,Rohit Choudhary,Very good place,15 Jan 2023,5
47091,Deeapk Agarwal,One of the best hotel at this price range. All the staff and owner were very humble to us. They made my vacation memorable.,15 Jan 2023,5
47091,Rohan Kanwar,Good and cheap hotel must recommend,14 Jan 2023,5
47091,Deeapk Agarwal,Nice palace near tajmahal good service tasty food location very peaceful room was clean washroom was clean,10 Jan 2023,5
47091,Priyanshu Tiwari,Royal taj home stay is an excellent hotel and services are so awesome .Owner is helpful and a very nice person . The distance of taj mahal is just 2 km . I loved the overall service . Must come,10 Jan 2023,5
47091,Satyam Patel,Hotel rooms are great and the location of hotel is best for people who want to visit taj Mahal because Taj is just 2 km away from the hotel,08 Jan 2023,5
47091,Satyam Patel,"This hotel rooms are best and and economical as well, this hotel provides rooms in booking amount which is great because other hotel charges extra",08 Jan 2023,5
47091,kanchanyadav,The washroom are clean staff is very good the room was very very nice you can get anything from staff best hotel of agra,08 Jan 2023,5
47091,Deepak Singh,Very nice hotel very good staff cleaning very good,02 Jan 2023,5
47091,Muhammed Shareef,"Booked around rs 1000 rs. Its really worth.  Good room having sufficient space and balcony.nUber car charge to Taj mahal and Agra fort is just rs 100. nSince its located 200m away from highway, the room is free from sound pollution. nSuitable for Indian families and bachelors.No chair on the balcony.nFood is not tasty, better to order by zomato from nearby restaurants.",01 Jan 2023,5
47091,Sahil Chauhan,Hotel is very clean and porce . Also the location is very good and silent placa . Hotel staf behaviour is very kind and sweet ...,01 Jan 2023,5
47091,Saurabh,The most good part of this is that uncle was overwhelming and chai was too tasty and location was perfect there was no noise and friendly environment was ther,29 Dec 2022,5
47091,919830978467 Gupta,Very good hotel .good service.room quality extent behaviour is very prolitily.brathroom is very good.,28 Dec 2022,5
47091,MANISHSHUKLA,Oversatisfied,26 Dec 2022,5
47091,Milind Suryavanshi,very helpful and kind personals staff,25 Dec 2022,5
47091,sanjay singh,Hotel was nice and just 2 k.m away from taj........staff was good with good behaviour.....location is also good....,25 Dec 2022,5
47091,Suchit Desai,The hotel and service was good staff was polite and they helped us very decent way and initially they troubled us with resgard to booking however after our enquiry and conversation they allowed us to stay and again the staff was helpful.,24 Dec 2022,5
47091,Deeapk Agarwal,"Nice location 
Near tajmahal
My deceission is good for choosing that
Owner n staff polite 
Good Guidance",20 Dec 2022,5
47091,Gaurav kumar,"Peaceful place
best cleaned room and bathroom (geyser, basin etc. well mentioned ) 
Good facility (tea,plates + spoons for dinner and lunch)
Carefull and polite staff 
nice location
The most important thing property owner is very polite, carefull and customer worthy. Thanks agarwal ji 
Best & pleasant stay in this amount renge. With family Thanks Oyo
1 think we felt drawback extra 12 % GST after Oyo amount paid.but not heart me if your overall stay is good and happy so we can pay .
I will choose or refer once again to stay here if we get next chance",20 Dec 2022,5
47091,Boorlakrishnagmail.com,Hotel is good. Owner is very good and he  guided me  on how to visit places and travel. Would love to stay again when ever I come to agra.,20 Dec 2022,5
47091,Sanjay Rana,"Room very clean and good staff support, nice place to stay.",18 Dec 2022,5
47091,Aravind Putta,The stay at the hotel was amazing. The reception was polite and the rooms very hygiene and clean.very much satisfied with the stay. I recommend you to book this if you visit agra next time.,17 Dec 2022,5
47091,Gaurav,Nice location nice hygienic and clean good relationship maintain,16 Dec 2022,5
47091,Gaurav,"To much best and better hotel all experience is very good and services also to much batter and full hygienic &clean 
Thank you",15 Dec 2022,5
47091,Deeapk Agarwal,It was very good experience.Rooms were nice and clean and staff was also friendly. In future will try to come again.,14 Dec 2022,5
47091,Deeapk Agarwal,"Royal taj home stay very good hotel in agra 
Resonable prize
Good facilities
Staff was helpful n polite good service",13 Dec 2022,5
47091,Praveen,"Nice Hotel , Tasty Food also available",10 Dec 2022,5
47091,AriliSangtam,"The host of the hotel is friendly, room is tidy and location is not too far from the main road. Overall a decent experience for the price.",10 Dec 2022,5
47091,XXX XXX,Nice,09 Dec 2022,5
47091,Sandhya,"One of the best hotel at this price. The food,service and their behaviour was amazing. The staff was there for 24/7 and the beat pat is it is very close to The Taj Mahal and raillway station.",07 Dec 2022,5
47091,Harsh Mohan,Very nice service and all staff is good .,06 Dec 2022,5
47091,Deeapk Agarwal,"Good hotel
 hygenic cleaning
Experience was good
Good room service
Staff n owner was coprative
Peaceful location",05 Dec 2022,5
47091,Deeapk Agarwal,"Great stay in royal taj home stay
Nice location 
Tasty food 
Good behavior staff
Room was clean
All thing are good",05 Dec 2022,5
47091,Battula Ravi Kumar,Good maintenance rooms are very clean reasonable prices.... Staff behaviour good ...  Stay royal taj no doubt good hotel,30 Nov 2022,5
47091,Deeapk Agarwal,"Good experience
Nice stay
Good location
Staff was polite n emily
Owner was good behavior
All things are good",27 Nov 2022,5
47091,Deeapk Agarwal,"Good home stay....nice room..washroom..location was peaceful..allkinds very good
Acha experience raha",24 Nov 2022,5
47091,Diyalaram,Overall great experience staying in this Hotel... Check in to check out everything was smooth. ..5 star for service.,22 Nov 2022,5
47091,Deeapk Agarwal,"Thats a good home stay 
Like home
Location was very good
Friendly admosfier
Walking distance to tajmahal",22 Nov 2022,5
47091,Deeapk Agarwal,"Nice home stay
Good location 
Nearby tajmahal
Walking distance
Good faculties
Beautiful garden
I like",21 Nov 2022,5
47091,Aditya,Good services.. room nice n clean.. owner is good... Maintainance of bathroom was not upto mark.. rest is good,21 Nov 2022,5
47091,Deeapk Agarwal,"V nice home stay
Near tajmahal
Near market
Peaceful anvirement
Nice room clear n clean
Food was tasty",20 Nov 2022,5
47091,Deeapk Agarwal,"V.nice 
All is well
Nice room
Nice admosfier
Good location
Good behavior staff
Peaceful area
No traffic
No pollution
Rate wise good hotel",17 Nov 2022,5
47091,Deeapk Agarwal,"Nice place
Good admosfier
Good location
Room was clean 
Washroom was clean n big
Food was very tasty 
Staff behavior was very polite n helpfull",16 Nov 2022,5
47091,Nikita Shaw,none,14 Nov 2022,5
47091,Sandeep Sharma,Hotel location is good and behavior of owner is very polite.I am familiar with this hotel now coz this is my 5th stay at this property.,12 Nov 2022,5
47091,ROHAN PALIWAL,"Clean Room, helping staff.",06 Nov 2022,5
47091,Harender,The stay was extremely comfortable. Staff was really helpful. Rooms were in good condition. Good stay,31 Oct 2022,5
47091,Suraj Singh,"Good as per price, supporting staff",29 Oct 2022,5
47091,Advait,Nice Service.Good Staff behavior,23 Oct 2022,5
47091,Tanzil Pinjari,"Good location
Good room
Near tajmahal
All things r good
Nice family stay",23 Oct 2022,5
47091,Rohit Kumar,"Must visit hotel. 
The room was also very clean and neat.
The staff was very helpful and supportive",23 Oct 2022,5
47091,Shalini Kushwah,All is well,22 Oct 2022,5
47091,Ankush Agarwal,Good work,20 Oct 2022,5
47091,Deeapk Agarwal,"Nice location 
Nice comfort bed
Nice washroom
Tasty food
All is well",19 Oct 2022,5
47091,Mohd Hammad,"Friendly staff,r reached hotel @3:am, the owner received the call and align hassle free entry.",16 Oct 2022,5
47091,Pramod Kumar,"Staff was very polite behaviour.
Near to the Taj Mahal. Easy to reach from agra cantt railway station.",15 Oct 2022,5
47091,HANSRAJ DHAKA,"All facilities available and good ...vary nice 
Very good person
All ways good ......,
I am happy and enjoy",15 Oct 2022,5
47091,Deepesh Saxena,"Good hotel neat & clean, good service, safety is very very good excilent good",14 Oct 2022,5
47091,Dushant Kumar,The property was looking awesome nice neat and clean room ans staff was very helpfull,14 Oct 2022,5
47091,Sandeep Sharma,"Very nice location
Good family stay
Helpful staff
Polite owner
Alli is good",13 Oct 2022,5
47091,Shashi Kant,Very good,12 Oct 2022,5
47091,Harkesh,Very good service. Helpful staf.,11 Oct 2022,5
47091,Rakesh Kumar,Nice hotel,09 Oct 2022,5
47091,Shashank,Nice experience the hotel staff is good and friendly also hotel service is very good  .,08 Oct 2022,5
47091,Haidar,Hotel staff is very good and clean room,08 Oct 2022,5
47091,Subodh Verma,"Very nice service and staff is very cooperative.
Overall  nice service...",07 Oct 2022,5
47091,shubham tiwari,Excellent service,06 Oct 2022,5
47091,Haidar,Hotel owner and Staff is very good.. Room is very clean and they r punctual for time.. 😍😍 excellent 👌👌,06 Oct 2022,5
47091,Ajay,Overall good,05 Oct 2022,5
47091,Deeapk Agarwal,Very nice hotel,05 Oct 2022,5
47091,Karam Veer,Nice service excellent room ac good,04 Oct 2022,5
47091,Praveen,Supportive and flexible for early checkin. Recommend to stay,03 Oct 2022,5
47091,Gourav,That was great hotel. Value for money,02 Oct 2022,5
47091,Rahul Kumar,Very good room and services,28 Sep 2022,5
47091,Deeapk Agarwal,"Very nice location
Peaceful
Tasty food
Good behavior
Neet n clean
Good service
Resonble price
Family hotel
Polite owner
Specious room
Security vise good",25 Sep 2022,5
47091,sunil kumarkanaojia,Royal Taj home stay hotel is very good location. It is near basi sabje Mandi behind of Pathak hospital. Room are very clean and good . It is good place for stay. Taj Mahal and agar fort near of this hotal and you find good restaurants  near it . My experience of this hotal is very good.🙂🙂,23 Sep 2022,5
47091,Suraj Kumar,Awesome stay,21 Sep 2022,5
47091,Judy,Very helpful staff. Well maintained and neat rooms. It's a bargain for the price!,20 Sep 2022,5
47091,Punit,location very nice,20 Sep 2022,5
47091,Ruby Singh,"Polite staff, very neat&clean rooms
Overall nice experience",19 Sep 2022,5
47091,Shri kant,Staff behaviour is very good & room superb condition location also very good. I am happy stay with us,19 Sep 2022,5
47091,Vijay Prakash,Such a amazing hotel. Purely neet n clean. All are excellent. As per budget behaviour nd cleanness it is excellent hotel.,18 Sep 2022,5
47091,RAHUL SHARMA,hotel management was very awesome and room was very clean .all over was very good,18 Sep 2022,5
47091,Asif,Very good hotel,14 Sep 2022,5
47091,Vikash Singh,"I would give geniune review. 
1. Hotel staff behaviour nice 👍
2. Owner is quite helpful 👍
3. Good environment 👍
4. Food taste not good as well as high cost 
Overall satisfied with hotel",13 Sep 2022,5
47091,Aman,Staff is very gud and room cleaning is nice,11 Sep 2022,5
47091,pooboni krishna,Excellent,11 Sep 2022,5
47091,SAUNOO,Food is not good ðŸ˜ price so >High,10 Sep 2022,5
47091,Bhupendra Singh,All good and reasonable,09 Sep 2022,5
47091,Shiva Mishra,Most beautiful and so so comfort room & the staff here are very nice.,08 Sep 2022,5
47091,Bhupendra Singh,All was good,08 Sep 2022,5
47091,Prashant Ranjan,nice hospitality ðŸ˜Œ,07 Sep 2022,5
47091,Ruchika Singh,"I stayed at the Radisson for a night and had a good experience. The room service was good, amenities were nice, staff was frank, staff service was excellent and the price was ok. The location is nearby the Radisson and it's easy to get to from the airport.",04 Sep 2022,5
47091,Abhishek Pandey,I stayed at the hotel last night and it was a great experience. The room was great and the bed was very comfortable. The staff was friendly and helpful. The price was reasonable. I would recommend this hotel to anyone looking for a place to stay in the area!,04 Sep 2022,5
47091,Sandhya,"It was a great experience. The room was spacious, clean, and comfortable. All the amenities that they mentioned were available and the food was delicious. I had no issues during check-in or checkout.",04 Sep 2022,5
47091,Miran Islam,All in all just excellent . Room size .. toilet ..manager+stuff behaviour too good ... room interior fantastic.. Rant perfect .. over All to good to stay with family ... 👍.,02 Sep 2022,5
47091,Anup Kumar,Excellent experience,27 Aug 2022,5
47091,Aakash,"Gud location 
Gud facilities",24 Aug 2022,5
47091,Sandeep Sharma,"The location of hotel is very good,peaceful environment and near by Taj mahal.The behavior of the property owner was also very polite and he guided me for sight seeing and arranged all conveyances.for my traveling in very reasonable rates.
                            Overall a very good stay and I would recommend my friends and relatives to stay here while in agra.",23 Aug 2022,5
47091,Sumit Kumar,"Very nice hotel to stay in agra.
Staffs are also very cooperative. 
Rooms are nice.",20 Aug 2022,5
47091,Raj Baswal,hotel was good and the staf also,17 Aug 2022,5
47091,Sandhya,"Staff is very good
Owner was polite and helpful
Food was very tasty
Located at the main area with peaceful environment
The monuments are nearby
There is also a movie theatre very close
Room is very comfy and was very clean",13 Aug 2022,5
47091,Shaik,"Best stay in Agra
Hygeine
Peaceful location
Amenities are excellent
Friendly behaviour of every one in staff...",13 Aug 2022,5
47091,Sandeep Sharma,"Good location and peaceful environment, near by to Taj mahal.",13 Aug 2022,5
47091,Aakash,Very good hotel,07 Aug 2022,5
47091,Aakash,Excellent,06 Aug 2022,5
47091,Bibhas Mondal,Good,05 Aug 2022,5
47091,Rajat Anand,Exilent service,26 Jul 2022,5
47091,918791555365,Best and a reasonable hotel in agra excellent experience 👌,25 Jul 2022,5
47091,Saksham Kumar,The room was clean. Staff was helpful and cooperative.,23 Jul 2022,5
47091,Aakash,none,17 Jul 2022,5
47091,Abhijeet Kumar,"I stayed at the Radisson for a night and had a good experience. The room service was good, amenities were nice, staff was frank, staff service was excellent and the price was ok. The location is nearby the Radisson and it's easy to get to from the airport.",04 Jul 2022,5
47091,Madhav,The best stay you can get at this price. The staff was very good and helpful. They were taking care of us as if we were their family members. The owner was very humble and available on call at all times.,02 Jul 2022,5
47091,Sandhya,"Very good servicing provided by the staff. Both the staff and owner were very humble to us.

I called the owner late in night but then also he was very helpful and very humble.

This was stay i have done at this price range.",02 Jul 2022,5
47091,Vaibhav Agrawal,"I liked my stay at the hotel...
✓ The surroundings were quiet n peaceful.
✓ Warmly welcomed and the owner made sure that i wasn't uncomfortable during my stay.
✓ The food served was warm and tasty.

Definitely a good place for 2-3 days especially.",02 Jul 2022,5
47091,Deeapk Agarwal,"V. Nice hotel
good behavier
good location
food is very tasty",02 Jul 2022,5
47091,Somendra Arya,"Hotel wss very good.
Staff was helpful and understanding.
Excellent room quality.
Easy to find location.
Good infrastructure.
Couple friendly. 😍",14 Jun 2022,5
47091,Dharmendra,"room quality best , problem no Tv",13 Jun 2022,5
47091,Rahul,I enjoyed staying at the hotel. The only problem I had was that the remote for the AC stopped working. The room temperature was set to 24was. The staff was nice and helpful whenever I call them they help me out.,11 Jun 2022,5
47091,priyal agarwal,"This was my first trip away from my hometown and i really enjoyed it. A big part of it goes to the hotel owner and his staff.
While i was at the station (Agra Cantt), i lost my luggage somewhere and was really afraid of what i will do without my stuff in this strange place. I do not have any relatives here who could help me here..
I called the hotel owner (Deepak ji) in panic and explained what actually happened. He immediately sent one of his staff members to the station to help me..
I and the person searched for my bag for atleast 2 hrs and finally found it near the ticket counter. Someone really was so kind that he/she just made sure to keep my bag at a safe place..
The guy got a rickshaw and we both went to the hotel.

The rooms were really comforting and the housekeeping too..
Am really really thankful for such hospitability provided by both the owner and staff...

This would be my first and most memorable trip for sure!!!",09 Jun 2022,5
47091,Mukta Agarwal,"Recently I planned to take a trip to Agra, after searching a long list of hotels , found this one.
When I entered Agra, I contacted the hotel owner, he was really humble.

I was new so couldn't understand the area n roads properly but he really helped me till the time I reached the hotel.

I was welcomed warmly and the staff escorted me to our room. The rooms were fresh and clean and especially hygienic. You would definitely not want to take a health related chance during this covid times anyways...

I enjoyed my stay in the hotel and enjoyed the city too. I would personally recommend this hotel if you are looking for an overall amazing stay in Agra at affordable price.",09 Jun 2022,5
47091,Muzaffar Alam,"very nice check-in.... 
room is nice,safe  and calm. staff and their service was quick. every facility is available. it is the best place to stay.",09 Jun 2022,5
47091,Anup Kumar,"The best hotel I’ve ever been privileged enough to stay at. Gorgeous building and it only gets more breathtaking when you walk in. High-quality rooms, and high-quality service.  I have stayed at dozen of hotels in Agra. This was on the top of the list of best stays/experiences ever. The staff was very hospitable and there for every need of mine. The rooms were clean and very comfortable, and the staff was amazing. They went over and beyond to help make our stay enjoyable. I highly recommend this hotel to anyone visiting Agra. Thank you so much.",07 Jun 2022,5
47091,Anup Kumar,"It was a great experience. The room service was good, amenities were nice, staff was frank, staff service was excellent and the price was ok. The location is nearby the Radisson hotel and parking is available. It was nearby Railway Station.",06 Jun 2022,5
47091,Dev Rastogi,"Clean room , supportive behaviour.good food facilities.",13 Apr 2023,4
47091,Subhankar Mandal,It was nice stay. Cleaning is good. Good stay for family.,14 Mar 2023,4
47091,JITEN BORGOHAIN,Staff are very helpful and neat and clean 👌,10 Mar 2023,4
47091,Sanjay dhingra,"Staff was polite, good room, amenity was provided by hotel . Good location incity,near from Taj Mahal & Agra fort. Easy to reach.All services was good.",03 Mar 2023,4
47091,Ankit Sarode,"[object Object]
Washroom was Average",13 Feb 2023,4
47091,pratiik m,Owner(Agarwal ji) is helpful enough to guide and entertain you.. staff is also decently cooperative.. amenities advertised are available... only drawback is length of the bed(I am 5.9 btw),11 Feb 2023,4
47091,Pooja Udasi,"The stay was nice, service was good, but they charged 12% extra GST, that oyo shod mention on their app, that person has to pay extra.. Rest the service was nice.",09 Feb 2023,4
47091,Sabbir Ahmed,"Good location, room & food",08 Feb 2023,4
47091,praveen,Location of this oyo hotel at good location...neatest to highway. Facilities are good and nicely maintained.  Parking is on roadside  which is not good.. overall good experience here...,06 Jan 2023,4
47091,Sumit Mehra,"Hotel location is good, hotel room is good, hotel service is good",04 Jan 2023,4
47091,abhishek kr,The room was good. Facilities provided were also satisfactory. The main issue was location It is situated in a bit backward side ane near to fruit and vegetable mandi. Otherwise it is a good option for tourists.,02 Jan 2023,4
47091,subash chandra,"I liked the behaviour of both staffs n owner.We only 2 girls stayed there n felt extremely comfortable n safe.But they charge 100rs extra for GST n location wise,it is near Basai Mandi which is completely fine.",27 Dec 2022,4
47091,Amit,"Location is easy to reach and nearest to tajmahal
Rooms are clean and good.
Staff behaviour is good also.",16 Dec 2022,4
47091,Bhanu Pratap,Good facility and staff behaviour also good,07 Dec 2022,4
47091,Najiya PP,Nice experience,26 Nov 2022,4
47091,Yuvraj,Good hotel and facilities. Good staff and near to taj and market. I will book again if i visit to Agra next time.,26 Nov 2022,4
47091,Neeraj Dixit,"the most fascinating thing about the hotel was that it was clean which is the must thing for any rooms that we check in .
also the service of the workers was also good.
the only thing that is not good is the location of the hotel , it is in an area where is lot of garbage nearby .",24 Nov 2022,4
47091,B LNAIDU,"Place, people (Means staff &Owner)&Atmosphere..But little bit repair need to do in rooms.. otherwise everything is perfect..",17 Nov 2022,4
47091,Mukul Kumar,"I liked the cleanliness of the hotel, the food that we ordered and reasonable prices. Location is also nearby Taj Mahal and McD",07 Nov 2022,4
47091,Shubham Aggarwal,"The hotel was good, staff was friendly, clean room location was good overall nice experience",26 Oct 2022,4
47091,Abhishek Soni,All things are good … bs location is not good … sunsaan hai ilaka,19 Oct 2022,4
47091,Deepak Sachan,"nice stay and very close to TAJ MAHAL
neet and clean toilet and room",17 Oct 2022,4
47091,Animesh Kumar,It's a okayish hotel to stay. But location is not that good. One of the bathrooms of one of the rooms doesn't have lock in it. Shower in another is also broken,07 Oct 2022,4
47091,lakhan singhchauhan,Good hotal and best fesility....,16 Sep 2022,4
47091,pawan pawan,Hote is nice and  location oll so good  totally would like to say okay everything is good,12 Sep 2022,4
47091,Suman,"Good location,  good attendants",03 Sep 2022,4
47091,Nitish Sharma,Rooms are very good and space also good . Communication with owner was good .,29 Aug 2022,4
47091,Vivek Kumar,All Good,22 Aug 2022,4
47091,PRAVEEN,Good stay and price also Reasonable room service also good and location also good,15 Aug 2022,4
47091,Jatin Singh,Average hotel,07 Aug 2022,4
47091,vikash kumar,But tv not working properly.Staff is good behaviour & owner next time is better service.,25 Jul 2022,4
47091,Harshitesh,"I want to thank the hotel management for a great stay. The room service was amazing and the staff was very supportive. I found the room to be very neat and clean, at an affordable price. I booked for Rs1100 and after reaching the hotel extra amount was charged Rs200.",10 Jul 2022,4
47091,Mahin,one staff who recieved us is very good and always helping but Suraj is not helping,22 Jun 2022,4
47091,Ankit Yadav,"I had the most amazing experience at hotel. The staff was so friendly and helpful, the management was always on top of things, and the services were impeccable. The view from my room was breathtaking. I would recommend this hotel to anyone looking for a great place to stay in town!",16 Jun 2022,4
47091,GauravKumarSingh,I had a chance to stay at a hotel and it was such an amazing experience. I was very pleased with the service provided by the property staff. It was a very nice staying in this property.,13 Jun 2022,4
47091,Aneesh Antony,none,06 Jun 2022,4
47091,Himanshu Srivastav,"Good to spend quality time .Its very near to every tourist place like Tajmahal, Agra Fort ,etc. Manager are very supportive.So I recommend you to take rooms here and it is at silence place which is soo soothing.",24 Apr 2023,3
47091,Sumit Goyal,Hello sir room is best from your oyo rooms but dinner is very highest rate in our oyo rooms,09 Mar 2023,3
47091,SURENDRA PRATAP,"Average room, bathroom is not clean",01 Mar 2023,3
47091,Sreyanko Sadhukhan,"Firstly, I had to pay around 500 extra. Secondly, the wasroom was a disaster. There is water clogging due to an uneven slope and the don't even bother to provide a wiper. Moreover, there was no earthing. Once the geyser is switched on the taps and anything methal is electrocuted, although mildly. Thirdly, the rooms were damped. And the lastly the location is not very convenient. Given all of the issues the rate should be around 700-800 bucks. Its not worth anything more.",05 Feb 2023,3
47091,Adv FarhanKhan,"Gets annoyed if you don't order food, everything else is perfect",15 Dec 2022,3
47091,Gaurav Bhargava,"They charged GST extra, although Oyo refunded it, initially there was leakage in room and we had to get the room shifted, else service was good !",30 Nov 2022,3
47091,Jatin Parashar,"The home stay hotel is quite better than any other 3 star hotel in agra..
Spacious and hygeine is better maintained and washroom are equipped with geyser and hand wash...
Perhaps there is no arrangement of cattle for tea or coffee and no complimentary water bottle...",10 Oct 2022,3
47091,Ratnesh kumar,All over good but hotel honor take extra charge unmarried couple so first call hotel confirm booking then stay,28 Sep 2022,3
47091,Prince,Hotel staff is good but he provide AC service only 2 hours in AC booking room.,25 Sep 2022,3
47091,Vijay,TV was not working,15 Aug 2022,3
47091,Madhav Kaushik,The rooms were not good,11 Nov 2022,2
47091,Kundan Singh,"Food is not allowed in the hotel from outside and the food provided by the hotelier is absolutely useless and raid is very high, sometimes the geyser is bad and sometimes it is closed.",01 Oct 2022,2
47091,Prince Kumar,He charged me 100 rupess extra,19 Aug 2022,2
47091,Simty Sharma,I was given a room which wasn't good despite of booking deluxe room and bed sheet was dirrty n torn,03 Apr 2023,1
47091,Vimal Rai,I have not stay at this property....I have cancelled my booking.,04 Mar 2023,1
47091,Atul kumar,Out side food are not allowed,16 Feb 2023,1
47091,Anil Sharma,They charged extra amount and also please never book hotel in agra with OYO because every hotel in agra will charge extra approx 500 to 600. So it's batter to book directly from hotel not from Oyo. Bad experience. Room very small.,09 Feb 2023,1
47091,GyanendraBehera,Bathroom water comes to room,07 Feb 2023,1
47091,Vishnu,"The rooms is not cleaned, bedsheet used was not washed. Untidy rooms. Not even as per in the photos provided. They charge extra money after reaching the hotel.",18 Jan 2023,1
47091,MR.HASANKHAN,Very bed service,26 Dec 2022,1
47091,Vivek,Very rude behavior of owner!,24 Nov 2022,1
47091,Rs Kanpur,Location is correct .food is not good .food prices take high from the menu . water price increase the real price,02 Oct 2022,1
47091,armaan ansari,"Realy. WHERE IS HOTLE AND he's adress was not found 
And on Google Founded in other name there froud.   Some hotels manger sys OYO is froud and doesn't pay any booking amount
Thath way the Not provide any booking room or Addres 
Also phon is switch off or Oyo Aren't help if Phon is switched off",02 Oct 2022,1
47091,Vikrant jaiswal,Not good faculties,23 Aug 2022,1
47091,NITIN BHARAMBE,Wrong contact details & directions shared by OYO team,22 Aug 2022,1
47091,Rohit Kumar,"waste of money ... no ac. working , no tv , dirty room , and he pay to me extra charge for room and ac .. hotel staff behaviour is too bad and i want to say all of u don't waste your money . after extra money he would many time stop or off ac in room . poor hotel and hotel management is too bad",15 Jul 2022,1
47091,Dipak Kumar,"charged extra money for room 
AC not working properly.
worst experience ever...",13 Jun 2022,1
47091,Yash Nigam,they demanded extraaa money when I checked in.,05 Jun 2022,1
