hotel_id,user_name,review_text,date,title
50011,Rajaram Asati,Good,19 Jul 2022,5
50011,Rahul kumar,Hotal service Is fine  But Room is a bit bad,23 Jul 2022,4
50011,Rahul Kumar,good,11 Jul 2022,4
50011,Jitesh,They charged extra money for stay even after booking through oyo...room was also not good,03 Nov 2022,2
50011,SUMIT,It was bad experience with the hotel staff and not treated well the charged above from the booking and they didn't accept the oyo booking but they checked in with the Oyo id .,22 Oct 2022,2
50011,Samir,Very bad rooms and washrooms are dirty,06 Oct 2022,2
50011,Jitendra Kumar,"Very bad experience in this property .room was not given even after confirmed booking ,when give took 400 rupy extra",03 Jan 2023,1
50011,Shekhar SinghRathore,Bad service and I am not satisfied Room not clean,07 Nov 2022,1
50011,Rahul Kaushal,Ask for more money than you have,03 Nov 2022,1
50011,Hemsingh,Very bad sarvice and 3rd class room,16 Oct 2022,1
50011,krishankant kaushik,"Very Bad experience hotel solitare,, completely denied for booking and taking charge extra with me,, we pay more than booking amount.. And behave very rudely..",11 Oct 2022,1
50011,Anil Kumar,Very bad service,25 Sep 2022,1
50011,Himanshu,Very bad behavior and high price demanding,24 Sep 2022,1
50011,Ratheesh kanth,"There is no geyser, room is not cleaned with previous checkout. No room service. Room full of bad smell",14 Sep 2022,1
50011,Priyank,"Never visit in this hotel, they have no sense to talk, mis behav with the customers, they are taking extra charges also, very bad service,  bye calling multiple times they will not responding. Room cleaning also done properly, geyser is also not working bed are broken, TV is not working  so many things.  It's worst place.",19 Aug 2022,1
50011,Nitesh,Room condition is very poor basic which Oyo provide not give by hotel they charged twice money then on app and I have to deal with Oyo and hotel,14 Aug 2022,1
50011,Abhishek,They didn't allow to to check in,31 Jul 2022,1
50011,VINAY SINGH,"Oyo hotels are froading ,when i go for check-in in hotel . They charged double ammount.",20 Jul 2022,1
50011,Nirdosh,very bad customer support they dont even provide bill,28 Jun 2022,1
50011,Vishal pratap,charge extra rupees for stay,26 Jun 2022,1
50011,Satnam Khatter,don't book this room. it's very poor don,05 Jun 2022,1
50011,ASHISH Gupta,Very Bad Hotel please don't go for this,04 Jun 2022,1
