hotel_id,user_name,review_text,date,title
52409,Roshan Khan,none,08 May 2023,5
52409,Rohit Singh,none,25 Apr 2023,5
52409,DEVENDRA,Nice,23 Apr 2023,5
52409,Shikhar Pathak,"The rooms were clean, very comfortable, and the staff was amazing. They went over and beyond to help make our stay enjoyable. I highly recommend this hotel for anyone visiting downtown, They were extremely accommodating and allowed us to check in early at like 10am. We got to hotel super early and I didn’t wanna wait. So this was a big plus. The sevice was exceptional as well. Would definitely send a friend there,",17 Apr 2023,5
52409,kartik,Good rooms and good price,29 Mar 2023,5
52409,Ravi Goswami,Nice place,16 Feb 2023,5
52409,Dinesh Kumar,Better experience and good facility and good location and good cleanness and good staff behavior all over better,01 Feb 2023,5
52409,KRISHNA KANT,Very nice to stay safe and relax and very comfortable with neet and cleaning Room and staff behavior also good,25 Jan 2023,5
52409,Ritik Sharma,none,22 Jan 2023,5
52409,Mohit Babbar,Oyo has served us better,22 Jan 2023,5
52409,RAM Nigam,Super staff clean Hotel,10 Jan 2023,5
52409,PAPANA NIKHIL,Good,09 Dec 2022,5
52409,Mavinder singh,none,09 Dec 2022,5
52409,917599037805 Parashar,It's good stay very nice stafff,03 Dec 2022,5
52409,darshit verma,Nice,13 Nov 2022,5
52409,mahendra  Kumar yadav +1,nice,04 Sep 2022,5
52409,amit,none,25 Aug 2022,5
52409,Rishi Kumar,Outstanding,24 Aug 2022,5
52409,Vipin Kumar,Good,13 Aug 2022,5
52409,amit,none,07 Aug 2022,5
52409,Shivam Patwa,Super,20 Jul 2022,5
52409,Shivam Tiwari,Good and highly price,19 Jul 2022,5
52409,Sandeep Singh,super fast service,15 Jul 2022,5
52409,Amit,full customer support,15 Jul 2022,5
52409,Abhay Prakadh,"The owner taking more money after booking
I book you Oyo 
After booking this room 
Onwer ask me for more 499 rupees when I reached there",14 Jul 2022,5
52409,Gaurav Shrivastav,"super fast hot
el I m enjoying",14 Jul 2022,5
52409,yogesh mathur,Nice,13 Jul 2022,5
52409,Vivek Gautam,Super nice hotel,12 Jul 2022,5
52409,Dharmendra SINGH,Super fast service,08 Jul 2022,5
52409,mahendra  Kumar yadav +1,good,03 Jul 2022,5
52409,Aryan,Clean Rooms Coporative Staff Good Stuff,08 Dec 2022,4
52409,ROHIT MEHROTRA,Oyo has a good facility hotels the service is very nice.,10 Oct 2022,4
52409,Himanshu soni,Good.           It was nice it was nice and good experience over there and I enjoy the trip it was awesome and great,04 Sep 2022,4
52409,Yawer,Online price show only 600 but there I pay 1000 Rs it's not good,29 Aug 2022,4
52409,Sandeep,The staff was very nice .clean room immediately help desk .only one thing I would like to highlight the water is not that clean,17 Jul 2022,4
52409,Surender kumar,hotel staff ask pay rs= 2250/- But my oyo app show Rs= 1745 so Rs= 500/- extra paid at hotel.,16 Apr 2023,3
52409,Himanshu Gururani,"Owner was drunk when we checked in ,very bad experience, totally avoid booking through Oyo",01 Nov 2022,3
52409,ravin,"Room dustbin not provide, hand wash not provide, towel not,",02 Oct 2022,3
52409,Alok Srivastava,"No room service. Pillow covers, Linens also messy.",11 Aug 2022,3
52409,Kewilin Lungbo,poor hotel i booked  and the hotel manager asked my 200 rs extra my experience was worse instead of other hote guys plz dnt book this hotel,04 Feb 2023,2
52409,Chandan Singh,"room was not upto the mark so much of dirt and staff really unprofessional
and staffs more amout than the app was showing",20 Dec 2022,2
52409,Raghu Maheshwari,room is good but staf is very bad nature,19 Nov 2022,2
52409,Atul,not good.,05 Sep 2022,2
52409,pavan kumar,"Staff is not good language. Not provided towale and shop
Bathroom is not good. AC and tv not working",24 Apr 2023,1
52409,Braj Bhushan,"Very very poor service & taken 1000 rupees more than oyo  rate & tv ,AC not in working condition.I was very frustrated from this Oyo hotel (hotel four season services . Very bad very bad .... bakwaas.....",20 Apr 2023,1
52409,Vaibhav Paurush,They charges me extra. And i have paid because i was not want any tension,16 Apr 2023,1
52409,Gaurav,"Management behaviour very poor, essential things not available. All the water pipe was broken and very poor cleaning. They always say for cancel the booking. I have already paid the amount for my booking after that they charged me extra for room. Very poor room service and if you talk about the management behaviour that is worst ever...please remove this hotel from your network.",14 Apr 2023,1
52409,Deepak Dwivedi,"I have not stayed at the hotel. The hotel asked me for extra money and decided not to stay there. But to my surprise later I came to know that I have checked-in, but how when I went away from the hotel?",07 Apr 2023,1
52409,NITISH GUPTA,Manager denied nd i have not got the refund of that,05 Apr 2023,1
52409,Tauseef Ekhlaque,Take and wants extra money rooms are verry poor and dirty condition,20 Mar 2023,1
52409,Abhishek Bhagour,"Worst place ever.. I think it doesn't deserve 1 star rating.
Hotel owner charge extra money for room after marking the price on oyo site. And their behaviour towards the customer is worst.",16 Mar 2023,1
52409,Haidar,Average,12 Mar 2023,1
52409,XXX XXX,Rude behaviour of manager and he cancelled the booking because of my booking amount and give me room on offline basis in a very high cost.,11 Mar 2023,1
52409,Khaleel,"Dirty shabby ,unkept room not of Oyo standard.
Receptionist was rude and asked me to pay once again inspite of online pre-booking full payment. Told me they have broken link with Oyo and hence need to pay once more. On much deliberation agreed if I paid 200 more. It was a nightmare experience. Bedsheets pillow covers not changed. Blanket unwashed for months or years.",10 Mar 2023,1
52409,Priyanka Gupta,"Please don't book, they don't take online booking, their rooms are dirty, they come up with excuses like electricity is not there, soap and amenities are not there.
Please initiate refund of the booking.",10 Mar 2023,1
52409,Bikash Matari,"Two times booked one hotel no refund of first payment and the hotel quality is very poor , there is no air conditioner available with no ventilation and also not sanitized bathroom even bedroom,  overall bad experience.",04 Mar 2023,1
52409,Jasveer Yadav,"It was worst room its too hygenic staff was drunked 
They charged extra the bed sheet and pillow was yellowish..please do not bleave on pictures of property",01 Mar 2023,1
52409,R Kumar,Extra charge pay krne pde very bad service and owner behaviour rude and room condition very bad toilet darty,28 Feb 2023,1
52409,Rohit Agarwal,"Booked the hotel from mmt, went at the hotel at 2 pm and just by looking at the pathetic, dirty, dustbin like room never checked in and left the hotel within 15 min. The room which was shown to me was not even 1% close to the one here in pics. Paid the full amount in advance. When asked mm t to cancel my booking and refund the money, they refused to do the same. Worst experience. Will never book again from mmt.",24 Feb 2023,1
52409,Azam Shaikh,not expecting experience worst hotel in my life no lock for door staf useless no neatness  All problem in one hotel,19 Feb 2023,1
52409,Yash,The hotel management checked us out before we reached the city. Had to find other accommodation which was pretty exhausting.,14 Feb 2023,1
52409,praduman,I booked the room in advance and call hotal also that I am coming tomorrow now without contacting me they show me that I have checked out from the hotal but in reality till this minute I am writing this review I am not reached in agra for booking I am still in bus of this is the behaviour then what's is the benefits of booking online,11 Feb 2023,1
52409,Prakhar,First they'll show you a room that is totally different from the one that you're seeing on the OYO app or Website which will be unacceptable to stay in and then they'll offer you another room for more price around ₹700-800 which I'd to take because the room booked from OYO wasn't the actual one that was supposed to be given to me and not in a condition to be staying in.,07 Feb 2023,1
52409,918638162181 Paul,"Reception boy was drunk, they charge higher amount than . . They offer unhygienic bed unhygienic room unhygienic toilet. Very poor.. Oyo should cancel their agreement",03 Feb 2023,1
52409,Dheeraj Sharma,"The hotel was not clean and apart from OYO Rupees, the hotel people also charged extra. Hotel was very bad.",30 Jan 2023,1
52409,Sanjay Gurung,"We booked a room for said price.. but when we reached at  reception,  they said it is per person. Worst service by oyo ,  makes fool by showing huge discounts",21 Jan 2023,1
52409,Karan Rathor,"They cancel my booking and asking for double money and stuff is very rudely no cleaning in room also,",16 Jan 2023,1
52409,Hrishabh Dubey,Hotel demand 500 extra rupees from me and provide me a very third class room,18 Dec 2022,1
52409,Utkarsh Dubey,"I don't like anything about you because, I booked the room from Oyo app and you guys confirmed that the room is booked but when I reached the hotel the hotel cancelled the confirmation....
Please do let us know if you cancel the booking.
Very devastated,not going to book any other room .",16 Dec 2022,1
52409,Pawan KumarPanday,none,01 Dec 2022,1
52409,Rishendra Mohan,"They didn't provide soap and towel.
Washbasin tap is broken.
Room is very dirty everywhere dust is present.
Water is not available in bathroom.
Intercom is not working every time you have to downstairs for complain.",30 Nov 2022,1
52409,Vipin Pachauri,This hotel is not good because manger say this booking amount is not fair or this hotel so you paid me 1000 rupess more for room when u stay here.so i want to confirm oyo take legal action on hotel and warn to hotel manager voice pitch is not good and behavior is not good hotel manager says you will paid 1000 rs to the near alcohol shop because i have not swap machine.,26 Nov 2022,1
52409,Shobhit Saxena,Worst hotel i have ever stayed. Staff was starting misbehaving. Very very verrry bad experience.,20 Nov 2022,1
52409,Ayub Khan,"In spite of confirm booking via oyo, Hotel staff asked for extra 1000 rupees during check-in. After a long debate, they allowed us to stay the night. The room was very dirty, washroom was unhygienic and the fan regulator was not working. The next morning at checkout we talked to the owner about this and instead of apologizing he just ignored all the complaints and told us it was our fault that we booked the room via oyo. Do not stay here, you'll regret it for sure.",18 Nov 2022,1
52409,Abhimanyu Niranjan,"Firstly he tooked more money than oyo price and secondly he given the worst room which is very dirty and full of stains.
They demand extra money to every customer. I request OYO to remove this hotel from their company. Their staff also very poor and not friendly. They given the room after 1 hour and demand to early checkout. This was the worst hotel i ever seen . And also Bad experience",18 Nov 2022,1
52409,BANTI YADAV,"I had a booking for two people, still have charged Rs 600 extra

bed sheet room bathroom was very messy
Since I made the payment online since I booked, what is the need to take extra please action should be taken from yoyo on the hotel",11 Nov 2022,1
52409,avi panchal,Staff was uneducated and did it misbehave.. room not clean even bedsheet was so dirty..,09 Nov 2022,1
52409,Devendra Kumar,Worst place,05 Nov 2022,1
52409,HARISH,Where is my refund money and your executive was told me and also had been emailed me about the same.,09 Oct 2022,1
52409,Sanjay Kumar,Very poor facilites,02 Oct 2022,1
52409,Bharat Jaiswal,"I didn't get to stay at hotel, 
Asked me extra charge for the room
Nither provide me other room",30 Sep 2022,1
52409,BHOOPENDRA SINGH,"In the evening he said to cancel the booking from Oyo  and book direct from the hotel. Room was not cleaned.
At the time of checkout we asked him to give register for checkout procedure but he said "" ho gya checkout register pe mention nhi karvate hmare hotel me""
He was not talking properly with my brother. Oyo please improve your service.",28 Sep 2022,1
52409,Sachin Singh,Owner give me extra money extra charge 1000rs,25 Sep 2022,1
52409,Ajay Kumar,Room is very small and cleaned is not upto the mark,24 Sep 2022,1
52409,Atul,Dirty bad behaver  and A.C not started charges A.c  very bad person manager mota man,09 Sep 2022,1
52409,Sanjaygoyal,not recommend to anyone,07 Sep 2022,1
52409,Nitesh,I had paid extra rupees for AC,05 Sep 2022,1
52409,Agnivesh Srivastav,Poor quality,28 Aug 2022,1
52409,Dheerendra Kumar,Romm and bathroom were dirty.Rude behaviour and charges extra 200 for AC. TV was dead and no wifi.plz don't fall in pictures given at their profile.,24 Aug 2022,1
52409,vipin yadav,Very bad facility and very bad behaviour staff and room are not clean room are very dirty,21 Aug 2022,1
52409,DJ Rock,Oyo is very irresponsible.,20 Aug 2022,1
52409,Bittu kumaryadav,Extra amount has been charged by hotel staff,17 Aug 2022,1
52409,Aman Verma,"Worst experience for my life.
1. Not provide the room keys.
2. Room was not clean when I check in and also not clean on daily basis.
3.Tv is not working 
4.Ac remote is not working the temperature of Ac is fix.
5.Room have not the lock for customer privacy .
6.Washroom was also not clean and bedsheets.",17 Aug 2022,1
52409,Kavindra Tyagi,"bakvas hotel.staff very bad plz don't book this hotel.room not clean,AC not work,room not clean👎🏻👎🏻👎🏻👎🏻👎🏻",14 Aug 2022,1
52409,Rajnish Rawat,I am denied check in and my booking is cancelled from Oyo side. I have got no refund,13 Aug 2022,1
52409,Afraz khan,Overall Worst service  staff behaviour is not good everything is unhygienic Oyo should not recommend this hotel to other customers.Manager is quite rude.they can’t cooperate with customers,11 Aug 2022,1
52409,Suresh,"Every thing is very bad.
i have worst check in experience.
Delhi and Agra OYO ROOMS receptionists are asking Rs. 700 to 1000 for check in more than online payment. And they are telling that ""we are closed OYO ROOMS and now we are doing indipendent buisness.
please resolve this problem as early as possible. otherwise OYO ROOMS image will be damaged",23 Jul 2022,1
52409,Kamal,I paid rs 1000 and not clean room washroom very dirty too,18 Jul 2022,1
52409,Devesh Saraswat,i did not checked  in...Customer executive behaviour was very bad...No one resolve my problems....Hope OYO will completely off their service for sure.,17 Jul 2022,1
52409,Rishu Raj,"he took extra money from us

he was taking rudely",14 Jul 2022,1
52409,Vibhanshu Chaubey,The room service is worst. Very unhygienic rooms . Stains on the bedsheet . Don't book this hotel they will charge you extra at the check in.,10 Jul 2022,1
52409,Harshesh Kumar,i didn't check in and there was no cleanliness at all,03 Jul 2022,1
52409,DeependraSingh,"hotal manager & hotel was very 3rd class category, manager & staff  very unprofessional, not a hotal like   a bullet.....",30 Jun 2022,1
52409,Hariom mishra,"I booked the hotel by Oyo app and paid online payment
But when i reached the hotel the manager denied to check in said I have deregister from Oyo and told me to you talk to customer support when i talked to customer support they said me manager told me that electric supply is not working so I have not given the room and customer support said to me to cancel your booking I have refund you I denied to cancel my booking then I get support from uttar Pradesh police to get my room 
manager was so bad and behaviour was too rude
i request to Oyo to blacklist this hotel So other customers not face this situation",17 Jun 2022,1
52409,budhiprakash,not allowed in room as per staff he stop oyo  service,16 Jun 2022,1
52409,shoaib,I dint stay there. They denied room   Told electricity issue.     But as i visit hotel there were proper electricity.  They denied becoz they have given room to others on high price.   There were lots of demand becoz of pcs exam. So i request tou please take proper action against these hotels becoz these are vanishing the OYO’s goodwill,15 Jun 2022,1
52409,Mohsin Hussain,"unfair charges(differentfrom what shows online),hygiene and cleanliness issue,power supply issue,overall it was a nightmare for me in this hotel.",12 Jun 2022,1
52409,Ram pandey,rude behaviour,11 Jun 2022,1
52409,Ashish,charged extra money for the ac forcefully and the ac didn't worked and I have checked out in 2 hours only because of the poor behaviour,06 Jun 2022,1
