hotel_id,user_name,review_text,date,title
9193,Anuraj Arora,none,13 May 2023,5
9193,Sonu,Thats good,25 Apr 2023,5
9193,Prakhar Sharma,Overall good and clean,22 Apr 2023,5
9193,Ashish kumar,Good hotel and good staff,21 Apr 2023,5
9193,Mridul,Very Good service. I recommend,13 Apr 2023,5
9193,PrafullkumarYadav,Good,13 Apr 2023,5
9193,Sany,Nice,06 Apr 2023,5
9193,ANUJ PRATAP SINGH,Good helpfull staff nice hotel,19 Mar 2023,5
9193,Mithun shaji,"Ups.
1. very neat
2. food is tastey
3. located at the centre easily accessible to all tourist locations.

Downs.
1. The menu has non- veg but they don't serve it.
2. 
2. The night staff was a Little rude",18 Mar 2023,5
9193,aln rai,Budget hotel in agra vy nyz good frindle management,09 Mar 2023,5
9193,Shambhu Singh,this price best hotel for stay and gud service I booked around 700/- + 12℅ gst. Premium stay,06 Mar 2023,5
9193,Santosh Pal,Lovely service,04 Mar 2023,5
9193,Adil Ali,"Nice place, good accomodation.",26 Feb 2023,5
9193,Manthan Gupta,Not good toilet,12 Feb 2023,5
9193,babulal prajapat,Everything is best,10 Feb 2023,5
9193,Rishabh tomar,Of course it was awesome but need some improvement like toilet maintenance. Otherwise everything was good and I want re-visit in this hotel. Thank you team,10 Feb 2023,5
9193,Sachin,Great,07 Feb 2023,5
9193,Gopal Dubey,Nyc,24 Jan 2023,5
9193,Akshat Bajpai,Good experience,02 Jan 2023,5
9193,Vinod Mhetre,Good for family.. service was good..,02 Jan 2023,5
9193,Amit Sorot,Exellent service with good varieties of options with fair prices and discounts all over.Fully satisfied.,29 Dec 2022,5
9193,Lovkesh KumarAhirwar,"Great location, 3.5 km away from Taj, service is good and fast. Transportation is very easily available.",28 Dec 2022,5
9193,Saurabh Arora,"Very nice and comfortable stay at hotel merit agra
Nice location
Neat and clean rooms
Good food
Affordable price
Well behaved staff
Thanks oyo",20 Dec 2022,5
9193,Yandava Chaitanya,Good hotel n rooms,17 Dec 2022,5
9193,Anuraj Arora,"always having amazing stay at merit
must recommend property at Agra 
Hotel Staff is very courteous and always ready to serve guest with please.

Hotel food is also very delicious and always serve Hot & Fresh food

Love to Visit Again 
special Thanks to Faizan ji & Team",17 Dec 2022,5
9193,Anuraj Arora,"superb hospitality must visit property
at agra",17 Dec 2022,5
9193,Anuraj Arora,superb hospitality must visit propertylocation is near to TAJ AND LOCAL MARKET AS WELLTDI MALL OPPOSITESUPERMARKET JUST WALKINGOVERALL ALL GREAT EXPERIENCE STAY IN MERITBREAKFAST AND DINNER IS VERY DELICIOUS IN TASTE & HYGIENIC,16 Dec 2022,5
9193,Anuraj Arora,"ALWAYS HAVE A GREAT EXPERIENCE STAY IN MERIT,
SUPERB HOSPITALITY 
NEAT & CLEAN PROPERTY
PEACEFULLY 
STAFF IS VERY COURTEOUS",16 Dec 2022,5
9193,Sathish Kumar,Rooms were clean and staff were friendly,08 Dec 2022,5
9193,Harish Chougala,Good,03 Dec 2022,5
9193,arsh,none,02 Dec 2022,5
9193,Suraj Sharma,"Have good experience, staff are so kind loved the hospitality",13 Nov 2022,5
9193,Hb,Nice hotel with good service,10 Nov 2022,5
9193,Fardeen Beg,Room was clean and well maintained and the staff was well behaved over-all it was good experience with the hotel .,22 Oct 2022,5
9193,ANUJ PRATAP SINGH,Awesome,19 Oct 2022,5
9193,Atendra Kumar,Good,17 Oct 2022,5
9193,Rahul,It was good,17 Oct 2022,5
9193,918287634221 sisodia,Hotel staff very good nd receptionist is very helpfull nd behaviour is Very good,13 Oct 2022,5
9193,Shubham Reigns,Good,11 Oct 2022,5
9193,Vikram jyani,Good service,24 Sep 2022,5
9193,Amit Sharma,Nice.,18 Sep 2022,5
9193,Arun Rathour,Very good,16 Sep 2022,5
9193,sameer,Awesome  hotel,14 Sep 2022,5
9193,Pushpendra Kumar,Good,12 Sep 2022,5
9193,Faeem Khan,Service and staff is too good,04 Sep 2022,5
9193,Pushpendra Kumar,Very good impressive and hygenic,23 Aug 2022,5
9193,Manish,Good,23 Aug 2022,5
9193,vishnu Sharma,"Well located,excellent service,v courteous staff.Quick service,clean rooms.food average,linen needs to be changed.",11 Aug 2022,5
9193,Ajay Daulat,All staff to good,07 Aug 2022,5
9193,Saurabh Arora,"Nice location, neet and clean room, staff behaviour is very nice and polite, good service, nive dtay in this budget, thanks oto. Recommended to all",05 Aug 2022,5
9193,Paramveer,Good service and best bed for sleeping  recommended,03 Aug 2022,5
9193,Aditya KumarPandey,"This is a nice hotel to stay either with family or solo. Staff is very good and room is also same as has been shown.
Overall a nice and pleasant stay here.
Thanks a lot.",02 Aug 2022,5
9193,Himanshu Sharma,nice hotel,31 Jul 2022,5
9193,Raziul Hasan,"Excellent Service with Nice location,",29 Jul 2022,5
9193,Joy Sinha,"Small , Neat and Good Hotel",28 Jul 2022,5
9193,Pravesh Kumar,Good service good finishing,27 Jul 2022,5
9193,Arvindyadav,Room and location,20 Jul 2022,5
9193,Shrikant Verma,Geysers are not there,16 Jul 2022,5
9193,Ajay Sharma,Experience was good but tv wasn't working,10 Jul 2022,5
9193,Ashok,good,01 Jul 2022,5
9193,SURYA MOHANKUMAR,best hotel at affordable price.,28 Jun 2022,5
9193,Praveen,none,12 Jun 2022,5
9193,Amit Singh,great experience.,11 Jun 2022,5
9193,DEEPAK Sharma,very good,05 Jun 2022,5
9193,Braj Bhushan,Good room quality & hotel services .,19 Apr 2023,4
9193,Yash Patel,Manegemet was good. The staff and and the worker of the hotel were very supportive and caring . The room was fresh and clean,18 Apr 2023,4
9193,lokesh kumar,All amenities not available whichever showing by oyo. TV is not working. Property owner demand extra cash on behalf of GST. Parking is not available. Overall is good but not satisfactory.,09 Apr 2023,4
9193,Digvijay Singh,Food was excellent but lift was stucked. Also a lot can do on cleaning part. From bedsheet to bathroom.,06 Apr 2023,4
9193,Deepak Kumar,"good experience... welcoming staff 
great place for solo travelers",03 Apr 2023,4
9193,MANAS KUMAR,Good to stay here,07 Mar 2023,4
9193,Santosh Vilas,"Room was clean and tidy, The staff was really cooperative. Good location clean and fresh atmosphere. There is lack of ventilation in the room. But we really enjoyed.",22 Feb 2023,4
9193,mohit singh,"Hotel room are well managed and clean. Bathroom also is in good condition.
Hotel location is perfect and staff is decent helpfull and having humble nature",15 Feb 2023,4
9193,kedarnath CHAUHAN,the room and washroom was very neat clean. the room was not spacious but the room size is standard. the condition of the staff was very good. the location of the property is on the main road hence connectivity is super.,14 Feb 2023,4
9193,Manoj Chauhan,Hotel is perfect...GST charged extra 12%,11 Feb 2023,4
9193,Soman Chakroborty,Hotel is at very good location. Room was good at budget price. Overall good at very reasonable price.,07 Feb 2023,4
9193,Ankit Kumar,It's nice amazing.,21 Jan 2023,4
9193,Abhishek,none,26 Dec 2022,4
9193,Sonia KumariRajak,Average,25 Dec 2022,4
9193,Mragesh Sharma,"Over all good, hotel staff is very nice",25 Dec 2022,4
9193,Vinay Kumar,"Good for staying but geyser and electric kettle not available and all services not available, make my trip making foolish everybody.",24 Dec 2022,4
9193,Gnanaraj,Good customer Service,10 Dec 2022,4
9193,Akash,Good,26 Nov 2022,4
9193,Suratha,"Value for money.
Good staff and services.

Only one improvement we feel is bathroom usable things can be replaced with good ones.",22 Oct 2022,4
9193,Jeetu,All staff is very good and room situation is good,22 Oct 2022,4
9193,chandan,Good checkin experience. Nice cup of tea,16 Oct 2022,4
9193,Piyush Mishra,The rooms were good but the washrooms were small,11 Oct 2022,4
9193,AKASH KUMAR,Its good for stay..,23 Sep 2022,4
9193,Vansh Sharma,Good service provide by the hotel staff and hotel staff mainly focus on cleaning and hygienic and good service,18 Sep 2022,4
9193,Harshita Vaid,Quick service...a good place to stay with family...,18 Sep 2022,4
9193,Ankit Chauhan,Staff behaviour good specially receptionist. I don't know his name but he is a good person,18 Sep 2022,4
9193,ISHWAR SINGH,none,05 Sep 2022,4
9193,SUMAN BELEL,All good,04 Sep 2022,4
9193,Gopal Gautam,It was nice experience and the service was good,03 Sep 2022,4
9193,Suraj,clean room and best service,29 Aug 2022,4
9193,sameer khan,Good but early checkin charge is so high,12 Aug 2022,4
9193,JOHNSON CHEERAMBAN,"Accommodation was very much good
Staffs are good working",07 Aug 2022,4
9193,Sajeev,Nice stay for us,04 Aug 2022,4
9193,bskumar,This is very good hotel to stay and the location also very comfortable. Friendly staff. I like this hotel. No hassle for check in too.,21 Jul 2022,4
9193,RISHABH GUPTA,bathroom cleanliness was not good and staff was rigid to the condition,16 Jul 2022,4
9193,Swamisharan Thakur,All good,15 Jul 2022,4
9193,Praveen,none,24 Jun 2022,4
9193,Hemant Kumar,Hotel Location,19 Jun 2022,4
9193,ANSHUMAN TIWARI,none,31 May 2023,3
9193,Ankit Ansh,Good. Nice behaviour,28 Apr 2023,3
9193,Manish Kumar,Nothing special to say,22 Apr 2023,3
9193,Manish Kumar,Room was just ok fan was not good condition same bathroom also,18 Apr 2023,3
9193,Rishant Chauhan,Room and staffs are good  but bathroom is not up to the mark. Hotel location is nice and easy to reach out tourist places.,16 Apr 2023,3
9193,Raja Bandlamudi,Not good in maintenance,16 Apr 2023,3
9193,aman lawaniya,There were no bath towels.The suede of the bath was not right.,15 Apr 2023,3
9193,Jaspreet singh,Receptionist ask me for extra 150  at the time of checkout,15 Apr 2023,3
9193,Rahul Kumar,"They Charged GST apart from booking.
89 rupees i paid separately.
kindly refund the same.",05 Apr 2023,3
9193,PRABHAV BAJAJ,The stay was quite decent as compared to the amount i paid. It was a good experience.,24 Mar 2023,3
9193,Navin Chourasiya,They charged extra money,21 Mar 2023,3
9193,Atul Rajbhar,Staff was very nice and humble. They talk very nicely to us. For Sure I am Going to come back to stay. Thankyou ❤️,20 Mar 2023,3
9193,Usman Surathkal,Unfortunately no hot water and bath room nulls are so ð bad,12 Mar 2023,3
9193,Prajjwal,Hotel rooms are average. Not so good & not so bad. Washroom should be more clean. Location is batter near tdi mall,06 Mar 2023,3
9193,Neeraj Yadav,Checin experience was great.only thing that I didn't like was room condition..room was not neat and clean at all..ac was not working as well.washroom was clean.,04 Mar 2023,3
9193,Pradeep kushwah,Good condition,11 Feb 2023,3
9193,Shriram,TV is not working from last 5 days,11 Feb 2023,3
9193,ROHIT KUMARRAJPUT,"Not clean bed sheet 
Not clean bathroom 
Room landlines phone call not working",05 Feb 2023,3
9193,kuldeep shakya,Environment is very good and staff are very polite. And I like the environment but foods is very costly. If you stay for a night is good for you.,02 Feb 2023,3
9193,Himanshu Sharma,1. Hotel took 12% gst extra on the billing amount. 2. Rooms were fine. 3. Linens could be more clean. 4. Staff was cooperative.,02 Feb 2023,3
9193,Sumit Pandey,The staff was not so friendly and in the discription they wrote there is a in house restaurant but they refused to give food and say the restaurant is closed only in 10:30 pm and there is no tv connection no room heater in hotel rooms aur not so good bead seats aur dirty and room lock are broken in one room,16 Jan 2023,3
9193,Sradha Raj,The facilities was poor and showe and most things were rusty and flush didn't work properly,30 Dec 2022,3
9193,Nimesh Mehta,Its nice,27 Dec 2022,3
9193,Sabina Shaikh,"Hotel was at good Location, the only problem is that they will charge you Extra GST amnt, even if you paid it if you refused to pay that extra GST amnt they will threat you by denying checkin and cancelling the reservation .",18 Dec 2022,3
9193,Irfan,It is good to be,09 Dec 2022,3
9193,Akash,Hotel was well and good according to the price. Staff members are humble and polite in nature.Hotel location is good.,26 Nov 2022,3
9193,Shishupal Kumar,Washroom quality was not good,11 Nov 2022,3
9193,AMRATASH DUBEY,Take gst to me staff good tea super but tv not running properly,05 Nov 2022,3
9193,Shahrukh shaikh,"Room service and reception was good but, hotel condition is not good at all. Light are off, low brightness in hotel room. No hot water. No proper cleaness in room",26 Oct 2022,3
9193,Shankar Senapati,Average service but they are charging unnecessary room gst i already paid via Oyo account,19 Oct 2022,3
9193,Keshav Tiwari,"The room was fine but the pillow, bedsheet and blanket were dirty, the smell was coming too.",17 Oct 2022,3
9193,Ajjay,Hotel is good,17 Oct 2022,3
9193,Amir,Good but not best,16 Oct 2022,3
9193,Rakesh AP,Tts too bad. Conditions,13 Oct 2022,3
9193,Vishwjeet Singh,Best in budgte,12 Oct 2022,3
9193,Sanjay Das,Hotel was good looking and rooms are also good but bad thing is room was not cleaning..it is very irritating us...water leakage from wash room to bed room..so as my opinion room was not good for staying...thank you...,07 Oct 2022,3
9193,Rebel Solanki,Good.Good,26 Sep 2022,3
9193,Sandeep Kumar,When we visit in hotel. Staff demands extra charge,17 Sep 2022,3
9193,Vijay Prakash,"Overall can say ok as per budget...
Only issue is about cleanness of bed",13 Sep 2022,3
9193,Alok,"Very bad experience , food  was worst and service was also worst",12 Sep 2022,3
9193,Arun,"Hotel location is good,Room is gud,bathroom shawer is leak and water is block in bathroom floor.....so is Not gud,food is price wise very hight and quality is Bad,",07 Sep 2022,3
9193,Rohit Divakar,"Tv not working ,,,ac is not working properly,,,and pillow and towel is durty,,, and blankets also",28 Aug 2022,3
9193,vivek verma,Old furniture,21 Aug 2022,3
9193,RavinderGupta,none,14 Aug 2022,3
9193,Chander ShekharArora,Price wise ok,31 Jul 2022,3
9193,..... Shakya,Good according to budget.,26 Jul 2022,3
9193,SYED JAVEDABDULLAH,staff are very good and polite. they are very friendly and co opertive. they listen us very nicely. But rooms are not too good. almirah are broken. water are running from ac.,24 Jul 2022,3
9193,Shilpi,Room was not clean.Toiletry kit was not provided...,14 Jul 2022,3
9193,Ankit,tv not reacharged,04 Jul 2022,3
9193,Wahed Alam,Hygiene and cleaning issue,03 Jul 2022,3
9193,Sai Bommagani,"No ac,no mini fridge,no tv connection,no wifi then what is the purpose to put hotel just for sleepovers",01 Jul 2022,3
9193,Shyam,it's good but not better,29 Jun 2022,3
9193,Pawan Singh,tv was not working,22 Jun 2022,3
9193,SATENDRA SINGH,"Tv
not working",14 Jun 2022,3
9193,Karan,"Pros- Extremely near to Eastern gate of Taj Mahal
Cons- Rooms were not completely clean
Washroom was not neat
Cover and seat of toilet seat was broken which was extremely off for me
Towels given were not looking good and seemed it hadn’t been washed for long period of time
Oyo was showing price or hotel 1354 but they charged 1425 as they said. They are taking GST, which wasn’t shown in Oyo app",06 Apr 2023,2
9193,Sanjay Kumar,Bathroom is not clean,16 Mar 2023,2
9193,KOKILA MAHENDER,we choose this Oyo because of all good ratings and reviews but unfortunately it's not true hotel was very unhygienic specially washrooms....,03 Mar 2023,2
9193,Sonu Kumar,Best hotel TV no   service  no,19 Feb 2023,2
9193,atul kumar,Bed behavior of staff,10 Feb 2023,2
9193,Mohit Rana,"Issues that we faced:
1. Mosquitoes in room
2. T.V wasn't working
3. Cleanliness was at lowest level- Dusting wasn't done, Bedsheet was torn.

Conclusion: Avoid this hotel",03 Jan 2023,2
9193,Santosh Kumar,First experience of hotel reception girl was very rude. Does it cost to behave good? She was rude they informed me not to pay to oyo inline else you will not get room. Room was dirty. Floor was sorry. Room was too small for 3 people. Foods were very costly so I did not consume.,26 Dec 2022,2
9193,ALOK SINGH,very worst condition of bathroom specially.....no geaser...and even sometimes no water supply in any tap including combode. overall....very disappointed. not recommend to anyone.,14 Dec 2022,2
9193,Amar Pradhan,Cleaners Is not there. Bathroom Bedsheet all are not clean. TV & ac are not working.,28 Nov 2022,2
9193,Vaibhav Bharti,Rooms were not clean. Also they charge 12% extra on the booking amount in name of GST. Not recommended.,22 Nov 2022,2
9193,Manu Gupta,Bedsheet and pillow cover were not clean.,17 Nov 2022,2
9193,Sheikh joy,"I am joy i am coming form Bangladesh.
To much bad in hotel people maner less.",02 Nov 2022,2
9193,SUHAS HORE,"The stay was good as far as staff was concerned..Though it was mentioned while booking at Booking.com, breakfast was not provided saying there is some issue with Booking.com and if you wish you can contact Booking.com.Geyser was not working, toilets and bathrooms need to be regularly cleaned.",28 Sep 2022,2
9193,Manish,Bad experience,21 Aug 2022,2
9193,Apu Dey,"Room not properly cleaned, bed was very poor quality ,AC was damage not properly cooling the room, toilet not properly cleaned and flash not working . Over all experience was not satisfied according to room charges .",21 Aug 2022,2
9193,Abhishek,"Not available water in room, not working washroom light and also handwash unavailable in bathroom.",01 Aug 2022,2
9193,rohit,none,05 Jul 2022,2
9193,Sadiq Ali,taps are not working properly,22 Jun 2022,2
9193,mohit singh,Extra money charged and no bill receipt provided,26 Apr 2023,1
9193,Devesh Pachouri,AC is not working cleaning is too bad staf behaviour too bad,24 Apr 2023,1
9193,Pawan Kumar,"Not accepted prepaid payment and this caused me extra charges and also charged gst twice once total counted by OYO and again asked by hotel staff. Should be reversed.

If anyone wants to make pre offered bookings then hotel staff will deny without any policy or terms. Immediate action should be taken or make a response as action taken into this matter.",21 Apr 2023,1
9193,Bikesh Kumar,"very bad service 
taking axra charge for room 
low service",20 Apr 2023,1
9193,918224053223,"Checked in the property late night,
Rooms were not at all cleaned , Washrooms were not fully functional , Staff at manager desk is extremely rude.
Such unprofessional way of taking care of your guest , specially I checked in with my parents and in emergency, is not at all acceptable.

OYO should improve its facilities and please educate your staff atleast the basic professional behaviour should be there.",19 Apr 2023,1
9193,Sachin Padol,No proper cleaning there. And they takes gst as well. Another problem I faced that room is very small. Please take care of that concerns. Thank you,13 Apr 2023,1
9193,ANAMIKA GAUR,Receptionist behaviour not good.,13 Apr 2023,1
9193,Sandeep Sachdeva,"Worst service from OYO as always, better shut down your services. You are just meant for making customers fool.",09 Apr 2023,1
9193,Vikash,"Room hygiene poor 🤮🤮🤮
Bed was making noise",31 Mar 2023,1
9193,Kaifee Aajmee,"When you will book the hotel from the OYO, and you reach to the property, they will deny the stay. Although you had already paid before reach. Although room is available, if you pay extra money �� then you will get the hotel. They have empty rooms, they will not provide you rooms Very disappointed experience. Rude behaviour, Greedy Intentions, Never choose this kind of hotel.
⭐____________",24 Mar 2023,1
9193,Anurag Anurag,"Other than the prime location of hotel, nothing is worth. Poor quality of room and weird and terrible washroom condition. The commode was totally broken. They don’t maintain the property well. Didn’t provide even one bottle of water which is normally the norm in any hotel. Warm water was not coming in morning. Then complained and then it was switched on from somewhere. They took extra money in name of GST as well. I would not recommend anyone to stay over here. And would request oyo take care to maintain their rooms first and then open it.",24 Mar 2023,1
9193,Aaliya,"This was the least I could give…was the worst hotel
The staff was rude and unhelpful.
They don’t take the prices shown on app and say go somewhere else if you don’t want to pay more
Didn’t have any amenities
The room had a pungent smell.
This was at 3 am when I didn’t have other options as I had booked it before starting my trip.",18 Mar 2023,1
9193,Diksha Patoa,Breakfast was good. Rooms are too old. Service is very poor. I was charged extra for GST above the noted amount shown in oyo.,17 Mar 2023,1
9193,keerti chaudhary,worst experience ever.. took extra money in the name of gst.. the TV wasn't working.. unhygienic hotel.. stinking rooms.. rude receptionist,17 Mar 2023,1
9193,Sahil Kumar,there was no hot water and another thing is that i pay online and where i was there for check in they asked for pay gst first.,10 Mar 2023,1
9193,S R,Stay at premises without ac said hotel staff,08 Mar 2023,1
9193,SANJIV KUMAR,"Bathroom condition is very bad, old sanitary equipments was installed ,I will not recommend to stay here",15 Feb 2023,1
9193,Dr Pawan,Not recommended very badNothing.Charge extra money and they don&#39;t allow to pay for online booking. Not recommended at all.,10 Feb 2023,1
9193,Mayank gupta,Given 12% GST Extra without bill,09 Feb 2023,1
9193,Mayank gupta,Given extra charge 12% GST no bill generated,09 Feb 2023,1
9193,Rehamath,Reception is very rude and am not able continue booking while i was checking in hotel even rooms are vacant..,15 Jan 2023,1
9193,Preeti Ranjan,"Worst experience ever..Nothing.Room was not clean, staff was very much rude and after reaching they charged extra money on the name of GST which was already included while booking. They don&#39;t even provided geyser and towel. Room was very much dirty and bedsheet was stained. Overall very very bad experience. I don&#39;t know why this hotel is still on booking.com.",06 Jan 2023,1
9193,Mukul,Room was dirty and stinking. No telephone. Provide 2nd grade water to guest don't know where they get from. Location very far from rly station.,02 Jan 2023,1
9193,Neha,"Veery poor services
1) we reached to hotel at 12:30, but rooms were not available,even though i reminded in morning. 
2) NO FACILITY OF HOT WATER IN BATHROOM 
3) FOOD QUALITY IS POOR
4) TRAY AND THERMOS IN WHICH FOOD ARE BEING SERVED ARE UNHYGIENIC
5) RECEPTION STAFF ARE TOO RUDE TO TALK
6) NO SET OF BOX AVAILABLE  IN ROOM
7) FURNITURES ARE BROKEN
8) POOR Quality OF BLANKETS WERE PROVIDED
9) MASTER ROOM LOCK WAS BROKEN
10) WASHROOM ARE DIRTY
I WILL NOT SUGGEST THIS HOTEL TO ANY ONE",02 Jan 2023,1
9193,Jabeer,Worst experience. Will not recommend to anyone.,31 Dec 2022,1
9193,Naresh Rachepalli,I didn’t like anything from the property. poor service and dirty no hot water service. also kitchen is very bad conditioI didn’t like anything from the property. poor service and dirty no hot water service. also kitchen is very bad condition.I didn’t like anything from the property. poor service and dirty no hot water service. also kitchen is very bad condition,28 Dec 2022,1
9193,Virendra Pandey,Not a single thing liked about this hotel and the condition and service were the worst.,11 Dec 2022,1
9193,Talha,"Pls don't stay here , very poor quality room , smell was coming from bed & blanket , and bathroom was very dirty , and receptionist person very arrogant , and this taken the 12% extra charger of Oyo booking ,pls don't waste your time and money choose another better hotel.",09 Dec 2022,1
9193,Amit Agarwal,pathetic hotel  theyhave charged extra money and also not provided inclusion meals breakfast and lunch,05 Dec 2022,1
9193,Dixit Amresh,"Bad hotelCleanliness was poor.Smell was coming , no towels and all",26 Nov 2022,1
9193,Prakash Rana,Room quality is very poor...,25 Nov 2022,1
9193,Ankit,The lady receptionist was too arrogant. She even don't know how to talk talk. The language must be polite in such places.,25 Nov 2022,1
9193,Mridul Vashishtha,"No hot water, No wifi working",24 Nov 2022,1
9193,Sharath,Very bad experience. Hot water not available. Room is not clean. Foot mats are very dusty.  I suffered with cold water in winter season.,21 Nov 2022,1
9193,AMIT KUMAR,"According to the room charge, the room was very dirty and the room smelled bad",15 Nov 2022,1
9193,V R,"It was a pathetic experience. We literally waited to checkout..Nothing was worth mentioning.The rooms given are not as per the website description. It appears like the booking.com lied about all the facilities that are described in the website. Hotel people said they don&#39;t know why website has got all the facilities wrong. nSince we were late checking in, we didn&#39;t have much choice but to stay in the hotel as we were very tired by the time we reached. There is no hygiene either in room or in bathroom. One of the rooms they gave blankets that were of bad quality and were stinking. No geyser in the rooms. Hot water was available only from 6AM till 10AM. nThe only thing was the staff obliged to give us a glass of milk for children post 10pm when their kitchen is closed. nAll the photos in the website are misleading.",13 Nov 2022,1
9193,Shashank Srivastava,"No hygiene in hotel rooms .
They charge extra gst amount no matter where you booked hotel from i.e. 12% of total amount",09 Nov 2022,1
9193,919068293930,I leaved hotel after 1 hour due to toilet room smell or cleanness.. Moreover Oyo did not give me any solution,07 Nov 2022,1
9193,Sarfraj,Very poor service by hotel. Extra money charged in name of GST. Poor clearness of washroom. Not suggest to stay in this hotel,06 Nov 2022,1
9193,Shakti Singh,force to pay 12℅ GST,05 Nov 2022,1
9193,sajjan kumar,Very bad.I don&#39;t like this hotel,05 Nov 2022,1
9193,Amol Balpande,Durty smell... Hot water not available directly regretted to provide hot bath water.. Ac not warking,29 Oct 2022,1
9193,Santanu Mukherjee,"My booking was  room with complimentary breakfast, but they denied to provide with rude behaviour.  Very Very disappointed.",29 Oct 2022,1
9193,sheikh shafi,ventilation problem no gyzer no breakfast even complimantry drinking bottle is not given but hotel employee was very coperative,24 Oct 2022,1
9193,Nikhil,"breakfast was promised in booking, but denied at the time of checkin, and additional gst amount also demanded.",19 Oct 2022,1
9193,Anwarul,"very very poor room tv available but set top box not available and after told them in reception for tv they told we are proving but not provided,bathroom handle broken from besin tap not working hot water not provided.
Breakfast not provided but as per oyo it's complimentary but not provided by hotel and no response from oyo also both are worthless",11 Oct 2022,1
9193,Gupta Pankaj,I have paid for breakfast on booking but hotel was not providing. No cleanness. Very Bad experience.nIt&#39; s  fraud with customer. I will complaint about it.,10 Oct 2022,1
9193,RAJKUMAR PATRA,"Far from railway station and city,dirty pillow covers, bathroom doors not locked properly and broken also,hot water not available",09 Oct 2022,1
9193,RAJKUMAR PATRA,"Far from main city,linen not clean and bad smell ,linen cover not given,tap broken, bathroom doors not locked properly, bathroom door lock broken,hot water not available,no almirah/ wardrobe, pillow not given for my 3rd member",08 Oct 2022,1
9193,Satish Chandra,"In hotel Merit; in the room No geyser, on the walls the scales were coming out, telephone was not working at all, kictchen was serving tea in the room, while paying the money at the counter credit card swipe machine was not working and I had to wait there for 35 minutes. The owner mr abbas was helpless. Use less property by oyo.",06 Oct 2022,1
9193,Anoop kumar,The service was very bad to us it made us very disappointed next time I won't book that Hotel the service was very bad the room was not good the AC was not working properly,19 Sep 2022,1
9193,Kamal,"Dirty rooms,bad experience",09 Sep 2022,1
9193,Abhishek kumar,Worst experience service is negligible,05 Sep 2022,1
9193,Alok Kumar,washroom are very bad there is no water supply in washroom,04 Sep 2022,1
9193,Puneet Goel,"Room and washroom were not clean. 
Walls were dirty.
No geyser were available in bathroom for hot water.
Food was nice.
Staff was nice.
Oyo staff were helpful to resolve the problem to the extent they could.",05 Aug 2022,1
9193,arpit,They don't listen anything.the service is so poor.,04 Aug 2022,1
9193,mohd imran,Service is ok only,27 Jul 2022,1
9193,Pramod Kumar,"Very poor service and room quality is also very bad.
Washroom is not clear. I'm very bad experience",27 Jul 2022,1
9193,Ashish Kumar,Worst stay ever n forever no cleaness bad balnket pillow all the things are so dirty and emrassing show on pic a different picture nd looks different no body please dont stay in this extra charges without surcharge nd all are also gave by you bad table chair in room so much smell and door are like garbage please dont stay in this thats not good hotel overall,26 Jul 2022,1
9193,Rahul,"I had booked the room online on the Oyo app and I wanted to pay on Oyo app but receptionist said i can't give you room 

Then I have to paid Rs1400 instead Rs1000",20 Jul 2022,1
9193,Pranshu,Very bad service and such a very bad room experience badsheets and washroom,20 Jul 2022,1
9193,Mandeep Singh,i have booked room by paying 400 but at hotel they didn't  give me room because  of less amount,12 Jul 2022,1
9193,Aditya Singh,Electricity was not proper,28 Jun 2022,1
9193,Kishan Yadav,dirty bedrooms with no safety measures.....couples are advised not to go,18 Jun 2022,1
9193,Prajjwal Tiwari,none,18 Jun 2022,1
9193,sumit kumar,Hotel staff was. Not friendly.,18 Jun 2022,1
9193,Bhanu Pratap,worst ever staff and service!,10 Jun 2022,1
