hotel_id,user_name,review_text,date,title
161653,Nitu,Good,24 Dec 2022,5
161653,Akash Ladhe,"I liked the service, there were surely some issues but one can manager considering the lower cost",12 Sep 2022,5
161653,Parasi,"The best hotel in over all chikhaladara.
 location is the super near bhimkund t- point.
 and rooms are super with clean toilet and rooms .
and staff is also very co-operative .
food is awesome and delicious.
 I was fully enjoy in this property .
the garden and open ground is available with no traffic and no disturbance.
 fully security area.
 I was enjoy my trip in chikhalda with this hotel .
I would like to suggest this hotel for everyone in just 1700 rupees for -AC rates.
 with fully accommodation with TV AC .
thanks heritage resort staff thanks heritage.
 love you chikaldara .
we will come back as per earlier in your hotel.
 thanks the best hotel suggest by just Dial.",08 Sep 2022,5
161653,Jay,"The location is awesome in over all Chikhaldara for couple and family. 
Rooms are nice and clean.
 and staff also very helpful.
This place is secure and cover with CCTV. 
fully open gaurden  and ground is available for walk and spend a time with peace of mind. No disturbance and no pollution here. 
I like this place awsomly and I preferred to everyone family and couple this place. 
I was just paid 1500 rs for non AC but experience more than costly MTDC resort.
Due to fully familiar staff my time gone easily . 
Thanks Tasya heritage resort for awesome experience. 
If you want to go at tasya heritage it's available on all social booking sites .
Thanks tasya heritage resort I will come as early fast.",07 Sep 2022,5
161653,Bhushan Urkude,good,05 Jul 2022,4
161653,mayur dhole,"Your Oyo system is bad nit proper handle customer service.
I will pay 290 rs and I don't recived my refund money it's was bad . I was call for your service number but don't recived my refund money yet .I was trying morning and till evening I'ds here but don't recived my refund money yet. It bad experience. I was go to Oyo room and pay 600rs rupees and get the room and my money 290 not till refund to me so please give my refund money urgently...",23 Nov 2022,2
161653,Niraj,"They ask extra money...staff are not cooperative., don't book this hotel online on app otherwise they people looted you... Worst experience don't go this hotel",20 Nov 2022,2
161653,Vihari Gudla,"Worst and i expect you to take an action on them or process us some refundThere is nothing to like.we thought to adjust in that even if it&#39;s not that great only because of its price...and when we reached the place, they charged us double of what is shown in booking.com which is very unfair, at midnight they stopped us by asking more than, is this way of hospitality we expect",22 Feb 2023,1
161653,Vikas Lokhande,Yes.Out location,24 Jun 2022,1
