hotel_id,user_name,review_text,date,title
78744,Subha Das,none,22 May 2023,5
78744,jiban adhikary,Good staff good Oyo hotel staff very care fully food is very testy hotel clean good check in check out,15 Apr 2023,5
78744,R.R.Takte R.R.Takte,Good,07 Sep 2022,5
78744,Aditya sehgal,Some times we book hotel and get the discount but the hotel staff says that we are not taking bookings from Oyo as our booking charges are not matches,17 Jan 2023,4
78744,Vikash Kumar,Bad,19 Jan 2023,3
78744,Mukul ChRoy,none,04 May 2023,2
78744,Ankit Kujur,Not satisfied,23 Apr 2023,2
78744,Ajay karmkar,Oyo is very bad because chitting for people,18 Jan 2023,1
78744,Bittu Mishra,Poor,06 Dec 2022,1
78744,Sagar Ghishing,"very bad experience, I didn&#39;t expect from booking.com and oya hotel..They charge room rate extra after I paid online even I raised the complaint to customer care but no help, the Manger says I have to pay extra money. Very Bad...Nothing.",25 Sep 2022,1
78744,Abu Yousuf,Why hotel charged me extra 850,09 Aug 2022,1
78744,Bhaskar Modak,"I entered in this hotel at 11.45 am and after documents submission , they asked for 1000 cash extra. If I already pay for the hotel room, so why i have to pay extra amount.",31 Jul 2022,1
78744,bikram das,Room,26 Jul 2022,1
78744,Nayan Saha,They changed extra money,26 Jul 2022,1
78744,Siddharth Singh,Too much unhygienic room with poor staff msmbers not recommended.,22 Jul 2022,1
