hotel_id,user_name,review_text,date,title
104898,Veer,none,28 May 2023,5
104898,Mohammed arifshaikh,Excellence service very cooperative staff and nice and clean atmoshphere,12 Mar 2023,5
104898,PARMESHWAR GURJAR,In this hotel management is very good and fully secured feel in this all time.,12 Mar 2023,5
104898,Mohd Tauseef Shaikh,Great Service with excellent staff support 👍🏻,10 Mar 2023,5
104898,Dharmveer Bochalya,Nice thanks ful good bhivehiyar,09 Mar 2023,5
104898,reddy,Good room and ramesh is very good in service,08 Mar 2023,5
104898,Md Lareb,Ramesh Bainiwal good sarvis and good menigmet Ramesh,06 Mar 2023,5
104898,Shyam Lal,Good night stays and Good ceiling and Ramesh Bainiwal Good moniment,06 Mar 2023,5
104898,Sunny Yadav,Rooms are so decent and neat& clean. Good place near the ajmer bus stand. You can live here.,04 Mar 2023,5
104898,Jitendra Kumar,Connectivity is good from bus stand but room is quietly small.issue of cleanliness otherwise hotel is good for short duration...,20 Feb 2023,5
104898,Hemant,Dilip Choudhry good,19 Feb 2023,5
104898,Shiv PratapSingh,Best,19 Feb 2023,5
104898,Satyaveer Singh,"Ramesh bainiwal  and Dileep Choudhary best staff in hotal
Room is very comfort 
Money value 
Best Service",18 Feb 2023,5
104898,Mahendra Saran,Good Room and very nice parsan Ramesh bainiwal and  dileep Choudhary Hotel management,18 Feb 2023,5
104898,XXX XXX,"I'm happy with the service and staff good behaviour.
Specially Ramesh & Dillip",18 Feb 2023,5
104898,Govind Mishra,"GOOD EXPERIENCE 
 AND  HOTEL STAF IS ALSO GOOD
SPECIALLY -DILIP CHAUDHARY G
Nice Person And very Supportive",17 Feb 2023,5
104898,ompraksh choudhary,"Excellent service for customer and satisfaction no any distribution...
Thanks dilip ji choudhary for management",17 Feb 2023,5
104898,Ajeet Vaishnav,"The rooms were clean, very comfortable, and the staff was amazing. They went over and beyond to help make our stay enjoyable. I highly recommend this hotel for anyone visiting downtown. Specially thanks to Deelip Chaudhary for kind behaviour and helping nature.",14 Feb 2023,5
104898,Ashok Devatwal,"very nice set-up thanks rmg & all staff (Ramesh & Dileep)
& also thanks goibibo",24 Jan 2023,5
104898,Pankaj,Gorgeous style nd nice room nd toilet,20 Jan 2023,5
104898,Rakesh Choudhary,"This is amazing.
Good behavior staff.
Easily check in.
And check out.
T.v. system is good.
And nice clean",25 Dec 2022,5
104898,Surya Prakash Jewliya,"Very good service
Silent area",24 Dec 2022,5
104898,Vikash Dara,Clean and good room,12 Nov 2022,5
104898,Bhanu PratapSingh,"Thank you very much rmg stays 
And great staff nature and all services.",06 Nov 2022,5
104898,Gopal,The hotel are very nice and rooms are clean and safe .and tha all facilities are available here . I like stay at this hotel,04 Nov 2022,5
104898,Rizwankhan Pathan,Enjoyeble stay on festival season thanksGood staff and stay was amazing comfirtable and family happy.,31 Oct 2022,5
104898,Puneet Singhal,Good place to stay. Easy to check in. Good hospitality and good location. It’s kinda in middle of Ajmer.,15 Oct 2022,5
104898,Nikhil,Very good service,15 Oct 2022,5
104898,Gopal,Rooms are very clean and ac is also working properly . staf are very good and one of the best  hotel location .,14 Sep 2022,5
104898,Hari Ram,Nice room,02 Sep 2022,5
104898,vijay prajapat,Good service,01 Sep 2022,5
104898,vikram barath,Best and supporting,29 Aug 2022,5
104898,virat choudhary,hotel located is good area .and service and staff behaviour is also good .i recommend to all this budget segment hotel,27 Aug 2022,5
104898,Dr Naresh,Good food and check in facilities,23 Aug 2022,5
104898,Dr Naresh,"Good service and entry, enjoy the food",23 Aug 2022,5
104898,Dipak,"Location is so good, busstand and railway station near and other places nearest",15 Aug 2022,5
104898,Hafiz,"Room, location are everything is best",06 Aug 2022,5
104898,SYED BASHEER,GufGood.Location,06 Aug 2022,5
104898,VIVEK MEEL,"OYO  service best BUT HOTEL MANAGEMENT service bad 
Ac service not available",05 Aug 2022,5
104898,Mohd Danish,Hotel is very good and staff is helpfull,04 Aug 2022,5
104898,Nikhil NilkanthraoThakre,Great Facility Provided By This Hotel & Looks Like Good Quality of Bed & Curtin... Polite Nature of the staff & value for money.. Thank 🙏 You...,04 Aug 2022,5
104898,Kundan Kumar,Good service,31 Jul 2022,5
104898,Raj Dubey,excellent Experience,24 Jun 2022,5
104898,Kuldeep Meena,none,21 Jun 2022,5
104898,Nemii,It’s good,16 Jun 2022,5
104898,Nitin Singh,best hotel for stay and reception person is very nice,15 Jun 2022,5
104898,Rohit Pratapsingh,Good People,13 Jun 2022,5
104898,manish singhnagar,super service by hotel staf,10 Jun 2022,5
104898,Rahul,very nice hotel,07 Jun 2022,5
104898,Nitesh Gupta,very good,02 Jun 2022,5
104898,Subhash Sinwar,Good services,28 Feb 2023,4
104898,Darshan Singh,Good,14 Feb 2023,4
104898,Mayank Agarwal,Good experience,24 Oct 2022,4
104898,Nvs,"Good in the price range nearby bus station and services are pretty decent employees are great 
Overall it's was wonderful stay 
The only thing that need to be improved was the bathroom",04 Sep 2022,4
104898,Amar Chand,Hotel service is very Good.,17 Aug 2022,4
104898,Salman,Staff is very good and area is also very good,04 Aug 2022,4
104898,7742226010 Khandelwal,Rooms and staff was good!,20 Jul 2022,4
104898,ASHOK KUMARHAKIM,Good Hotel with best price,26 Jun 2022,4
104898,Rahul Kumar,the rooms was clean  and quite satisfactory,11 Jun 2022,4
104898,Jitender,costmer  support,04 Jun 2022,4
104898,Sarthak Sharma,Room was okay but there was no wifi and bathroom was not clean.,01 Feb 2023,3
104898,firoz kathat,Good,29 Oct 2022,3
104898,Puran MalRegar,"Friendly staff service
And room best clean",18 Sep 2022,3
104898,Dushyant Singh,Bad facilities,11 Sep 2022,3
104898,Vinod Singh,Intercom was not working and washroom pipe needs to be repair or changes. Rest is good but basic things need to be taken care.,09 Sep 2022,3
104898,Alim Shaikh,none,05 Sep 2022,3
104898,Puran MalRegar,Bed seat not clean,30 Aug 2022,3
104898,Prakash chandra,Rooms looks very beautiful in photos but in reality they are not that much good...other facility are good,12 Jul 2022,3
104898,Niraj Gupta,"1. wash basin leakage and broken
2. refuse to give soap for bath and oil and said oyo not privided 
3. for food , spoon, bowl and plates not given for 2 people . only1 set given
4. room was changed after more requested",14 Jun 2022,3
104898,Suresh,hotel sarvice was not good room was not cleaned bathroom not in good conditions to bath and oyo change my hotel whitout my permission and rmg stay was a totally bad hotel and unprofessional staff,21 Dec 2022,2
104898,MD Kaifihashmi,Not good,07 Oct 2022,2
104898,salma nuri,Not clean...n tap of bathroom was also broken,05 Oct 2022,2
104898,Ravi,Hotel location near bus stand. But cleanness and staff hostility is very poor.,08 Sep 2022,2
104898,Sunil Kumar,"Low quality bed and there is no facilities of any hygiene 
 Too bad service there are no telephone facilities to call the manager",22 Dec 2022,1
104898,mehta jaymala,Worst.They took more payments as on booking. Com appn Rmg name on board very small so big trouble to find out,22 Nov 2022,1
104898,Sumer Meena,1st thing that manager denied to give check in. Saying low cost booking. There is no help to check in from oyo. To check in the booked room already i have to pay extra money to hotel manager. Becoz i was tired to go to another property oyo transfering me. After getting checkin with extra money the room is very dirty used bed sheet and everything  dirty inside.,17 Oct 2022,1
104898,Ramswaroop Swami,"Paid extra amount to avoid inconvenience, the manager was not behaving properly and was denying to provide room.",02 Oct 2022,1
104898,amit meena,"All not good all fake I think all ajmer in low quality hotel 
Hotel in checking in extra money taking",29 Sep 2022,1
104898,Mohit Marwal,Totally bad experience of travel to ajmer in this hotel..I don&#39;t like the place.Staff is very rude .,27 Sep 2022,1
104898,Anand Sain,Ac was not working.nWifi was not available. Room was not as shown as in images.,05 Sep 2022,1
104898,SHAIK UMMARALI,"Rooms are not neat and clean
Toilet leaking water
No hot water 
Bed sheets torn
Tv not working",15 Aug 2022,1
104898,Ajit Singh meena,Bed 🛌 is not clean,10 Aug 2022,1
