hotel_id,user_name,review_text,date,title
114083,Joshi TheGreat,none,18 Jan 2023,5
114083,Hansraj Meena,Very good service provide by oyo,27 Nov 2022,5
114083,Kapil Kumar,Nice rooms and hotel,11 Nov 2022,5
114083,Rishi,All was Good,04 Oct 2022,5
114083,Vickey,Good hotel management and perfect rooms .all facilities good.and hotel manager and hotel team good.I think perfect all .,25 Sep 2022,5
114083,Pradeep choudhary,Good,20 Nov 2022,4
114083,Vaibhavlakhmara,Room and service is very gud at this price it's worth it !,11 Nov 2022,4
114083,Kapil,"Check in, cleaning,bed, lighting, location all were good.
AC was not working due to fuse problem.",16 Sep 2022,4
114083,Aman yadav,During check in they asked for extra money though I already paid online whole amount on Oyo app . This is unacceptable  from tha staff . And they also charged for water there was no free water .,12 Jan 2023,1
114083,Kuldeep Singh,Why Oyo does not punish these type of people who is asking for money when we reached there property,20 Nov 2022,1
114083,bhanu pratap,"Asked for more money 
Low tariff problem",24 Oct 2022,1
114083,Gaurav Singh,Local id not  accsepted,20 Oct 2022,1
114083,gajsha,They were dimend extra money time of check in,13 Oct 2022,1
114083,Mukesh KUMAR,My booking price 253 rupees but property charges 700 rupees .nnI call oyo Customer care center but no solution.l pay 700 rupees. Air Conditioner Not Available Water Supply Not Available OYO Customer Care Center Not Support Me.i am going to consumer court,12 Oct 2022,1
114083,A.J.,Bad staff and fecility,12 Oct 2022,1
114083,Prashant Sharma,extra entry charges taken by staff,08 Jul 2022,1
