hotel_id,user_name,review_text,date,title
89630,Rinku prajapat,none,18 May 2023,5
89630,Ram Singh,Good location good management clean room good behaviour staff very nice everything is good,29 Apr 2023,5
89630,VIJAY KUMARBASETHA,"The Nanki Palace was an excellent destination stay. The facilities provided are remarkable. Maintenance....superb and beyond par. Location...lovely and esily approachable. None the less, its a value for rupee. The behaviour of support staff was very good. Right from reception to room service, its no parralel at the cost we paid. Definitely, it is a place to be referred and repeated again & again. A big thank you to OYO,Nanki Palace management and staff working there.",16 Apr 2023,5
89630,neha,All is good. Good a,15 Apr 2023,5
89630,neha,Really good looking property..feel great,15 Apr 2023,5
89630,Namrata Sulakhe,Very big and beautiful hotel. Nice staff and pleasant stay. We booked via OYO and no issue found.,08 Apr 2023,5
89630,Sukhdev,Good place for business meeting there is peaceful environment recieption and staff is friendly and good nature,08 Apr 2023,5
89630,Vijay Gupta,Staff behaviour good and neat and clean room,08 Apr 2023,5
89630,Vijay Gupta,Good service,08 Apr 2023,5
89630,Suuny,Nice fesolity...,04 Apr 2023,5
89630,Sajjan Kumar,"Nice hotel 
Nice room
Super staff",23 Mar 2023,5
89630,Pawankumar,Ok,19 Mar 2023,5
89630,ASHISH VERMA,Super experience,16 Mar 2023,5
89630,Shubham,Best at cheapest,03 Mar 2023,5
89630,Mahesh Kumar Garasiya,"Nice location situated hotel
Peaceful environment
Good staff behaviour
I recmmended to these hotel for staying here",19 Feb 2023,5
89630,Vijay Bathija,Nice hotel It's my second time i stayed.,14 Feb 2023,5
89630,Sunil Jangid,Very nice in this budg6,13 Feb 2023,5
89630,Rajendra Godara,Hotel is very good .......and staff is very cool.......and hotel garden are beautiful and 24*7 power,13 Feb 2023,5
89630,ranjan,"outstanding staff,",12 Feb 2023,5
89630,Vijay Gupta,Fabulous experience in hotel .staff was very polite and supporting.room was very neat d clean,11 Feb 2023,5
89630,Raju Ram,Good service and good hotel,11 Feb 2023,5
89630,Durga sirisha,Hi friends it's amejing experience thank you oyo and nankipalace,10 Feb 2023,5
89630,Imran Mansoori,Hi my imran mansoori I am really  traveling and staying in oys it very much comfortable  staying and nice location and good response always thanks,06 Feb 2023,5
89630,Radha,I liked the hotel and management also good..nice gesture.,05 Feb 2023,5
89630,Tvp Sudhakar,Very nice stay and every thing is good in hotel.Staff behaviour and quality maintencr is very good.I suggest best stay hotel in Ajmeer.,04 Feb 2023,5
89630,sunil vaishnav,Good room,03 Feb 2023,5
89630,Nazmuddin khan,Hotel staff is very good and very good manners and hotel cleaning also very nice there is garden and parking also available,02 Feb 2023,5
89630,Aftab,Awesome service,23 Jan 2023,5
89630,sanjeev swami,Good,22 Jan 2023,5
89630,MOHAMMAD MERAJ,Good,15 Jan 2023,5
89630,Rajat Kumar,Best of best hotel / resort in Ajmer,13 Jan 2023,5
89630,Tajuddin Vali,Cooperative staff,12 Jan 2023,5
89630,Shankar Joshi,"The hotel was very clean, safety and the staff behaviour very nice,, the location was easy for reach there, Very good service and the Dinner was very fabulous",12 Jan 2023,5
89630,MOHSIN KHALIFA,Supper support staff...Eye catching interior,11 Jan 2023,5
89630,Kamal Nagar,All is good...,10 Jan 2023,5
89630,Manohar Kumawat,"Everything is good 
Hotel staff nature good and politie
Peaceful environment",08 Jan 2023,5
89630,Ashwani Pundhir,Overall stay was good and budget friendly..The rooms are in good condition. Hotel staff was also polite and corporative. You can see a good sunrise if you are having a balacony facing room. overall stay was good and budget friendly.,04 Jan 2023,5
89630,Akash Yadav,Best hotel in ajmer.I want to give 10 out of 10,02 Jan 2023,5
89630,Manoj KumarKumawat,Staff is very cooperative,31 Dec 2022,5
89630,Shreyas,Overall decent stay. Polite staff and delicious food,30 Dec 2022,5
89630,Sunil Sharma,Good service,29 Dec 2022,5
89630,Babulal Dhaka,Very good experience good room and good service,28 Dec 2022,5
89630,Himanshu Varshney,Excellent service in hotel ...............................................................................!,27 Dec 2022,5
89630,sunil,"Hotel Nanki place is the best place in ajmer,staff are friendly 👌,behaviour  is good 👍,rooms facilities are very flexible",26 Dec 2022,5
89630,Ankit pareek,Viry nice,23 Dec 2022,5
89630,paras jain,Very nice stay and warm welcome the best hotel to stay in ajmer you have to stay in the grand nanki palace with a very reasonable price,21 Dec 2022,5
89630,Ramandeep Singh,Nice place to stay,18 Dec 2022,5
89630,paras jain,Seriously is amazing palace in a very reasonable price the staff and the hotel is very good and the restaurant is was absolutely very amazing seriously a very nice stay.,18 Dec 2022,5
89630,Varun Kumar,Very good,18 Dec 2022,5
89630,MANISH GENA,"This is the best hotels in ajmer, i enjoy it Oyo pletform is very good  I'm cetisfide to your hotel service, all step mammers are very good , nice security system and decoration also very good। Your hotel service is very good। We are full enjoy in your hotel। Stef members service very good। Eisyly reached in hotel। Hotel location also very easy and all-over oyo service is very good 👍। I will user next your hotel service and also advise my friend to use oyo service। Oyo pletform is very useful for couples in security parpas। It is beg resion to use tha oyo pletform। No risk in your pletform so I'm cetisfide to your hotel service and also advise my best friend to use the your pletform",14 Dec 2022,5
89630,Aditya Makwana,Best service good staff management tasty food,14 Dec 2022,5
89630,Sarwan Singh,Good,14 Dec 2022,5
89630,Kanojia Bhavesh,Ambiance &amp; Restaurant.Facilities &amp; Music,13 Dec 2022,5
89630,Raju,Good service,10 Dec 2022,5
89630,Ayush,Good service,10 Dec 2022,5
89630,Ganesh,"excellent service, room aslo clean.
Hotel campus is really very good😊",06 Dec 2022,5
89630,Vijay,none,06 Dec 2022,5
89630,sanjay kumar,Good hotels,01 Dec 2022,5
89630,sanjeev swami,Good behaviour staff and outdoor is very nice 🙂 👍 and hotel 🛏️ is safe ❤️plz check in this 🛍️🛏️,20 Nov 2022,5
89630,Vishal Arora,"Staff is good co operative especially Mahendra Singh 
Good service 
Enjoyed my stay, played snooker 
Overall best stay in very less rate",17 Nov 2022,5
89630,sunil vaishnav,Good service,14 Nov 2022,5
89630,Sujit Kumar,Good,11 Nov 2022,5
89630,Kuldeep Chauhan,Nice room,09 Nov 2022,5
89630,Niki,"Hotel location is very good and staff is very helpful and polite.Recommended for family, couples and friends",02 Nov 2022,5
89630,Ravi Bundela,Best room economy,01 Nov 2022,5
89630,Deepti,Nice ambience really pleasant and clean rooms but the thing that makes this place a good place to stay are the staff . Staff is really good and helpful..surely would recommend👍,30 Oct 2022,5
89630,Govind Parjpat,Nice place to stay in Ajmer in Cheap rate.,28 Oct 2022,5
89630,Mohsin Vahora,Good hotels ajmer ninkehotel,27 Oct 2022,5
89630,Rashid,Good service and best location,27 Oct 2022,5
89630,Dalim sk,Nice to hotel and its really grand.,25 Oct 2022,5
89630,Lubna Siddiqui,Stay ambience,24 Oct 2022,5
89630,lakshita,It was too good to spend time there.service was very good.,22 Oct 2022,5
89630,Varun Kumar,Excellent,20 Oct 2022,5
89630,Lal Chand,"Super managed and staff behavior is cool, but food so pricey.......",19 Oct 2022,5
89630,gajsha,"It's a very good place in Ajmer
And staff is also very Delphine",18 Oct 2022,5
89630,SAMRAT DAN,Great,18 Oct 2022,5
89630,Narendra Kumar,Excellent visit this place,18 Oct 2022,5
89630,Rajendra Rulaniya,"Nice hotel& restorants
Good behaviour staff",18 Oct 2022,5
89630,RAKESH GAWARIYA,Good,18 Oct 2022,5
89630,Manjeet,Very good staaf n 🏨,17 Oct 2022,5
89630,Ravi,All good,16 Oct 2022,5
89630,Sohan Singh,All management are excellent.-,16 Oct 2022,5
89630,mukesh,Very Nice place 😍,15 Oct 2022,5
89630,amba lal meena,Good as I needed,15 Oct 2022,5
89630,Ajay,All good 😊,14 Oct 2022,5
89630,SP KUMAWAT,Rooms is good and services are nyc,12 Oct 2022,5
89630,Amit prajapat,Good staff.. Nice service 👍,11 Oct 2022,5
89630,lalit,Room is good...,08 Oct 2022,5
89630,Manjeet Kumar,Good,02 Oct 2022,5
89630,Shailendra Singh,Good,01 Oct 2022,5
89630,tanveer,Super hit oyo always,01 Oct 2022,5
89630,Vineet kumar,"Polite behaviour of staff 
Everything was good 
Infrastructure is good
Service is awesome
There is only one problem that drinking water is not available",30 Sep 2022,5
89630,Rohit Dev,"We'll maintained and also staffs are so polite in their behaviour.
Such a great experience.
And also this is a very nice place to stay...
I can give more than 5 Star",30 Sep 2022,5
89630,upender kumar,Very good prize,22 Sep 2022,5
89630,Saleem Khan,Very good savic7 from the hotel and from oyo. Staff was good and polite. When i visit ajmee then i would like to book agam,17 Sep 2022,5
89630,sonu kumawat,Nice,11 Sep 2022,5
89630,md Mumtaz ansari,Excellent services,11 Sep 2022,5
89630,Manshad Naseer,Affordable Ac rooms Available. Good Service,10 Sep 2022,5
89630,ABDUL HAKIM,Very good,08 Sep 2022,5
89630,arshad,The best hotel of Ajmer,07 Sep 2022,5
89630,ARAVINDH,Nice rooms and excellent Hospitality,05 Sep 2022,5
89630,Dinesh Kumar,I like this,04 Sep 2022,5
89630,Guman Dayma,Hotel facilities are vry good,20 Aug 2022,5
89630,Prakash Maurya,outside view from the hotel...,18 Aug 2022,5
89630,Sonu,Very nice staff & clean room & perfect location,16 Aug 2022,5
89630,Kanhiya,Good service,15 Aug 2022,5
89630,Abhishek Khandelwal,Great oyo hotels,12 Aug 2022,5
89630,Ashish kumar,Awesome stay.. The satff was also good 👍,09 Aug 2022,5
89630,Salauddin Khan,Nice hotel,07 Aug 2022,5
89630,Maneesh KumarSaini,All goods,05 Aug 2022,5
89630,Naved Akhtar,"Good 
But toilet in not up to Mark",02 Aug 2022,5
89630,Abhishek Sanwariya,Such an amazing hotel,28 Jul 2022,5
89630,917222086222,Exterior good but inside not clear,25 Jul 2022,5
89630,sunil sharma,Hotel and staff great 👍,23 Jul 2022,5
89630,yaser syed,Good ambidence and helpfull staff,22 Jul 2022,5
89630,Mahesh Malani,Nice Hotel,22 Jul 2022,5
89630,Ankit Mishra,Nice stay,18 Jul 2022,5
89630,Pawn Meena,The room view is very excellent staff was so friendly cleaning was good comfort stay happy with staying cleaning everything is good 😍.Everything is okay,17 Jul 2022,5
89630,tarun kumar,Staff and service not good,15 Jul 2022,5
89630,Ravindra kumar,Its just awesome,09 Jul 2022,5
89630,Nayan Jodhawat,Reasonable prices,08 Jul 2022,5
89630,Bhagwan Ghotia,good cooperation by specially Manoj sir.... they have high level leadership quality.... deserve pormotion.... all staff is cooperative and humble.... manoj sir have a great personality and management skill,08 Jul 2022,5
89630,ashish saini,none,28 Jun 2022,5
89630,ankit kumar,Decent reception.Good staff,28 Jun 2022,5
89630,Rahul,very good,18 Jun 2022,5
89630,manmohan,awesome experience,16 Jun 2022,5
89630,bharat,Good rooms.. near from dargah.,10 Apr 2023,4
89630,Shashi Shekhar,Nice stay all services are well.,04 Apr 2023,4
89630,Rajendra sharma,Good hotel and good service,01 Apr 2023,4
89630,Bhavani,Safety is very good and clean room I like view,23 Mar 2023,4
89630,Sukhdev,"All are good,breakfast and coffee is good but coffee is more costly otherwise all is well,staff is friendly",12 Mar 2023,4
89630,Pk,"Postive points-Location good, staff good, hotel good
Negative points- bed mattress was not good, smell in washroom
Overall average to good",07 Mar 2023,4
89630,Suresh,nice hotl for stay,20 Feb 2023,4
89630,Banti Meena,Room canditon is good and hotel sarvice good very good aap,12 Feb 2023,4
89630,Vinod Sundesha,Nice palace and good behaviour of staff very well but cleaness of rooms are not good,12 Feb 2023,4
89630,Archit,It's all good to stay,07 Feb 2023,4
89630,Barkath ulla,"I booked it through OYO app a week before, when I reached hotel initially denied to provide rooms but later issued. No issues with rooms.",23 Jan 2023,4
89630,Bhavani,Low price rateed rooms,22 Jan 2023,4
89630,Sushil Gollen,so beautiful property.all good,11 Jan 2023,4
89630,Tajuddin Vali,"Staff is very cooperative and available all the time, alloted room's washroom could have been fixed better.",11 Jan 2023,4
89630,Kuldeep Choudhary,"Hotel is very nice... good location,eco friendly... when you come ajmer than plz come here for stay service is good",07 Jan 2023,4
89630,Faiyaz Alam,AwesomeIt was awesome 👍.The beauti of hotel,31 Dec 2022,4
89630,Himmat Singh,none,26 Dec 2022,4
89630,Neel Sharma,"It was good, clean and service was very well.",20 Dec 2022,4
89630,Sandesh Mahajan,"Check in was fine.. Staff is good.. But food and water bottles from outside are not allowed.. Meal is fine but little costly.. Watchman used to ping u everytime at thr gate by saying ""checkout kr rhe ho kya"" .. 
Jaise bina btaye chl jayenge unhe.. Its irritating.. But overall its a good place to stay..",10 Dec 2022,4
89630,param,"Ajmer is the best city of Rajasthan.But due to some issues we have not residential place in the night in form miscreants.
But Oyo at nankai place an amazing experience when you stay at night at there. I stayed their with my girlfriend we make some memorable moments at their without any disturbance. I thanke all staff at that Oyo staff . Thank u",05 Dec 2022,4
89630,manoj choudhary,"Food is good 
Room is betar",14 Nov 2022,4
89630,Sahil Mishra,It's good place to stay but it is little bit outside skirt of city,13 Nov 2022,4
89630,Aneej Nair,"The hotel had a good ambience, breakfast was good and staff behaviour was also very polite. The room was good however, the washrooms could have been better.",08 Nov 2022,4
89630,MAKHDUM Mansuri,Hotel location is good . Hotel view is very good . But services are poor.,29 Oct 2022,4
89630,Rajneesh Kumar,all good but their is no shop handwash and towel in the room need to improve it but overall all best for the value of money🤗,21 Oct 2022,4
89630,Bhoma Ram,ambience,18 Oct 2022,4
89630,Vikram Verma,Good for room but breakfast is not included,15 Oct 2022,4
89630,Satyanarayan Jat,good facility,15 Oct 2022,4
89630,Sameer Ahmed,Room was neat and clean & staff was friendly.,04 Oct 2022,4
89630,AVINASH TIWARI,Rooms are good,26 Sep 2022,4
89630,Ranjan,Very nice room and staff,22 Sep 2022,4
89630,Nahid Khan,It was good,19 Sep 2022,4
89630,Joydeep,none,17 Sep 2022,4
89630,Haider khan,"Fast service and nice customer support. 
With Oyo save time to find good property",01 Sep 2022,4
89630,Amit Kaushik,Hotel location,14 Aug 2022,4
89630,Abhishek Shrivastava,Everything is good,26 Jul 2022,4
89630,Parmeshwar Gujar,"Service is good.
Satisfied with behaviour.
Almost all things is very good but little things are need more imporovements",23 Jul 2022,4
89630,Amit Gupta,no good facilities,15 Jul 2022,4
89630,Suresh Kumar,very good Space to stay,22 Jun 2022,4
89630,Ayush Trivedi,"It was mainly the outer experience that is displayed for the property. Rooms were below average, highly disappointed with the rooms. Had to book in at a non oyo room in the same property.",08 Apr 2023,3
89630,vickey kumar,3Yes little bit.Facilities,05 Apr 2023,3
89630,Munalal Behers,Good hotel with nice ambiance. Food we didn't try as it was bit costly. But good room as per price.,09 Mar 2023,3
89630,Sandeep kumar,Washroom is not clean and service issue very late deliver all the things you ordered but staff is good may be Holi fest that&#39;s why service is so late.Washroom is not clean and service issue very late deliver all the things you ordered but staff is good may be Holi fest that&#39;s why service is so late.,08 Mar 2023,3
89630,Bhavani,Good food,07 Mar 2023,3
89630,Atif,"The location of this hotel is probably the best feature. It really is in the middle of Dehradun, and once at the hotel you can walk to all the shops etc.

The standard rooms are very average, and don't have windows. While not dirty, they are hardly clean either, and are pretty dingy and depressing.",19 Feb 2023,3
89630,Narendra kumar,I liked staff's behavior. Otherwise service was not good. I have booked deluxe room and they gave me normal room. No arrangement of drinking water.,12 Feb 2023,3
89630,Arpit,Room quality is so bad,05 Feb 2023,3
89630,Shivaji Maharaj,"Rooms were okay. Tv was not working, ac had no remote. Had to request for towel and lock multiple times then fot one. Rest ambiance is good and they have separate less fancy rooms for oyo. I would say for the pri e its a more than average stay.",22 Jan 2023,3
89630,Salman,Good location and room average bad is comfortable but 3 guest 1 bad not comfortable,12 Jan 2023,3
89630,Kamlesh,"Hotel is very good. Interior and room is impressive but the service of staff is disappointed me because they dont give anything to me. No soap no towel nothing.
Even I called them but they said that they not provide anything 🤐🤐",08 Jan 2023,3
89630,Prem Meher,My experience at Nanki PalaceThe restaurant and other aminities.The room provided. The distance from Durga.,04 Jan 2023,3
89630,Sukhdev,Bathroom is not good quality towels not available soaps not provided there is no water arrangments in room and not Tv and bed is not good quality,29 Dec 2022,3
89630,Raj,Hotel is good,18 Dec 2022,3
89630,Irfanking Khan,Good,07 Nov 2022,3
89630,Muhammed Suhail,"Restaurant staff is very harshous
No tv for single room
Washroom adjustable",27 Oct 2022,3
89630,preeti,Average,21 Oct 2022,3
89630,pankaj,"Hotel policy is very strick, is not suitable for students
Hotel 's eating material is very costly for students",20 Oct 2022,3
89630,Anupam,"Good hotel for a decent price ... 

Tv wasn't working ... Otherwise a good hotel for cheap stay",20 Oct 2022,3
89630,Navdeep Singh,Averaged room but outside food not allowed,15 Oct 2022,3
89630,Mahesh Kumar,Good,15 Oct 2022,3
89630,vicky solankii,Nice,13 Oct 2022,3
89630,Sumeet Bhardwaj,Good staff behaviour and cleaning,01 Oct 2022,3
89630,Saurabh,Service is good,20 Sep 2022,3
89630,Hamisul FuwadMN,No drinking water and toilet facility is average,11 Aug 2022,3
89630,Dheeraj yadav,Bad is not good,17 Jul 2022,3
89630,Anish kimar,Very bad room quality,03 Apr 2023,2
89630,SalmanKhan,"Only reception, lobby & garden is clean. 
Rooms was not nice. 

Water wasn’t draining properly in washroom.",17 Mar 2023,2
89630,syed shamshuddin,Rooms are not cleaned even they don't have foot wiping mats and bed sheets are dirty totally bad experience.,11 Mar 2023,2
89630,Asrar,The room was missing the facilities mentioned in the Oyo app,02 Jan 2023,2
89630,Amit Khanna,"No bulbs in washroom 411
No towel
No soap
No cleaning",29 Dec 2022,2
89630,Akshay,"I was denied to check in at the first place and on the gate. They didn't even bothered to talk to me at the reception. He said rudely he was the manager and talk to oyo here are no rooms. Whereas i have already paid for one. After 10 min a person came and they talked and allowed me to check in. How disgraceful! My door's lock was broken. I was not provided normal water. No shops, nothing. There was not even a phone to contact. Blanket was dirty. Pathetic service. There was no TV. They shall mention it if there are things not available. They mentioned about geyser but it wasn't working. It was my need to stay as I had the exam the next day. Worst experience.",25 Dec 2022,2
89630,Shri Kishan,"No towel was given
Washroom sink was not working 
Giger was not working
 cleaning was very poor
Staff behavior was good",24 Dec 2022,2
89630,amit,"Initially denied, full hotels booked for marriage, but listed on goibibo Oyo website, even booked via call center.

Requested a lot then room given, very pathetic, no hot water, nothing. Poor class of service.",04 Dec 2022,2
89630,919811088685 Kardam,"Smeely rooms, broken washroom, no clean bedsheets",03 Dec 2022,2
89630,Ramesh Dhakar,In booking  add a breakfast  but denied by the hotel staff,18 Oct 2022,2
89630,Hanuman singh,No tv ... I have book breakfast with my bokking but they not give any breakfast..,11 Oct 2022,2
89630,Raj Raj,[Shop and hair oil not available in wash room],10 Oct 2022,2
89630,Chandrprakash Narayandas,big open area good restaurants park banquet hall big open area parking u2026 nice residential area.no amenities in room there is only a bed in room nothing else to table no towels no service,24 Aug 2022,2
89630,Ravi kumar dholiya,"Wrost service ,in this hotel drinking water is't available and staff is nt good",10 Aug 2022,2
89630,manish singh,"Booking.com has make a fraud to me ,,,on the booking receipt it was ac room but hotel staff decline to give me ac room,,they told me we got your booking via Oyo,,,at that time booking.com didn&#39;t pick up my call not resolved my problem... booking.com🤮😡🤬.",13 Jun 2022,2
89630,Gaurav Jat,worst hotel don’t trust given photos,12 Jun 2022,2
89630,Arshad Hasan,"Pros:nStaff behaviour was good, services, ambience all good...hotel premise is quite huge and attractive, surrounding area and nearby looks are mesmerizing and pleasantnTransportation will not be an issue at any time local transports run till 11.30 pm and OLA operates 24&#47;7.Cons:nRooms were not clean at all nService phones in rooms were not workingnBedsheets, blankets seems to be old and didn&#39;t look freshnBedding mattress was local like it&#39;s a hostel bed and not a standard hotel...see picsnNo toiletries or washroom kit providednTV wasn&#39;t workingnRooms are priced high as per the facility and amenities not worth at allnIn the listing at booking.com or OYO it is mentioned that  property has AC. However was charged extra for AC. It is Nanki Palace duty to check the listing details on 3rd party sitesnHotel is far away from the key locations like 45 minutes away from Dargah, 20 minutes away from ajmer station and approx 1 hr. Journey from pushkar lake",30 Mar 2023,1
89630,MaheshBhadak,vry bad behaviour of staff & here facilities are vry poor staff commmunication is vry bad !,10 Mar 2023,1
89630,Ankit Gautam,The rooms was of extreme poor quality..no soaps were there ..unsupportive staff,09 Mar 2023,1
89630,Sankhala Singh,"3&#47;10 Rating : Outside Great , Inside DepressiveThe external look of the place is great.The bathrooms were among the worst i have ever seen nRooms weren&#39;t furnished at all nThe rooms didn&#39;t even have a telephone to call reception nNo free breakfastnThe interior of the building felt like a cheap hostel with depressive vibenThe bathrooms had window type aperture which was an unusual design element",08 Mar 2023,1
89630,919784019908 Singh,"I M Going With Oyo. But Room Was Not Clean.
Shop and Towels is Not Provided by Hotel.
Swimming Pool Not Access.
Hotel Taking charge for Swimming pool.
Staff Was bed.
I order Water Bottle.
And Come After 1 hour.
Not Good Behavior.
Don't Visit.",08 Mar 2023,1
89630,Syed Muzamil,"Room are like worst yuck, no flush in toilet,",05 Mar 2023,1
89630,Nikhil Kumar,"If there was a zero rating available, I would have given them zero stars. We arrived at 11.30 at night, starting from the room, it was so dirty, the bedsheets, the bathroom was smelling bad, and the quilt was horribly dirty with some stains. We asked them to at least clean the stuff and replace the bedsheets and clean rooms at least thrice, but got no response at last and gave up and left asap.

The ratings and reviews were what made me choose the hotel, but I will be more careful about them from next time :)",01 Mar 2023,1
89630,Dinesh Siroha,Cheap Room with cheap Room service and customer care assistant Neha not supporting properly.,20 Feb 2023,1
89630,kashif sayyed,"No bedsheet, no pillow cover, ac fan mode, TV not working, only 1 tube light, no towel, no toiletries. no cleaning, very un hygenic.",19 Feb 2023,1
89630,bhavesh patidar,Service best but napkin wrap  not,19 Feb 2023,1
89630,mana ram,I have already book 3 adult but hostel staff provide 2 person bed I am feel totally uncomfortable and west of money,19 Feb 2023,1
89630,Manish KumarSharma,"Not good room
Staff said oyo doesnt provided shop, water, towel etc
So don't book from oyo",08 Feb 2023,1
89630,Pramod Yadav,"Hotel room too bad
Staff not listening anything
Bad experience",07 Feb 2023,1
89630,Iqbal sakali,"Third grade hotel. I was booked 1 night after looking all the photos of in Oyo website . But in actual it is very room hotel room.

If you booking through Oyo they will provide you third grade room. I have booked the delux room but that idiots provide me bakwas room.

Don't see the pics and don't booked the room.

If zero rating option is available input only zero....",05 Feb 2023,1
89630,Salman Ali,Not good and not match photo in the room,04 Feb 2023,1
89630,ankit mittal,This hotel is actually a marriage garden with rooms. When i reached there receptionist told me all hotel booked for marriage. He didn't let me check in. I wasted my money and time to reach there. Very bad service by oyo.,18 Jan 2023,1
89630,Ayesha Shaikh,Worst service.Worst service,13 Jan 2023,1
89630,Kuldeep Choudhary,"Staff behaviour is to bad....i am calling them so many time for giving water bottle in my room but they doesn't come...todey the provide me room no 411 in this room's bathroom light bulb is missing
To bad experience",11 Jan 2023,1
89630,Arman Khan,No amenities and no proper service didn't like services ambience is good and sorrounding areas also...,10 Jan 2023,1
89630,Govind Singh,very bad hotel ...they charge me double,08 Jan 2023,1
89630,SAMIR TIWARI,none,08 Jan 2023,1
89630,Pradeep Sain,"Torn Blanket, Rude Staff, Broken furniture. Wrost experience ever in a hotel..If  rating goes to minus. I have rated it -10.Hotel guard was rude. He is refusing to take us in at 12:30 in night even after telling him that we have prepaid booking. Hotel room was so dirty, furniture was broken and wardrobe might fall on guest. Washroom was not clean and there is no soap or handwash and washroom gate was broken. They even didn&#39;t provide quilt in winter. They provide us 2 torn woolen blanket even after telling them that i am alergic to woolen. I have no other option else I will never stay there. My request to OYO and Booking.com. Please do quality check before listing the Property. I am too much disappointed with the Property",08 Jan 2023,1
89630,Palkar Vikram,Only entrance &amp; reception building.Worst place with low cost. I feel I have donate this money to nanki. I didn&#39;t stay in this hotel. Instead of this I slept in dharmashala by paying more cost.,02 Jan 2023,1
89630,Yatendra Kumar,In this hotel room facility is not provide which look on your oyo site,28 Dec 2022,1
89630,Asif Nabi,They don’t allow couples with id with online booking,21 Dec 2022,1
89630,Bharat Soni,"Room was very unhygienic and smelly and water gyser mot working and Tap of washbasin was not working 
And property owner were not responding to the calls and room service was very bad they didn't receive call",18 Dec 2022,1
89630,Dharm,Not good and very disturbed,14 Dec 2022,1
89630,Kiran bharti,Unpleasant smell and also very bad dirty room and also very bad room service and different from image,12 Dec 2022,1
89630,Sunil Kumar,It was a great palace but room and service was very poor.,10 Dec 2022,1
89630,D udaykiran,No room service hot water not that much of and cleaning ness bedsheet are poor worst of my money no room service avlb,09 Dec 2022,1
89630,Rahul,worst hotel ever. just looks good from the outside.,07 Dec 2022,1
89630,yogesh Kumar,"Toilet is very dirty,bed n bedsheet are unheigenic
No soap no towel",07 Dec 2022,1
89630,Aleem Ahmad,Rooms are like local bus stop’s guest rooms type,03 Dec 2022,1
89630,Dinesh,dirty room and wash room,30 Nov 2022,1
89630,Jamna kumari,It was *ok*Charges were too high for next day.It was not clear in online booking that charges are diffrent frm online booking.Food and other things were very costly.Over charges,16 Nov 2022,1
89630,Rushikesh Bhasme,"Food was okay but the rooms were very pathetic.. on entering room the bathrooms were dirty.. bathroom was cleaned by staff after intimation. 
Further the geyser installed in bathroom was not working.. therefore after raising issues in morning, another room was allotted by staff just for utilising bathroom.. 
Overall hygiene and facilities in rooms have to be improved.",13 Nov 2022,1
89630,Mayank Agarwal,"Highly unprofessional behaviour the check in time in 12:00 PM and they give the room 1.15 PM , NO food , No Kitchen staff at the time of lunch.",07 Nov 2022,1
89630,Gulshan Kumar,Not clean the room and washroom show like public washroom and washroom tap not working very bad experience this stay like i had stay on railway platform,31 Oct 2022,1
89630,Anwar Jamal,"Unheygenic room , no tv , no wifi ,room condition are very bed like a dometry",27 Oct 2022,1
89630,Dinesh Chahar,"Nothing to remember about this hotel, very bad service and hotel condition.
Location is not good and room cleaning and conditions were very very worst.",21 Oct 2022,1
89630,Mehbub Alam,Very very poor arrangment.....no well come kit..no towel no no hanger no tv no door lock no drinking water no shower....this is my first time poor experience....,19 Oct 2022,1
89630,Sajendra Singh,"Worse, blanket is so heavy, no proper lighting in rooms, no t.v., bathrom not  clean, gates r broken , Ac r not fitted properly there r gaps in window",18 Oct 2022,1
89630,Rajveer Singh,"Feel like stay in dharmshala ...👎👎 poor quality rooms...👎👎👎 Photo show on oyo are totally different from actual rooms...👎👎👎
Disappointed 👎",18 Oct 2022,1
89630,Stephen Goldthorpe,Nothing.Was told that booking was not confirmed multiple times although booking had been paid for 9 days prior. Ended up going to another hotel. I am embarrassed on their behalf.,18 Oct 2022,1
89630,RAWAT KRISHNA,Refused to give room to me 12 so took extra charge to give room 12:00 ₹ 100 I packed after that gaveRefused to give room to me 1200 took extra charge to give room 1200 I packed after that gave me room and what I paid online for Oyo also not refunded.Refused to give room to me 1200 took extra charge to give room 1200  I packed after that gave me room and what I paid online for Oyo also not refunded,18 Oct 2022,1
89630,Vikash Chandra,Not good stuff no proper festivity our hotel toilet and room also very poor i am not happy stay this hotel,17 Oct 2022,1
89630,Kanhaiya,No complementry breckfast no water,16 Oct 2022,1
89630,ladu lal,none,16 Oct 2022,1
89630,Ashok kumar,Note food delivery,16 Oct 2022,1
89630,Ashish Sharma,There is neither table chair in the room and service is slow.  Oyo Hotel's free breakfast is also fake.,11 Oct 2022,1
89630,Hariom,I book room on app and the just say we can't gave you room,02 Oct 2022,1
89630,Sunil Kumar siyag,none,28 Sep 2022,1
89630,Vijay Meena,"Bed experience with this hotel, TV not working, mostly Hotel room service is zero. Hotel staff bed.",17 Sep 2022,1
89630,shiv,Very bad service and hotel staff and manager are too rude and uneducated. They don't have manners how to behave with child and women's.,10 Sep 2022,1
89630,Jason Ribeiro,Please avoid this property. There are lots of concerns the staff isn’t fixing,08 Sep 2022,1
89630,Khiladi Meena,Room is not upto the mark and bed is in poor condition.. first time unhappy with Oyo service,06 Sep 2022,1
89630,siyad,Very bad service,28 Aug 2022,1
89630,Rajeev,none,22 Aug 2022,1
89630,Mohd Gulzar,Not good worst service room are dirty washroom is not clean and leaked water from washroom please waste your money here it's too bad 😠😡😡😡😠,15 Aug 2022,1
89630,Deepak Yadav,No light no response no water,14 Aug 2022,1
89630,Manmohit,"No water in bathroom in morning,no any towel and soap provided.
In room termites was found.",02 Aug 2022,1
89630,Shankar Lal,"Reception manager is not a clearly responsible person
Room service in housekeeping services not clear very poor service Rome is not clean bathroom is not clean all materials my room only my opinions is very bad and manager in high level",01 Aug 2022,1
89630,Jitendra Yadav,everything is very bed,24 Jul 2022,1
89630,Dharmendra,Everything of this hotel is worst... they called me at midnight for paying dinner Bill.. it's rubbish,24 Jul 2022,1
89630,shani kumar,most bekar hotel ever .. very rude staff  do not book this hotel,07 Jul 2022,1
89630,shubh,misbehave nd very bad service,27 Jun 2022,1
89630,Vikas,"worst and very worst service. Non AC rooms are just like dustbin. I've never seen a more messy hotel than this in my life. I suggest to every one please read my comment before booking this wort ever hotel. Kachra hotel, ek dum bakwas hotel.",22 Jun 2022,1
89630,Gauri ShankarManda,Worst,18 Jun 2022,1
89630,Bheem,"Ghatiya staff, ghatiya service and dirty and poor room,",13 Jun 2022,1
