hotel_id,user_name,review_text,date,title
109402,Kuldeep Kumar,Average,18 Feb 2023,5
109402,Tejpal Thakur,none,15 Dec 2022,5
109402,Vijendra Kumar,Very nice,06 Aug 2022,5
109402,Pravin Kumar,"I had a wonderful stay at this hotel. The room was decent and clean, the service was very good, and the staff were all polite and kind. The only thing I didn't like about it is that the food wasn't very good.",10 Jul 2022,5
109402,Rajat,"I stayed at the hotel, and it was a good experience. The room was clean, the staff was kind, and the amenities were all good. I would recommend this hotel to anyone who is looking for a sekendra raw taeshil nearby.",10 Jul 2022,5
109402,Prashant,safety and security,09 Jul 2022,5
109402,Manpreet Singh,"I stayed at the hotel and I have to say, the service was average. The rooms were not cleaned properly, the bedsheets were not clean, and the AC was working but it wasn't cooling down the room. I would stay away from this hotel if you want something a little nicer.",30 Jun 2022,5
109402,Sanoj Kumar,nice,06 Jun 2022,5
109402,Rahul,"I've stayed at many hotels in my life, but this one was overall good. The hospitality was good and the behavior of staff was polite.",31 Jul 2022,4
109402,Muzammil Ali,"I had a good experience at this hotel. The hotel was good, the staff was helpful, check-in was hassle-free, the ambiance was good, and the room was comfortable with a tv and AC.",31 May 2022,4
109402,Sumit Chaudhary,Oyo is best👍👍,21 Nov 2022,3
109402,Lalit Kumar,Expected better but it was okay okay,24 Oct 2022,3
109402,NARENDRA KUMAR,Despite I have booked suit rooms the hotel owner asked me ro pay extra Rs. 400 for each rooms for AC. The condition of the rooms are not hygienic. Not satisfied. Morning breakfast is ok.,26 Sep 2022,3
109402,Alix Akhtar,"I stayed at the hotel but I was not happy with it. The first day, I found that there were extra charges of 500 and when I checked in, the room was neat and clean but on the second day, I found that when I went to the washroom, it wasn't clean properly. Overall experience, average",04 Sep 2022,3
109402,Aditya,cleanliness,30 Jun 2022,2
109402,Abhishek Yadav,"air conditioner not running,",30 Jun 2022,2
109402,Hemant Kumar,Room and bedsheet was dirty .,05 Dec 2022,1
109402,Devendra Gupta,want to Extra Amount,11 Nov 2022,1
109402,karan PratapSingh,none,16 Oct 2022,1
109402,Abhishek Yadav,Misbehave and demand for extra money,05 Oct 2022,1
109402,shubham kumar,Very bad,30 Sep 2022,1
109402,Nitin,"He is not following oyo guidlines, charge extra paymant",24 Jul 2022,1
109402,Manpal,"I was really excited to stay at the hotel because it looked so nice on the website. But when I got there, I was disappointed. The AC wasn't working and they charged me extra 1200 rs for the check-in. The room was also not as nice as it looked on the website.",16 Jul 2022,1
109402,Krishan choudhary,"Not clean room very dirty
 ac and fan are not properly working",04 Jul 2022,1
109402,Kapil Kumar,it will demand very high money and not to Authorise Oyo Price  I have pay 1500Rs,09 Jun 2022,1
109402,vishal,I had to pay extra money for check in,29 May 2022,1
