hotel_id,user_name,review_text,date,title
112765,Vivek Kumar,none,05 Aug 2022,5
112765,Ajay,"I had a great stay at the hotel. The room was clean and fresh, and the staff was very friendly. The location was a bit far from where I needed to be, but it was worth it for the quality of service.",12 Jun 2022,5
112765,ayaz,"My stay at the hotel was pleasant. I wasn't expecting much but it was as good as. The beds were comfortable and the shower pressure was superb. They clearly take pride in their work and were always happy to help me with anything I needed, even if it wasn't on their list of service.",11 Jun 2022,5
112765,Mr. AJ,"I had a nice sleep at the hotel. The room service was good, the location was nearest to the bus stand and the price was affordable. The staff was helpful and frank. I did not have any issues with them and I will be visiting the hotel again soon",31 May 2022,5
112765,Ammu,In this hotel light is perfect washroom was clean and water is available and one more thing is parking system is good,16 Aug 2022,4
112765,Gaurish Kumar,I stayed at this hotel and I had no complaints. The staff was friendly and the room was clean. The AC was working well and the TV was very nice. I didn't have any problems at all!,06 Jul 2022,4
112765,Nazim Sherwani,"I had a great stay at this hotel. The staff behavior was good, the price was ok, service was ok. All over had a good experience at this hotel. The hotel was all ambiance where the TV was good.",10 Jun 2022,4
112765,Ishtiaqahmad,good,05 Jun 2022,4
112765,Dipanshu Yadav,The room was not as shown in the picture also the geyser was not working no tv in the room blankets were of also very low quality and the bed was of also very low quality wood even it sounded while sitting on it,27 Dec 2022,1
112765,Atif Ali,none,02 Oct 2022,1
112765,urooj ul hasan,First thing is the hotel reception person money increase when I reached at hotel,21 Sep 2022,1
112765,Ali Muqeem,Bad manners bad i don&#39;t like these talksnNo water no clean rooms.Money charges off line very High 1200 start pricenOnline 500 Rong,17 Jul 2022,1
112765,Yogendra KumarSingh,"third class hostel, that's why I cancelled my booking",15 Jul 2022,1
112765,Firdaus,AC was mentioned but it was not there in room. also washroom tap was not working,03 Jul 2022,1
