hotel_id,user_name,review_text,date,title
161125,radhika goyal,Very very very nice 😘,23 Apr 2023,5
161125,radhika goyal,Awesome,03 Apr 2023,5
161125,Rahul Mittal,Good staff 👍 good,10 Nov 2022,5
161125,Vipin Sharma,"All services is good.
Like cleaning",21 Oct 2022,5
161125,Abhay Pratap,Nice,15 Oct 2022,5
161125,Ajay kumar,1st class,13 Oct 2022,5
161125,Himanshu,Nice room and Amazing Hotels,14 Aug 2022,5
161125,Rajesh Kumar,thik h but room size k. h,02 Aug 2022,5
161125,Ejaz Hussain,"Everything was okay, but the receptionist tried to charge extra money from us. 
However, when I contacted OYO customer care, they immediately managed a call to the hotel and everything was settled.",11 Mar 2023,4
161125,Vineet Sharma,"nice room, nice location with parking Facility but i have some issues as tv is not working but overall good experience",29 Jan 2023,4
161125,Adil Khan,none,20 May 2023,3
161125,Santosh Kushwaha,The hotel asked for extra money at the time of check in. Place was clean the room was good but a little damp and smelly.,24 Jan 2023,3
161125,MC SPORTSWEAR,Room is so bad and small size,20 Mar 2023,2
161125,Harshvardhan,Rooms are not cleaned very unpleasant bathroom are not well maintained there no bathroom kit and towels were given.,09 Jan 2023,2
161125,bipan kumar,No water and dirty room and washroom fully smelly in room i want my money,23 Mar 2023,1
161125,Kamran,"i booked the room through oyo under 500 
And when I went to the hotel, my phone was showing my box on the hotel mobile Rs.1349/= My very bad experience for OYO",15 Mar 2023,1
161125,Sumit Singh,receptionist ask for extra money which i paid online ..... i had to give extra 300 rupee over i paid online through app...... it was very bad experience,12 Mar 2023,1
161125,Vikrant Singh,I have charged Extra Money of 500 Please Support Oyo Team she Asked me To Extra Pay,10 Mar 2023,1
161125,Shashank Bind,"This hotel charged me more than what is showing on the app. charge means too much charge like showing on the app 499 and they charged me 1200. means there is no use of Oyo. and why Oyo hire these kind of hotels, I don't know. pathetic, reception guy is also very rude. won't recommend at all
Extra charge 620rs 
And room was also not clean gutakha pan masala are also in the room",13 Feb 2023,1
161125,Yash,Hotel staf is good bt bathroom is very small and tv is not working and extra charged was 500  separately,10 Feb 2023,1
161125,Mayank Varshney,"HOTEL WELCOME CHARGED EXTRA 300 RUPEES FOR ROOM 

I THOUGHT ITS WASTE OF MONEY SO THANKU AND I REMOVE THIS APP",10 Jan 2023,1
161125,Akash,Extra money Charge,24 Dec 2022,1
161125,Rohit Singh,"Poor staff
All this poor 
Everythings not in good manner",31 Jul 2022,1
161125,Ahmad Ali,not ac in room,18 Jul 2022,1
161125,Pankaj Kumar,hotel owner not allowed to my room,19 Jun 2022,1
