hotel_id,user_name,review_text,date,title
172765,Vishal singh,Very cooperative staff.All things fine,24 Jan 2023,5
172765,Sandeep,It's very nice 👌 and carefully and it's services are very helpful hotel is very neet and clean. It's too good,15 Oct 2022,5
172765,Sandeep,Hotel is so... good location.. and it's staff are very helpful.. rooms are very clean and friendly..,31 Aug 2022,5
172765,Rajan,best hotel,14 Jul 2022,5
172765,Raam,perfect stay,13 Jul 2022,5
172765,Arpit,awesome stay,13 Jul 2022,5
172765,Madhu Wala,"Room was so dirty,  no ac in room..",29 Sep 2022,3
172765,Praveen KumarSingh,Hotel charge me extra amount of INR 4000.00 SO very bad experience,14 Mar 2023,1
172765,AKASH KUMAR,I don&#39;t like anything.They did not give me check in and said that rooms are not available while i was paid full amount in advance.nnThey treat me very bad.nnAfter a lot of fight they gave me a room that means the room was available but still they denied me to check in.,24 Dec 2022,1
172765,Rajkumar Singh,"Nothing to like anything....neither room nor the washroom was  cleaned, Old sheets and room was full of spider webs.. Also, rooms were smelly.. I understand it was under renovation but basic cleaning of rooms in use is a logical thing... I don&#39;t understand how can people rate it as good... nnI will not recommend this to anyone..",13 Nov 2022,1
172765,Saurabh Varshney,Room is dusty and poor,07 Aug 2022,1
172765,Uday ojha,"I booked Ac room but they gave non AC room and also Dirty badsheet bad mattresses  uncleand floor , washroom humid room no ventilation 
No wifi no telephone service no water and smelly room 
It would a nightmare for me after very discussion they did not help me because of my exam on the tomarrow morning I stayed in that room so plz Oyo take your service back from that place",02 Aug 2022,1
172765,Tushar Saxena,"Bad room 
Stinky smelling 
When I booked an AC room the owner told our ac was not working unfortunately i stay in normal room 
Bedsheet was very dirty
Washroom not clean
Never ever go again",27 Jul 2022,1
