hotel_id,user_name,review_text,date,title
191598,Shivam,Nice,08 Dec 2022,5
191598,Raushan Raj,Nice room .. couple friendly....well behave by staff,15 Oct 2022,4
191598,Shiv KumarGoswami,This owner has no give me room toh booking online he has extra money for online booking that online booking price 372 only but owner has take to me 700 I give not this money he told me that room is not available so please,16 Nov 2022,2
191598,Irshad ali,Without any information extra charge will be pay in hotel warning property it is very bad no booking in this hotel,18 Nov 2022,1
191598,Surrender Saini,Demand for extra money first they said they have no room u need to come with offline,08 Nov 2022,1
191598,Rahul,Extra charges after booking paid,07 Nov 2022,1
191598,Mukesh Chand,none,20 Oct 2022,1
