hotel_id,user_name,review_text,date,title
202963,Gagan Shakya,"Staff was well behaving nature , every thing was Easley available because of good location, every one appreciate visit",11 Mar 2023,5
202963,Himanshu,Nys and pleasure think and cleaning and safe,11 Feb 2023,5
202963,satendra kumar,Good,25 Apr 2023,4
202963,Junaid Moni,It's quite good rooms are not big but reliable and not touch expensive affordable prices after all the place is good and affordable,18 Apr 2023,4
202963,Shiv,I loved stayin in,05 Apr 2023,4
202963,Vijay KumarChauhan,The hotel is good for stay and clean experience was good when we are stay at this hotel I will again stay in this hotel room,29 Mar 2023,4
202963,Rahul,Good,18 Mar 2023,3
