hotel_id,user_name,review_text,date,title
204796,praveen dhakrey,none,26 Mar 2023,5
204796,VIKASH KUMARMAHTO,Very nice hotel I like the hotel staff and room will so good next time i will stay that hotel staff is very good,09 Mar 2023,5
204796,Gshs,I have good experience for that hotel its staffs very good and all facility is seme,05 Mar 2023,5
204796,Ankush,"Average hotel room, bathroom is worst,shower was not working, bucket and mug are dirty.",24 Apr 2023,3
204796,Arshad Ansari,The bathroom toilet will not clean and become dirty,16 Mar 2023,2
204796,Mayur Pachori,"Room not clean washroom no shop no colgate kit no towels and check  out time waiting 2h reception man empty reception no. Off no GST Bill.
Me first time oyo room use very bad experience.....",19 Mar 2023,1
