hotel_id,user_name,review_text,date,title
60812,Anand Kumar,osm,26 Jun 2022,5
60812,Guests,"Very peaceful location,
Beautiful and no disturbance...👌👌",26 Jun 2022,5
60812,shubham Sharma,osm,15 Jun 2022,5
60812,Anuj,osm,13 Jun 2022,5
60812,Sahil Raza,Room is dirty with washroom and all room dirty smile bedsheet was not dry clean,25 Jul 2022,2
60812,Romas Singh,"Oyo service was not available in that hotel and they said from last 8 months they blocked all bookings through Oyo, that was very bad experience at night 2:30 am I have nothing to do.",19 Feb 2023,1
