hotel_id,user_name,review_text,date,title
61470,Rakesh Khatri,I did not checked in .. Hotel manager denied my check in,11 Apr 2023,5
61470,VISHAL singh,"The hotel room was good, clean and the hotel staff extremely nice. Breakfast was very good and the restaurant cute. Later they gave us an upgrade and our stay was even better. Just wish the bathrooms were more spacious.All good",15 Mar 2023,5
61470,VISHAL singh,Very cooperative staffAwesome 👍.Na,14 Mar 2023,5
61470,Sahil Kumar,"I liked the rooms .. the cleanliness of the hotel and the also the condition of the hotel is fabulous and the receptionist's behaviour is very good towards me ..
I hope I'll visit the hotel again ❤️",06 Dec 2022,5
61470,Rupendra singh,Hotel was good... Hotel staff is very polite... Room was neet and clean.... Hotel staff provide towel and one small shop for hand wash..,11 Aug 2022,5
61470,Raj kumarsingh,Good oyo for low price,17 Apr 2023,4
61470,Vishal Sharma,Good,12 Mar 2023,4
61470,XXX XXX,Good service,19 Jan 2023,4
61470,Sunil Kumar,"I had the best time at this beautiful hotel and couldn't have been more pleased with my stay. The staff were all very polite, the room had all the amenities I needed and it was beautifully decorated. It's a great place to stay!",23 Jun 2022,4
61470,kc sharma,Better service,06 Sep 2022,3
61470,Anuj sheoran,"I was really happy with the location. It was a little bit out of the city, but it was worth it because the room was really nice and clean. The staff were helpful, but not that much.",01 Jul 2022,3
61470,Rahul Verma,Mostly hotels are not accept the same price as shown in tha app of oyo,22 Oct 2022,2
61470,Farhan,"No privacy, washrooms very dirty, ventilation problem, bedsheets smelly and dirty.",19 Aug 2022,2
61470,Kashish RajNigam,They asked for extra 200 rupee when i ask for screenshot of price showed in their app that person add tip 200 and continuously ask for extra money,11 Apr 2023,1
61470,yatendra raj,Extra 200 charged,22 Oct 2022,1
