hotel_id,user_name,review_text,date,title
103871,Ashiq S,Good parking silent environment,09 Nov 2022,5
103871,kanhu murmu,It's Amazing stay,30 Oct 2022,5
103871,Mohd Shafeed,Good,09 Oct 2022,5
103871,Durga Prasad Vaka,Superb Check-in experience,15 Sep 2022,5
103871,Sreenadh ES,good stay..good service,31 Jul 2022,5
103871,Midhunkrishnan,"really nice to stay 
nice staff and service",27 Jun 2022,5
103871,Kiran Jacob,good,23 Jun 2022,5
103871,King,Rooms or very Clean ❤️,06 Jun 2022,5
103871,Rajeeth,The price is not the same as quoted in OYO app. I had to pay 1000 rupees extra for 2 days stay.  But apart from that the staffs were good and very supportive.,02 Oct 2022,4
103871,Vivek,The pics shown here are not of this property. I booked and reached the location only to know that I've been cheated by oyo. The caretaker over there was not very polite. When I told him about the problem he told me to try calling oyo customer care and cancel the booking but he was sure that they are not gonna attend my call. The guy complained about oyo not paying them regularly and asked me to call them prior to paying the amount in future. He even went to the extent of asking me what will you do if we won't accept your booking even if you pay online? Apart from that everything else was good. The rooms were clean and the room service was okay.,31 May 2022,4
103871,Asfar biju,"I have already Booked a room and when i reached the hotel , they were not able to provide me a room, and the said they can provide rooms at some other hotels. Such a very bad experience ever i had. I was not able to cancel or get a refund, so i had booked another hotel again using makemytrip app,
I recommend everyone not to book this hotel by any chance, I have lost my money and i have lost all the trust to OYO",08 Apr 2023,1
103871,akil babu,room was not as shown in Oyo and i had to pay extra 800 rupees for 1 day stay. Very bad experience..,07 Apr 2023,1
103871,Hisham,No rooms,10 Mar 2023,1
103871,Santosh,"Very Bad Behavior, rude  of hotel manager, upon booking he made us to wait for 1 hour. Felt like stayed in free charity home.  TOTALLY WASTE.",20 Dec 2022,1
103871,Jince,Please don't book this hotel. This hotel doesn't even exist at all. Don't pre-pay the amount and you'll lose the money. OYO is literally supporting this scam. They don't give our money back even if we raise a dispute. The customer care service of OYO is so poor. Be care full of this fraudulent hotel.,07 Dec 2022,1
103871,Ansar AN,They have shown a different room.. pls don't book with the current photos. This is completely cheating customers... pls don't book rooms here.first they asked how much price I have paid. They were trying to reject my check in due to my paid amount.,04 Dec 2022,1
103871,Karthik Chowdary,"Owner has asked to me pay extra,initially i have booked and paid the amount in Oyo,after reaching location he has asked me to pay 500 more,ignore this hotel Guys,people coming from our side Kerala,please ignore this hotel they are showing regional feeling also,and the room which has given is single bed and a small room",28 Nov 2022,1
103871,Rageev Kr,They are cheated  me...I book through oyo but when I reached at the hotel they told me their is no rooms available...and I lost my advance amount...,08 Nov 2022,1
103871,Sooraj,Very disappointing.no water in toilet.they r not attending calls.ther r no one in reception while going for complaint about this in morning.they didnot recharg the cable connection for even afte several remaiding..you have learn music b4 booking room since there is no lock for bathroom.the place is different from what they have given in profile. don't become fool.,25 Oct 2022,1
103871,Soorya Subhash,"This is a SCAM!. The sample photos are of another hotel and they charge extra money even after paying full money shown on oyo app. Moreover, the guy at the counter made us highly inconvenient with noting down our vehicle registration number. Strictly NOT RECOMMENDED FOR COUPLES!!",20 Oct 2022,1
103871,Misan,"Nothing same as shown or mention in the listing, i have booked for 3 guests they supposed to give us a extra bed but they asked 250 extra for extra bed. Rooms are not as clean as expected and service sucks.",15 Oct 2022,1
103871,sandeep sinha,Hotel denied checkin,03 Oct 2022,1
103871,Arafath K,Wrong photo.,08 Sep 2022,1
103871,Feby JoyCherian,"Very very bad experience
They charged extra 1000ruppees to stay which was not mentioned in Oyo app",05 Sep 2022,1
103871,Anas Siddiqui,"I did not even checked into this hotel because the property owner and oyo did not allow me to. The property is also different that what was shown in the App. I need refund.
Worst service i have ever received.",04 Sep 2022,1
103871,Amar Habib,They Charge 500 extra on Above Oyo Booking,17 Jul 2022,1
103871,Sri Harsha,not suitable for families.. there is a dead rat in the parking lot and he is not even bothered to clean it even though we have told them several times...,06 Jun 2022,1
103871,Thanga Kumar,worst stay ever. pathetic,04 Jun 2022,1
103871,Vishnu K,I booked a room near the beach and it was deluxe room with view. I've paid in advance. I got a room at a different property with smaller room with out any view. didn't even get any intimation regarding the change. couldnt change or complaint as it was last minute and had to take whatever available. I won't be ever using oyo again.,03 Jun 2022,1
