hotel_id,user_name,review_text,date,title
100255,Yogesh Kumar,Nice rooms,22 Apr 2023,5
100255,Jatin Patwa,"Very helpful staff. Always eager to help out, doesn't misguide.",21 Apr 2023,5
100255,Tusar Kanti,Location is very nice. Behavior of staff is very nice. I will suggest every person to visit this hotel at least once.,18 Apr 2023,5
100255,Upender Singh,Good room and nice sttaf,16 Apr 2023,5
100255,Arjun Singh,Value for money,18 Jan 2023,5
100255,Sunny Yadav,"Specious room, neat and clean",05 Jan 2023,5
100255,Suraj Patel,Wonderful room OYO thank you so much money save 100%. Onley 600 rs room AC with Tv all future nd. Thanak you,20 Dec 2022,5
100255,Amar Singh,"hotel is good, coprative staff, rooms need and clean,  wifi available, 
wifi facilities available,  need and clean rooms, sofa and table in the rooms",16 Dec 2022,5
100255,Karan Kumar,I really like it,26 Nov 2022,5
100255,Arshdeep,Oyo was very good app,20 Nov 2022,5
100255,Parveen,Very good,19 Oct 2022,5
100255,Harsh,Nice staff,18 Oct 2022,5
100255,Ayush Dhiman,none,20 Mar 2023,4
100255,Amitkumar Garje,"Staff is very good, cleaning is ok,",01 Dec 2022,4
100255,Naveen Gulati,"Stay was good. He received us out of the way by coming on main road and accommodated everything required for us.

Hot water and parking available",27 Nov 2022,4
100255,Amitkumar Garje,Room service is very good and staff is very cooperative,27 Nov 2022,4
100255,Vipan Dass,"Nice Hotel, Near to main Road, Approachable, Coperative Staff, Neat & Clean, Good service, Value for Money.",24 Nov 2022,4
100255,Nitesh,This app is too good for all passengers,23 Nov 2022,4
100255,Jitendra,Nice,20 Nov 2022,4
100255,Vipan Dass,"Nice Hotel, Easy to Approach, Neat and Clean, Cooperative Staff, Specious Rooms, Good Room Service, Value for Money.",08 Oct 2022,4
100255,Shibu SNair,The hotel was pretty good. But no ventilation. Staff were good at service. No food was provided. Bath room was quite neat with hot water facilities.,22 Apr 2023,3
100255,Vinay Bharara,Property locations is average food is also average they serve in disposable only safety standards are not good as back up of electricity is not there so we are getting late for shower. No windows in rooms.,03 Feb 2023,3
100255,Hitesh,"Not clean, no drinking water",03 Dec 2022,3
100255,RAHUL PATHAK,Not perfect,25 Oct 2022,3
100255,Nandita,"TV was not working, no room service and no power back up.",06 Feb 2023,2
100255,Sandeep Kumar,"There is smell in the room as well in the bathroom. The TV is not working. 
The TV is not working.  There is smell in the room and the bathroom.",24 Dec 2022,2
100255,Dinesh Solanki,First thing first when you show what you offering and what customer is seeing so if you can't provide then stop posting pictures of you are not offering,17 Dec 2022,2
100255,Sahil Customer,"Gyser is not working 
Bed sheet is dusty",14 Nov 2022,2
100255,Jai Kumar Jha,"Room was good but TV ,Geyser in the room was not working and during my stay of 3 night not a single time room and bathroom was cleaned.",28 Oct 2022,2
100255,Sunil Jumar,Location is so far from Golden temple,27 Oct 2022,2
100255,Kashif Iqbal,"No Wi-Fi
Dirty room
No water
No geyser",25 Oct 2022,2
100255,Satyam TRIPATHI,Owner denied to give room ...,08 Apr 2023,1
100255,Swarnima Paliwal,We booked deluxe room but they gave some basic room to us which was very dirty and small. Then we asked is this a deluxe one or not. Then they gave us the deluxe room. That room was smelling very bad. Washroom was not clean at all. No hand soaps or towel. TV wasn't working and they have mentioned TV in their amenities.,21 Feb 2023,1
100255,Gaurav Gupta,Never visit this hotel,15 Feb 2023,1
100255,Deputy Venkatesan,Geyser not working. Complaint so many times for change the room but no response,04 Feb 2023,1
100255,Amit,none,18 Jan 2023,1
100255,Dhiraj KumarSoni,Not good sarbish,05 Jan 2023,1
100255,Amrit,When i go there that .. That was not this hotel,19 Dec 2022,1
100255,Aditi Dangi,Total waste of money..Bathroom Gyser was not working.nStinky blankets.,18 Dec 2022,1
100255,ATUL MALHOTRA,I complained 4 times to oyo that there was an shoot out in the hotel but you didn't do anything about this. Not good on part of oyo management,13 Dec 2022,1
100255,Ujjwalsingh,Totally zero..very dirty rooms,08 Dec 2022,1
100255,Yatindra Pratap,"No active gyser in room although there is 8 degree Celsius temperature, bedsheets are very dirty, behaviour of staff is vary bad and so many bad cause behind my rating",07 Dec 2022,1
100255,Pawan Kumar,All facilities very poor .there is no TV available in any room no any other facility available .,23 Nov 2022,1
100255,Remo,Hotel is dirty  and there is no geyser,21 Nov 2022,1
100255,Abhilash,Horrible experience.. they didn’t even have water sometimes.. nd clearly denied hot water.. nd no tv was provided..,17 Nov 2022,1
100255,Puja Gupta,"No drinking water facility, jo geyser, unclean rooms and bathroom, will never recommend this place to anyone....",16 Nov 2022,1
100255,Sanjiv,"I stayed at OYO hotel on 13 Nov 22 at Victoria hotel in Amritsar, Punjab. I went the hotel at 09 PM in the night. I didn't got the room which I have booked in OYO application. Room was in Very pathetic condition, Unserviceable TV was there, even after telling to staff about this issue, he could not arrange this and he did not change the room. Secondly, after 2 hours I seen water supply was not there in wash basin of Bathroom due to unserviceable tap. Very bad experience I have seen. I advise people should not go for OYO because after booking, things will not be in your hand and you have to accept the rokm with issues of bad condition.",15 Nov 2022,1
100255,Gurpreet Singh,Worst,07 Nov 2022,1
100255,N ROBINSONSINGH,"Worst hotel ever. Lot of issues faced while staying like no water at midnight, cleanliness issues, non-cooperative staff",06 Nov 2022,1
100255,Manjunath Kumar,"Not good facilities, tv not working..land line in room not working...not good rooms..",06 Nov 2022,1
100255,Rajender Sharma,There was no bucket in the bathroom.  Too much smell in the room.  Bad LED doesn't work Fan doesn't work Are all these things kept to show,27 Oct 2022,1
