hotel_id,user_name,review_text,date,title
103950,Bhaskar More,This hotel very fabulous room location very nice and luch and dinner very tasty and lovest,25 Apr 2023,5
103950,Monty,Room was well cleaned also have parking facilities moreover staff behaviour was good best hotel to visit in amirtsar with affordable prices,17 Apr 2023,5
103950,Harshal Bhatia,Location is perfect and big rooms as compared to other hotels,17 Apr 2023,5
103950,manoj,Very nice hotel osm room's and good behaviour all staff,02 Apr 2023,5
103950,JiteshKhurana,"Nice location and clean rooms, booked it for my parents and they had a good time",21 Mar 2023,5
103950,Vinay Tiwari,Wonderful experience in staying,20 Mar 2023,5
103950,Baljit Singh,Everything good staf ect service,17 Mar 2023,5
103950,CHETAN GARG,Everything is good in hotel,17 Mar 2023,5
103950,Nipanjana,Very clean room and well behaved staff,10 Mar 2023,5
103950,Nakul,"Best hotel, room is so clean and bathroom is also clean..best service and  best food …everything is perfect ..",05 Mar 2023,5
103950,Baljender Singh,"Supporting staff, cleaned premises. 
Hazel free check out process",04 Mar 2023,5
103950,Dipti Das,Awesome,04 Mar 2023,5
103950,Om Deep,Great experience at low price.,28 Feb 2023,5
103950,Harpreet Kaur,Cooperative staff… goods services,08 Feb 2023,5
103950,Aman,Good experience . Nice location. Cooperative staff polite and rooms were clean and hot water available 24hour,31 Jan 2023,5
103950,Mr. Bhagat,"Hotel iss very good 
 Awsm location  
Neat and clean rooms 
 Staff iss too good  
 Tasty food and  under 1 kl mtrr bus stand and golden temple",11 Jan 2023,5
103950,Vijay Rajulwala,"Good hotel closer to ISBT Bus stand, Polite and helpful staff. Don't expect tea at 7am.",19 Dec 2022,5
103950,Sahil,Very nice room and staff,16 Dec 2022,5
103950,Sai RomitMohapatra,Location and cleaning is up to the mark. Staffs are well behaved and very attentive.,14 Dec 2022,5
103950,Pankaj Sharma,Its a nice place to stay . Best hotel in that area. Clean and Tidy Rooms and washroom. Overall its a good experience.,06 Dec 2022,5
103950,Anchal,"Very niceee stay near buy to golden temple , bus stand and good food . Easy to locate and recommended to the society !",05 Dec 2022,5
103950,Lovepreet Singh,Osm,05 Dec 2022,5
103950,Preetraj,Good place to stay in. I visited recently and the room were clean and though staff is friendly and helpfull.,30 Nov 2022,5
103950,Mangesh Kulkarni,Very nice,26 Nov 2022,5
103950,ravinder singh,Cleanliness and hygienic food impressed me to visit this property again....... 9238366674,22 Nov 2022,5
103950,Parvinder,Such a nyc ambience.... So delicious food.. Best for the family stay,20 Nov 2022,5
103950,Ishwinder,Good,19 Nov 2022,5
103950,manjit,Nice,14 Nov 2022,5
103950,Ramneek,Very good hotel located at Central location and has great ambience,03 Nov 2022,5
103950,Parasjeet Singh,room was neat and clean,03 Nov 2022,5
103950,Ranjit KumarDutta,Good,15 Oct 2022,5
103950,919205013986,An excellent place in budget.,10 Oct 2022,5
103950,RAVINDER KUMAR,Very clean and very comfortable.  Staff behavior is very good 👍,09 Oct 2022,5
103950,Udit Dutta,Great Stay,04 Oct 2022,5
103950,Masthan,It was  good room,01 Oct 2022,5
103950,Nabakrushna Behera,"Location of the hotel, cleanness of the room, food quality as well as overall hospitalities were very good.",29 Sep 2022,5
103950,Riffat,Very satisfying stay,28 Sep 2022,5
103950,Sneha,Good Experience,23 Sep 2022,5
103950,Arnab Sinha,Good clean rooms and services,23 Sep 2022,5
103950,ravinder singh,Awesome stay,18 Sep 2022,5
103950,Ankit Adani,Staff is very co operative,15 Sep 2022,5
103950,Balwinder Singh,Reception was very friendly and clean rooms and amenities,15 Sep 2022,5
103950,Shivam Saxena,Pleasant staff,15 Sep 2022,5
103950,ravinder singh,Stay was nice..... Awsome food,14 Sep 2022,5
103950,Chandrashekar Vooturi,"Excellent ! Went with parents, this is a no non-sense place. Staff is very friendly, went above and beyond to help us. I recommend this one",13 Sep 2022,5
103950,Aadarshbhushan Singh,Nice Stay,11 Sep 2022,5
103950,ravinder singh,Nice stay..... Staff is good,09 Sep 2022,5
103950,Jitendra,"Service was really good, good staff",07 Sep 2022,5
103950,RanjeetSingh,Awesome rooms,03 Sep 2022,5
103950,Onkar Vats,Very good,02 Sep 2022,5
103950,Vishal Khanna,"Room service is good, staff is taking good care of guests. Washroom and bed sheets were clean, AC working properly",02 Sep 2022,5
103950,Prashant,Excellent Rooms in affordable price Rooms are cleaned and fresh👌staffs are polite,28 Aug 2022,5
103950,Shashank,Location and room was very nice,23 Aug 2022,5
103950,Debashish Das,Excellent stay. Peoples are very cooperative.,21 Aug 2022,5
103950,Hunny Bajaj,Great !,18 Aug 2022,5
103950,ravinder singh,Excellent stay...... Ultimatel punjabi food,17 Aug 2022,5
103950,Param,Good as always.....,17 Aug 2022,5
103950,Gurdeep Singh,Very nice staff and room is very well,12 Aug 2022,5
103950,Abinash,A nice stay wid good staff and ambiance glad I found this hote. Best hotel in Amritsar wid all modern facilities.,03 Aug 2022,5
103950,Ruchi Deoli,"Excellent service. AC, hot water, TV, ventilation, room service everything was good. Smooth and polite check in and check out. Room service too is very good.",30 Jul 2022,5
103950,Savita Yadav,Excellent,23 Jul 2022,5
103950,Parvinder,Good in all aspects...,19 Jul 2022,5
103950,Mr Singh,Awesome Staff and Service,15 Jul 2022,5
103950,Mittali K.,Interaction.Kitchen was closed and we could not order food,08 Jul 2022,5
103950,Rajendra Das,"Nice stay at this place, this place is near to golden Temple you can go by walking, Food quality also very good, The reception staff behaviour is very nice..",06 Jul 2022,5
103950,Tarun,Excellent,05 Jul 2022,5
103950,Parvinder,Everything was good👍,05 Jul 2022,5
103950,Amrit,good,04 Jul 2022,5
103950,Shivam Chaurasia,Neat and clean room with good amenities,04 Jul 2022,5
103950,vimalkumar,good,01 Jul 2022,5
103950,Dilpreet Singh,Everything was upto the mark❤️❤️,29 Jun 2022,5
103950,Manjul Muraleedharan,Was allotted a room which was not cleaned. On asking the room was changed but even the cleaned room was unhygienic with things dropped by previous occupants remaining including underwears. The house keeping at the hotel was to say the least| terrible.,29 Jun 2022,5
103950,Rohit singh,clean gud quality,20 Jun 2022,5
103950,Sachit,good,17 Jun 2022,5
103950,Shubham,so excellent,15 Jun 2022,5
103950,Ambuj Shekhar,"Cleanliness, Staff and Service",15 Jun 2022,5
103950,Akash,the owner himself.. awesome guy.,12 Jun 2022,5
103950,Satnam Singh,"satisfied coustomer service well done 
value for money 💰💰",30 May 2022,5
103950,Dipti Bagadia,Good,09 Apr 2023,4
103950,Ramdeep Singh,Room was good staff was also good but room service was not good it was very slow end in the morning I ordered breakfast but they didn’t fulfil my request.,05 Apr 2023,4
103950,Jeetu Joon,"Oyotownhouse is a better experience than OYO hotels. Here we got proper handwash, Hair & Body shop and good condition blankets and bedsheet.",01 Mar 2023,4
103950,Pratibha,"Rooms with hygiene,spacious & cooperative staff sealing of room with good height bathrooms also spacious overall nice experience with Oyo townhouse",19 Jan 2023,4
103950,Saurabh Goswami,The location was good. It is situated on the main road and parking was also not a problem. Overall experience was good.,22 Dec 2022,4
103950,Neeraj Jaswal,A good stay but the room condition is not up to the mark as bed sheets are not cleaned or changed. Hence maintenance was average.,22 Dec 2022,4
103950,Ashok Kumar,Today Room was not clean as per expectations. Hotel located in calm place. Nice for stay with family,13 Dec 2022,4
103950,Pallavi Thakur,Nice hotel with clean rooms,12 Dec 2022,4
103950,Shalini,All the thing is good,29 Nov 2022,4
103950,Ishwinder,Good,16 Nov 2022,4
103950,Debi PrasadRoy,"food is good, little pricy, not all food items are available for all the time. cleaning is very good, toilet very good, Ac is good, painting are also good. Donot paid in app, they will not allow you to stay in that case. And for that you surely missed the online booking discount!!😞

Room service and waiter do not want Tips!!! (really unespected)",24 Oct 2022,4
103950,Shubham Singh,"The rooms were good, washrooms were also decent.",17 Oct 2022,4
103950,918918047120 GHOSH,"I must say the hotel is good, quite good bathrooms although regular housekeeping is required.provides body wash Handwash towel and in-house restaurant is good too. It's affordable too.",11 Oct 2022,4
103950,Sweta,Really awesome stay! Nice owner and hospitality. Have stayed several times. Just a bit walk from road.,02 Oct 2022,4
103950,Deepak singh,Everything was good,30 Sep 2022,4
103950,Danial,All service is good except ac,25 Sep 2022,4
103950,Arjun,Good rooms,24 Sep 2022,4
103950,Nrinder Singh,Very gud staff and location,15 Sep 2022,4
103950,Shailesh Choubey,"We had a 2 rooms booked. 1 was in good condition while the other was in very bad condition, it's AC was leaking water, bathroom tabs are loose, small room size.",13 Sep 2022,4
103950,Madan,Neat and clean rooms with helpful and nice staff,12 Sep 2022,4
103950,Amit,It was decent enough,07 Sep 2022,4
103950,Vivekanand MadhukarDesale,Very good,01 Sep 2022,4
103950,Mukesh kumar,Good service,13 Aug 2022,4
103950,Sakshamkumar,"Location, Room and Food was nice",08 Aug 2022,4
103950,simranjit singh,Good service,05 Aug 2022,4
103950,Jaswinder Singh,It was great experience. Service was good. I suggest everyone to stay here.,02 Aug 2022,4
103950,Karan,"There was alot of noise in the night and people shouting or something, woke me up. Otherwise the stay was good and staff was great",01 Aug 2022,4
103950,bharat gather,Room clean and staff nature good...,18 Jul 2022,4
103950,Kulvirsingh79079gmail.com,Room  services are very slow thats the only thing i didn’t liked,17 Jul 2022,4
103950,Manpreet Singh,Good,03 Jul 2022,4
103950,mehul,Good in customer support,13 Jun 2022,4
103950,Sumit Kothari,Service is average....,19 Mar 2023,3
103950,mahi,Hotel staff is not cooperative…room is not clean ..towels is not provided …pillow covers are not ironed…,16 Dec 2022,3
103950,GurpreetNarula,"The hotel location was not very far from the main Golden Temple.
The rooms are spacious for 2 people but were not very clean. 
The bed sheet had old stains and the white fan was black due to dust.

In the washroom, WC cover was not very clean and the floor was not moped properly.

Overall an average stay but minor details could have improved the experience",11 Dec 2022,3
103950,Lalit Saxena,The hotel was clean and everything was good but as soon as we went for checkin the guys on reception were rude and said that we need to pay more as oyo picked there room in less price which is absurd I got the deal and I booked it wheres my fault shitty experience really we checked out early morning 8 cause of rude behavior.Ruining oyo name also as they say oyo showing low prices of the rooms.The deal should be between oyo and hotel why guest have to pay more paid 1400 for 1 night stay which was not like so cheap still hotel complaining that the rooms worth more money.,01 Dec 2022,3
103950,Pawan KumarChohan,"At this price point, tea maker, water bottle should be provided complementary. However rooms were clean, but not upto the mark. Ground floor rooms were noisy. Rest was fine. Thanks",01 Dec 2022,3
103950,Ranjan Thakur,the rooms were too small n untidy washrooms,20 Nov 2022,3
103950,Ankit,Bed size was small and TV remote was broken and not functional.,22 Oct 2022,3
103950,Lakhan,"Location is good with your family, Staff is very polite and helpful.",22 Sep 2022,3
103950,Sukhwinder Singh,Average,22 Sep 2022,3
103950,jitender singh,Beds are not comfortable to sleep,06 Sep 2022,3
103950,JATINCHHABRA,"Hotel bed sheets were torned.

Food was okhay -

Light was fluctuating-on and off

Very near to Golden temple and othe sightes
Hotel view was good
Overall it was an average experience.",02 Sep 2022,3
103950,Shipra,"Hotel is good but room service is very slow, even for cleaning also even after informing the manager they will not send for room cleaning, I have to follow-up multiple times to get th room cleaning",24 Aug 2022,3
103950,Girish Sharma,"I was charged 1000 rupees extra at the time of check-in.

Other than that pleasent experience.",29 Jul 2022,3
103950,Mandeep Singh,Location: Far away from Golden Temple (will cost 80-100Rs to reach Golden Temple in one way). Though room was clean and you have to pay 50Rs. for each Water bottle.,13 Oct 2022,2
103950,Raj,"Extremely dirty room,filthy bathroom,why the letout such rooms don't they know it's ruining there reputation, had stayed there before in june22 it was so clean back then",17 Mar 2023,1
103950,Apoorv,"The caretaker was arrogant plus the room was very dirty especially the floor was loaded with dust,regret staying at that place",19 Feb 2023,1
103950,Kiara Chhabra,if I could put less than 1 star I would have! rude staff bad services and such unclean place,18 Feb 2023,1
103950,Chirag Gandhi,"Hotel rooms have pungent smell, Doesn't looks the same as in pictures. Didn't like the hotel, I won't recommend staying in this hotel.",12 Feb 2023,1
103950,Siddharth Gupta,"Worst Experience! Never ever book this hotel. It's a loss of your money...
The staff over here is not cooperative they don't know how to talk to customers. Such a bad attitude of the receptionist. No help provided for the luggage, Haven't shared the wifi password after asking for more than two times, Haven't send someone to show the way to the room. I left the hotel and booked some other hotel on the spot.",12 Jan 2023,1
103950,Suman Bose,"Pathetic service, pathetic is an understatement. Half of the food was not available, in such extreme weather conditions in Amritsar where temperature was as down as 4-5 degrees warm drinking water was not available. They did not even have a flask to keep water warm, we feel sick drinking cold water as we had to near to 1 hr to get even a water bottle. Room service is pathetic, behaviour of the staff was extremely rude , poor & obnoxious. 
The worst part is you call for a bottle of water then you literally have to go down the reception to remind them, more than an hour they cannot give you water.

We made a terrible choice by selecting, paying 2k+ per night , choosing a Townhouse property made us regret like anything, money wasted, service wasted. Will never go for an Oyo booking again.",28 Dec 2022,1
103950,ABHISHEK PANDEY,"I had to pay including Breakfast and Lunch but hotel staff denied me that, and they charged me extra for food.",09 Dec 2022,1
103950,Gurbaj singh,Extra pay,20 Nov 2022,1
103950,AVINASH SINGH,"We didn’t allowed to stay at the property due to low tarif and I’m surprised that how hotel can show check in 
We didn’t stayed at that property for a single day…
This is totally fraud kind activity …",31 Oct 2022,1
103950,Mohit,"I have booked for 3 guests in one room but hotel asked me to pay extra money for 3rd person. 
I talked to oyo help line but no help provided by oyo.
Finally I have to pay extra 1500 for stay 
I am thinking not to book room from oyo next time so don't trouble if you are going to saty with family .",24 Oct 2022,1
103950,Kamal Vikas,We have paid in Advance but hotal is not provided me . Hotal Refuse to gave me Room. When I called OYO they are also not cooperating. Till now I have Not Received Refund from Oyo . Calling again and again. Please do not go for this hotal and do not book from Oye . I face harrasment..,05 Oct 2022,1
103950,akash divkar,Ac was not working no towels no toiletry kits very late service,12 Sep 2022,1
103950,Parmjass,"Very bad experience,after booking confirmed Nd payment paid they demanded more money Nd said Oyo charged you very less""""worst experience ever",19 Jul 2022,1
103950,Rakshith Kakathkar,"Nothing.No facilitiesnNo soap, hot water, shampoonNo dental kits.",22 Jun 2022,1
103950,Arun Kumar,not good experience,21 Jun 2022,1
103950,DIPANKAR DHAR,"very behaviour of front office staff, rude and uncooperative.. only 1star is giver for owner good behaviour...",17 Jun 2022,1
