hotel_id,user_name,review_text,date,title
104902,Rajat,Nice rooms and location                                                              had a great experience,03 Dec 2022,5
104902,wishu goyal,We liked rooms owner is nice rooms are good  prime location  we stayed for two days                 .,16 Nov 2022,5
104902,Surjit KumarSharma,Hotel identification and price listing are attractive,13 Oct 2022,5
104902,Kinshuk Sharma,nice room fecilities,24 Sep 2022,5
104902,Rahul,It was a nice stay   we had a visit to Amritsar,18 Sep 2022,5
104902,Radha krishna,Hotel was best. Good service. Good location. Larking also available. Staff treated in good way. Overall hood,12 Sep 2022,5
104902,Dishant,good but they dont allow free room they charged money,07 Sep 2022,5
104902,SUKHMANDEEP SINGH,Nice hotel,26 Aug 2022,5
104902,Anmol,My experience was very bad.,20 Aug 2022,5
104902,Arbaaz,Good facility according to price,11 Aug 2022,5
104902,Meera,Oyo best to find hotels near me Or out of station at affordable range,09 Aug 2022,5
104902,aarti aarti,It was a nice visit rooms were neat and clean  I booked  delux ac room in this hotel it was a nice experience,05 Aug 2022,5
104902,aarti aarti,Bahut hi changa te poket frindly hotel aa  room ve vadia see   ac room is very good and in best price avalabale  we nealy stayed for about 2week and   till the date of chekout     we all have a great experince    food was very yummy and   specialy the brekfast served was just mouth watering   ower where is very humble and  his nature is very nice,04 Aug 2022,5
104902,aarti aarti,"Very good service well located in a very quiet street with shops good staff   excilent service   clean rooms   and bathroom , thier  resturant Inderpuri foods   serving pure veg desi ghee food   amience is  very nice and just love the food   overall its all under one roof",04 Aug 2022,5
104902,Sourav Das,Good,25 Jul 2022,5
104902,gill,Best app,24 Jul 2022,5
104902,Avishek Kanaria,It has been always a wonderful to be a part of this,11 Jul 2022,5
104902,somit kumar,Nice Location,18 Jun 2022,5
104902,Dharmendra Singh,none,08 Jun 2022,5
104902,Parveen Bansal,Room was fresh clean when serviced. Bed was   comfortable. Nice spacious rooms. Big nice shower with ample hot water. Hotel overall was clean. Location was central. Aircon worked perfectly well . Overall a good stay  they have tasty amazing food   in their restaurant   staff is very  nice   helped me get all things in time.,08 Jun 2022,5
104902,Dr ThBhimoSingh,It is best location good place,12 Mar 2023,4
104902,Vinay,Everything,07 Oct 2022,4
104902,Arjun Maurya,The room is very good. And facility are as described before.,06 Aug 2022,4
104902,Sumit,no issue,17 Jun 2022,4
104902,Purnanga Das,According to the price its worth it. just infrastructure is not good. they also have their own resturant so no tension for food. AC was working and all over it was good as the staff was really good at service.,09 Jun 2022,4
104902,Navjot Singh,It is okay to stay,30 Jul 2022,3
104902,Sumit,good,17 Jun 2022,3
104902,Vishal Chanana,"Very bad services and room conditions. 
Rooms are not cleaned well. 
Washroom are dirty and not functional. 
Beds are not comfortable",03 Apr 2023,1
104902,Anand Kashyap,none,14 Mar 2023,1
104902,Laxmi Narayan,"Extremely poor service. No breakfast, no towel, dirty room, dirty bed, unhygienic washroom. Also despite informing hotel manager about late arrival due to train delay, no one present in the hotel. Had to wander for 30-45 minutes just to find the entrance gate. No reception to find the hotel manager or any staff. Dirty bedsheet, dirty room, no blanket. Overall it's a hotel which i won't recommend ever to anyone. Also i would like to get my money refunded which i was charged for hotel stay since the service provided was absolute rubbish. I wasn't given breakfast, neither any soap or anything was available in washroom.",12 Mar 2023,1
104902,Muhammed Saeedh,Waste of money.edge room and no windows.bathroom not usage.(damage),03 Mar 2023,1
104902,Pankaj Yadav,nothing … they show something else online and provide a chamber full of smell and unhygienic… worst experience of stay.worst behaviour and fullish hotel,11 Dec 2022,1
104902,RAYADURGAM BHARAT,"The worst hotel. No gesyor and no hot water.No room cleaning and quality in terms of room. Has shown tv also available, but that didn’t work at all. Overall rating is 1 out of 5",25 Oct 2022,1
104902,Tanay Dutta,"Hotel maneger/hotel propitor are refuse to check in and declined my prepaid booking,and he had also drunk.",23 Oct 2022,1
104902,Amandeep Bhatia,Room is very dirty and staf is not corporative no lock on room door,20 Oct 2022,1
104902,Pankaj,"No facilities in the room
Price also higher then the oyo app mentioned",10 Oct 2022,1
104902,Raman,I have booked hotel on Oyo and paid totly payment advanced but in hotel the ower did not agree to provide room .secondly room is very bad relly I had very irritated in this hotel,03 Oct 2022,1
104902,Kumesh R,"Hotel owner didn't consider Oyo booking and charged money over the Oyo booking in cash. Room was so pathetic, can't express in words. Moreover, when I called Oyo customer service, no help provided by them, only apologised. No to recommend to go there.",20 Sep 2022,1
104902,Tarun Mangla,Hotel room looks very dirty 😏,19 Sep 2022,1
104902,Shankar singh,"Very bad room.
Bathroom not clean
No security guard
In one line
I hate this",13 Sep 2022,1
104902,Alok Mishra,Light problem room very durty,09 Sep 2022,1
104902,Govindkumarst,"Highly rented room in OYO.and without OYO same rent available in same city OYO 1000, to direct 400 OYO se bachho dost",07 Sep 2022,1
104902,kamalpreet Singh,"Hotel room not clean, I'm booking ac room but hotel manager provide non ac room",23 Aug 2022,1
104902,Chaman Singh,Very poor cleaning.,21 Aug 2022,1
104902,Sainath,Came outside without staying on hotel. Such a bad hotel,17 Aug 2022,1
104902,Naman,The hotel manager refused to give me the room.,08 Aug 2022,1
104902,Karnik Hoda,Worst experience ever. There is no electricity shockers.,02 Aug 2022,1
104902,Harry,Not give free room stay offer so degrade app Oyo NOT HELPLINE no this hotel not give me room I m stay other hotel room,19 Jul 2022,1
104902,Chandra Prakash,"Nobody's came to attend me when I was visited hotel the hotel area was do dirty and dark, so I booked another hotel by OYO pathetic experience.",19 Jul 2022,1
104902,Mukesh,Very bed,11 Jul 2022,1
104902,Roop,"this Was Bad then the worst 👎👎 I have Evere See.. It Was Very Untidy With There Was No Sanitization.. The Owner Behavior Is not Also Good.. He Is Too Rude To his Customers And Fight With then And Also Abuse Them... 
The Infrastructure is also bax With no Hygiene and cleanliness and there was not any security",17 Jun 2022,1
104902,Dishant,"very poor experience 
no ac provide on room",05 Jun 2022,1
104902,Neetu Kaushik,Very dirty room and washroom,04 Jun 2022,1
