hotel_id,user_name,review_text,date,title
113741,Vikas Kanodia,"I've stayed at the hotel before and loved the location, but this time I was so disappointed. The staff were rude and didn't care if we were even staying there. They needed to take care of some things that they just didn't do, they weren't very helpful. The room had aTV but not working and all the amenities were not working.",11 Jul 2022,5
113741,Rupinder Singh,"I stayed at the hotel and had a great experience. The room was cleaned and good. service and staff behavior were also good. Over my experience was very good. But the property manager takes an extra 500 for incidentals, which is not mentioned in the price list on their website.",08 Jul 2022,5
113741,Agrim,"I had a great experience at this hotel. The room was clean, check-in was smooth, the price was ok, and the staff were all very friendly. All of the facilities were good like food, air conditioning, TV, and parking.",04 Jul 2022,5
113741,Rahul RAIKWAR,"I stayed at the hotel for one night and it was not worth the money. The room was not clean, the washroom was very dirty, and service was not good.",03 Jul 2022,5
113741,Armaan Bajwa,"I wanted to spend in a hotel with my girlfriend. I usually don't care too much about my surroundings, but this time I was looking for someplace that would be comfortable and offer a good breakfast. The reviews for the hotel were mixed, but after staying there for a night, I'm happy to say it was great! The room was comfortable",29 Jun 2022,5
113741,Armaan Bajwa,"The hotel staff was helpful but they took me extra charge for my stay otherwise the room was good, and the bed was comfortable. Also, the location was perfect.",29 Jun 2022,5
113741,Akash jagwani,"the hotel for a conference. We were surprised with how nice the hotel was. The room and bathroom were clean and everything in general looked well-maintained. The staff were also friendly and helpful, which made our stay pleasurable and relaxing.",27 Jun 2022,5
113741,Santosh Krburnwal,"I had an amazing experience with this hotel. The room was very nice, the bed was super comfortable, and the washroom facilities were immaculate. All the amenities I needed were available in the room as well. The staff was very friendly and helpful. Finally, location-wise it could not have been better!",27 Jun 2022,5
113741,Arif Hussain,"I had a great stay at the hotel. The staff was friendly and helpful, the room was comfortable and clean, and I had everything I needed. The breakfast offered by the hotel was also good. I would recommend this hotel to anyone looking for a place to stay in this area.",27 Jun 2022,5
113741,Rohit,"It is a great hotel with a variety of amenities, which was perfect for my needs. The staff is always attentive and goes out of their way to ensure that you are satisfied. I recommend it to anyone who travels frequently.",26 Jun 2022,5
113741,Deepak,"I've stayed at this hotel now and I have to say that the staff is always very friendly and helpful. The room is always clean and well-maintained, with great amenities. I would recommend this hotel to anyone looking for a place to stay in the area.",26 Jun 2022,5
113741,Amrit Kang,"I had a great stay at the hotel. The room was clean and the washroom was too. The staff were helpful and kind, and all amenities were working well. I would recommend this hotel to anyone looking for a place to stay in the area.",04 Sep 2022,4
113741,maninder singh,"The hotel was pretty good. the staff was good, their service was excellent. but the room was not that clean, it was not a big issue for me. it was value for money stay.",04 Sep 2022,3
113741,Dayaldeep Singh,They provided us very small rooms that pictures of room is not mentioned in Oyo app. And when I asked for better room they told me that you have to pay 500 rs extra.. totally worst experience..geyser was not working..flush was not working..,20 Mar 2023,1
