hotel_id,user_name,review_text,date,title
14561,Kettan Bhatt,best hotel rich inn amritsar,23 Apr 2023,5
14561,Shubham shekhar,Very humble and caring staff deep and hotel very must visit as per my experience thanku,18 Apr 2023,5
14561,Kavita,Best hotel rich inn,17 Apr 2023,5
14561,Sachin Dhote,Great,13 Apr 2023,5
14561,Aneeta Devi,Best hotel rich inn amritsar,12 Apr 2023,5
14561,Nivedita Pandit,Best hotel rich in amritsar,10 Apr 2023,5
14561,Devendra,Best hotel rich in amritsar,07 Apr 2023,5
14561,Anju Konthoujam,Best hotel rich inn amritsar,31 Mar 2023,5
14561,Avneet singh,best hotel,30 Mar 2023,5
14561,Sahil Nayyar,Very good hotel..good staff...thanks oyo,19 Mar 2023,5
14561,Zikra,Best hotel rich inn,16 Mar 2023,5
14561,Ranvijay Singh,Amazing hotel rich inn amritsar,16 Mar 2023,5
14561,Shivam Tiwari,Amazing hotel rich in amritsar,14 Mar 2023,5
14561,Balpreet Singh,Best hotel rich in amritsar,12 Mar 2023,5
14561,Mir AsadulHaque,Best hotel rich inn,12 Mar 2023,5
14561,Puneet Giran,best hotel rich inn amritsar,12 Mar 2023,5
14561,naina thakur,Best hotel rich inn amritsar,10 Mar 2023,5
14561,Harwinder Mahal,Best hotel rich inn amritsar,08 Mar 2023,5
14561,Rahul,best hotel richinn amritsar,08 Mar 2023,5
14561,bharat,Best hotel rich inn,06 Mar 2023,5
14561,rukaiya,Amazing hotel rich inn good stay,06 Mar 2023,5
14561,Prashant,Nice room. Must visit. 1.3km from golden Temple.,06 Mar 2023,5
14561,Manish,Best hotel rich inn,05 Mar 2023,5
14561,Amit Kumar,Best hotel,05 Mar 2023,5
14561,Rasham,Amzing hotel rich inn,05 Mar 2023,5
14561,Moin,Best hotel rich inn,05 Mar 2023,5
14561,Rohinu,Amazing hotel,04 Mar 2023,5
14561,Rohit,Best hotel rich inn,04 Mar 2023,5
14561,Shivanksh Thakur,best hotel rich inn amritsar,02 Mar 2023,5
14561,Harpreet Singh,very good hotel,02 Mar 2023,5
14561,Krishn Kant,Best hotel rich inn amritsar all good,01 Mar 2023,5
14561,Neeraj Kumar,Best hotel richinn,28 Feb 2023,5
14561,Karan,Amazing,19 Feb 2023,5
14561,Rahul Rai,Amazing hotel rich inn amritsar,19 Feb 2023,5
14561,Neharika,Best hotel rich inn,19 Feb 2023,5
14561,Nehdeep,"Good service, neat & clean place … recommended to others",18 Feb 2023,5
14561,Naveen Pandey,Hotweo amazing,17 Feb 2023,5
14561,Kamaljeet Singh,Very good hotel rich Inn amritsar,17 Feb 2023,5
14561,Salman,Amazing hotel rich inn amritsar,17 Feb 2023,5
14561,Dr. Sam,Best hotel rich inn amritser,15 Feb 2023,5
14561,Shaik Arfath,Best hotel rich inn Amritsar all amazing,14 Feb 2023,5
14561,Vishal,Good service,27 Jan 2023,5
14561,rick,Behaviour are so good...all staff are give respect,11 Dec 2022,5
14561,Anchal Arora,Excellent service,04 Dec 2022,5
14561,Sanjh,Stay was good,23 Nov 2022,5
14561,Vivek Singh,Good suggestion hotel's provided by oyo,18 Nov 2022,5
14561,Vipul Patel,Beautiful,03 Nov 2022,5
14561,Tarun,So beautiful hotel,03 Nov 2022,5
14561,Shubham Sharma,excellent,01 Nov 2022,5
14561,AK,Excellent room and washroom neet n clean staff behaviour very good ❤️😍,27 Oct 2022,5
14561,Rishabh Mishra,We had a great stay,23 Oct 2022,5
14561,Shah,"Clean hotel at peace full location 
Rooms are maintained well and cosy 
Breakfast is good 
Staff is friendly",20 Oct 2022,5
14561,simranjeet singh,Evertyhing is good,19 Oct 2022,5
14561,Gaurav Baba,Best hotel In our Amirtser Amezing 😍,18 Oct 2022,5
14561,Bhanu Priya,Awesome stay and good behavior of staff including tea . Me and my wife feeled so relaxed staying here and the rooms where too good,10 Oct 2022,5
14561,Raj,Beautiful,08 Oct 2022,5
14561,Harmanjeet Singh,The staff was very good. The rooms were clean and neat. Trust me you will not regret staying here.,08 Oct 2022,5
14561,Amarjeet Singh,Best hotel staff so helpful  room so clean,03 Oct 2022,5
14561,Rishabh,Excellent service and well staffed,02 Oct 2022,5
14561,Ashok Kumar,Hotel is very good. Clean and hygienic. Staff is good. Overall good experience.,29 Sep 2022,5
14561,Rakesh kumar,Super,22 Sep 2022,5
14561,Gaurav Panwar,Nice Hotel,15 Sep 2022,5
14561,Nikhil,Very neat and clean and property manager out there is really friendly.,03 Sep 2022,5
14561,BIKRAM KUMARSHARMA,Beautifull hotel,03 Sep 2022,5
14561,Shivam Gupta,Beautiful hotel,31 Aug 2022,5
14561,Amarjeet,I'm stay with family beautiful hotel,30 Aug 2022,5
14561,ranjod singh,All good,30 Aug 2022,5
14561,Lijo Jose,I got good ambiance room near amritsar bus stand. All services is excellent.,30 Aug 2022,5
14561,piyush kumar,Overall good experience. Need some improvement in kitechen area. I wanted hot water but it was not supplied to me but overall it was good 👍.,29 Aug 2022,5
14561,Jasssi,Beautiful,29 Aug 2022,5
14561,Sourabh,Beautiful,28 Aug 2022,5
14561,Amarjeet,Beautiful hotel,27 Aug 2022,5
14561,Ashish Ojha,Excellent service and staff.,26 Aug 2022,5
14561,Amarjeet,Beautiful hotel 😍,25 Aug 2022,5
14561,Gurmeet Singh,Awsome hotel,25 Aug 2022,5
14561,Mundi Saab,Beautiful hotel,23 Aug 2022,5
14561,Pravin A,The stay was satisfactory,20 Aug 2022,5
14561,Suresh Mohan,The location was very good and a very neat and well kept Hotel and Room was neat and clean.,18 Aug 2022,5
14561,Amarjeet,Beautiful hotel. Service very very good staff helpfull,17 Aug 2022,5
14561,Amarjeet,All services very nice,16 Aug 2022,5
14561,ARya,cooperative staff and decent stay..,09 Jul 2022,5
14561,Arjun sharma,Very good sarvice nd good room,08 Jul 2022,5
14561,Akash arora,amzing hotel,25 Jun 2022,5
14561,Dipesh Karan,amazing  hotel,19 Jun 2022,5
14561,Aditya,beautiful hotel,19 Jun 2022,5
14561,Suman Kumar,Beautiful hotels,17 Jun 2022,5
14561,Amarjeet Singh,staff and owner so helpful,03 Jun 2022,5
14561,Anurag,staff and service,31 May 2022,5
14561,Rohit,excellent,30 May 2022,5
14561,Vaibhav Khadtare,none,26 Mar 2023,4
14561,Prince,Food is veery good and oyo service also good i save my time and money i always book on oyo when we plan a trip,14 Jan 2023,4
14561,vikas kumar,NYC room good clean staff nyc also good facilities I m very happy good location everything’s is ok all,10 Jan 2023,4
14561,Jagmeet Singh,Nice Service from the staff,17 Nov 2022,4
14561,Nileshkumar Patel,"Nice room, Spacious.Staff are cheater. We booked room with breakfast, but front desk agent refused and argued that you can talk to YOYO. We show them our confirmation which clearly shows that room booked with breakfast, but he didn&#39;t provide breakfast even paid for. This was really disappointing.",02 Nov 2022,4
14561,gursewak singh,Good,18 Oct 2022,4
14561,Vivek,Near to bus stand. Golden Temple.. good facility for normal stay,18 Oct 2022,4
14561,Bhagwant,Very nice stay,15 Oct 2022,4
14561,Surinder Singh,Stay was good. Room was in good condition. old blankets should be changed.,10 Oct 2022,4
14561,Shailesh Kumar,Good,18 Sep 2022,4
14561,Daljeet daljeet,Room was clean..,31 Aug 2022,4
14561,Bharat Bhushan,Everything is good in this hotel ....Location.Value of money,21 Aug 2022,4
14561,Shwetank Singh,Hotel satff is very good,20 Aug 2022,4
14561,amandeep singh,location is very near to bus stand and the golden temple and staff was also very well mannered. rooms are clean and i am happy to stay at the property,18 Aug 2022,4
14561,Supriyo Midya,Overall its good at this price,11 Jul 2022,4
14561,Avadhesh,staff behaviour,02 Jun 2022,4
14561,Rohit Kumar,"There was no proper hygiene in the room and neither was the proper room maintained properly. Hotel staff did not provide towels, provide heater, electric kettle.",16 Jan 2023,3
14561,Himanshu Yadav,"Staff behaviour is good but the room space is too less , even they show a different room on website and the actual room is different (too small room).",08 Jan 2023,3
14561,Deepak,Stay was good and staff was very cooperative but my airpods got stolen from the room which i have given for decoration from the hotel staff and they also confirmed that it was there in the room but no solution was provided by them,30 Nov 2022,3
14561,harry badogu,Rooms are not neat and clean 😬,27 Nov 2022,3
14561,Varsha Nair,There is an unhygienic rooms...toilets are totally unwashed..so we are not comfortable all and over.,22 Nov 2022,3
14561,Nistala,No hot water facility. But hotel staff are polite. Near to bus stand. Rooms are not as expected.,08 Oct 2022,3
14561,Abhi Khandelwal,"Rooms are very very small. 
In the picture it shows it's a decent size room but it's a small size room.",07 Oct 2022,3
14561,Gourab Nandy,"The picture of oyo room did not match with actual. Booking was for three, but they provided room for two. They did not provide proper extra matress.",19 Sep 2022,3
14561,Ankit Ghosh,The hotel was good but the room provide was very small with no windows. The staff was good but the last day they charged me 50 saying I took bottled water when I took normal RO water. Also the food there was average.,17 Sep 2022,3
14561,Sameer Malik,"Not bad.
Just to stay at night and leave early morning then it is better in this price",25 Aug 2022,3
14561,Rohit,Hotel staff not good They were not even giving utensils to eat and there was no mat in the room and no bathing equipment.,23 Jan 2023,2
14561,Surjeet Singh,Room vry dirty toilets also,15 Jan 2023,2
14561,Bikash Ghadai,Lights are not working properly. Walls are too old.,23 Dec 2022,2
14561,Arun Sharma,"Rooms are not well maintained. No soaps hand wash toothpaste in bathroom.Dust and dirt sticked on fans doors.
If u will book food in advance you will get 1 paraantha with 1 cup of tea at about 10 am not before than that.",20 Dec 2022,2
14561,Kalpana Rohela,Very dirty and unhygienic. Even they didn't gv any razai. They gave very dirty nd smelly blanket which was only single bed. Really had very bad experience. I asked for luxury room also. I was ok with extra payment but didn't get anything.,19 Dec 2022,2
14561,Feroz,none,10 Dec 2022,2
14561,Sahil,No cleaning and dirty bedsheets,06 Dec 2022,2
14561,Rajesh SDhole,"There is no TV working,  No AC remote available in the room, as per discussion had with Oyo representative before booking, they had confirmed that hotel person will ask only 200 or 300 rupees for extra hours staying.. But hotel person ask for 600 rupees for one room. Fede up with oyo booking this time..",02 Nov 2022,2
14561,Preetish,"Rooms were small, dingy and not well lit. Manager was rude and uncooperative.",11 Oct 2022,2
14561,Anjali,"Toiletries were not there. No towel nothing, staff was good but as a tourist we need facilities first",27 Sep 2022,2
14561,Dr. Akanksha,Over all didn't like the room ambience . It was feeling very tacky while sleeping there. Room was not cleaned properly from bedsheet to bathroom. It was cheap so it's ok ..but didn't like it. Just by cleaning properly and changing the lights from yellow to white ..the room ambience can be improved . Overall it was closer to golden temple 1.7 km 👍,31 Aug 2022,2
14561,JASPAL SINGH,"not proper cleanliness,no dustbin in room, AC didnt work properly",17 Jun 2022,2
14561,Somnath,"There is no safe parking place you have to parking your car beside road in open area( highly insecure) I found my car with many scratches in the morning and no card payment accepted, as stated by hotel authority at the time of check out",04 Jun 2022,2
14561,Sai Teja,"Property owner ask to pay extra money if you book in OYO for less price. Immediately talk to OYO customer care when they do like this. Property owner take your phone for some purpose and tries to give rating for their property while checking out. No AC remote provided until we asked them. No lift and they gave us in fourth floor though rooms are available in 1st floor.
Worst checkin experience.",19 Apr 2023,1
14561,Hritik,Manager warn to cancel room. Room was not like in photos,16 Mar 2023,1
14561,Aman,none,12 Feb 2023,1
14561,Harshit,No tv no heater no facilities in room and room is not clean,23 Jan 2023,1
14561,Akash,"fake rating on oyo . 2.2 Is suitable out of 10

they will give you a 10x10 room which is much smaller than the room shown in the picture .

If you ask for the room shown in picture they ask for 1000 more.

dirty blanket , dirty bed sheets, geyser not working , stinky smell in the room. 

Broken switches and lights .non-cooperative staff.

think twice to book .",16 Jan 2023,1
14561,XXX XXX,"Total bad service. Owner denied to accept booking from Oyo and not ready to give room . Poor service water geezer not working, bad house keeping. Absolutely worst experience. Online photo of rooms are not match with reality.",16 Jan 2023,1
14561,Nancy,"The hotel room was not clean. From bedsheets to blankets to the bathroom, everything was very dirty. The food served was also not cooked properly. I ordered bread toast for breakfast with tea and they served the tea in a broken mug with all the bread burnt. The oyo listing promises a kettle and a room heater but the hotel didn't provide either of these in such a cold weather. I paid around 7500 for 2 room for 2 days but the service and the hotel was totally not worth it. Never had such a bad experience before.",29 Dec 2022,1
14561,Himanshi Arora,Worst hotel ever....paid rs.1500 for this oyo and it was not worth it at all. Room was not clean. I asked for an extra rajai and they denied. Even there were no towels. Staff was so careless. Rooms were very small as compared to the pictures. Do not ever think of staying in this hotel.,24 Dec 2022,1
14561,Milan,"We booked the stay a month before our visit. We were supposed to reach at midnight after 12 which is the next day actually. We informed about it to the hotel at the same time of booking. When we arrived, it was difficult to find the hotel. 2 numbers given for the contacts were switched off. We somehow found the hotel at around 12:30 am. On entering, the staff informed that all the rooms are full. He took us to the opposite hotel where they gave us already used room, which was horribly dirty. It was very late for us to find another room and make a fuss with the hotel to clean it as we were tired and had to get up early so we accepted it. Upon checkin we already discussed with the staff that we will leave in the evening and they agreed. However, later when we checked out they asked for extra money though we had paid the charges while booking. We had a bus in 20 mins and had no time to contact oyo or bikker with them so we paid the money and left. We are not going to use oyo again.",18 Dec 2022,1
14561,Vikas Singh,Never book this hotel all ratings are fake nothing seems like the hotel in pic,09 Dec 2022,1
14561,Vikas Upadhyay,Not professional. Phone was not working.Didn't get water unless asked twice. No room cleaning. Bedsheet was also dirty..,06 Dec 2022,1
14561,Rana watts,Please don't fall in trap of pics. Room was not clean. Bedsheets was dirty. All hotel was not clean . Toilet seat was broken. It was also full of bad smell . Staff was not adequate. No one is there to care for you. I recommend strongly to avoid this. It is better to spend 100-200 more. Being in this hotel is total waste of money.,05 Dec 2022,1
14561,Gurpal Singh,bad onesmall rooms.,29 Nov 2022,1
14561,Basudev Pokharel,Hotel rooms are dirty and unmanned very bad.,28 Nov 2022,1
14561,Yash,"Rooms were totally different as shown on app 
Cleanliness issue
Smell in room
White wash and wallpaper crashes 
Bedsheet and Quality of Room is zero",18 Nov 2022,1
14561,Shubham Kumar,"This hotel is awesome,all the staff are truthful nd helpful,,",07 Nov 2022,1
14561,Abhinav M,Asked for extra money NEVER GO HERE,15 Oct 2022,1
14561,amit kumarkatiyar,"Room conditions is not as good as shown in photo's,
Washroom was very dirty, food quality was good. Working staf is good.",01 Oct 2022,1
14561,Baljinder Kaur,"Oyo pic and oyo room are different.
Very high price as compare to facility even out side food not allowed.
Very disappointed from service from oyo and hotel.",18 Sep 2022,1
14561,rahul,Not so good,14 Sep 2022,1
14561,Angad,not hygiene at all,19 Aug 2022,1
14561,Akki,Manger behaviour good but room so bad..,17 Aug 2022,1
