hotel_id,user_name,review_text,date,title
169694,bhoomi,The view of the room is beautiful and the taste of food is delicious. I am strongly recommended this hotel to everyone who wants spacious hotel,27 Dec 2022,5
169694,nav sandhu,Good service nice location everything is okk good manager all member is very 👍 nice,12 Dec 2022,5
169694,Hitesh Luthra,none,02 Dec 2022,5
169694,nav sandhu,It's room was very clean and beautiful the staff behaviour is very nice location is very near to bus stand and the golden temple and staff was also very well mannered.,30 Nov 2022,5
169694,maninder,"Good comfortable Ac rooms, clean bathrooms, good staffs, value for money.""and good experience",30 Nov 2022,5
169694,Harchand Maan,Clean hotel at peace full location rooms are maintained well and cosy,29 Nov 2022,5
169694,sanam,The stay was pleasant and since I wanted a hotel near bus stand. So all worked for me as a the best location with best stay,29 Nov 2022,5
169694,Manjeet Dagar,Ok,12 Sep 2022,5
169694,Rocky,Very good staff and rooms. All is well,03 Sep 2022,5
169694,Raghav Makkar,Good,10 Aug 2022,5
169694,Rajeev,Like this hotel if I need to stay in future in Amritsar then  I’ll choose this one.,09 Aug 2022,5
169694,Kumar Neelesh,Good and comfortable!,08 Aug 2022,5
169694,Vivek,Cooperative staff and rooms are really brilliant no issues with the hotel,02 Aug 2022,5
169694,Samantha,"Good hygienic room 
Excellent service",02 Aug 2022,5
169694,Pinka,Staff behavior is very good,30 Jul 2022,5
169694,Raminderjot Singh,I am so happy,22 Jul 2022,5
169694,Prakash Poptani,all the staff is very friendly and supportive!,09 Jun 2022,5
169694,Deepak Dagar,"I liked that wi-fi was available, parking on-site, and amenities were good including clean rooms with a comfy bed. There was no issue during check-in. The place was close to the bus stand, within walking distance. The price was reasonable.",04 Jun 2022,5
169694,Ayush,"I live in another state, but am always looking for a place to stay when I'm working in this area. When I saw that the hotel was only 15 minutes away from the Bus Stand, I booked my room. The staff was very helpful and helped me check in quickly. The price of the room was below what I usually pay and it's right near the Bus stand.",03 Jun 2022,5
169694,om om,"The hotel was wonderful. The staff was so helpful and accommodating. The room itself was welcoming, comfortable, and the perfect size for my family of three. The location is perfect for transportation and the room is always neat and clean. It even has the amenities that I need to make me feel at home.",03 Jun 2022,5
169694,Harman kumar,Good room,26 Apr 2023,4
169694,Anmol,Hotel is good staff is also very polite nice rooms plus good service... Hotel is very hygienic noise free,10 Feb 2023,4
169694,Mahendra,Nice hotel and clean maintenance,30 Dec 2022,4
169694,tarun,Good service,11 Sep 2022,4
169694,rohit,Good,12 Aug 2022,4
169694,Tejas Dhawale,I had a really good time at this hotel. The price was really affordable and the location was perfect. All amenities and a neat room. It's also near the bus stop which is convenient. I had a good experience.,13 Jun 2022,4
169694,Arpit Goyal,"Rooms were neat and clean but poor room services.. Nothing was there in rooms so for every small things we need to call.... Also even after that need to remind again and again... Nd some of basic things were not even to provide like slippers, towel, drinking hot water.",26 Dec 2022,3
169694,916239661660,Its avarage hotel 1.5 km away from golden tample   He just give you the room nothing extra  but its also very flexible,20 Dec 2022,3
169694,Tejaswa Chauhan,Stay was ok but staff was rude . Rooms even have cockroach . Power cut in midnight didn't came till I check out,27 Nov 2022,3
169694,Amandeep singh,fine but neeed soap in bathroom,16 Oct 2022,3
169694,Sonu Kumar,Hotel should be improve there service Tv is not working and washroom door lock is broken and water and cold drinks price change is to high,15 Aug 2022,3
169694,Abhay Solanki,The room given at Oyo was not neat and clean and at hotel City inn amritsar the property owner denied to give the hotel It's my request to blacklist the hotel City inn amritsar.,16 Apr 2023,2
169694,Saurabh Guha,"First of all charged extra money , no geyser just false commitments,  
TV just kept as a showpiece and it doesn't work",23 Nov 2022,2
169694,GoBinD BhanDari,I gave 150 extra for room check in,12 Mar 2023,1
169694,Sumit kumar,They denied check in. Its not acceptable at all,11 Mar 2023,1
169694,Aman,none,12 Feb 2023,1
169694,Rishabh,Room are extremely dirty and no extra mattress for third occupancy.,15 Jan 2023,1
169694,Raviranjan,Good,01 Jan 2023,1
169694,Narender Sharma,The hotel manager has denied for the booking.,29 Dec 2022,1
169694,Tarsen Singh,Very bad experience . Plz don't booked this hotel. Very very bad loc rooms and bathroom,25 Dec 2022,1
169694,JP Singh,Difference between your price and hotel price,27 Nov 2022,1
169694,Akash Maharana,I have been using OYO since 2019. First time i have come across such problem that the Hotel says we dont accept booking from oyo and also it charged extra money. I request the OYO authority to surely check these kind of issues.,02 Nov 2022,1
169694,Lalit Saxena,Outdated menu food prices like 5 star hotel no wifi and dirty rooms wastage of money my first and last oyo stay,30 Oct 2022,1
169694,davinder,This hotel staff is too much rood,16 Oct 2022,1
169694,Rahul Manhas,"I booked Hotel Capital O City Inn, Amritsar for 670 and that was by applying coupon. But as soon as I reached hotel the staff did not agreed to the price which I had payed. They were asking for more money. I called at OYO coustomer care but even the OYO failed to sort that matter. Since it was late and I had no other choice, I had paid more 500 cash to them. This was a really bad experience with OYO. Why do you provide coupons when they are not accepted by the hotel staff???? That makes no sence !!",10 Oct 2022,1
169694,Abhishek,The owner behaivior is not good,02 Oct 2022,1
169694,Deep,Extra money charged,22 Sep 2022,1
169694,Harpreet,Location is best but room facility is not comfortable. In washroom soap are not there one  towel is here that is already used by other client cleaning staff are non serious and other member male without knocking room inside entered thank uu,07 Aug 2022,1
169694,Rajesh Malpani,so poor hotel not working anything,20 Jun 2022,1
