hotel_id,user_name,review_text,date,title
19640,RAJKUMAR,none,27 May 2023,5
19640,Manish Kumar,Actually I have also used OYO property before. But in Hotel Queensland there is partiality between Direct booking vs. Oyo booking. My room was very untidy and also I have asked them for change of bedsheet. They said they are sending someone but no one came.,25 Apr 2023,5
19640,Mokarram Shahban,"It was good experience there , I was traveling so decided to take some rest so booked this hotel , All the Staff were so polite.",23 Apr 2023,5
19640,veer randhawa,Nice hotel and location 👌,21 Apr 2023,5
19640,Harmanjeet Singh,Excellent,18 Apr 2023,5
19640,Sandeep Kumar,"The hotel is neat and clean. The room is neat and clean but old with some basic amenities missing . Staff is very cooperative.  
The hotel is very near to market and Golden temple. The hotel provides free wifi . I recommend this hotel to my friends and colleagues",18 Apr 2023,5
19640,pardeep goyal,super experience very good in budget segment hotels.. nice location..,09 Mar 2023,5
19640,Imranali,Very good for every 💫,05 Dec 2022,5
19640,Avinash,Hotel staff is very friendly and helpful. The rooms are very pretty and placious for a single traveller also. The place was really nice and comfortable for me ...,29 Nov 2022,5
19640,Chatanya,Had a pleasant stay in Amritsar,23 Nov 2022,5
19640,Chandan Chaudhary,Good Staff and nice rooms..,11 Nov 2022,5
19640,Sahil,Very nice,07 Nov 2022,5
19640,Mohit,Rooms are Good and also about services,14 Sep 2022,5
19640,Akanksha,Location is perfect. And the staff they are the best. I was down with bad health not only they helped me to get on medication but also assisted me to get to places and shops. They are the best.,11 Sep 2022,5
19640,Utkarsh,A very good and trusted application for booking hotels on trip,07 Sep 2022,5
19640,eshan mittal,none,30 Aug 2022,5
19640,vaibhav singh,Awesome customer support service and quick problem solution got provided 👍,29 Aug 2022,5
19640,Narendra Sahni,Good hotel good food and very competitive staff I am so happy,29 Aug 2022,5
19640,simar,Veery good staff behevior good,26 Aug 2022,5
19640,Roshan Kumar,Nice,22 Aug 2022,5
19640,Mandeep singh,All is well STAFF vry gud neat nd clean staff behaviour very gud nd safe,11 Aug 2022,5
19640,Vipul Kaushik,"Service team is very supportive, Response time is very quick, Support team understand the concern very truly.",30 Jul 2022,5
19640,gaurav,Experience was good... Service was good.... Nice location in Amritsar... Nearby golden Temple bus stand and railway junction.,23 Jul 2022,5
19640,Rahul Pratap,"Clean rooms, good location",22 Jul 2022,5
19640,Rushikesh Balu Ashtekar,Nice Staf n Hotel Clean N cool,21 Jul 2022,5
19640,Suman Kumar,The staff at this property are all great! They all go above and beyond to make your stay comfortable.,17 Jul 2022,5
19640,Pankaj Mahajan,Good Facilities,12 Jul 2022,5
19640,Saksham,It was such a nice  hotel,11 Jul 2022,5
19640,Harshdeep,Neat and clean rooms good service,10 Jul 2022,5
19640,kuldeepaa,staff behaviour was very nice and coprative,08 Jul 2022,5
19640,kamal Rana,good,24 Jun 2022,5
19640,Davraj,good service,20 Jun 2022,5
19640,Davraj,good morning,20 Jun 2022,5
19640,kamal Rana,good,19 Jun 2022,5
19640,Davraj,very nice,19 Jun 2022,5
19640,Bharat Arya,good,16 Jun 2022,5
19640,Davraj,good service,16 Jun 2022,5
19640,kamal Rana,good,16 Jun 2022,5
19640,kamal Rana,good,16 Jun 2022,5
19640,kamal Rana,good service,16 Jun 2022,5
19640,kamal Rana,good service,16 Jun 2022,5
19640,Harjeet Singh,Excellent and Cooperative staff. Nice Hotel for professional work purpose and easy approachable uis Golden Temple too,13 Jun 2022,5
19640,Amrit,its nice to stay here good staff ..😀😀,11 Jun 2022,5
19640,Umesh.v,Superb reception,11 Jun 2022,5
19640,Divanshu Sharma,"room location in a bit far approx 1km from golden temple but my overall experience was very very very Good , staff was soo decent and friendly , rooms and bed were comfortable and good. Am fully satisfied",04 Jun 2022,5
19640,Gejo Koodarathil,none,09 May 2023,4
19640,Maneesh Sharma,Room are ok ok.. staff is friendly. Budget friendly hotel it is. You can also get free wifi in hotel,25 Apr 2023,4
19640,Avinash,"Staff was nice and washroom was not clean and geyser was also not working, beasy acces to railway station",01 Dec 2022,4
19640,Abhishek Kar,Nice hotels to say with family,19 Nov 2022,4
19640,Harpreet Kamboj,"Hotel staff is good and cooperative, room and bathoroom are clean",30 Oct 2022,4
19640,Rajesh,Room was goof and the behavior of front desk as well as staff was good. Food was served of good quality. It was nice.,09 Oct 2022,4
19640,Gobinda,Facilities are good and best,23 Sep 2022,4
19640,Taransh Sharma,Good stay,20 Sep 2022,4
19640,Prahalad Kumar,hotel isnu2019t great at all but staff are 10 of 10.hotel itself.,18 Sep 2022,4
19640,Pranto,Helpful behaviour by hotel employees.,06 Sep 2022,4
19640,Umesh,Prime location ❤️best hotel to stay,04 Sep 2022,4
19640,Utkarsh,Great hotel room and service,30 Aug 2022,4
19640,Varun Sharma,Everything thing is good ☺️,21 Jul 2022,4
19640,Medipally Sruthikanth,Customer support,15 Jul 2022,4
19640,Shushant Rai,Location is really good,13 Jul 2022,4
19640,Ayush jain,Rooms are good,11 Jul 2022,4
19640,Pardeep Singh,"there is a lot of electricity problem over there
even there generator was not working full night
couldn't sleep even full night.",18 Jun 2022,4
19640,Vipan Dass,none,16 Jun 2022,4
19640,Savi Devgan,It was average experience.,10 Oct 2022,3
19640,Snehil Pareta,"According to price, it is ok for solo male traveller,  it cover basic things in affordable price.Room was not that clean, no warm water in bathroom, no towel.",09 Oct 2022,3
19640,Manas Ranjan,ok,01 Oct 2022,3
19640,Lalit,Very good,29 Sep 2022,3
19640,Balavignarajan.S,Bad Smell in room to be rectified,27 Sep 2022,3
19640,Amit Pathania,"No network, no food in the hotel",21 Sep 2022,3
19640,UTKARSH SRIVASTAVA,Cleanness was not there....,11 Sep 2022,3
19640,Nisha,Location is far away from golden temple.No quality food available,09 Sep 2022,3
19640,Gulshan Gulshan,Bathroom flush was broken. Room was average.,03 Sep 2022,3
19640,JerinGeorgeJoseph,"We booked two rooms for a day.. i must say, the location was quite good. Quite near to the railway station and around 2kms from the Golden temple. So we booked at the time when they were renovating the whole building. One room was good and the other was not. So we kept changing rooms, thrice. The staff behaviour was good and also helped us store out bags even after checkout. Wifi was available and was fast enough. Just because one of the rooms they got us was not good, I'm giving 3.5 stars.",19 Jul 2022,3
19640,Ranjit Singh,good,26 Jun 2022,3
19640,Shiva,not clean,07 Jun 2022,3
19640,Nitesh Bhargava,stinki Room and after that room change window AC making so noise,05 Jun 2022,3
19640,V S,Bad experience gygr not working TV not working toilet jet is not proper working,21 Nov 2022,2
19640,prabin kumarsahu,Very pathetic behaviour from reception.after reaching hotel reception person is saying that we can't provide room in such less amount.then I said if u can't then why u accept my booking.finally after 10-15 min of arguments they gave us 2 room that are not upto OYO standards.thank u,06 Oct 2022,2
19640,Abhi,"Very bad experience
Electricity backup is not proper
Loss of proper hygiene",17 Sep 2022,2
19640,Ardhendu Khan,"Room was very small,taps in washroom are broken,no mug provided for bathing.",14 Aug 2022,2
19640,Davinder Singh,"Room are not clean properly 
Bathroom was very bad",10 Aug 2022,2
19640,Hartej Sandhu,Room service is good,25 Jul 2022,2
19640,Ashish Verma,Good.,21 Jul 2022,2
19640,sumit panjwani,Breakfast not given to us(no tea/coffee given). Oyo bath soap kit not given to us.While check in staff was not supporting to easy check in at night time we waited outside the hotel 15min than after main gate open.Room was dirty(toilet dirty/tap was not working properly/intercom not working/freez not working) and heater not available and A.C. remote not available,28 Apr 2023,1
19640,HarryMarba,Room is not very good and service quality very bad and they are not providing parking but they mentioned,24 Apr 2023,1
19640,Naresh Kumar,use less hotel dirty water after see 1Person wamnty very bad smell from the wasroom water .,11 Mar 2023,1
19640,HARMANPREET SINGH,Washroom Was Very Poor Toilet Sheet was Not Clean and Floor was full of water,06 Dec 2022,1
19640,Bharat,Room was dirty and geaser not working,04 Dec 2022,1
19640,Sunil kumar,Bad rooms worst service,01 Dec 2022,1
19640,NIKHIL KHANDRE,"No clean room, no hot water",28 Nov 2022,1
19640,Aashish Mishra,"the images of room were misleading , the pics didnt match the room provided to us . linen was dirty as well we had to tell so many times to change blanket and pillow cases only staff cooperation was okay",25 Nov 2022,1
19640,Neeraj Singh,"Bathroom was not clean, flush was not working. Cockroach were there in room.

Only positive that staffs were very good and helpful.",24 Nov 2022,1
19640,Santosh,"No hot water, not good rooms",18 Nov 2022,1
19640,Marek Calderaro,"Terrible experience, worst place in IndiaNothing.awful, this is a slum not a hotel.  Dirt, stinks, bathroom worse than on the train.  by far the worst place in india.  we escaped after a few hours.  I&#39;m sending photos for booking, they should ban this &quot;hotel&quot;",03 Nov 2022,1
19640,Sahil,Very bad experience.Room was very dirty and the condition of washroom was miserable.,02 Nov 2022,1
19640,Charlotte Beck,"not so cleanit was ok.many cockroaches, when arrived they wanted way more money than indicated on Booking.com, not clean",20 Oct 2022,1
19640,Harpreet,"Room was disgusting and washroom was much more worse full of leakage, full of spiders, flash was not working, tape was not working drity room etc,
I think oyo staff should personally go and visit room 206 which was given to me.",18 Oct 2022,1
19640,Dhaivat Raval,"Very bad. When I went for check in they said they don't have my reservation. I already made partial payment through Oyo but they don't have my name.
It was 1 a.m. at night when I was with my family I have to search another hotel at midnight. I would ask OYO if you can't confirm stay with hotel then remove hotel from your list.

It was very bad experience.",09 Oct 2022,1
19640,Muskan Mangal,"To be honest, nothing was good about the hotel, flush was broken not working properly, bathroom was a little smelly too, not so tidy room. Staff was not rude tho. But this room was not less than any dharmshala one can get at 200-300.
Wouldn't like to stay in this kinda room anytime in future.",20 Sep 2022,1
19640,AbdulSiddiqui,"Room was bad smelly, water jet of commode was not equipped well, drinking water was with surface scale, no packaged water provided bed sheet was not clean even hairs were on that, Wehn i complained then new bed sheet provided but not spreaded by the hotel boy, but i as a customer at my own I spreaded it on bed myslef.",02 Sep 2022,1
19640,Vankala Eswararao,Tooooo worst mentinence very poor...,01 Sep 2022,1
19640,Bappa Das,There was no water supply in morning to get fresh.,26 Aug 2022,1
19640,mohammed mohsin,They ask for more money at the time of check-in...and very unhygienic room was not at all as shown in pictures nd even no water in washroom..pathetic experience,22 Aug 2022,1
19640,kuldeep kumar,I don't know why people give that hotel is  good or anything but it's just a dumb like the ac didn't work and the issue of lights and electronic things so I want to say that don't visit this typ of place 😠💢,17 Jul 2022,1
19640,Shiv PrakashPandey,escalator or lift was not available. shower and taps were too old and not working properly. The manager is cheater and arrogant.,13 Jul 2022,1
19640,NitinUppal,Very bad service. Rooms are very dirty.,10 Jul 2022,1
19640,Sree,First thing is the hotel guy denied me to give room as I'm late which I've informed earlier. Now the room smells like some fish has been rotten there. AC works and shows 24 but hotel guy tells that this is 16. Meanwhile OYO support is sleeping. No hot water and washroom is pathetic,10 Jul 2022,1
19640,PreetSinghKohli,Worst hotel ever,09 Jul 2022,1
19640,Jay Patel,"ac noot work, room smell like godown,wifi not work,staff service bad. cleanliness very bad,totaly very bad---10",04 Jul 2022,1
19640,vinay kumar,"pathetic is much nicer word for this place, this should rated as -5 , garbage of a place. the worst stay so far in my life. shit of place. Where do I start from. place has no lift, we got 2nd floor, we had to carry the luggage, smelling like a godown, dust in common area. coming to the room, there were lizards, bedsheet was torn,chairs were dirty, bed looked like it was infested, no hot water for bath, it was a broken bathroom.",26 Jun 2022,1
19640,Shubham Gupta,"Number of issues to address
Wifi not working properly
Staff was not good
Rooms were stinking. After multiple requests got a decent room.
Rooms shown on app were not the same actually.
Improper hygiene and cleanliness.
receptionist accepted tariff in cash only. My preferred mode of payment is online.",25 Jun 2022,1
19640,Manish Sethi,dirty liners toilets without water very unhygienic,23 Jun 2022,1
19640,Deepanshu Sharma,"guys don't ever visit this hotel in your life, bedsheet and washroom is not clean and there was no light in hotel for around 10 hours in night and their generator is also not working...ac is very poor in providing cooling and there is no tv connection and wifi in hotel",17 Jun 2022,1
19640,saket kumar,ac not working,13 Jun 2022,1
19640,saket kumar,ac not working,13 Jun 2022,1
19640,Simran Bal,"Ac is not working , there is no wi fi available, staff service is very bad",12 Jun 2022,1
19640,Mani,Everything was very bad,09 Jun 2022,1
19640,Abhishek verma,Unhygienic stayLocation only.Room was not clean. Most importantly the bathroom was very dirty and unhygienic with running toilet water. There was no shower in the bathroom.,04 Jun 2022,1
