hotel_id,user_name,review_text,date,title
198013,Suresh Kumar,Nice behiver visit again soon hote manager nice person,26 Dec 2022,5
198013,Arul Asokan,"The people were the Nicest I've seen in Punjab鉂わ笍. The room we got was on the fourth floor. One large bed is enough to accommodate three people including me who is big sized. The washroom is really clean and good but I don't know why but the lock was broken. still the door remained shut. We have Stove, utensil, everything to make things ourselves or they will make it for us. Not that bad dining is also there outside the Home stay just a few metres away. The place is 3.9Km from Amritsar Jn Railway Station. A great view is there too. 馃檪",24 Dec 2022,5
198013,Shubham,The place was amazing as it shown in the picture. Proper cleanliness was maintained. The staff was very polite and friendly,11 Dec 2022,5
198013,tapas banerjee,The behaviour of the manager and the help he provided was great.,10 Apr 2023,4
198013,Puja Singh,As per the price the hotel is good and decent,25 Dec 2022,4
198013,manisha bhagat,The price demanded after one day stay was higher than the actual price when it booked.flush was not washing and gizzer also.,16 Dec 2022,2
198013,Samuel Wolfe,"bait and switch strong-armed fraud..The hotel itself is fine, the problem is with the aggressive bait and switch tactics of the manager.It happens to me here twice: the manager is friendly at first. Seems to accept the reservation booked online, and even accepts the price. Then after some time, he finds some pretext to demand double or triple the price that is clearly published on multiple sites. And he held one of our IDs as ransom and became in both instances very unpleasant with yelling and finger pointing all with the aim of extracting more money than is plainly advertised on multiple sites. I would have liked to return, but not until there is a more honest manager.",16 Apr 2023,1
