hotel_id,user_name,review_text,date,title
35072,surjitsingh,"Staf is very nice and good 
Helpfull",01 Nov 2022,4
35072,917015614304 GOSWAMI,Not travel is room available,07 Mar 2023,1
35072,Deepak Singh,Hotal owner and staff does not provide room and receive extra money bad experience oyo,08 Jan 2023,1
35072,Gurdeep,"we have be charged more rent than was displayed on screen .
There was no second blanket. 
Too bad experience.",27 Dec 2022,1
35072,Ashutosh Jaiswal,"No bathroom kit, no complementary anything, no water bottle, unclean room,",14 Nov 2022,1
35072,Sanjay Rajput,Rooms are not clean and washroom have very bad condition,30 Oct 2022,1
