hotel_id,user_name,review_text,date,title
39193,Nirmaljit Singh,All over is fantastic good,21 Nov 2022,5
39193,Rituthakur,"The hotel was best for me. the room and washroom was clean, the staff and their service was best. the price was affortable,  the location was as per my requiremnt.",08 Jul 2022,4
39193,Sukhwinder Singh,"This hotel was perfect for your family and friends, the location was central. The rooms were very beautiful and spacious. The staff was helpful and friendly, so I can say this was a good hotel to stay at.",27 Jun 2022,4
39193,Satnam,Nothing is give better rating,24 Oct 2022,2
39193,sonu gupta,"room is very simple, Tv has only song channel, not any other good channel. flush seat is not working.",03 Jul 2022,2
39193,Surbhi Sharma,Plz provide better service.Guidance,20 Feb 2023,1
39193,Govinda soni,Location is very dangerous I suggest people not book this hotel also staff not provided good services. So many thief in this area,21 Nov 2022,1
39193,Chandan Thakur,"This hotel is very bad. The owner of the hotel does not have the manners to talk. And when you go to the hotel they charge extra money to book the room
No one should go here.",16 Nov 2022,1
39193,Arvind Singh,Very bad hotel .. cleaning issue ...bedding very bad...mattress condition too bad...no dustbin in rooms...no towel provide...staff behaviour very rude...don't know how to talk to customer...food provided very pathetic...suggest not to stay otherwise u will suffer a lot,06 Nov 2022,1
39193,Akhilesh Mohan,Worst people and worst service basically I recommend everyone not to go this hotel,18 Oct 2022,1
39193,Gagandeep Singh,none,16 Oct 2022,1
39193,Karan Bhatti,When i was check in after 1hr light has gone and in hotel no have generator thats why AC AND TV NOT WORKING AND BLANKET WAS VERY DIRTY AND BED SMELL AND STAINING BLANKET and when i was contact to reception they told me we hav no more blanket that rude aa un supportive behave i was spend very difficult time for 5 gr and check out and check in other hotel my experience was very bad,11 Jul 2022,1
39193,Promila,"We have booked for 4 rooms and insted we got 2 rooms with 2 beds in each also parking was not there we had to wake in the middle of night to remove my cars from one spot to another. Also, bed sheets were not clean and rooms were very stinky",27 Jun 2022,1
