hotel_id,user_name,review_text,date,title
43487,Arjun Singh,Good hotal and nice people are there,22 Nov 2022,5
43487,XXX XXX,Geyser not working.Bed and bedsheet are not cleaned properly.,08 Feb 2023,2
43487,Ajay Rana,extra charge paid,31 Oct 2022,1
43487,Nitish,"No Water heater, no wifi, bad condition of room, service is so poor,. I ask for hot water for bath they don't have",19 Oct 2022,1
43487,Jatin,"Worst room.....no tv, no ac , under renovation rooms",28 Sep 2022,1
43487,Mangat ram,Not clear room rusty,21 Sep 2022,1
43487,Khushwant Ahari,Oye and hotel staff both are very bed ... They both are chetting with customers. Don't use OYO and this hotel both.   Hotel staff and owner both are demanding for the extra money. And oye staff is also support for the same. Avoid this both Oyo and hotel if you don't want feel cheated. And hotel condition is also very bed.,17 Sep 2022,1
43487,Sanjeev Kumar,"It was a very bad experience, reached the hotel at 12 o'clock in the night with the family and he refused to give the room, after much debate he provided the room with extra charge and without any facilities.  Without AC and without water.  And i have the videos and i am going to consumer court against oyo.",15 Jul 2022,1
43487,Deepak Verma,"We went there they say oyo app having problem show low price, we will charge triple from oyo app, why r u using plzz book directly….funny people",08 Jul 2022,1
