hotel_id,user_name,review_text,date,title
53500,Manav Sharma,Best hotel,08 Feb 2023,5
53500,Aman dudy,none,10 Jan 2023,5
53500,Satishmedapati,Very good,28 Aug 2022,5
53500,Mohit,Good,15 Aug 2022,5
53500,Karan Sareen,Very good service and delightful welcome.  Always go through oyo,14 Aug 2022,5
53500,Ravikiran Rao,good for stay,14 Jul 2022,5
53500,Aakash,good for stay,10 Jul 2022,5
53500,Mahesh Reddy,good for stay,07 Jul 2022,5
53500,Sahil Dandi,Good,03 Jul 2022,5
53500,Rajendra,good staff and service,29 Jun 2022,5
53500,Amit kumar,ok,22 Jun 2022,5
53500,Mohd.Farhan,ok,21 Jun 2022,5
53500,Tarun,awesome stay and service,19 Jun 2022,5
53500,Bappa,ok,15 Jun 2022,5
53500,Saparsh Pathania,ok,14 Jun 2022,5
53500,SHAILENDRA SINGH,ok,11 Jun 2022,5
53500,Ram Sumar,ok,11 Jun 2022,5
53500,Pratik,Good,21 Aug 2022,4
53500,Rahul Fulwariya,Good review...and good service,18 Jul 2022,4
53500,Jatinder Singh,"bedding was not clean, staff was co operative and pleasant",05 Jun 2022,4
53500,Payal AbhishekBindra,"Room was good but bedsheets and blankets were so dirty... Washroom is too small and dirty...
Overall I will give 2 stars only...staff is not cooperative but the owner of hotel is very gentle and kind lady...",12 Mar 2023,3
53500,Rajeeb Mishra,Room was untidy and not properly maintained.,01 Oct 2022,3
53500,Anoop.M.R,"If you book ac room through OYO, they will say pay extra 100rs for AC room. Faul small is coming out of the Ac. I weared a face mask full time in the room. Ac room doesn't provide blankets. Ac cooling is low, not even cleaning ac air filter since they have purchased AC. Only thing I like is you Will get a secured parking inside the premises with Lock and shutter.",23 Aug 2022,3
53500,Manish Rawat,room infrastructure,16 Jun 2022,3
53500,Chaitanya Shinde,"Ac not provaid by hotel,  no hot water in bathroom, no daily clening..",21 Sep 2022,2
53500,Lakhwinder Singh,"AC room booking was done. But even after repeated requests, AC was not activated and was flatly refused",29 Aug 2022,2
53500,Subodh Verma,Bedding smells really bad,13 Jul 2022,2
53500,Narender Kumar,Deluxe room are not available. They tried to give us very bad condition rooms.,10 Oct 2022,1
53500,Ajay Saini,Small rooms and dirty  bead sheets,05 Sep 2022,1
53500,S ParamjeetSingh,All very bad experience and Omer instructed his employee to throw outside my luggage and hit with Kara if I enter his property as he didn’t received payment from OYO police was called by me to settle the matter,17 Aug 2022,1
53500,Rahul Shandilya,Nothing is there to like.Hotel Manager &amp; Specially Owner both are highly greedy person. I reached there with my family in late night and they already cancelled my booking nd sold my room other at much higher rates. Highly unprofessional and lier peoples. They valued only for money not guest. Suggest not to stay in that hotel.,17 Aug 2022,1
53500,sahil,Hotel early check in without my permission,16 Aug 2022,1
53500,saiful islam,"never stay here even its freenothing i liked.starting from their behavior, rooms and simply everything",15 Aug 2022,1
53500,Narendra singh,none,13 Aug 2022,1
53500,Sunil Kumar,very poor cleanness and service,04 Jul 2022,1
53500,Sanjay Chhapola,Not Ac work And Light problem Room service Very poor and Water not available room,28 Jun 2022,1
53500,Deepak Sharma,v. v. v. poor service,24 Jun 2022,1
53500,Gopinath,Worst,23 Jun 2022,1
53500,Parteek Yadav,"hotel extra charge 200 hundred for ac room, they refuse to give me room ,and hotel charge 200 extra money for room ,very bad room condition, door without lock(lock not working) ,very small room ,dirty bedsheet and blanket ,no towel available, very bad experience",20 Jun 2022,1
53500,Parteek Yadav,"hotel us  extra money 350 rupees for ac room,very bad hotel ,they refuse to give me room because i paid payent to oyo in advance,very bad experience",20 Jun 2022,1
53500,Sachin Kaner,Very very pethetic condition of room.....for single person it is ok but this hotel is not good with children and family.,13 Jun 2022,1
53500,Chaman Singh,"OYO should remove this hotel from list. very poor condition of rooms, AC and behaviour of staff and manager",12 Jun 2022,1
53500,Nikhil Kumar,"bed sheets were very dirty .....they dont change
in some rooms ac were not working......and most important thing .....room size was very small in comparison to photos shown while booking the hotel.......it was horrible stay....very small size room......i even request customer care and hotel staff to cancel my booking but there response was very negative.....i dont like",08 Jun 2022,1
53500,Pranav Pranav,"worst hotel in Amritsar Zero hygiene & cleanliness, staff is totally unprofessional. even after informing they provided unclead room and asked us to pay extra for AC even though we paid online through Oyo aap .",01 Jun 2022,1
53500,Meena,hotel was not good for anything,31 May 2022,1
53500,Pranav Chauhan,"We have faced lots of issues, after checking in hotel staff was very incorporative and hotel staff demanded extra money for AC and after checking in we left hotel at 12 mid night after demanding extra money it was such a bad experience",30 May 2022,1
