hotel_id,user_name,review_text,date,title
6335,Harvinder singh,none,05 May 2023,5
6335,Sahil Setia,Best experience,25 Apr 2023,5
6335,Dilip,Oyo service is best and classical oyo room is clean and hotel location is very best room fare is very cheap instead of other hotel room i like oyo,24 Apr 2023,5
6335,SAURABH GAUTAM,"Good service, Great taste, I feel just like a home. Comfortable for  family, good behavior of staff.",14 Apr 2023,5
6335,Harendra,Excellent service and room management,12 Apr 2023,5
6335,Yatin Mehtani,Nice rooms and nice place to stay with good cleanliness and behaviour,07 Apr 2023,5
6335,Utkarsha,Over all good,29 Mar 2023,5
6335,Sahil Anand,Great hotel staff very good,28 Mar 2023,5
6335,kamal kumar,excellent.. room are neat and clean. nice location easy to reach. staff are well coprative specially hotel owner Baljeet ji. must stay once during your amritsar visit.  Total paisa vasool stay,22 Mar 2023,5
6335,Niharika,Amazing,20 Mar 2023,5
6335,deepak,well behaved staff clean rooms,18 Mar 2023,5
6335,Jas Jas,Hotel staff very helpful.all excellent,14 Mar 2023,5
6335,Prashant Thakur,"It was an amazing welcome by staff. Their communication was good. Room was clean & well prepared to check in. They also made the food of our choice. WiFi was accessible with good speed. Have a good infrastructure. 
Safety & good environment in the mid of the market.",11 Mar 2023,5
6335,Ankit,3rd time stay this hotel  and this hotel room comfortable,21 Feb 2023,5
6335,Gaggu Arora,Gud,12 Feb 2023,5
6335,yogesh,"Very good service, go for it",05 Feb 2023,5
6335,Vir DevinderSingh,Nice clean rooms,04 Feb 2023,5
6335,Garvit Anand,Awsome property good rooms and service as well.,25 Jan 2023,5
6335,Puru,Great service,22 Jan 2023,5
6335,Honey,Wonder full Service Staff Behaviour very Good And Service Also Fast,21 Jan 2023,5
6335,SahilMahajan,Good,14 Jan 2023,5
6335,918398989200,Everything is good,13 Jan 2023,5
6335,Ankit,Thats great hotel yar 2 time visit this hotel I like it thanku all staff ☺️☺️☺️☺️,11 Jan 2023,5
6335,Nikhil Thakur,Good service rooms are well mentioned,11 Jan 2023,5
6335,Amit Arora,All over is good but gyeser was not working,08 Jan 2023,5
6335,Yogesh Kumar,Very Good Clean Hotal good location near By Darwar sahib ..good Staff All ..M Very happy to stay there I will Again Stay When Come in Amritsar,01 Jan 2023,5
6335,Harpreet singh,Overall Good stay,17 Dec 2022,5
6335,ASHUTOSH Singh,Nice room and staff comfortable stay as well as nice location of the hotel recommend for a good stay,03 Dec 2022,5
6335,Yogesh Kapoor,Very happy because this hotel staff is very cooperative.,02 Dec 2022,5
6335,gurleen takkar,Very nice 👍 hotel ☺️☺️,19 Nov 2022,5
6335,Ankit,Very nice yr 😊😊😊,15 Nov 2022,5
6335,Deepak,"Hotel staff isvery cooperative room is gud check in check out very smoth, room is clean no issue in hotel",13 Nov 2022,5
6335,Sahil Setia,It is awesome,13 Nov 2022,5
6335,Harish,"Good to stay , nice behaviour of stafff , coperative also happy to stay there and all the facilities are there .",12 Nov 2022,5
6335,Shubam Sumbria,Good service,15 Oct 2022,5
6335,Faiz Azam,Nice,10 Oct 2022,5
6335,Gurnoor Singh,"One of the best place to stay on your trip to Amritsar. Its 10-15 mins on auto from the heritage walk road which leads to Golden temple. We ordered paneer tikka masala and dal makhani and it was real good. Worth it.
The rooms are clean, dont smell at all. Our room had no windows at all except for an opaque one which was sealed and can't open. So i won't recommend it for claustrophobic people. Otherwise, it is perfect 👌",09 Oct 2022,5
6335,Deepak Singh,Nice hotel and very clean.hotel staff also good,30 Sep 2022,5
6335,Dildar Singh,"Service was Good By Staff .
Bed and other Facilities was alis excellent.
Keep it up.",26 Sep 2022,5
6335,Sony Khatoon,Hotel room location was fabulous,23 Sep 2022,5
6335,Ankit Tiwari,nice hospitality,18 Sep 2022,5
6335,vishal singh,good dealing,14 Sep 2022,5
6335,Samim Akhtar,Good luck  nice hotel,13 Sep 2022,5
6335,adesh kumar,Room Cleaned,12 Sep 2022,5
6335,Navin tak,Nice hotel clean room nice staf bnnjugfdfgffffjhh,12 Sep 2022,5
6335,Shankar singh,Good hotel,12 Sep 2022,5
6335,Irshant Sharma,Good and good service,11 Sep 2022,5
6335,Chaitanya,Excellent room .good location.neat and clean,11 Sep 2022,5
6335,Gaurav Soni,Nice hotels,08 Sep 2022,5
6335,Utkarsh Verma,Good ðŸ‘,07 Sep 2022,5
6335,Aditya,Good,07 Sep 2022,5
6335,Shaleen Raina,Service is good staff is very coperate,07 Sep 2022,5
6335,anju,Excellent,05 Sep 2022,5
6335,Ayush Pratap,I really like that place and i enjoyed soo much because all the staffs are very good and they are very kind,05 Sep 2022,5
6335,Nitin Mittal,Nice staff members and good service,05 Sep 2022,5
6335,MUNEENDRA Reddy,Its good hotel and great service,05 Sep 2022,5
6335,Baljeet Singh,Very good hotel,04 Sep 2022,5
6335,Ritika,"Hotel is beautifull and in a good location for those who want a perfect stay with hih/her family and friends near Golden Temple..
Then about staff,they are so friendly,polite and gives the best service.
Then about food, you can order breakfast lunch dinner snack everything from your room and they serves you the hot and fresh and ofcousre so delicious food to your room and price is so reasonable.
So I will sugguest to come here and have a stay in ""Hotel Winner Inn"". I swear you won't regret😊♥️",04 Sep 2022,5
6335,Umang Mehra,Hotel good location.but AC not working.room not dastbin but room clean good satiff,03 Sep 2022,5
6335,Gagandeepsingh,Good Hotel ... Loction... best Food ... and service,03 Sep 2022,5
6335,Deepak Gupta,Good,02 Sep 2022,5
6335,Surjeet,good,02 Sep 2022,5
6335,shubham Kumar,Hotel staffs are very responsive and location of hotel is good bcoz all tourist places are within the range of 2km,02 Sep 2022,5
6335,aadesh aadesh,Owsm Services,02 Sep 2022,5
6335,shubham Kumar,Seamless check in,01 Sep 2022,5
6335,param,Good service,31 Aug 2022,5
6335,Anmol Arora,Hotel was really gud and the staff was really cooperative,27 Aug 2022,5
6335,Aman,i liked the prices,25 Aug 2022,5
6335,Anurag Singh,Good service,25 Aug 2022,5
6335,sachin nagpal,good,22 Aug 2022,5
6335,sunil kumar,Good service,20 Aug 2022,5
6335,Aman sharma,staff was nice and polite,17 Aug 2022,5
6335,Subhramanyu Patnayak,"Let me discuss about this hotel

Hotel is very good. However it's just 200 mitre to the main road .hotel person and manager is supportive. But they not changed badsheet and pillow cover . All are sperm sign you can easily identify. Inside hotel you can found food and cold drink. Overall ratings 3/5 I want to give because room and bathroom is good compare to other hotels. But you need to ask to clean than only they will clean. Thank you",16 Aug 2022,5
6335,Bhagirath Bari,Very co operative staff Good Atmosphere and Great Service with Fair Price,15 Aug 2022,5
6335,Vishal AC,It was so helpful in urgent situations and very cheap rooms available... The map helps to locate hotels with ease..pretty impressed with offers too,12 Aug 2022,5
6335,Sukhdeep SinghJat,Good and clean room. Room service was great.,12 Aug 2022,5
6335,Sonu,Good,11 Aug 2022,5
6335,Ashutosh Patil,Room was hygienic and also staff was cooperative with good location and also hotel was very properly cleaned and sanitised,09 Aug 2022,5
6335,Sanjeev Wadhwa,Good stay,08 Aug 2022,5
6335,anubhav gupta,Good rooms,07 Aug 2022,5
6335,Vipan Sharma,Grateful job by oyo. Outstanding service provided oyo.,06 Aug 2022,5
6335,Sukhe,room and services are so good  as wellas nature  of staf members,06 Aug 2022,5
6335,Dhruv Agarwal,The service given by Oyo is excellent fast customer service and talks very politely nd maturely specially the Oyo staff Sweety.,06 Aug 2022,5
6335,Kuldeep Singh,Good,04 Aug 2022,5
6335,D.VIKRAM,Good service,31 Jul 2022,5
6335,Arshdeep Singh,Good facilities..good staf.,30 Jul 2022,5
6335,Manhar,none,29 Jul 2022,5
6335,Shubham Vaishnav,Service was little bit delay but all over is good stafff is good and location is the best in town ...,28 Jul 2022,5
6335,SANTHOSH KUMAR,"rooms clean ,staff supportive,reasonable price",27 Jul 2022,5
6335,Baljeet Singh,Location,26 Jul 2022,5
6335,Binu Sadanandan,good service,26 Jul 2022,5
6335,Sahil,That was awesome,26 Jul 2022,5
6335,SANTHOSH KUMAR,good service,26 Jul 2022,5
6335,NAVNEET SINGH,satisfactory,26 Jul 2022,5
6335,Binu Sadanandan,good service,24 Jul 2022,5
6335,ANKUSH SHARMA,Very good service neat and clean rooms cozy and comfortable,24 Jul 2022,5
6335,Sandeep Chinthalapudi,Nice room and good hospitality,23 Jul 2022,5
6335,Kumar Aarti,none,20 Jul 2022,5
6335,vishal sharma,none,20 Jul 2022,5
6335,Ankit Singh,Veary good sttaf,15 Jul 2022,5
6335,Abhishek Meena,good service,14 Jul 2022,5
6335,TARUN KUMAR,none,12 Jul 2022,5
6335,Ajay Gupta,good,12 Jul 2022,5
6335,zoraver singh,Gud room,11 Jul 2022,5
6335,Baljeet Singh,"Hotel is excellent, staff is v nice...very neat and clean Hotel...I Will stay always in the Hotel",10 Jul 2022,5
6335,Jeevan,good,10 Jul 2022,5
6335,Ram,good,10 Jul 2022,5
6335,Sahil,good,08 Jul 2022,5
6335,Amjad Khan,all over very good,07 Jul 2022,5
6335,Attri paji,good,06 Jul 2022,5
6335,Jaidev,good,05 Jul 2022,5
6335,Raja Shekharan,Good,03 Jul 2022,5
6335,917009956081,Room,03 Jul 2022,5
6335,Vipul,good,03 Jul 2022,5
6335,Ankit,good,02 Jul 2022,5
6335,Deep,Good,01 Jul 2022,5
6335,Amar,too good day,01 Jul 2022,5
6335,Vineeta,good 👍.,01 Jul 2022,5
6335,Ayushi,good,01 Jul 2022,5
6335,Suresh Luniya,good,29 Jun 2022,5
6335,Prateek Sharma,Stay was fantastic at hotel in terms of comfort luxury and price. Nothing can beat this price in this price.,29 Jun 2022,5
6335,Vinay Vishawkarma,none,28 Jun 2022,5
6335,Rupinderjit,nice,28 Jun 2022,5
6335,Shubham Aggarwal,good,27 Jun 2022,5
6335,Gaurav Kainth,good,27 Jun 2022,5
6335,Praveen Pimolii,good stay 💞💞💞💞💞💞💞💞,26 Jun 2022,5
6335,Meena Kanwal,good 👍👍,26 Jun 2022,5
6335,Maan PratapSingh,Little bit need to clean Washroom and overall good Experience,24 Jun 2022,5
6335,Ankit sharma,good,23 Jun 2022,5
6335,Dharmendra,Good,21 Jun 2022,5
6335,Madan Ghosh,good stay,21 Jun 2022,5
6335,Rajani V,good,19 Jun 2022,5
6335,Khan Numaan,good sarvic,19 Jun 2022,5
6335,SiRa,Good,19 Jun 2022,5
6335,Lipu,good,19 Jun 2022,5
6335,Kumar Sharad,good,18 Jun 2022,5
6335,Deep,Good service,17 Jun 2022,5
6335,sunita,very good service,17 Jun 2022,5
6335,Kapil Singh,good service,17 Jun 2022,5
6335,Ravi,good,17 Jun 2022,5
6335,Ashwani Kumar,good,17 Jun 2022,5
6335,Kuldeep Singh,Good,17 Jun 2022,5
6335,Ranjit Singh,good,16 Jun 2022,5
6335,Adarsh,good service nice hotels,16 Jun 2022,5
6335,Ravi,awesome everything....5star,15 Jun 2022,5
6335,Nizam Qureshi,good,15 Jun 2022,5
6335,R KMishra,good,15 Jun 2022,5
6335,jashanpreet singh,good,14 Jun 2022,5
6335,Gurpreet Singh,good,14 Jun 2022,5
6335,Surinder Mohan,good,14 Jun 2022,5
6335,Nilesh Nayak,good,13 Jun 2022,5
6335,satluj sihag,good,13 Jun 2022,5
6335,Pankush Khanna,good,12 Jun 2022,5
6335,Shweta,Good,12 Jun 2022,5
6335,Shweta,Good,12 Jun 2022,5
6335,Soumyajeet Kanungo,good service,12 Jun 2022,5
6335,Soumyajeet Kanungo,good service,12 Jun 2022,5
6335,Anshuman Purohit,good service,12 Jun 2022,5
6335,Aashima,good,12 Jun 2022,5
6335,Simran,good service,12 Jun 2022,5
6335,PRASHANT KUMAR.DAS,good,11 Jun 2022,5
6335,Surendra Rayal,Good food nice,11 Jun 2022,5
6335,Harwinder Gill,nice good 👍 service,11 Jun 2022,5
6335,kartik,everything is excellent,11 Jun 2022,5
6335,Anchal Nagpal,good service,10 Jun 2022,5
6335,Nikhil Arora,good,10 Jun 2022,5
6335,Dishant,good service,10 Jun 2022,5
6335,Ashish Jat,Good service,10 Jun 2022,5
6335,Ranjodh Singh,nice hotels for,10 Jun 2022,5
6335,Ashish Sharma,good saty,10 Jun 2022,5
6335,Sarathdas Nk,good,10 Jun 2022,5
6335,Akhilesh,good service,09 Jun 2022,5
6335,Aneek Konar,Good,09 Jun 2022,5
6335,Jitendra Singh,Good,09 Jun 2022,5
6335,CHINKI,good nice hotel ☺️☺️☺️☺️☺️,08 Jun 2022,5
6335,Vikas Kumar,good,08 Jun 2022,5
6335,Uzma,good,07 Jun 2022,5
6335,Arjun Gupta,Excellent Experience With Then,07 Jun 2022,5
6335,VANKAR SANJAY,Nice one,07 Jun 2022,5
6335,Akhil,nice,05 Jun 2022,5
6335,Pritosh Sethi,nice,05 Jun 2022,5
6335,SinghSukha,good service,05 Jun 2022,5
6335,Dilbag Raj,good nice.,05 Jun 2022,5
6335,VISHNU K,nice,04 Jun 2022,5
6335,Pankaj Yadav,nice,04 Jun 2022,5
6335,Gurjeev singh,Good,04 Jun 2022,5
6335,Anshika Aggarwal,nice one,03 Jun 2022,5
6335,Rithik,Nice,01 Jun 2022,5
6335,Ankush,nice,30 May 2022,5
6335,Ayush Ramotra,good,30 May 2022,5
6335,Kanhaiya Singh,good,30 May 2022,5
6335,Rahul Chawla,none,16 May 2023,4
6335,Tushar Singh,Room is neat and clean but bathroom is not too good but it is ok you can stay here for 2 to 3 days only room is not so big.,28 Apr 2023,4
6335,Anand,Hotel location is very good and room is very clear hotel staff is very co operative,24 Apr 2023,4
6335,Nitesh Sharma,Location was Excellent and staff was also very polite nd humble 👍,23 Apr 2023,4
6335,Sukhwinder singh,"Hotel is clean and beautiful 
Rooms are good all things are available 
Food service is great and taste is best 
Overall I enjoyed",21 Apr 2023,4
6335,Shrestha,The receptionist was aggressive not helpful,18 Apr 2023,4
6335,919779562967 singh,"It was nice stay here , easy to access market,happening places and malls and railway station,bus stand all together it’s good and very nice experience staying here.

Thank you.
Winner inn",13 Apr 2023,4
6335,Anil Kumar,Nice all facility in there room and hotel staff,13 Apr 2023,4
6335,Anuj Kumar,Good hotel,06 Apr 2023,4
6335,Shivanshu Mittal,"Decent budget hotel located in good proximity to Amritsar Railway station.
Staff is friendly and co-operative.",19 Mar 2023,4
6335,harjot singh,Good hotel staff are very good,13 Mar 2023,4
6335,Rohit Kumar,Clean room and washroom. Water bottle and towel were provided. Fast checkin overall good experiene,08 Mar 2023,4
6335,Faisal,none,25 Feb 2023,4
6335,Dayanand kumbhar,"staff are too friendly,rooms are clean,nice hotel to stay.👍",19 Feb 2023,4
6335,SumeetKalia,Decent staff. Value for money. Valet parking available. Rooms are small but it’s not a big issue. Breakfast available at the property,19 Feb 2023,4
6335,Saki,"Overall I had a great experience with this hotel..... The rooms are wonderful, clean n perfect .....",04 Feb 2023,4
6335,shammi sharma,Centre point in city experience is ok.,01 Feb 2023,4
6335,Simranjit singh,Location is good staf too good,10 Jan 2023,4
6335,AbhilashOtwar,Hotel services is good.,09 Jan 2023,4
6335,Rohit Kumar,Nice stay,23 Dec 2022,4
6335,Amit,Hotel room was good and the facilities were also good at this price ...Overall it was good experience with this stay,05 Dec 2022,4
6335,PUNEET SHUKLA,"Hotel is approximately 1.5 km away from golden temple.
fare was 1000/- for one night.
Facilities were good.
No issue of parking , there is a guy available who will park your vehicle.
All the staff was co operative.
Hotel is located in a narrow road.
I'm sure you will not disappointed after booking here.",10 Oct 2022,4
6335,PRINCE SAINI,Rooms Are Small and  2 rooms attach why ?,03 Oct 2022,4
6335,Rafiq Bhat,"Staff,room was ok ,ac,water ok",23 Sep 2022,4
6335,Manav,Hotel wass goods . Management was also good,22 Sep 2022,4
6335,Poonam,Nice hospitality,11 Sep 2022,4
6335,Pradeepkumar,Good hotel clean hygene cooperative,09 Sep 2022,4
6335,Aditya,Good,07 Sep 2022,4
6335,Rishu Anurag,Food was not so good .. Room was good ..food overpriced,25 Aug 2022,4
6335,Praveen,Value for money..Nice stay here..Staff is very co operative.,23 Aug 2022,4
6335,Nik Patel,nice hotel with safe areas.,22 Aug 2022,4
6335,Subhramanyu Patnayak,"Let me tell you the truth about this hotel

I have stayed two times of this hotel. This hotel is nearest to Amritsar railway station but you can't find nearest hotel and ATM, medicine shops, except Wine shop.

This hotel provides lunch and dinner, tiffin,snacks and charges  double. Compare to outside hotel. For water bottle too . Only Xerox is free at hotel.

Room is clean, ac also working as expected. Bathroom also  avg not better than good.

Overall experience is good 4/5 . But I can say go for it . From this hotel golden temple auto cost rs50 and main Amritsar market rs50. So please plan accordingly",19 Aug 2022,4
6335,Mantu yadav,Excellent over all,18 Aug 2022,4
6335,sanjay kumar,Room and location is good,17 Aug 2022,4
6335,Balu singh gurjar,Winnner in hotel is best and all faculties and worker is best,13 Aug 2022,4
6335,Saiyam,"The food was very good,excellent experience.",06 Aug 2022,4
6335,kajal sk,It is best in under 500 rs price,02 Aug 2022,4
6335,Vipan Dass,"Comfortable Stay, Cooperative Staff, Neat & Clean, Approachable, TV, Lift all are working, Value for Money",01 Aug 2022,4
6335,Deepak Dudeja,Every thing is ok,31 Jul 2022,4
6335,Mrudul Chilmulwar,"It's a value for money. The rooms are small but good for the money you are paying. The fool is tasty, wholesome and quality is more than enough.",27 Jul 2022,4
6335,rameshwar,"Hotels rooms, bed everything is ok but air conditioner not properly work after night 2-3 am, so ....",25 Jul 2022,4
6335,Vishu,good,07 Jul 2022,4
6335,ayush kumar,we like it.,04 Jul 2022,4
6335,Manjeet Shahi,AC is not Colling properly and Charging ports are not working properly,29 Jun 2022,4
6335,Hriday Sahu,good,15 Jun 2022,4
6335,Pintu,good,13 Jun 2022,4
6335,Kunal Das,Tv not working,15 Apr 2023,3
6335,Ankitkumar Vaishya,charged extra for two additional member. overall good but stuff was also nice. happy stay you can opt for.,09 Apr 2023,3
6335,Rupesh,Good but they had extra charged for Deluxe room....,10 Mar 2023,3
6335,Jagjeet Singh,dispointed with small room and bathroom was not luxrious ! i expecpted a little more sweetroom in this charges,08 Mar 2023,3
6335,Ashish KumarRout,"Needs more cleaning especially the bedsheets and washroom and price is on the higher side
Otherwise friendly and helpful staff members
Overall stay was good",07 Mar 2023,3
6335,Mahesh Ghumbre,When I reached hotel then I said I will pay on oyo app he said no then we will not give you room. Worst experience. No window in room and in between two rooms there is door means they are internally connected. Don't pay on oyo if you are boooking this hotel. One most important thing beds are not good. You cannot sleep.,04 Mar 2023,3
6335,Venkatesh,They ask for more money if they feel booking value is less,20 Feb 2023,3
6335,Nachiappan,This time it was not maintained properly. Rooms were not clean and all electric sockets were damaged.,19 Feb 2023,3
6335,Shashank,Worst hotel pick up and drop kind of property,07 Feb 2023,3
6335,Vishesh Sharma,Could be much better.,05 Feb 2023,3
6335,Shiv Kantjha,This hotel room not much clean,31 Jan 2023,3
6335,Sudeepsingh,"Room is net and clean. Food bill included GST.
Hotel is good.",12 Jan 2023,3
6335,Sarthak Sharma,"Room eas good, comfortable bed, had. an almirah as well. However, there was no geyser in the bathroom, which is a necessity in a place like Amritsar",26 Dec 2022,3
6335,Shah NawazAhmedKhan,I kept asking for warm water they never served they charged me for an extra bottle of water. The flush had no water on it. The electricity went back an forth during my stay,22 Dec 2022,3
6335,Lalit,Bad room service,06 Nov 2022,3
6335,Manpreet Singh,Staff member not take payment though the cash,22 Sep 2022,3
6335,Manthan Pathania,Top floor rooms are in very bad condition,18 Sep 2022,3
6335,Rishi Prasad,Rooms were good but average in cleanliness. Overall satisfactory.,10 Sep 2022,3
6335,Farooq ahmad,"They didn&#39;t serve me anybreakfast, They answered it is problem of booking.com not ours.",03 Sep 2022,3
6335,Gopal,"was getting off on price on oyo app , hotel receptionist say if u pay online we will not provide you room . As payment is delayed from company",01 Sep 2022,3
6335,Utkarsh Hans,none,31 Aug 2022,3
6335,Sahil,"Bed sheets and blanket need to wash 
Stinky smell all over the room",31 Aug 2022,3
6335,Loveneesh,Rooms are good but service is nothing special,07 Aug 2022,3
6335,vipin,Room service wasn't that good,29 Jul 2022,3
6335,Karamdeep Singh,Normal condition not bad and not excellent,25 Jul 2022,3
6335,Ayush Yadav,Bedsheet looked used and room smelled and the ac leaked in room. Food was not good.,24 Jul 2022,3
6335,Shubham Kapoor,They charged 30 rs extra for one Water bottle which is including in the room tariff.,23 Jul 2022,3
6335,MANPREET Singh,Good service  God staff  and safe rooms,23 Jul 2022,3
6335,Rohit,Extra charges taken for 2 guests.,16 Jul 2022,3
6335,Vipul Pathania,only free channels was available and no water provided by hotel and it was asked for money to pay if need water,01 Jul 2022,3
6335,Mir Iqbal,worst management and service,23 Jun 2022,3
6335,Deepika Arora,smelly rooms,10 Jun 2022,3
6335,Gaggu Arora,ac is not colling,02 Jun 2022,3
6335,Amarjeet Verma,Room Is Not Clear Proper not Hygiene Room Room Service is Very Bad TV is Not Working AC Is Not Working,24 Apr 2023,2
6335,Komal Singh,"Place was decent but the ac was not working properly. The toilet was also broken. Despite requesting for change of room, the staff said no rooms are available at the time. Staff was polite and good. We had paranthas with tea at breakfast and the food was very nice and tasty. Would like to have a second visit if things will be good next time.",15 Apr 2023,2
6335,SACHIDANAND,Location is good but room was too tiny.  We had to pick our luggage to room ourselves no gesture no courtesy. N above all room ac was not working. We had to ask for towels and soap etc..no toiletries were given. Overall had an unpleasant stay,13 Mar 2023,2
6335,Vineet,"Comfy bad , small room paid 1200 for that , broken lock work with key only. they provide only mineral water bottle (mrp+10) . Costly food 
Pathetic experience",03 Mar 2023,2
6335,Gaurav vrma,"Small room, dirty cabinets, dirty mats, wet towels, no complimentry breakfast or water, stains on bedsheet,
bathroom smells bad.",23 Jan 2023,2
6335,Uday,none,04 Jan 2023,2
6335,Mohit Nagpal,"Too small room, even no space after bed.. no ventilation in bathroom.. intercom not working.. got first room where bathroom wasn't having lock.. then changed to another.. good for solo traveller with just night stay, not for family..",20 Dec 2022,2
6335,Tanmay Kanungo,"No cleanliness, unhygenic bedsheets and blankets.",15 Sep 2022,2
6335,AKhil,"Price was reasonable, but no cleanliness and no proper service was provided during stay time. We were charged for a non-extra water bottle too.",09 Sep 2022,2
6335,Manjeet Singh,towel not available and room not clean,26 Jul 2022,2
6335,Stanzin,The bedsheet and pillow covers were dirty and had stains. Requested the room service staff to change it but to no avail. The tea cups were very unhygienic. Had a very unpleasant experience.  Wanted to rate 0 but 2stars since the chekin process was hassle-free.,26 Jul 2022,2
6335,Ashish Vaishy,they denied check in and asking for more money,22 Jun 2022,2
6335,Abhijit,"It was very dusty blanket, bed sheet everything. not at all expected & acceptable.",17 Jun 2022,2
6335,Ashish Sharma,"WIFI NOT WORKING, NO SOAP FOR BATHING (PLASTIC SOAP DIYA H), BROKEN CENTER TABLE GOT MY WIFES HAND CUT NO MEDICAL SUPPORT and many more",11 Jun 2022,2
6335,vishal kohli,this hotel is not for family,03 Jun 2022,2
6335,Suraj Kumarmishra,"Bad room bad service. They don't bother to oyo bookings.
Over Charged",21 Apr 2023,1
6335,Aishwarya halarnkar,"Room was not clean, shifted to other room which was soo small no place to stand",13 Apr 2023,1
6335,Subham Bhakta,The rooms have mice. They cut our bags. Instead of classic rooms they provide us small rooms. I want refund for my stays.,08 Apr 2023,1
6335,Kirpal,Very poor service from oyo,04 Apr 2023,1
6335,XXX XXX,Dirty and smelly room. Ac not working dirty bedsheets pillow and blanket. Infact 1 glass of water is also chargeable. Loging out of oyo app. 3rd class stay,13 Mar 2023,1
6335,Sunil Kumar,"Firstly to oyo, do review to your pricing and relationship with hotel owners,
None of your hotel allow checkin at your price.
To hotel owners, please do misguide your guests by uploading photos far from reality.",20 Feb 2023,1
6335,Mangal Singh,Food is too good but washroom  is so dirty water blocked in washroom,16 Feb 2023,1
6335,Harshit,Worst place to stay. Greedy people. They ask for extra money even after you have booked from oyo. Room are not same as shown in pics. Unhygienic rooms. Don’t recommend,11 Feb 2023,1
6335,Adnan,Small room with no charger point staff was so rude,08 Feb 2023,1
6335,919718879843,They charge extra money from me,07 Feb 2023,1
6335,Rohit manivannan,"Worst experience ever, the rooms where very small not like the pics they have posted very far from golden temple and you can literally hear sounds from next room NIGHTMARE !! . The location is bad asf",05 Feb 2023,1
6335,manish choudhary,Not up to the markThe room which they allot us was not clean....their bedsheet and kambal was dirty  bathroom was not clean ...and most  important one can easily here the sound of other rooms as there were only door between them ... someone from other room can easily hear you room ......,05 Feb 2023,1
6335,Ramit Sharma,These guys charged extra from me and no breakfast was provided,19 Jan 2023,1
6335,Sandeep Kumar,"I paid 500 rs more & than they allow to check in .It was very dangerous experience. Total amount was paid by me and than i paid 500rs more due to it was very late night, impossible to approach another hotel",19 Jan 2023,1
6335,Eshan,Unfortunately there is not minus ratings. They gave me a very dirty room in another hotel. Room interior was same but it was so dirty and stinking badly. Cigrate buds was found in room. Blanket was so dirty. Receptionist guy was very rude. Images are totally different from actual picture. Do not distroy your trip by booking this rubbish hotel. This is not a family hotel,27 Dec 2022,1
6335,Anil Arora,"Dirty washroom, small room, bad food, no ventilation",06 Dec 2022,1
6335,Ankit Bajaj,"Worst!
I really don't understand how the rating is 4+ for this hotel..
It should be rated NEGATIVE...

1) Room was arranged in nearby hotel inspite of confirming the booking 1 day prior through call..
2) Asked to pay more than booking amount stating that Oyo releases their booking amount after 3 months..
3) Manager was not well behaved with us and other customers as well..
4) Everything felt like shady in this hotel...

Oyo...if you guys take customer reviews seriously, unlist this hotel or permanent ban..If these type of incidents continues, people will permanently ban you...
3)",05 Dec 2022,1
6335,Akshay Indikar,"Room size was very small
There was no hot water
The phone was not working after calling them for hundred times",14 Nov 2022,1
6335,sunil,Very poor service. The hotel staff is not supportive. After requesting several time they did not change the badsheet. There is geyser in the washroom. All the room were darty. This is not a family hotel at all. No hygiene measure there.,08 Oct 2022,1
6335,HIRPARA TARUN,"Nothing.There was a problem of Tarrif by the Hotel , though i have book in advance that hotel, and when i went for check out , the room didn&#39;t give to me and persuaded me that the price, at which i booked the hotel, is not come under the hotel&#39;  Tarrif. So i have to Book another hotel emeditly. My question is , if Tarrif isn&#39;t come under the Hotel&#39;, than why you display to the website at that price i booked. So so so unfair",25 Sep 2022,1
6335,Khorwal Tilak,Reception person very bad nature ...and cheak in so.late ..room very dirty ans very very bad.,15 Sep 2022,1
6335,Abhishek Arora,Worst attitude towards hospitality in this area..Nothing.The owner was not ready to provide the room before checkin time. Demanded double the price for early checkin of 1.5 hrs.,11 Sep 2022,1
6335,harshdeep,none,11 Sep 2022,1
6335,RAUSHAN KUMARSINGH,Staf behave not good,09 Sep 2022,1
6335,Rajat,"dirty rooms and hotel staff don't have manners to talk ,poor room service,even they doesn't provide oyo room",08 Sep 2022,1
6335,Avinash,"Ac not workinvg properly internet connectivity poor 
In life bad smell",04 Sep 2022,1
6335,Ishman,"Very unprofessional no proper system no hygiene no cleanliness never visit this, very rude staff they’re a fraud",03 Sep 2022,1
6335,Mayank Rastogi,"Hotel rooms are already full, so manager gave me room in other hotel which is very unhygienic and no service is available there...",28 Aug 2022,1
6335,Kanwal Suri,please its my humble request do not visit this hotel because 1. The rooms were in a very dirty condition the bed sheets were full of dust 2. When I called for AC remote they didn't provided me till 12 am at 12.30 am at night they had given me the remote .,25 Aug 2022,1
6335,Priyanka,"Very very poor,disgusting behavior, ill mannered staff, bribe extra charges for early checkin and even after full payment they make u to wait for 3 hours,never stay in this hotel. Worst experience .",16 Aug 2022,1
6335,Pawan Kumar,Nothing is liked by me in this hotel . very very disgusting behaviour by managing staff and receptionist who received us was so cheap and rude and they said for wait upto 9 am and after that they denied our early check-in,16 Aug 2022,1
6335,Ayush Ahuja,"Don't go with the fake ratings.
Third class service and rooms are completely different than shown at time of booking.
Staffs are so rude. 
It was not worth of 200 rs local hotel stay",15 Aug 2022,1
6335,Haseena Yusaf,"Our experience in winners inn hotel is extremely disappointed. Our stay was for one day they alot us 4 room all the room in very worst condition. Bad sheets are not washed , used bad sheets are spread and blankets are very dirty, blankets don't have cover. We asked for change the room because ac was not working they changed the room but the room which they allocated is also with same condition and ac is not effective . Bathroom are very unhygienic. It was very deficult to spend one day at winner in.
We asked management to change our room but they ignored. My in laws are very disappointed becouse they come from keral and this type of appearance the hotel shown . However we have suggest pls work on above points becouse it's basic points which customer asked from hotel. Thanks",11 Aug 2022,1
6335,Nikhil Tiravdekar,"Staff is not cooperated at all. Very rude. I reached there 10. They waited me 2 hours in Lobby and said room are not available. But same time they given room for other person and They told me since book the room from booking.com that&#39;s why they didnt allow early check in as i paid less amount. Totally disappointed and worst experience in my life.Staff behavior, they are very rude. Non cooperative",02 Aug 2022,1
6335,Vaibhav,none,31 Jul 2022,1
6335,Paritosh,The hotel owner did not give any bill. The staff behaviour was rude. Food was not served timely. Also was overcharged on the second day. Disastrous service to say the least.,15 Jul 2022,1
6335,Shubham Verma,"Kindly refund my amount as the hotel manager denied check-in, reason the hotel tariff is more..
He has charged me 800 rps in cash for giving me the room.",11 Jul 2022,1
6335,Hardeep Ashta,The receptionist asked for extra 300Rs. to allow checkin as they say that 577 is not theie tarriff which is displayed on OYO. Very bad experience,09 Jul 2022,1
6335,Mansab Ali,"Pathetic Service, Rooms are too Small and Dirty , Bedsheets and pillow covers were very dirty. Arrogant Staffs.I dont know how this hotel is rated above 4, it should be rated 1.",27 Jun 2022,1
6335,Mukesh Dusad,"i have booked a room in this hotel (with family) and pay the amount 1375 .But when I reached in the hotel ,hotel manager takes us to another near by hotel and show me a room .i asked him those room images I was look during the booking time it was not as per. then he told it is our property  and it is shame as per show images. but I asked him then you not provide the room as per image then why you proceed it from your side .  and it was my compulsion because time was 2 am night. after pay 1375  i was stayed in simple room those one not as per show images. it is only top in rating but it is not actual physically.",27 Jun 2022,1
6335,Parveen Kumar,Very disappointed,21 Jun 2022,1
6335,Ashwani Singh,completely unresponsive staff. They have Ac controls of all the rooms and switch off the ac as per their convenience. Bad experience. poor hygiene and cleaning. Go there if you don't get any room.,17 Jun 2022,1
6335,Ranveer Kataria,no AC had to change the room,16 Jun 2022,1
6335,Sumit,show another room image in oyo but when u reach they give another room..  according to payment..and this is wrong because most of the people use coupon while bookin oyo room.,12 Jun 2022,1
6335,Kartik,"staff is very disrespectful,No Cleaniness.",12 Jun 2022,1
6335,Khajanchi Jaiswal,"very very bad experience please don't go to this hotel , AC not working , TV not working , food also very bad. please please don't go to this hotel.",01 Jun 2022,1
6335,Abid HussainWani,"Worst reception staff, AC is placed in every room but not working properly",01 Jun 2022,1
