hotel_id,user_name,review_text,date,title
88842,GUNJAN,none,04 May 2023,5
88842,Prabhjit singh,"The rooms were clean, very comfortable, and the staff was amazing. They went over and beyond to help make our stay enjoyable. I highly recommend this hotel for anyone visiting",12 Apr 2023,5
88842,Chandan Hazarika,"The room was nice,a bit small but manageable. Most importantly the hotel is only walking distance to the golden temple. Overall a wonderful stay",20 Apr 2023,4
88842,Pooja Singh,Good experience,01 Mar 2023,4
88842,Rishabh Kumar,These people made me change the room thrice. Service is not good at all i had to say same thing again and again in reception,26 Apr 2023,2
88842,Vinod Kumar,"No water,in room No kichen,Even no tea available Dead Telephone
.........,Soap and towels were supplied after presure.",13 Apr 2023,2
88842,Biju Das,"very bad experience,the room that was booked was not given , instead of this i have to take another room at high rate   and hotel manager said that the room that was booked by us that was small .",02 Apr 2023,2
88842,prasenjit sen,"The stay was very bad. Rooms are very small and amenities like tvs are not working, geyser is not working, reception is not at all friendly. Only staff behaviour is good. Other than everything is very average. Hotel taken extra money to give us three rooms on the same floor but they have given after 5 hours and for that we could not able to go to the market. Overall experience is not at all satisfactory.",26 Mar 2023,2
88842,Ghanshyam Rajpurohit,"I cancelled this room, because i was with my family and so was expecting clean rooms, but rooms were very dirty and not for family, also they didnot provide mr room for all 4 of us and two seperate rooms were offered, i had conversation with OYO team immediately after looking at the rooms and they also mailed your. Goibibo tram to initiate refund, also hotel owner agreed to refund my amount. Please do the needful.",19 Apr 2023,1
88842,pradeep dagar,The hotel is not given a check in,14 Apr 2023,1
88842,RAVIRANJAN KUMAR,"Very bad service,  rooms are Very स्मॉल  and",01 Apr 2023,1
