hotel_id,user_name,review_text,date,title
95634,Savvy Kapoor,"Property is very near to temple, rooms are clean and kept well, toilets were clean.the best part was they gave me a choice of rooms in the hotel.Owner of the property was also nice, replied me well for every question I asked.Overall good experience.",20 Mar 2023,5
95634,narinder,Nice place to stay comfortable rooms . Helpfull staff,09 Mar 2023,5
95634,Nitish,hotel is good but rooms r very small ac are not working,06 Feb 2023,5
95634,narinder,Nice stay big comfort room.,03 Jan 2023,5
95634,narinder,Nice stay,30 Dec 2022,5
95634,SHIVA,Hotel was very good It is near to golden temple just only 10 min walk between the hotel and temple..,21 Nov 2022,5
95634,Sankar Sahu,Excellent,09 Sep 2022,5
95634,suman roy,Osm experience and room cleaning is also very good,05 Sep 2022,5
95634,narinder,Good pla e and nice staff. Thanks to oyo also good choice,28 Aug 2022,5
95634,narinder,Nice place,28 Aug 2022,5
95634,Kapil Gupta,"The behavior of the owner was not good, he has nor provided receipt of the amount collected",28 Aug 2022,5
95634,Sahil Customer,Good,12 Nov 2022,4
95634,lovish goel,Good location helpful owner,07 Nov 2022,4
95634,Sunny Singh,All things are good just room was little smelly due to no ventilation of wash room,14 Sep 2022,4
95634,Amandeep Kaur,"The staff was good and cooperative also .We found no diffullty in any of the thing . Every thing was propr and clean.

Thank you.",28 Aug 2022,4
95634,SaisreePulavarthi,Worth the money,28 Jul 2022,4
95634,Davinder Kumar,Service is so good,20 Jul 2022,4
95634,Pankaj Kaul,Overall Good experience. But only thing which made me to give them 3 stars because they gave me room according to what I paid . They didnt saw the category room which I booked,19 Mar 2023,3
95634,Hema Saini,Room washroom not cleaning blanket durty,05 Dec 2022,3
95634,Karthik,Room IS OKAY. BASIC FACILITIES AVAILABLE. COULD HAVE MAINTAINED IT BETTER IN TERMS OF CLEANLINESS...,04 Dec 2022,3
95634,Uttam Mohapatra,Hotel room are average not good as shown in picture,06 Oct 2022,3
95634,Gaurav Desai,"Staff behaviour not good
Room facilities not good 
Over all not good experience",11 Jan 2023,2
95634,Arya,The room was really not upto the mark as compared to the amount we paid and what shown in the photos. I don't know why this happens if you are only a guy or two OYO owners just give you the shittiest rooms available. We are on a bik trip and we were so tired to argue with them about the room so we just slept. I will never suggest this property to someone.,22 Nov 2022,2
95634,Swaraj Agrawal,Initially staff was very rude and unfriendly.Though the oyo app showed room no 105 alloted owner told that 105 can't be given and was allocation room next to reception which was very noisy place.Owner also asked to cancel the booking if the ground floor doesn't suits.All this because all the payment was made in advance and I had no option but to pick the room.Dustbin was so dirty.Doormat and pillow covers were also dirty.,04 Aug 2022,2
95634,Harinder Singh,none,12 Apr 2023,1
95634,Mahesh Mishra,"Staff is very rude, ac is not working, no proper cleaning of beds, washroom not maintained, no any sanitation, it's smelling every where.",10 Mar 2023,1
95634,LalitChopra,"Very Poor service, below average, lots of broken things in the wall. Even many wires were their in the room, heater was not available. Washroom was so much dirty. Hot water was not available to bath.",07 Mar 2023,1
95634,Ravi Manani,Very poor so dirty room they fooled us bad service!!,19 Feb 2023,1
95634,Punit,"Always hotel owners angry regarding with Oyo booking because always give too much discount and owner didn't provide the room ..

This time hotel owner provide 3rd class room .
After argument owner demand for extra charges

Room not cleaned, service very poor",12 Feb 2023,1
95634,Ishfaq abdullah,When I entered in hotel and I ask to reception manager that I have booking this hotel and he said,19 Jan 2023,1
95634,Venkatesh Sharan,"Can’t express any differently but this place is ridiculous! While booking it didn’t show us the option to choose ‘Suite’ citing that it’s unavailable. On reaching and checking in, we saw that the allocated room is right next to the reception desk with absolutely no privacy. The room was extremely bad! Walls were all stained, bed sheets weren’t clean and it was too claustrophobic. On asking for another room, they showed us the so called ‘suite’ and offered us to take that and pay the difference in amount there itself. When inquired on why this is unavailable online, the response was ‘Unko saste mein sasta chota room rakhna hai, woh nahi hoga toh suite dena padega’. The staff was not very helpful and clueless about things. The ‘upgraded’ room was marginally better than this one, but overall very bad. Cupboards were full of dust and smell. Bathroom was just okay. WiFi services don’t work on the 2nd due to ‘range issues’. If that’s the case, why advertise at all? Overall, I wouldn’t recommend anyone to stay here ever! OYO team, please de-list this property as it’s pulling your service levels down!",18 Jan 2023,1
95634,Sanjay Gediya,It was worst staying experienced ever in my life. I will never recommend to anyone to stay in this hotel. The guys were came in my room to repair the geyser without my permission. TV was not working anymore. I was with my wife their and she was feeling totally uncomfortable when 3-4 male inside the room. And room was not good as expected. It was too much small. Even after those guys repaired the geyser it was still not working. and I just checkout that total before 1 and half days ago which I already paid for 3 nights. But due to not felt good I was out from their.,17 Jan 2023,1
95634,singh paramjeet,Not good hotel.Not good hotel,01 Jan 2023,1
95634,Parwinder,"The room was pathetic, very dirty",04 Dec 2022,1
95634,Akash,"they charged extra money and gave me dirty room .
even geyser wasnt working properly.",20 Nov 2022,1
95634,Ashok Purbey,Very bed behaviour all hotels are dislike costumer who booked with Oyo because they earn very minimum amount with oyo.not give same room also not give any type of service.they treat with costumer like you stay in his dharamshala. not only this but all are same.very bed experience.,07 Oct 2022,1
95634,Shubham pandey,none,02 Oct 2022,1
95634,Sandeep,Extra charges for AC and not working geysers,25 Sep 2022,1
95634,Amritpal Singh,"Booked room not provided by hotel, provided room quality was very low",14 Sep 2022,1
95634,Anket Kadam,"Checkout time was preponed
Hot water was not available
AC was not working
There wasn't any sign oy Oyo",06 Sep 2022,1
95634,Abhishek rajput,The Hotel Manager is very rude person...dont ever book room in this hotel....the check in time is 12 pm we reached 1 hours earlier...we asked for room he said u have to pay 500 more else wait for 1 hours...we don't have any option so we have to pay 500 more to that mc manager..worst service ever...foods are very costly and also rooms are not clean as well...,04 Sep 2022,1
95634,Ajay,Hotel manager is not speak well or I am not stay at these hotel so u will not paying or my request for u  removing these hotel on Oyo..,03 Sep 2022,1
95634,Ajay Kumar,hotel staff behavior not good nd I see the pic hotel room are different they give me bad experience in this hotel kindly do not book this hotel I have requested every one.,02 Sep 2022,1
95634,Angad singh,"Not at all worth it, if you can delete this Oyo property better, they first hand didn't allowed us to check in without an extra fee charged other than the one paid for an ac room we booked via app, they were giving non ac room with the booking, than the staff so rude they were banging doors like anything whenever we asked for something no soap and towels were provided, ac remote was not provided the ac was left ON in the lowest temperature setting which was uncomfortable to rest after some time. When we asked for one nobody answered at reception all night.",30 Aug 2022,1
95634,SUMIT DOGRA,"Room was dirty so much, and spiders in the wall of the room even in the coushions of bed was literally dirty so much,",29 Aug 2022,1
95634,Kuljeet Singh,"It's totally bakwas hotel.  Specially reception  atander , he demanding extra money",28 Aug 2022,1
95634,Kunal,"If you tell any work to the staff there, then they take a lot of time to complete that work. We stayed there for 2 days and for 2 days we did not get room service for cleanliness. If you have also ordered a water bottle, then at least you have to call the reception twice, then the bottle of water comes. Even after giving such bad service, the staff there does not hold back from asking for a tip.",24 Aug 2022,1
95634,Shyamsundar Kadam,Very bad room very bad hotel very bad staff.. Kitchen and bathroom very poor conditions. Feature no stay ani oyo room...,22 Aug 2022,1
95634,Malhotra Ritika,Worst hotel to stay with familyNothing at all.Everything,16 Aug 2022,1
95634,Nitin choudhary,Stayed in hotel Kapoor room not upto the mark. AC was not working well. Very poor stay. More amount we paid as we booked in lower amount,04 Aug 2022,1
95634,Jayce,"Reached at hotel @9 pm hotel owner was asking for additional payment for ₹1000 in hotel , as per hotel owner need to pay or else he will cancel the booking and we will not get refund for paid amount. Was trying to connect with Oyo customer care but unable to connect till 10 pm, by the time owner informed me that he cancelled the booking and amount paid Online is gone now . Still I'm chaseing refund. Please hotel owner is fraud don't book this hotel.",31 Jul 2022,1
95634,Abhishek,Washroom  cieling is leaking,25 Jul 2022,1
95634,manmeet,very bad hotels,17 Jul 2022,1
