hotel_id,user_name,review_text,date,title
98796,nikhil,"Near and clean rooms and toilet . bedsheet is also neat and clean.  Manager us also adjustable  and polite  in nature. 
I recommend  to all of you come and stay with family and  friends",10 Feb 2023,5
98796,Paramveer Singh,Excellent place to stay. Parking space is available at doorstep of the hotel. Lift is also available here. Only 10 minutes away from Shri Darwar Sahib,08 Feb 2023,5
98796,preet,"Staff was good, room was clean, service of food and beverages was on time as per demand.",07 Feb 2023,5
98796,manchinder singh,Danish is very nice person,07 Feb 2023,5
98796,Sudhir kumar,"If the food is of genuine price then only their should be a prohibition of outside food, other things were good.",28 Dec 2022,5
98796,Suhail Ahmad,"The room was good with excellent facilities
Neat and clean bed sheets towels and other things
I will like to visit again here next time",23 Dec 2022,5
98796,Ashwin Ratna,Danish is very nice person very helpful person,10 Nov 2022,5
98796,Danish Khan,"Staff are very cooperative, and room was also good.",24 Oct 2022,5
98796,Mohit Hans,"Everything stafff,rooom,cleaning.......",18 Sep 2022,5
98796,Kalamnoor,Safe and secure excellant,17 Sep 2022,5
98796,Jai,"Amezing Staff, Very Clean, best experience",26 Jun 2022,5
98796,Siddharth,I enjoyed,05 Jun 2022,5
98796,Gaurav Cheema,all things are excellent,30 May 2022,5
98796,vijendra ragore,It's good,01 Feb 2023,4
98796,Sunrise,It's good for night stay,17 Nov 2022,4
98796,Naveen singh,Hotel is good but menu rate is too much high ..1 tea cup is 40/-,05 Nov 2022,4
98796,Anurag Kushwaha,"It was nice stay, but i think for two person room is small.",17 Sep 2022,4
98796,Ravindra Singh,"Room Service was late..Although room was good but not well cleaned also Also itenary items like towel, soap and shampoo was not provided.. when calling to reception at 730 am no one is picking up the phone",26 Dec 2022,3
98796,vijay choudhary,"Bedsheet and blanket,bathroom and toilet are not clean.Rest the attendent say to make payment in cash only.
Not good experience",14 Mar 2023,2
98796,Pushpendra Kashyap,"No basis facilities served like, towel, water, soap, etc. Geyser was not working.... Flush was broken... Hotel manager says outside food not allowed...
Extremely poor experience...",18 Dec 2022,2
98796,Umesh Bhardwaj,Not good because bedsheet pillows and bathroom not proper clean.soap shampoo towal and bath sleepers not available..all over poor condition..room is very smelly☹️,18 Nov 2022,1
98796,bains kamajeet,Service was very poor,11 Nov 2022,1
98796,Shivham,I felt that rating's are fake for this hotel as Pathetic experience with maneer less staff and unhygienic hotel. I had stayed for 3 days from 5th to 8th nov and exp. was worst as per ratings displayed in rating section. Oyo town house is much much better comparatively to this hotel  which is in walking distance. Don't got for this.,08 Nov 2022,1
98796,Jamsheer,"Not hygienic, tv not working, extra charges added",22 Sep 2022,1
98796,Mayank kumar,charged extra.,29 Jun 2022,1
98796,Vijay Singh,poor service,20 Jun 2022,1
98796,Samarjeet Singh,Extremely pathetic rooms and horrible services by OYO,19 Jun 2022,1
98796,Gurii,Increase price,17 Jun 2022,1
