hotel_id,user_name,review_text,date,title
111691,Dheeraj,Awesome,23 Apr 2023,5
111691,hanmant shriramshinde,Awesome,23 Apr 2023,5
111691,Rajesh,Good,22 Apr 2023,5
111691,Ajinkya Kulkarni,Awesome service g,28 Nov 2022,5
111691,PANDURANG,Good hotel and good severces,04 Nov 2022,5
111691,Amol Jagdale,Check in check out very good.. service is very good... and friendly staff,25 Sep 2022,5
111691,VishalPawar,"Good amenities heiginec 
Clean",22 Sep 2022,5
111691,Nikhil Kadi,there is an issue of light rest is fine,11 Sep 2022,5
111691,Pratik Saraf,Good service,19 Aug 2022,5
111691,Advait Zambre,Good,19 Aug 2022,5
111691,Rakesh,Good,31 Jul 2022,5
111691,Raj Rathod,Good,25 Jul 2022,5
111691,Swadeep Chavan,Good,18 Jul 2022,5
111691,Pramod Narwade,good,18 Jul 2022,5
111691,Sudhanshu Gund,Service nd high rates,29 Jun 2022,5
111691,Pankaj Dumbare,good,29 Jun 2022,5
111691,Aditya,good,29 Jun 2022,5
111691,Santosh,good,24 Jun 2022,5
111691,Pramod Giri,Good,24 Jun 2022,5
111691,Praful,Good,21 Jun 2022,5
111691,Ruchir Lawankar,nice,18 Jun 2022,5
111691,Aman Gill,ok,15 Jun 2022,5
111691,Abhishek Fuse,I thanks to Oyo team at that's night they help to change Property because Oyo Flora executive need extra money for only booking that's to Oyo team to booked Another Property i will request to Oyo please removed from Oyo aurangabad like Flora Executive they drink alcohol on desk of reservation,11 Nov 2022,4
111691,Kushal Vasave,"Good experience with good service ,and helpful in any situation, not worried about anything",12 Oct 2022,4
111691,SACHIN SHINDE,"Service is ok, staff is cool",20 Sep 2022,4
111691,rahim siddiqui,Hotel room too good but location is not good,11 Sep 2022,4
111691,YOGESHmurlidharShendge,The hotel is good staff are good receptionist is also friendly.,11 Sep 2022,4
111691,Prasad Tejinkar,No issue at check in,04 Aug 2022,4
111691,Dnyaneshwar Jadhav,good,12 Jul 2022,4
111691,Rajypal Hanwat,Good,30 Apr 2023,3
111691,Er.Naveen,"Tv was not working,service was also fine,bathroom was little bit untidy,Ac was not working,overall average",18 Oct 2022,3
111691,Rakesh Kashid,Liked the city,12 Oct 2022,3
111691,Vijaykumar Rachawar,Very poor service. Asked more money than booking amount. Very bad condition of hotel. No maintanence of hotel and cost is too high. No proper power supply.,21 Sep 2022,3
111691,Vaibhav,Average. If you are not able to provide listed amenities then remove those from list.,09 Sep 2022,3
111691,Balaji,No AC no bord light and light issue,05 Aug 2022,3
111691,Om Botke,"They charged me 500rs extra for the room
And room wasn’t good not the view not the bed not the buttons not the tv and there was no ac",23 Oct 2022,2
111691,RAJ,This is a very bad hotel after booking it is taking too much money also the room has water dripping from the ceiling but the bed is not clean.,24 Sep 2022,2
111691,Mahendra Morey,From outside property is looking good. Parking space is available. Lobby is basic and clean. rooms are not clean. TV not working. No light bulb in bathroom. Even after asking he didn't helped. Basic experience. Do not book if booking for family.,21 Aug 2022,2
111691,Ajit Bhosale,No hot water.. No Tv.. not cooperative staff..No room cleaning,30 Jun 2022,2
111691,Chirag Chande,"Mattress bed was very hard unable to sleep properly, Hot water not coming.",02 Jun 2022,2
111691,Thirumala RaoG.,"No AC , address is not correct in Map, not cleaned , no tv , no water, nothing is there waste of money",24 Apr 2023,1
111691,Deepak Pandurang,Dirty smell all around,29 Nov 2022,1
111691,Aditya,"No hygiene, price showing on app and one they are taking at site is nearly double. Location on Google map and  actual location is different. Did I mentioned No hygiene and hotel have rights to change your tarriff even if you are a prepaid customer",25 Nov 2022,1
111691,Sachin Shinde,"Hotel management has changed, and they didn't allowed us upon the Oyo offered amount. They have charged full tarrif of their hotel. It's not good thing. Shown offer different and charged us different.",20 Nov 2022,1
111691,FAISAL SHAIKH,Its was really bad experience as room was AC but they don't have AC and provide normal room which was as I have booked,19 Nov 2022,1
111691,Deepak Pandurang,"No working AC , no TV , no clean glasses , dirty beds , no clean toilet , no telephone , no dustbin , rude behaviour of manager .. worst hotel I stayed ever.. not recommended for families",02 Nov 2022,1
111691,Hara Prasad,Worst experience @Shangrila Rivera executiveLiked only location of the property.The reception staff asked for more money to allocate a room. The room is not as per expectation and so dirty. Furnitures are broken and the room worth 500-700 only and they charged 1500.,31 Oct 2022,1
111691,918412942433,Very bad hotel don’t stay,26 Oct 2022,1
111691,Bharat R,"DEEMANDED EXTRA MONEY ,",26 Oct 2022,1
111691,Narayana Gupta,"This is the worst room I could stay for 4,500. I don't even pay 1000 rupees for these amenities. The photos are all lies.",22 Oct 2022,1
111691,imran khan,Hotel management no support  Room condition very bad No clean bathroom bathroom is very bad  No lift no call received,16 Oct 2022,1
111691,Palas,They charged me 585 rs extra,15 Oct 2022,1
111691,Rahul,It's a worst place...,12 Oct 2022,1
111691,Namdeo Dhotre,"I booked Hotel Online, And Paid Online payment.
When I reached hotel they Demand Extra Amount and said we don't give you room in this amount which I paid online. Finally manager charged me extra amount and I paid him offline, then he confirmed my booking. 
There is no option to me bcz I don't have time to find hotel at that time...

I Suggested my company employees to not to stay here whenever you visit this city..

Oyo is not bad...
But there kind of hotels make them worst in market..",12 Oct 2022,1
111691,ajay,Not tavel & not ac,11 Oct 2022,1
111691,Ranjit Ranjit,When i get there hotel reception told me u pay extra charge and then confirm ur booking,11 Oct 2022,1
111691,Deepak Pandurang,"No working AC , no TV , no hot water , no electric kettle , at the counter they don't accept Voter ID",11 Oct 2022,1
111691,Vishal Thengade,I booked from main site but they receptionist asked for extra charges in case of emergency I paid them this is rediculous,01 Oct 2022,1
111691,Umesh HS,worst maintained property.,29 Sep 2022,1
111691,Mangesh Panchal,"Worst experience in life, when I booking oyo showing fire 850 and hotel charge me another 900 rupee I'm paid almost 1900 for worst room.",28 Sep 2022,1
111691,Arjun Dhangare,"Poor room cleanliness...
Unexpected charges..",28 Sep 2022,1
111691,AkaSH,"They ask for extra charges money, recipient was rude, rooms are not worth for price. I request to OYO to do needful and worthy action ,if you can't do anything then please don't gives us this service.",19 Sep 2022,1
111691,Gajendra,"tv not working, service not good, Also charge extra amount booking rice showing different and they charge extra amount",19 Sep 2022,1
111691,Aman Gupta,Service very bad...,18 Sep 2022,1
111691,Rammm,Extra money was taken from me than the booking. I had booked an AC room and I was given a non AC room,14 Sep 2022,1
111691,Rakshanda saini,"the room was not cleaned properly, ac was not working, washroom sink got clogged up",13 Sep 2022,1
111691,Amol Vyas,After booking fare is fixed while booking.. afterwords at the time of checking concern demanding more amt which is really expensive according to the quality and service as well as cleanness pf the above property....never wnna go again or suggest to anyone at any cost,13 Sep 2022,1
111691,Rishi,Poor cleaning,10 Sep 2022,1
111691,Yogesh,Very bad room,29 Aug 2022,1
111691,Adv. ShaikhJawed,"till 3 pm there was no power suply, 2 they give me room no 105 which is non ac room, 3 in room no dustbeen",27 Aug 2022,1
111691,Jadhav Chhaya,Service not good,23 Aug 2022,1
111691,Ulhas patil,No room service no hot water for bath dirty room i think owner of hotel not interested in hotel room business pls dnt book room in this hotel & pls oyo Team pls remove this hotel from your list,17 Aug 2022,1
111691,Rishi Chavan,Bad service,17 Aug 2022,1
111691,Surendar K,Worst hotel ever I saw in my life. I never visit. I have checked out on 14.08.2022 night 9.45. They have checked out now. Cheating the customers by not checking out.,16 Aug 2022,1
111691,Satyajit Saha,"I booked from Oyo app paid money online then at the end moment hotel guy said no room is available for us when we reached their, also I didn't get my refund what I paid.",08 Aug 2022,1
111691,Snehal,"smelly rooms, bathroom n blankets... worst experience... don't waste your money by booking this hotel.",31 Jul 2022,1
111691,Akshay,"1) Lift not working, expected to carry luggage on 2nd floor. 2) Intercom not working so unable to place food order. 3) Ordering tea also took 1 hour time 4) Hot water not available before 7 AM, if you plan to check out early morning you cannot get hot water, thats so sad and pity situatation.",18 Jul 2022,1
111691,Dhruvang Patkar,They didn’t provide me room asked me to pay extra money,02 Jul 2022,1
111691,Shiva Paigavan,very poor rooms nd no ac no tv no cleanliness very bad hotel,22 Jun 2022,1
111691,Ravi,"we didn't get informed by Oyo nor by hotel staff after booking that in hotel there is no AC, fridge, geezer, wifi as we have booked hotel after seeing the amenities only this was totally cheating we are totally not satisfied with Oyo service. We have stayed various capital Oyo hotel but that was really an awesome but this was very disappointed your misleading your customer and you have very poor customer support it was your responsibility to inform us that there is no availability of AC and above mentioned things and amenities.",18 Jun 2022,1
111691,Shoaib Khan,very bed expenses hotel not allowed intarcast copel very problem full not Book this hotel,18 Jun 2022,1
111691,VISHAL,air condition was off.,17 Jun 2022,1
111691,Aman shaikh,"Ac is not available in the room, Room’s condition is very dirty bed is very hard not comfortable, washroom also very dirty and no soap’s available, no towels available, no any service available…",17 Jun 2022,1
111691,Dipak kapate,bad reception behaviour,17 Jun 2022,1
111691,Soham,Ac not available in room . Room board damage. No lites available in room . Room not clean  and staff rude and lite back up not available  wifi not working bad hotel,14 Jun 2022,1
111691,Siddheshwar Shahane,Uh don’t accept my booking nd reach at hotel they say ur order don’t come at us,10 Jun 2022,1
111691,saurabh khillari,"charging ports not good, receptionist looks at us like we are not welcomed here, tv not working, no AC, worst experience ever in oyo",07 Jun 2022,1
111691,Sagar,"this is worth hotel service I ever seen. They commit ac room and I have to face with non AC 
and they didnt place towels and soup in the room and washroom have no light",05 Jun 2022,1
