hotel_id,user_name,review_text,date,title
194985,Subodh surve,"The rooms are very beautiful and well kept. A pleasant experience is felt upon entering the room. Similarly, the food of the hotel is also amazing. The staff of the hotel is very friendly.",21 Apr 2023,5
194985,mahendra solake,Good luck,20 Apr 2023,5
194985,venkatesh saggam,Good,18 Apr 2023,5
194985,khan Adil,Good,17 Apr 2023,5
194985,umer,Good,17 Apr 2023,5
194985,Mani P,Good and excellent quality room best for everyone,15 Apr 2023,5
194985,Jeevan Chavan,Good luck,13 Apr 2023,5
194985,Abhi hajare,Nice place,08 Apr 2023,5
194985,Manojsingh Rajput,Everything is good,08 Apr 2023,5
194985,Ishwar Berad,Good,03 Apr 2023,5
194985,Jaydeep Wavalkar,"Very well location... No disturbance... Everything is apt at its place... 
Good service and better quality...",31 Mar 2023,5
194985,Vinod Durande,Very good sarvice,30 Mar 2023,5
194985,Mukund,Good,28 Mar 2023,5
194985,Harsh,Good hotel,28 Mar 2023,5
194985,UMESH,Good hotel,28 Mar 2023,5
194985,Vaibhav Mulik,Good rooms.,16 Mar 2023,5
194985,XXX XXX,Good stuff good,13 Mar 2023,5
194985,G A,"Hotel in very good, very good service And management, good staff
All is good
Nice experience
Good hotel",11 Mar 2023,5
194985,Patil Nikhil,"Very good rooms fresh nature 
View 🪟",11 Mar 2023,5
194985,Ravindra Gunjal,Very good,06 Mar 2023,5
194985,Rajesh Kishorbhagure,Most comptble room 😎,01 Mar 2023,5
194985,APBGuest,Very nice experience. Rooms and services are superb. Rooms are clear. The place on very beautiful place. Thanks 👍🏻,01 Mar 2023,5
194985,Devendra Borse,Service very good,27 Dec 2022,5
194985,Rana RiteshRaj,good hotel nice for travellers,31 Mar 2023,4
194985,Om Gupta,The hotel is good also views are also good and the management is also good and its top floor so no any sound disturbancce thr,04 Mar 2023,4
194985,Dnyaneshwar Jadhav,Good,03 Mar 2023,4
194985,Shubham Jarwal,Room in that Hotel is Better! Couples expected Privacy was Present there! Staff was Supportive.,26 Nov 2022,4
194985,Shivangi,"it was a pleasant stay overall. The view from the balcony is serene. You can look forward to the sunrise from your balcony. 
The hotel is fairly clean 
The staff is nice and co operative, since they might be new hires, they might be learning still. But they do work on feedback. 
The only issue was that it is outside main city, it may take around 30-40 mins in an auto to reach. 
Zomato/swiggy/ola/Uber does not work there. But there are plenty of good restaurants that you can visit. The hotel food was also fairly priced and had good taste.",01 Nov 2022,4
194985,sam,The bathroom was very bad..not clean..towels were not good and washed up.. It was dirty..blankets were very dirty..so there is a high chance of disease..mosquito is very bothersome..they don't give coil or all out..  .The room is nice.. The view from the balcony is also nice.. Only the cleanliness is lax..,13 Apr 2023,3
194985,Bhalchandra Tong,"Uncleaned bed sheets, communication to receptionist is difficult, lots of muskitos in the room.",10 Apr 2023,3
194985,Anil Kumar pande,"Location far away from railway station, hotel rooms are ok, lot of disturbance after you enter the room, like restaurant fellow will ask for the order then it will supply the order again will come to collect the dishes,office boy will come to get signature on adhar card photo copies",02 Dec 2022,3
194985,Shubham Ujawane,Hotal are best,02 Nov 2022,3
194985,Amar Burungale,Staff use very bad language,01 Mar 2023,2
194985,Siddhant Dutt,Very Bad experience of staying,14 Mar 2023,1
194985,M. B.,"Not provide anything ex towel, sope etc.",05 Mar 2023,1
194985,Yogesh,Room is not clean bed sheets are dirty. Staff response is good rest of things are bad,27 Nov 2022,1
194985,Mahesh Prakash,Extra Money Taken,21 Nov 2022,1
194985,Yayati Pathak,Booked in 1 hotel and made advance payment but was denied check in. Booked in nearby hotel but again denied check in. Reason given at both places - WE DO NOT HAVE A TIE UP WITH OYO. Still waiting for refund of advance payment,09 Nov 2022,1
