hotel_id,user_name,review_text,date,title
44951,shubham ashoksonwane,Everything is perfect 🥰,15 Jan 2023,5
44951,Aditya,Great,16 Dec 2022,5
44951,Laxman Kadam,"Very good staff
On Extra payment Requirement and very nice service this Hotel fast service thank you so mach.",12 Dec 2022,5
44951,Parmeshwar Rathod,Room is good and also staff services,22 Nov 2022,5
44951,Anurag,Gud but hygiene was not good enough,04 Jan 2023,3
44951,Mrityunjay,"Bad Smell everywhere,  it's a local bar, not hotel, not recommended for family.",28 Dec 2022,3
44951,rohita,none,16 Dec 2022,1
44951,Sharad shirgire,"not mentioned
poor",09 Jul 2022,1
44951,Arjun Farkade,Extra payment charge,02 Jul 2022,1
44951,Chetan Bhatu,ask for extra 300 rs at time of check in,23 Jun 2022,1
44951,Lokesh Kumar,The hotel owner was threatening. Forced to pay additional 800rs. Oyo customer operators also left me on my own.,16 Jun 2022,1
44951,Vijayraj Gadage,"very bad experience, and receptionist asked for 150 Rs extra apart from your payment...will never look for your app",05 Jun 2022,1
