hotel_id,user_name,review_text,date,title
88962,prasad Navsagar,none,31 May 2023,5
88962,Anuj Khairnar,I always happy to stay here,09 Apr 2023,5
88962,suraj Rajendra Taksale,"The hotel is great but the service is not good but thi Ac is not working ,the water is not hot shower but the  service should be good and the location is aslo Good",05 Apr 2023,5
88962,Krishna,"Clean rooms, manager is very helpful, good staf",16 Mar 2023,5
88962,Pratik Gengaje,Extremely happy with the people working here. They asked me to choose the room whichever I want. Room was big and clean.,14 Feb 2023,5
88962,Pratik Gengaje,Service is good. The rooms are well but cleanliness should be their top priority. Everything is good. We cannot expect 5 star service in the amount which we pay...,23 Jan 2023,5
88962,Shiva shirke,Very good service very good staff and everything staff like experience is good and supporting stop supporting peoples rooms are very clean and,06 Jan 2023,5
88962,Pratik Gengaje,Great experience,05 Jan 2023,5
88962,Pratik Gengaje,Great experience,23 Dec 2022,5
88962,Swapnil Ramakant,Room was clean & staff was supportive but the pictures which are shown in app that was not so real & dirty toilet was there,22 Dec 2022,5
88962,Pandurang Patil,Nice,21 Dec 2022,5
88962,Vaibhav Vetal,Best Service,18 Nov 2022,5
88962,Nani,Nice,19 Sep 2022,5
88962,Sohil Bhandare,Hygiene standards are good,05 Sep 2022,5
88962,Kishor,Rooms good,02 Aug 2022,5
88962,Dipak Bhagwan,good,12 Jul 2022,5
88962,Rushikesh Jadhav,Good,08 Jul 2022,5
88962,Amol Giri,nice experience,06 Jun 2022,5
88962,Manoj,Nice,07 Nov 2022,4
88962,Nitin Upadhyay,Good,31 Jul 2022,4
88962,Nandkishor Miniyar,Just wonderful Experiance,28 Jul 2022,4
88962,SHADAB,nice good palace,19 Jun 2022,4
88962,Duratkar Mayur,"The room was neat and clean , the staff was also supportive !!!.Faced electricity issue many times and not adequate water supply also.",16 Jun 2022,4
88962,Shubham Shinde,none,20 Apr 2023,3
88962,Sagar bharade,Room is ok but bedsheet not clean,05 Mar 2023,3
88962,Jeet Singh,Room was OK. Hotel front is not good. No hot water was available. No intercom facility.,25 Dec 2022,3
88962,Ajay SudamZine,Ok,13 Oct 2022,3
88962,Vijay Wankhede,"Rooms are not exactly like shown in the display. Service is not good but people work there are helpful... rooms are dirty and smelly, beds are not cleaned nor they wash rooms regularly.",28 Sep 2022,3
88962,Muzaffar Khan,Good,24 Sep 2022,3
88962,Vishnu Harne,No clin in room,28 Jul 2022,3
88962,pande sunil,hot water is not available,13 Jul 2022,3
88962,SHUBHAM RAJ,The only good thing is that AC us in working condition . expect that nothing is goid,05 Jul 2022,3
88962,Mohd Sohel,it was beside a bar..,01 Jul 2022,3
88962,mahendra solake,"Staff is cooperative but they should clean the room before we check-in....I have very bad experience about that.....Not proper cleaning of bed, washroom and bedsheets is not clean, need to told at various times and then they give the service. Hotel is good but need to maintain it, clean it time to time, at least before entering in hotel.",30 Mar 2023,2
88962,Sanket Ghungrad,"I booked a room from OYO for the first time but when I checked in at the hotel, I did not get a room for the amount shown on OYO, for that they charged 300 rupees more from me. Rooms are not available in this hotel according to OYO's booking.",03 Dec 2022,2
88962,Sachin Pande,No cleanliness no service,21 Nov 2022,2
88962,NITIN Dhole,Oyo room is nice but receptionist Take extra charges he take 1000 rs  also woshroom condition is bad,03 Nov 2022,2
88962,HARSH JADHAV,Hotel Are Good,22 Sep 2022,2
88962,Nuruzzama Mansuri,not good,06 Jul 2022,2
88962,Sushil kasekar,"It was unhygienic place bed sheet cover not clean
also bathroom was not clean",12 Apr 2023,1
88962,Shubham Kshirasagar,I have booked a room recently where when I reached they asked for extra money and also when I got room it was very dirty. I had to reach oyo complaints to change my room. Used materials were lying in room and room was also not cleaned properly.,02 Mar 2023,1
88962,pritam chavhan,There was no amenities properly,02 Mar 2023,1
88962,Rakesh Kalane,"there is no facilities drinking water, No chair, Not clean room, very d dirty bedsheet,bathroom not clean, no service is very poor, more time Nock the door. very bad experience in this hotel.",22 Jan 2023,1
88962,Anil Kumar,"Not a place to stay with Family at all. Better OYO remove this from listing to save OYO Branding. The boys at hotel were good and helpful in arranging things but the place it self was worst not cleaned in for a while, all provided bedsheets and bed were having stains. The pictures on display were not real, they were from design copies not the actual place.",17 Jan 2023,1
88962,Chavie S,"The images shown are fake, and the room was very dirty
 The bedsheet had some stains and there was all hair and water on the floor. Even the bathroom was very dirty",15 Jan 2023,1
88962,Mangesh Bagul,"Didn't liked the room at all.. tere were hairs in the bucket in washroom... Very bad quality room which smells very bad.. 
No tv available... Tap water was not at all good, containing don't know what..
Blankets were not at all good. Seems like not even washed since a year.

Very untidy room and hotel and when i asked for a change in room then they didn't allowed me..

I want my refund for this booking",15 Jan 2023,1
88962,Tushar Uikey,not service good .......rudely behaviour.....,25 Dec 2022,1
88962,Santosh Siraswar,Bad response for costemaer to hotel woner,22 Dec 2022,1
88962,REVANNATH DNYANDEVDHANWADE,Payment against collection,12 Dec 2022,1
88962,Siddhesh Chavan,"Oyo call centre did not conveyed all information.
Forced to book .",10 Dec 2022,1
88962,Abhishek Bhosale,I book the room from oyo by applying the oyo coupun and my oyo ruppue i also confirm with oyo costumer care but after i go to the hotel te should appoch mi for extra money them i call the customer care officer and at end time hotel manager can not give me a room without paying ectra money even oyo supprt cant support me i will pay extra 1000 ruppue i really rigrett oyo and its system,02 Dec 2022,1
88962,sanket kavade,Rooms are not clean,30 Nov 2022,1
88962,Sudarshan Suryanarayan,I Will Pay Extra 400rs Check in Time.and Also Room vr very bad,08 Nov 2022,1
88962,Ashwini Dube,Room was so dirty. Extra money charges from me room 3rd class 🤢🤢🤢,07 Nov 2022,1
88962,Feroj Khan,No hot water in bathroom.Staff good,06 Nov 2022,1
88962,Pankaj Dumbare,They take extra money at the time of check in even I hv already paid money online .that's discusting,06 Nov 2022,1
88962,Rohit Kumar,"I will never book this hotel againi booked including breakfast but not providing any breakfast. why i don&#39;t know.Bed, blanket and washroom are so dirty.nlot&#39;s of hair and stain stain on the bed. angry 😡 😡",03 Nov 2022,1
88962,SHYAM SUNDAR,Nothing to like ugly bad hotel don&#39;t cheat customers.Very ugly hotel in remote area all the corners of the room filled with spits of gutka. bed sheets not washed for months construction works are going on roadside all rooms are filled with dust not even drinking water available.I think this hotel is never suitable  and safe for a family they have other businesses in that hotel,02 Nov 2022,1
88962,Vishal,staff demands more money at time off check in,01 Nov 2022,1
88962,Nitin Mahale,As per your photo not to same and is not comfortable,17 Oct 2022,1
88962,Eknath Dandge,3rd class hotel,16 Oct 2022,1
88962,Shashank Singh,"Pathetic place to stay. Walls covered with spits and stains, bedsheet and blankets full of stains , no AC remote provided, commuting from city is difficult",12 Oct 2022,1
88962,918383945683 Jadhav,Hotel room was very unhygienic and complete messy. Washroom was like hell. Very disappointed with overall experience with OYO.,11 Oct 2022,1
88962,suhas chavan,extremely dirty room and dirty washroom.,01 Oct 2022,1
88962,Dhvani,I'm very unhappy with the tele operator who suggested this place.i specifically asked for a hotel close to the city centre  i was given the hotel at the highway despite asking 5 times. I also asked for a family atmosphere but it was very shady. A reward wont do. Refund my money. Will never use OYO.,28 Sep 2022,1
88962,B. J.,very different room,28 Sep 2022,1
88962,Charuhas Satish,Worst hotel,25 Sep 2022,1
88962,Mangesh Sonawane,Showing booking amount 871 but when reach the hotel asking the amount 1600 really disappointed please remove her oyo flagship,03 Sep 2022,1
88962,Mnjha,none,16 Jun 2022,1
