hotel_id,user_name,review_text,date,title
176649,AVINASH ANAND,I have checked out 2 day earlier on 24th August 2022. Please make refund to me for 2 days. Shame OYOHotel Name is Chaudhary Dhaba on Alwar - Jaipur Highway. Location is good near Alwar Public School but you cant find on google map or booking&#47;OYO directions.Worst place. Not for families. Poor maintenance. Not look like hotel or guest house. Unclean Room.,29 Aug 2022,1
176649,Kandoi dipak ,This hotel has broken the contract with oyo so please do not booke this hotel for stay is was far away from my destination and people are very rude there so please don't choose this hotel 😔,05 Aug 2022,1
176649,918890412377 Agarwal,not room given by hotel and theft of money,12 Jul 2022,1
176649,Sandeep Kumar,Oyo is bad service,02 Jul 2022,1
